Month,BranchID,DepositsINR,AdvancesINR,InterestIncomeINR,InterestExpenseINR,FeeIncomeINR,OtherIncomeINR,OperatingExpenseINR,ProvisionINR,NetInterestIncomeINR,TotalIncomeINR,PreProvisionProfitINR,NetProfitINR,TotalIncomeCalculatedINR,NetProfitCalculatedINR,ProfitMargin,CostToIncomeRatio,LoanToDepositRatio,Year,Quarter,YearQuarter,MonthName,MonthNumber
2023-01-01,B001,26371820.46,20033324.07,1817848.66,926179.41,200585.57,116058.99,1242899.34,239963.54,891669.2499999999,2134493.22,891593.8800000001,-274549.07,2134493.22,651630.3400000001,0.3052857389727385,0.5822924750259924,0.7596488873563338,2023,Q1,2023-Q1,Jan,1
2023-01-01,B002,21047863.39,18291787.45,1842610.96,895890.03,195765.77,58511.32,1276395.65,57255.66,946720.9299999999,2096888.05,820492.4000000001,-132653.29,2096888.05,763236.7400000001,0.3639854497716271,0.6087094873758281,0.8690567356442729,2023,Q1,2023-Q1,Jan,1
2023-01-01,B003,18904279.13,14710748.48,1128944.75,839060.48,125509.48,55703.01,694343.87,91774.31,289884.27,1310157.24,615813.37,-315021.41,1310157.24,524039.06,0.3999818067638965,0.5299698759822141,0.7781702956689257,2023,Q1,2023-Q1,Jan,1
2023-01-01,B004,16365721.23,14380987.68,1259128.57,864921.44,67214.45,85854.8,919173.11,81507.41,394207.1300000001,1412197.81,493024.7100000001,-453404.15,1412197.82,411517.30000000005,0.29140202184988506,0.6508812695943689,0.8787261788156463,2023,Q1,2023-Q1,Jan,1
2023-01-01,B005,21086186.34,8933179.16,676343.16,968666.27,181565.99,76949.35,875851.67,99149.47,-292323.11,934858.49,59006.82999999996,-1008808.92,934858.5,-40142.64000000004,-0.042939803189466684,0.9368815387569349,0.42365077382693755,2023,Q1,2023-Q1,Jan,1
2023-01-01,B006,7876166.3,14116097.51,1166497.94,327276.17,41050.31,16867.83,420976.99,51835.58,839221.77,1224416.09,803439.0900000001,424327.35,1224416.08,751603.5100000001,0.6138464875436789,0.3438185735032163,1.7922548829371467,2023,Q1,2023-Q1,Jan,1
2023-01-01,B007,19751568.69,6371556.02,676296.67,1051334.21,189705.57,72979.96,951257.42,67514.51,-375037.5399999999,938982.2,-12275.220000000088,-1131123.93,938982.2,-79789.73000000008,-0.08497469920090081,1.0130728995714722,0.3225848093385032,2023,Q1,2023-Q1,Jan,1
2023-01-01,B008,20699389.9,11681773.45,911946.64,1055557.39,147442.79,68435.74,861971.88,126343.8,-143610.74999999988,1127825.17,265853.2899999999,-916047.9,1127825.17,139509.48999999993,0.12369779794859512,0.764277924387873,0.5643535150763067,2023,Q1,2023-Q1,Jan,1
2023-01-01,B009,25920716.11,13948444.55,1068328.25,987535.56,107498.25,87052.28,1206449.87,159042.41,80792.68999999994,1262878.77,56428.909999999916,-1090149.07,1262878.78,-102613.50000000009,-0.08125364177866706,0.955317239553269,0.5381195677930675,2023,Q1,2023-Q1,Jan,1
2023-01-01,B010,21362328.31,12187678.38,1098168.84,824875.87,154918.27,105290.07,834723.64,53765.42,273292.9700000001,1358377.18,523653.54000000015,-354987.74,1358377.1800000002,469888.12000000017,0.34591873812250007,0.6145006352359363,0.5705220050519859,2023,Q1,2023-Q1,Jan,1
2023-01-01,B011,20534365.77,12108122.81,925650.8,513921.74,201809.48,52814.73,1296442.37,99428.44,411729.06000000006,1180275.01,-116167.3600000001,-729517.54,1180275.01,-215595.8000000001,-0.18266573313282308,1.0984239766289723,0.5896516574030034,2023,Q1,2023-Q1,Jan,1
2023-01-01,B012,18205513.95,6365801.91,597514.34,579630.61,207891.74,42675.77,688709.3,64154.28,17883.72999999998,848081.85,159372.54999999993,-484412.34,848081.85,95218.26999999993,0.11227485884764535,0.8120788105534862,0.34966340019200615,2023,Q1,2023-Q1,Jan,1
2023-01-01,B013,20457717.64,13966356.91,1395282.23,986521.48,145222.73,52328.12,1308495.5,66247.85,408760.75,1592833.07,284337.5800000001,-768431.75,1592833.08,218089.73000000007,0.13691938768624773,0.821489405531432,0.6826937958461333,2023,Q1,2023-Q1,Jan,1
2023-01-01,B014,12328319.4,13420696.02,1246245.91,628836.72,119292.36,38633.78,634144.09,86293.39,617409.19,1404172.04,770027.9600000001,54897.84,1404172.05,683734.5700000001,0.4869307646452584,0.4516142377282043,1.088607099196343,2023,Q1,2023-Q1,Jan,1
2023-01-01,B015,18463754.88,13693375.52,1441037.96,774485.13,160167.2,107499.2,933353.5,41533.49,666552.83,1708704.37,775350.8599999999,-40667.75,1708704.3599999999,733817.3699999999,0.42945835872976873,0.5462346335910327,0.7416354695454016,2023,Q1,2023-Q1,Jan,1
2023-01-01,B016,18404884.81,8246631.57,700014.61,996566.45,112478.62,81994.26,1035804.17,72205.41,-296551.83999999997,894487.49,-141316.68000000005,-1210088.54,894487.49,-213522.09000000005,-0.23870886109318315,1.1579862005672097,0.44806754593320386,2023,Q1,2023-Q1,Jan,1
2023-01-01,B017,28463815.55,13278055.45,1364991.7,1425260.13,116157.74,123117.05,1799552.8,145820.28,-60268.429999999935,1604266.5,-195286.31000000006,-1766366.71,1604266.49,-341106.5900000001,-0.21262464317882754,1.121729345602675,0.46648895074082924,2023,Q1,2023-Q1,Jan,1
2023-01-01,B018,11967895.32,11689014.41,1264739.04,385076.77,52995.64,45790.74,534595.97,100052.76,879662.27,1363525.42,828929.45,343799.91,1363525.42,728876.69,0.5345530631911505,0.39206894287310023,0.9766975811081877,2023,Q1,2023-Q1,Jan,1
2023-01-01,B019,8984751.71,6105644.67,537755.26,358400.24,102006.0,40438.7,329067.8,46306.04,179355.02000000002,680199.96,351132.16,-53574.13,680199.96,304826.12,0.4481419257948795,0.4837809752296957,0.6795563046226905,2023,Q1,2023-Q1,Jan,1
2023-01-01,B020,6860813.98,9980997.57,779892.92,352137.33,48371.48,25164.83,245011.59,62579.48,427755.59,853429.22,608417.64,193700.82,853429.23,545838.16,0.6395822181998618,0.28709069409305327,1.4547832952614173,2023,Q1,2023-Q1,Jan,1
2023-02-01,B001,17080374.35,15413554.89,1269142.59,807656.52,88117.96,69469.69,1100310.33,65685.92,461486.07000000007,1426730.24,326419.9099999999,-546922.54,1426730.24,260733.98999999993,0.1827493261795586,0.7712111926638634,0.9024131774957262,2023,Q1,2023-Q1,Feb,2
2023-02-01,B002,20056437.7,13263021.17,1371705.61,553374.86,97311.39,77135.73,1149808.34,114315.02,818330.7500000001,1546152.74,396344.3899999999,-271345.48,1546152.73,282029.3699999999,0.1824071869019045,0.7436576721628271,0.6612849883107607,2023,Q1,2023-Q1,Feb,2
2023-02-01,B003,15745419.36,11837378.28,1213253.91,606405.51,108517.59,67959.47,1002862.13,113300.82,606848.3999999999,1389730.98,386868.83999999997,-332837.49,1389730.97,273568.01999999996,0.19684962478745074,0.7216232145995854,0.7517982220322393,2023,Q1,2023-Q1,Feb,2
2023-02-01,B004,10865896.9,23375544.78,1822866.76,351376.4,85885.73,58251.69,625733.36,108788.05,1471490.3599999999,1967004.18,1341270.8199999998,881106.37,1967004.18,1232482.7699999998,0.6265786227256517,0.3181149111742101,2.151276143619585,2023,Q1,2023-Q1,Feb,2
2023-02-01,B005,22681293.16,24615315.0,2682970.95,644521.46,258884.29,90707.02,794758.53,168549.48,2038449.4900000002,3032562.26,2237803.7300000004,1424732.79,3032562.2600000002,2069254.2500000005,0.6823451829147278,0.26207492603960586,1.085269469706021,2023,Q1,2023-Q1,Feb,2
2023-02-01,B006,23868493.82,11559648.82,1243301.58,846333.13,164056.35,133334.68,1184446.55,64722.61,396968.45000000007,1540692.62,356246.06000000006,-554809.67,1540692.61,291523.45000000007,0.18921584234768288,0.7687753821315466,0.48430575080166494,2023,Q1,2023-Q1,Feb,2
2023-02-01,B007,18439712.35,9299360.64,1007848.57,771055.18,194081.13,41619.12,892985.46,81250.1,236793.3899999999,1243548.81,350563.3600000001,-501741.93,1243548.82,269313.2600000001,0.21656830489373155,0.7180944130524767,0.504311589220642,2023,Q1,2023-Q1,Feb,2
2023-02-01,B008,14620249.37,14737332.78,1261646.37,542841.34,167425.42,62782.54,688748.5,94368.52,718805.0300000001,1491854.33,803105.8300000001,165895.97,1491854.33,708737.31,0.47507138984541475,0.4616727559452805,1.008008304580649,2023,Q1,2023-Q1,Feb,2
2023-02-01,B009,24467698.16,18715469.65,1871971.41,1316400.77,187539.95,81635.06,899819.2,137692.91,555570.6399999999,2141146.42,1241327.22,-212766.47,2141146.42,1103634.31,0.5154408403326289,0.42025112883218885,0.7649052038984283,2023,Q1,2023-Q1,Feb,2
2023-02-01,B010,16562154.71,10826668.09,831660.36,641256.28,148845.95,86120.43,759774.22,113159.34,190404.07999999996,1066626.75,306852.52,-447563.09,1066626.74,193693.18000000002,0.18159415354615996,0.7123149940906225,0.6536992486528946,2023,Q1,2023-Q1,Feb,2
2023-02-01,B011,32471225.61,10734552.38,935317.36,1108459.41,352557.62,192651.8,1447263.5,78580.22,-173142.04999999993,1480526.77,33263.28000000003,-1153776.35,1480526.78,-45316.93999999997,-0.030608659439446257,0.9775328076132469,0.3305866094778429,2023,Q1,2023-Q1,Feb,2
2023-02-01,B012,17528154.48,10796242.51,1039807.37,865336.42,151412.32,85986.74,1068047.78,46225.68,174470.94999999995,1277206.42,209158.6499999999,-702403.45,1277206.43,162932.9699999999,0.12756980091307552,0.8362373966438613,0.6159372067560646,2023,Q1,2023-Q1,Feb,2
2023-02-01,B013,13325431.02,14256431.88,1519316.54,347734.84,66868.84,31827.45,657268.03,68499.92,1171581.7,1618012.84,960744.8,544510.05,1618012.83,892244.88,0.5514448732770555,0.40621929431795667,1.0698664725067935,2023,Q1,2023-Q1,Feb,2
2023-02-01,B014,20254557.98,16725448.4,1486382.98,743329.88,171964.13,68223.3,1059454.75,119446.14,743053.1,1726570.4,667115.6599999999,-195660.37,1726570.41,547669.5199999999,0.317200802717336,0.6136180394751466,0.8257622020937334,2023,Q1,2023-Q1,Feb,2
2023-02-01,B015,12476466.83,22411605.27,2082312.0,662671.08,79649.46,43123.93,762749.81,82210.45,1419640.92,2205085.4,1442335.58,697454.06,2205085.39,1360125.1300000001,0.616812907186329,0.3459048857967355,1.7963102515618197,2023,Q1,2023-Q1,Feb,2
2023-02-01,B016,26644036.94,21401550.36,1693159.47,1325974.48,228229.14,81429.25,1144530.58,76483.74,367184.99,2002817.86,858287.2799999998,-544170.94,2002817.8599999999,781803.5399999998,0.39035179165019024,0.5714601426612004,0.8032397796247762,2023,Q1,2023-Q1,Feb,2
2023-02-01,B017,23432168.31,17805863.87,1638517.83,967218.46,268926.74,54934.52,954737.44,161101.04,671299.3700000001,1962379.09,1007641.6500000001,-120677.86,1962379.09,846540.6100000001,0.4313848503145231,0.48652038990081165,0.7598897223011626,2023,Q1,2023-Q1,Feb,2
2023-02-01,B018,24920246.92,11136829.76,1267612.25,1067932.21,238355.12,58997.8,1092303.98,124296.87,199680.04000000004,1564965.18,472661.1900000002,-719567.87,1564965.1700000002,348364.3200000002,0.22260196372293714,0.6979733485058967,0.4468988527983654,2023,Q1,2023-Q1,Feb,2
2023-02-01,B019,18751427.71,14356956.12,1252729.46,916917.88,108555.47,87052.47,793847.35,139168.63,335811.57999999996,1448337.4,654490.0499999999,-401596.45,1448337.4,515321.4199999999,0.3558020527537299,0.5481094046180124,0.7656460266406029,2023,Q1,2023-Q1,Feb,2
2023-02-01,B020,17766322.83,8572287.21,750535.83,661592.25,181893.86,63439.7,933933.56,52861.19,88943.57999999996,995869.4,61935.82999999984,-652517.6,995869.3899999999,9074.63999999984,0.009112279271883073,0.9378072761127844,0.4825020513262846,2023,Q1,2023-Q1,Feb,2
2023-03-01,B001,16593850.42,19108832.9,1926214.53,604671.24,72826.66,69117.17,814514.16,140877.58,1321543.29,2068158.36,1253644.1999999997,508095.39,2068158.3599999999,1112766.6199999996,0.5380471058318763,0.39383548946416275,1.1515611154942542,2023,Q1,2023-Q1,Mar,3
2023-03-01,B002,10915603.19,12813434.34,1088515.45,376523.92,103643.96,47047.08,401935.62,141159.65,711991.53,1239206.5,837270.87,319587.31,1239206.49,696111.22,0.5617394886303412,0.3243491889717266,1.1738640656833919,2023,Q1,2023-Q1,Mar,3
2023-03-01,B003,29748617.14,18659605.95,2121340.65,1627752.14,256528.31,75877.02,1378337.31,186121.31,493588.51,2453745.98,1075408.67,-738464.78,2453745.98,889287.3599999999,0.36242030236560996,0.5617277913991733,0.6272428013102594,2023,Q1,2023-Q1,Mar,3
2023-03-01,B004,13017693.78,15097920.17,1459668.33,660646.69,56669.81,67021.38,579937.39,170642.66,799021.6400000001,1583359.52,1003422.13,172132.78,1583359.52,832779.47,0.525957282272822,0.3662701885924177,1.15979991733989,2023,Q1,2023-Q1,Mar,3
2023-03-01,B005,16516602.48,7695246.16,673104.83,541088.62,94022.15,67469.08,864651.38,85984.35,132016.20999999996,834596.06,-30055.320000000065,-657128.3,834596.0599999999,-116039.67000000007,-0.1390369252402175,1.036011816303087,0.4659097516767262,2023,Q1,2023-Q1,Mar,3
2023-03-01,B006,13724001.45,6829485.5,580594.4,647497.1,155123.46,71966.01,843285.0,50273.71,-66902.69999999995,807683.87,-35601.130000000005,-733371.94,807683.87,-85874.84,-0.10632234119024811,1.044078049992505,0.49763077662746824,2023,Q1,2023-Q1,Mar,3
2023-03-01,B007,19779230.88,8710944.6,687067.43,678708.54,193423.44,81524.99,1007111.08,96101.27,8358.890000000014,962015.86,-45095.219999999856,-819905.04,962015.8600000001,-141196.48999999987,-0.14677147838290303,1.0468757552500225,0.4404086616334598,2023,Q1,2023-Q1,Mar,3
2023-03-01,B008,21826015.97,17960445.68,1809353.68,1087456.4,232515.57,53696.71,1385185.86,108666.9,721897.28,2095565.96,710380.0999999999,-485743.21,2095565.96,601713.1999999998,0.2871363686400021,0.6610079980493672,0.8228916218464584,2023,Q1,2023-Q1,Mar,3
2023-03-01,B009,26109794.79,10483299.68,907685.19,1275381.12,303420.59,96912.45,1691661.99,36829.23,-367695.93000000017,1308018.23,-383643.76,-1695854.1,1308018.23,-420472.99,-0.3214580503209042,1.2933015390771734,0.40150831380777774,2023,Q1,2023-Q1,Mar,3
2023-03-01,B010,10416780.79,13124873.28,1186455.09,313727.02,48264.17,44711.69,564250.8,109978.59,872728.0700000001,1279430.95,715180.1499999999,291474.53,1279430.95,605201.5599999999,0.47302401118247134,0.4410170005657594,1.2599740308061145,2023,Q1,2023-Q1,Mar,3
2023-03-01,B011,10560050.46,15710179.94,1411130.69,513252.31,46260.44,36539.44,380945.38,153351.65,897878.3799999999,1493930.57,1112985.19,446381.23,1493930.5699999998,959633.5399999999,0.6423548451786485,0.2549953710365536,1.4876993248761425,2023,Q1,2023-Q1,Mar,3
2023-03-01,B012,23686716.21,6974656.34,683274.58,649928.62,157647.63,62499.57,1199597.07,45866.08,33345.95999999996,903421.78,-296175.29000000015,-991969.99,903421.7799999999,-342041.37000000017,-0.3786065131172731,1.327837225708683,0.29445433795738457,2023,Q1,2023-Q1,Mar,3
2023-03-01,B013,17410070.21,8697114.63,802632.47,541038.94,73573.8,98981.88,804419.11,58990.01,261593.53000000003,975188.14,170769.04000000004,-429259.92,975188.15,111779.03000000003,0.11462303966675562,0.8248860591671463,0.49954506358076317,2023,Q1,2023-Q1,Mar,3
2023-03-01,B014,14441374.7,10208065.42,1155103.35,399054.48,68894.15,68345.43,769086.04,32347.91,756048.8700000001,1292342.93,523256.8899999999,91854.5,1292342.93,490908.9799999999,0.37985968631406525,0.5951098753641187,0.7068624443350259,2023,Q1,2023-Q1,Mar,3
2023-03-01,B015,14635683.26,21258191.47,1725118.92,738605.31,122124.06,79405.8,583766.05,209820.36,986513.6099999999,1926648.78,1342882.73,394457.06,1926648.78,1133062.37,0.5881001154761586,0.30299557244678504,1.4524905392083485,2023,Q1,2023-Q1,Mar,3
2023-03-01,B016,12395872.1,13588252.27,1062538.06,491298.27,132279.88,26597.28,539933.26,149455.46,571239.79,1221415.22,681481.96,40728.23,1221415.22,532026.5,0.43558201280642306,0.44205545432780835,1.0961917128848078,2023,Q1,2023-Q1,Mar,3
2023-03-01,B017,24728421.79,9002913.85,801533.16,983949.44,288837.63,133105.2,1399935.03,65980.2,-182416.2799999999,1223475.99,-176459.04000000004,-1226388.68,1223475.99,-242439.24000000005,-0.19815610766501437,1.1442276280386998,0.36407150955507867,2023,Q1,2023-Q1,Mar,3
2023-03-01,B018,14675977.32,15968717.24,1450111.29,684721.18,146909.24,44376.14,714821.92,146468.73,765390.11,1641396.66,926574.7499999999,95384.83,1641396.67,780106.0199999999,0.47526964947479755,0.43549614365916806,1.0880854400230158,2023,Q1,2023-Q1,Mar,3
2023-03-01,B019,22383855.38,17267715.92,1635495.34,596649.99,127382.64,45014.2,1319896.6,81638.46,1038845.3500000001,1807892.18,487995.57999999984,-190292.87,1807892.18,406357.1199999998,0.22476844830425663,0.73007484329071,0.7714361814287242,2023,Q1,2023-Q1,Mar,3
2023-03-01,B020,14768267.12,21849000.66,2371321.78,807257.66,61894.91,46369.98,535311.48,109753.4,1564064.1199999996,2479586.67,1944275.19,1027264.13,2479586.67,1834521.79,0.7398498355373075,0.21588738416632963,1.4794559498731494,2023,Q1,2023-Q1,Mar,3
2023-04-01,B001,17330148.96,7909319.84,654841.57,505257.12,83923.89,76754.41,899296.83,47850.27,149584.44999999995,815519.87,-83776.95999999996,-636884.34,815519.87,-131627.22999999995,-0.16140284846768962,1.1027282879079328,0.4563907591478659,2023,Q2,2023-Q2,Apr,4
2023-04-01,B002,19648143.58,12443680.24,1196909.43,615234.29,88427.52,97283.03,952552.56,79033.16,581675.1399999999,1382619.97,430067.4199999999,-264200.04,1382619.98,351034.2599999999,0.25389063161086384,0.6889474864958917,0.6333260030055217,2023,Q2,2023-Q2,Apr,4
2023-04-01,B003,18142923.28,17204896.38,1851986.28,555965.47,146127.55,95489.29,961063.84,162147.91,1296020.81,2093603.13,1132539.2800000003,414425.9,2093603.12,970391.3700000002,0.4635030205724952,0.459047768327743,0.9482979183936668,2023,Q2,2023-Q2,Apr,4
2023-04-01,B004,21583771.68,7988513.34,658709.97,705824.47,96526.04,79546.16,799557.74,80548.66,-47114.5,834782.17,35224.43000000005,-751148.71,834782.17,-45324.22999999995,-0.054294679053818254,0.9578040460543137,0.3701166533095943,2023,Q2,2023-Q2,Apr,4
2023-04-01,B005,23710244.31,7664935.66,708510.24,1165350.56,213282.49,118158.33,1290353.06,70679.39,-456840.32000000007,1039951.06,-250402.00000000012,-1486431.94,1039951.0599999999,-321081.39000000013,-0.3087466346733664,1.2407824845142232,0.32327527121967475,2023,Q2,2023-Q2,Apr,4
2023-04-01,B006,22622776.54,14001368.61,1303843.09,673917.3,100438.27,88968.14,1371830.64,144446.72,629925.79,1493249.5,121418.8600000001,-696945.15,1493249.5,-23027.8599999999,-0.015421307691715215,0.9186881629627198,0.6189058440834513,2023,Q2,2023-Q2,Apr,4
2023-04-01,B007,24740357.2,10652879.54,1071215.29,1299366.6,196940.02,117204.21,1080659.29,47333.19,-228151.31000000006,1385359.52,304700.23,-1041999.56,1385359.52,257367.03999999998,0.18577635356344177,0.7800569270278664,0.4305871355810497,2023,Q2,2023-Q2,Apr,4
2023-04-01,B008,17295485.09,16672286.54,1361608.29,790582.67,184822.85,52722.65,616789.78,62442.5,571025.62,1599153.79,982364.01,129338.84,1599153.79,919921.51,0.57525518543154,0.3856976007291957,0.9639675587728773,2023,Q2,2023-Q2,Apr,4
2023-04-01,B009,15876059.38,10704501.07,946440.49,726656.29,78386.03,37222.72,863433.95,54530.61,219784.19999999995,1062049.24,198615.29000000004,-582571.61,1062049.24,144084.68000000005,0.13566666645324285,0.8129886237666344,0.6742542852595453,2023,Q2,2023-Q2,Apr,4
2023-04-01,B010,29583421.42,9863004.49,1124746.68,1559030.26,145025.35,89183.85,1837890.56,50720.39,-434283.5800000001,1358955.88,-478934.67999999993,-2088685.33,1358955.8800000001,-529655.07,-0.3897514833226226,1.3524284246814546,0.3333963421598042,2023,Q2,2023-Q2,Apr,4
2023-04-01,B011,9160200.84,16009173.06,1294365.72,408899.55,100186.43,53045.98,348129.58,164685.12,885466.1699999999,1447598.13,1099468.5499999998,525883.87,1447598.13,934783.4299999998,0.6457478844629344,0.24048772431061377,1.7476879971989785,2023,Q2,2023-Q2,Apr,4
2023-04-01,B012,9237263.31,9962627.3,1039833.16,432446.88,104513.57,33226.54,526837.4,52549.68,607386.28,1177573.27,650735.87,165739.31,1177573.27,598186.19,0.5079821402535741,0.44739245822045537,1.0785258539956029,2023,Q2,2023-Q2,Apr,4
2023-04-01,B013,24219628.14,21223988.24,2072605.61,739376.88,105888.96,93289.94,1205497.13,228084.62,1333228.73,2271784.51,1066287.3800000004,98825.89,2271784.5100000002,838202.7600000004,0.36896226570362534,0.5306388544748022,0.8763135469015503,2023,Q2,2023-Q2,Apr,4
2023-04-01,B014,14524587.64,16788998.67,1730039.1,556429.04,142139.03,84844.84,684449.93,184646.76,1173610.06,1957022.97,1272573.04,531497.24,1957022.9700000002,1087926.28,0.5559087944685698,0.3497403661031122,1.1559019151610146,2023,Q2,2023-Q2,Apr,4
2023-04-01,B015,26365013.85,8031282.52,608284.16,1072878.89,268757.68,102647.9,1511742.64,80955.61,-464594.72999999986,979689.73,-532052.8999999998,-1685887.41,979689.7400000001,-613008.5099999998,-0.6257169846445465,1.5430830581118464,0.3046189380249462,2023,Q2,2023-Q2,Apr,4
2023-04-01,B016,30578752.23,19169337.92,2043280.82,1006243.25,231734.26,86627.96,1666906.92,73716.35,1037037.5700000001,2361643.05,694736.1200000001,-385223.48,2361643.04,621019.7700000001,0.2629608960717451,0.7058250937025605,0.626884242228611,2023,Q2,2023-Q2,Apr,4
2023-04-01,B017,30685048.65,24489451.18,2046962.06,814258.15,267884.96,86386.06,1697826.51,98511.75,1232703.9100000001,2401233.07,703406.5700000001,-209363.34,2401233.08,604894.8200000001,0.251910081132149,0.7070644345779211,0.7980906746908482,2023,Q2,2023-Q2,Apr,4
2023-04-01,B018,21776948.48,7735165.37,592277.52,1034617.05,190889.83,52865.79,826724.66,66609.61,-442339.53,836033.14,9308.479999999981,-1091918.17,836033.14,-57301.13000000002,-0.06853930455436254,0.9888658959141261,0.3551996909532111,2023,Q2,2023-Q2,Apr,4
2023-04-01,B019,17233497.9,17255449.54,1981517.14,805594.36,144793.92,56446.76,821230.53,78132.69,1175922.7799999998,2182757.82,1361527.2899999998,477800.24,2182757.82,1283394.5999999999,0.587969305729025,0.37623529393654864,1.001273777391414,2023,Q2,2023-Q2,Apr,4
2023-04-01,B020,15294934.52,12062484.49,1257337.37,492890.03,63627.67,51197.49,563922.23,103989.54,764447.3400000001,1372162.52,808240.3,211360.73,1372162.53,704250.76,0.5132415035411293,0.41097334876211783,0.7886587859677873,2023,Q2,2023-Q2,Apr,4
2023-05-01,B001,19203401.15,7924756.82,779937.46,573630.18,207599.68,74697.49,1093994.78,42595.36,206307.2799999999,1062234.63,-31760.15000000014,-647985.69,1062234.63,-74355.51000000014,-0.06999913945565882,1.029899373549891,0.41267464852183233,2023,Q2,2023-Q2,May,5
2023-05-01,B002,20470850.04,12658132.52,1105255.01,1045151.13,224549.82,104285.32,747464.01,79091.02,60103.880000000005,1434090.14,686626.1400000001,-437616.03,1434090.1500000001,607535.1200000001,0.42363802582424825,0.5212113129708059,0.61834914013175,2023,Q2,2023-Q2,May,5
2023-05-01,B003,18492953.19,15600542.35,1436646.99,500513.91,112440.28,67804.76,707330.94,134261.76,936133.0800000001,1616892.04,909561.0900000001,274785.44,1616892.03,775299.3300000001,0.47949975361063535,0.43746331039803565,0.8435938916687432,2023,Q2,2023-Q2,May,5
2023-05-01,B004,22128015.37,6564469.54,599084.95,778029.23,190137.12,119548.38,972542.78,51562.29,-178944.28000000003,908770.46,-63772.330000000075,-893363.85,908770.45,-115334.62000000008,-0.1269128194034039,1.0701742997915482,0.29665875724669655,2023,Q2,2023-Q2,May,5
2023-05-01,B005,8622754.23,9665215.53,748582.43,373762.81,59516.62,21395.13,317636.57,51400.44,374819.62000000005,829494.18,511857.61000000004,86694.37,829494.18,460457.17000000004,0.5551059683143287,0.38292802729489916,1.120896557201306,2023,Q2,2023-Q2,May,5
2023-05-01,B006,9316677.05,9868961.54,915836.8,376706.63,87175.56,44996.56,346282.61,71585.25,539130.17,1048008.91,701726.3100000002,253434.42,1048008.9200000002,630141.0600000002,0.6012745196863402,0.3304195254368636,1.0592791278517053,2023,Q2,2023-Q2,May,5
2023-05-01,B007,16000737.79,8618701.79,908686.43,751190.56,99375.15,47955.51,695858.71,75216.19,157495.87,1056017.08,360158.3800000001,-466248.37,1056017.09,284942.1900000001,0.26982725251160483,0.6589464475428138,0.5386440239890963,2023,Q2,2023-Q2,May,5
2023-05-01,B008,10093504.42,20429297.74,1572576.65,263876.09,111873.53,56900.67,393998.09,79243.1,1308700.5599999998,1741350.85,1347352.7599999998,1004233.57,1741350.8499999999,1268109.6599999997,0.7282332908385463,0.22626002680620053,2.024004437895713,2023,Q2,2023-Q2,May,5
2023-05-01,B009,18472146.66,11349299.32,897242.55,663234.29,205320.2,41090.3,1151738.28,103676.41,234008.26,1143653.05,-8085.229999999981,-774995.93,1143653.05,-111761.63999999998,-0.09772337860682484,1.0070696528112262,0.6144006719357652,2023,Q2,2023-Q2,May,5
2023-05-01,B010,23563238.63,11007176.08,1231282.45,1171051.56,153896.73,67089.1,836996.99,123114.83,60230.8899999999,1452268.28,615271.29,-678895.11,1452268.28,492156.46,0.3388881150802247,0.5763377204658081,0.4671334128911294,2023,Q2,2023-Q2,May,5
2023-05-01,B011,22402242.2,12194864.83,1066508.95,1116602.82,129058.66,112114.71,1383713.87,68059.42,-50093.87000000011,1307682.31,-76031.55000000028,-1260693.8,1307682.3199999998,-144090.97000000026,-0.11018805393040741,1.0581422175991493,0.5443591191063902,2023,Q2,2023-Q2,May,5
2023-05-01,B012,12690946.75,12340669.9,1122631.71,640076.84,111496.4,28489.48,652335.4,88456.47,482554.87,1262617.59,610282.1899999998,-118251.12,1262617.5899999999,521825.71999999986,0.4132888090051081,0.5166531855460686,0.9723994705123162,2023,Q2,2023-Q2,May,5
2023-05-01,B013,17274538.15,8351312.24,783031.55,541590.55,173254.31,36044.42,870123.97,41340.35,241441.0,992330.28,122206.31000000017,-460724.58,992330.2800000001,80865.96000000017,0.081490972945016,0.8768491575204174,0.48344633977956747,2023,Q2,2023-Q2,May,5
2023-05-01,B014,28983032.8,22821455.7,1795910.81,1065538.37,288699.2,160979.78,1854583.36,92845.8,730372.44,2245589.79,391006.42999999993,-767377.74,2245589.79,298160.62999999995,0.1327760890825924,0.8258780692087133,0.7874074413634172,2023,Q2,2023-Q2,May,5
2023-05-01,B015,30920407.3,9326679.23,955951.12,1298613.03,200132.55,117293.38,1552950.62,30117.41,-342661.91000000003,1273377.05,-279573.5700000003,-1608304.01,1273377.0499999998,-309690.9800000003,-0.2432044617106931,1.2195528574980996,0.3016350703116385,2023,Q2,2023-Q2,May,5
2023-05-01,B016,14003846.79,7236351.22,785342.05,559075.66,163491.44,45059.41,808388.43,74843.41,226266.39,993892.9,185504.46999999997,-448414.6,993892.9,110661.05999999997,0.11134103080925517,0.8133556744393687,0.5167402449138049,2023,Q2,2023-Q2,May,5
2023-05-01,B017,14101190.56,10200904.54,1083942.54,665078.85,112028.58,66260.22,541432.09,104455.48,418863.69000000006,1262231.34,720799.2500000001,-48735.08,1262231.34,616343.7700000001,0.4882969947489975,0.4289483812056195,0.7234073248351307,2023,Q2,2023-Q2,May,5
2023-05-01,B018,13257544.55,20706771.14,1858724.54,723668.65,158199.56,47992.13,720447.93,73396.0,1135055.8900000001,2064916.23,1344468.2999999998,547403.66,2064916.23,1271072.2999999998,0.6155563511649089,0.34889934978137105,1.5618858425785942,2023,Q2,2023-Q2,May,5
2023-05-01,B019,27706023.32,21352111.96,1616337.99,803881.91,315930.04,141900.61,1297895.22,92183.13,812456.08,2074168.64,776273.4200000002,-119791.62,2074168.6400000001,684090.2900000002,0.32981420932099337,0.6257423793660287,0.7706667865462549,2023,Q2,2023-Q2,May,5
2023-05-01,B020,19689828.9,13403776.35,1160501.76,959689.69,182613.29,96449.37,946763.11,147146.18,200812.07000000007,1439564.42,492801.30999999994,-614034.56,1439564.42,345655.12999999995,0.24011091493911746,0.657673318989087,0.6807462075000561,2023,Q2,2023-Q2,May,5
2023-06-01,B001,9203970.1,9456698.19,724649.96,415462.19,42053.02,23529.25,436315.71,62471.23,309187.76999999996,790232.22,353916.51999999996,-124016.9,790232.23,291445.29,0.36880967256929015,0.5521360600541438,1.0274585952859625,2023,Q2,2023-Q2,Jun,6
2023-06-01,B002,11599642.59,14905901.27,1667030.43,340052.5,93502.66,34498.73,739919.6,85651.21,1326977.93,1795031.81,1055112.2199999997,629408.49,1795031.8199999998,969461.0099999998,0.540080125153436,0.4122041691717755,1.2850310821516442,2023,Q2,2023-Q2,Jun,6
2023-06-01,B003,22415766.73,21623120.66,2247853.98,1019594.71,261880.01,123463.48,1317149.94,78086.83,1228259.27,2633197.48,1316047.5300000003,218365.99,2633197.47,1237960.7000000002,0.47013591426548046,0.5002093291544898,0.9646389044127959,2023,Q2,2023-Q2,Jun,6
2023-06-01,B004,14793056.54,18782687.77,1999761.56,684972.93,176015.55,64729.42,854551.44,197609.95,1314788.63,2240506.53,1385955.0899999999,503372.2,2240506.53,1188345.14,0.5303912861168943,0.38140993054816047,1.269696206406847,2023,Q2,2023-Q2,Jun,6
2023-06-01,B005,21978051.15,9654184.25,1083505.81,726817.79,237972.33,127012.74,938500.95,78752.53,356688.02,1448490.88,509989.93000000017,-295580.39,1448490.8800000001,431237.40000000014,0.29771495696265626,0.6479163679649815,0.4392648003278489,2023,Q2,2023-Q2,Jun,6
2023-06-01,B006,12335195.92,11558829.06,1275459.26,667851.84,83961.71,65829.26,660705.51,53360.82,607607.42,1425250.23,764544.72,43332.07,1425250.23,711183.9,0.498988798619594,0.4635715863031294,0.9370608407815221,2023,Q2,2023-Q2,Jun,6
2023-06-01,B007,26822580.52,13722792.83,1216005.29,873940.51,305657.3,71132.9,1349872.18,100504.23,342064.78,1592795.48,242923.31000000006,-731521.45,1592795.49,142419.08000000007,0.08941454247839443,0.8474861892031098,0.5116134452375949,2023,Q2,2023-Q2,Jun,6
2023-06-01,B008,10087530.01,9510767.19,777194.91,513787.27,59090.95,60092.13,426331.64,66651.67,263407.64,896377.99,470046.35,-110392.58,896377.99,403394.68,0.45002742648779226,0.4756159173430843,0.9428241780269063,2023,Q2,2023-Q2,Jun,6
2023-06-01,B009,15569539.25,10783377.99,1149109.41,570254.15,67676.72,88301.76,548040.01,48398.66,578855.2599999999,1305087.89,757047.8799999999,138395.06,1305087.89,708649.2199999999,0.5429896525972667,0.4199257492152502,0.6925945473948435,2023,Q2,2023-Q2,Jun,6
2023-06-01,B010,21153888.59,14998641.44,1399971.06,704364.2,128058.0,45592.91,1075458.52,107718.82,695606.8600000001,1573621.97,498163.44999999995,-313919.57,1573621.97,390444.62999999995,0.24811844105099776,0.683428765296153,0.7090252638983006,2023,Q2,2023-Q2,Jun,6
2023-06-01,B011,24437231.52,11922334.27,935425.23,1115332.09,226376.49,129522.57,1579675.25,109504.37,-179906.8600000001,1291324.28,-288350.95999999996,-1513187.42,1291324.29,-397855.32999999996,-0.30809869610676954,1.2232986417377776,0.48787581605725194,2023,Q2,2023-Q2,Jun,6
2023-06-01,B012,10055183.03,18608953.62,2024270.12,497427.76,71210.49,21774.92,600651.56,143054.93,1526842.36,2117255.53,1516603.9700000002,876121.28,2117255.5300000003,1373549.0400000003,0.6487403246976051,0.2836934661353795,1.8506827339173757,2023,Q2,2023-Q2,Jun,6
2023-06-01,B013,10413771.87,13211183.29,1287445.44,448619.52,57543.2,30371.14,456284.1,80982.26,838825.9199999999,1375359.78,919075.6799999998,389473.9,1375359.7799999998,838093.4199999998,0.6093630424469734,0.33175617510059807,1.268626147655374,2023,Q2,2023-Q2,Jun,6
2023-06-01,B014,13306482.39,15952723.11,1686041.69,647924.91,122518.67,60891.19,649639.22,183610.48,1038116.7799999999,1869451.56,1219812.3299999998,388276.94,1869451.5499999998,1036201.8499999999,0.5542812008152872,0.3475025710080585,1.1988685395915515,2023,Q2,2023-Q2,Jun,6
2023-06-01,B015,18242744.04,18727674.92,1649244.87,519128.56,142254.12,77843.77,979441.13,119767.31,1130116.31,1869342.76,889901.6300000002,251005.76,1869342.7600000002,770134.3200000003,0.41198133187730657,0.5239494601835353,1.0265821237713317,2023,Q2,2023-Q2,Jun,6
2023-06-01,B016,20843775.05,23438605.22,2460227.21,671860.78,130916.4,107780.65,1257281.91,170114.73,1788366.43,2698924.26,1441642.3499999999,599666.84,2698924.26,1271527.6199999999,0.47112386177150445,0.46584556989383613,1.1244894537470072,2023,Q2,2023-Q2,Jun,6
2023-06-01,B017,23887619.05,17075489.31,1295475.44,782534.78,178301.24,138416.69,974945.32,128189.88,512940.6599999999,1612193.38,637248.0499999999,-273476.6,1612193.3699999999,509058.1699999999,0.3157550325368228,0.6047322474722744,0.7148259219246046,2023,Q2,2023-Q2,Jun,6
2023-06-01,B018,27403646.28,9789946.72,873280.02,690458.7,149621.19,91500.91,1310234.13,85422.85,182821.32000000007,1114402.12,-195832.01,-971713.56,1114402.1199999999,-281254.86,-0.25238184220252563,1.175728317889417,0.35724978420645415,2023,Q2,2023-Q2,Jun,6
2023-06-01,B019,19769477.71,12046159.52,1067908.29,1074235.42,116626.83,97734.24,1237572.77,94749.39,-6327.129999999888,1282269.36,44696.590000000084,-1124288.22,1282269.36,-50052.799999999916,-0.0390345441928051,0.9651425890734845,0.6093311971467353,2023,Q2,2023-Q2,Jun,6
2023-06-01,B020,13709037.28,21052798.52,2156890.54,672111.27,106702.07,53497.14,581148.21,170392.75,1484779.27,2317089.75,1735941.54,893437.52,2317089.75,1565548.79,0.6756530643666263,0.25080953812859424,1.5356875971672899,2023,Q2,2023-Q2,Jun,6
2023-07-01,B001,25672446.61,25677564.44,2929934.16,706848.27,224969.01,57154.7,1456276.26,287819.39,2223085.89,3212057.87,1755781.61,761113.95,3212057.87,1467962.2200000002,0.4570161184549269,0.45337796482477444,1.0001993510816383,2023,Q3,2023-Q3,Jul,7
2023-07-01,B002,26377401.39,14881912.88,1358740.81,1414436.51,183694.61,147160.02,1294490.18,108809.49,-55695.69999999995,1689595.44,395105.26,-1128140.75,1689595.44,286295.77,0.1694463439129547,0.7661539261730015,0.5641917738584331,2023,Q3,2023-Q3,Jul,7
2023-07-01,B003,20205354.9,7170573.88,621915.82,907716.16,197958.57,120518.48,1274814.3,55120.89,-285800.3400000001,940392.87,-334421.43000000017,-1297258.48,940392.8699999999,-389542.3200000002,-0.4142335957949152,1.3556188489604353,0.35488482709105995,2023,Q3,2023-Q3,Jul,7
2023-07-01,B004,19073186.76,23083146.43,2616953.93,952536.5,149899.45,80644.91,878814.61,251660.81,1664417.4300000002,2847498.28,1968683.6800000006,764486.37,2847498.2900000005,1717022.8700000006,0.6029934683472629,0.3086269140481204,1.2102406755859816,2023,Q3,2023-Q3,Jul,7
2023-07-01,B005,25808725.68,16334066.9,1801605.99,1206542.63,141117.12,67801.27,1567315.57,169616.95,595063.3600000001,2010524.37,443208.8099999998,-932950.78,2010524.38,273591.8599999998,0.13607985196379455,0.7795556152370557,0.6328893221046472,2023,Q3,2023-Q3,Jul,7
2023-07-01,B006,14409173.17,20986647.36,1678602.62,691060.62,152789.28,69217.7,927644.25,243775.55,987542.0000000001,1900609.6,972965.3500000001,38129.18,1900609.6,729189.8,0.38366101065679137,0.4880772200666565,1.456478252596363,2023,Q3,2023-Q3,Jul,7
2023-07-01,B007,12207645.22,14097269.26,1228850.24,357133.48,103223.96,41013.4,473576.64,113934.56,871716.76,1373087.6,899510.9599999998,428442.92,1373087.5999999999,785576.3999999999,0.5721240218031246,0.34489907271757464,1.1547902159627144,2023,Q3,2023-Q3,Jul,7
2023-07-01,B008,7575270.8,7837253.22,629850.83,376812.92,31951.25,41093.96,299657.36,86304.2,253037.90999999997,702896.04,403238.67999999993,-59878.44,702896.0399999999,316934.4799999999,0.4508980872904049,0.4263181792858017,1.0345839016078475,2023,Q3,2023-Q3,Jul,7
2023-07-01,B009,28537275.98,13693034.49,1073631.36,1200064.63,302734.73,92698.38,1803814.77,41119.81,-126433.26999999979,1469064.47,-334750.2999999998,-1575934.74,1469064.4700000002,-375870.1099999998,-0.25585678346709984,1.2278663100469647,0.47982976719980547,2023,Q3,2023-Q3,Jul,7
2023-07-01,B010,12269360.73,10295403.22,1107359.99,538681.7,82939.67,68547.48,676540.84,41894.91,568678.29,1258847.14,582306.2999999999,1729.69,1258847.14,540411.3899999999,0.4292907159482445,0.5374289049900054,0.8391148851648443,2023,Q3,2023-Q3,Jul,7
2023-07-01,B011,22978659.03,8903782.4,949396.33,676413.64,216150.79,108469.89,939966.28,66441.5,272982.68999999994,1274017.01,334050.72999999975,-408804.41,1274017.0099999998,267609.22999999975,0.21005153612509445,0.7377972763487672,0.38748050477513,2023,Q3,2023-Q3,Jul,7
2023-07-01,B012,17986149.86,17930580.6,1820710.14,816643.06,205791.54,72693.7,1114294.09,132336.44,1004067.0799999998,2099195.37,984901.2899999998,35921.79,2099195.38,852564.8499999999,0.4061388749817084,0.5308196181338777,0.9969104416213288,2023,Q3,2023-Q3,Jul,7
2023-07-01,B013,16094635.49,17980541.87,1719729.26,622881.72,118333.04,74796.36,689063.12,149587.02,1096847.54,1912858.66,1223795.54,451326.8,1912858.6600000001,1074208.52,0.5615723432488211,0.36022688681034065,1.117176085234845,2023,Q3,2023-Q3,Jul,7
2023-07-01,B014,11152934.96,16741076.26,1772228.5,425003.29,119852.86,52237.29,530501.11,165986.3,1347225.21,1944318.66,1413817.54,822827.96,1944318.6500000001,1247831.24,0.6417833002836237,0.27284679391415595,1.501046703853458,2023,Q3,2023-Q3,Jul,7
2023-07-01,B015,8114284.67,14847350.31,1355363.94,352086.29,66941.37,18589.81,521058.2,51926.53,1003277.6499999999,1440895.11,919836.9200000002,515824.08,1440895.12,867910.3900000001,0.6023411266740913,0.3616211844759388,1.8297793229874446,2023,Q3,2023-Q3,Jul,7
2023-07-01,B016,23269501.25,17250564.93,1474226.7,653613.85,203040.69,97554.21,1140726.04,66108.65,820612.85,1774821.6,634095.5599999998,-85626.95,1774821.5999999999,567986.9099999998,0.3200247900972131,0.6427271563519399,0.7413379747449464,2023,Q3,2023-Q3,Jul,7
2023-07-01,B017,8182416.73,9381218.97,1051191.18,392354.79,77759.73,19659.34,373577.33,112472.98,658836.3899999999,1148610.25,775032.9199999999,270205.14,1148610.25,662559.94,0.5768361722350989,0.3252429011494543,1.1465095557409968,2023,Q3,2023-Q3,Jul,7
2023-07-01,B018,17534415.98,7446987.26,817681.6,513946.84,133716.27,72000.37,984220.42,56302.78,303734.75999999995,1023398.24,39177.81999999995,-531071.8,1023398.24,-17124.96000000005,-0.016733427253109258,0.9617179134488252,0.424706888925992,2023,Q3,2023-Q3,Jul,7
2023-07-01,B019,12488468.88,11231344.83,890773.6,464265.67,86647.42,62569.95,760317.27,107103.77,426507.93,1039990.97,279673.69999999995,-291695.75,1039990.97,172569.92999999993,0.16593406575443626,0.7310806458252229,0.89933721562831,2023,Q3,2023-Q3,Jul,7
2023-07-01,B020,22996277.26,14462948.97,1292487.02,1029395.15,237124.5,83920.95,1151750.94,74185.92,263091.87,1613532.46,461781.53,-641799.55,1613532.47,387595.61000000004,0.24021556256627427,0.7138071042350947,0.6289256650752348,2023,Q3,2023-Q3,Jul,7
2023-08-01,B001,12972510.68,17291721.61,1777455.12,572817.14,101630.13,47791.58,664432.55,145988.61,1204637.98,1926876.83,1262444.28,543638.54,1926876.83,1116455.67,0.5794120582165078,0.34482357131254726,1.332951040592244,2023,Q3,2023-Q3,Aug,8
2023-08-01,B002,12332007.54,7966613.03,787751.74,603079.95,145419.37,55175.97,472423.66,38056.77,184671.79000000004,988347.08,515923.42,-125213.3,988347.08,477866.64999999997,0.4835008466863685,0.47799368213846494,0.6460110411187764,2023,Q3,2023-Q3,Aug,8
2023-08-01,B003,22587051.73,5709391.77,594277.8,962756.04,230657.17,97224.2,1353881.7,55508.64,-368478.24,922159.17,-431722.5299999999,-1449987.21,922159.17,-487231.1699999999,-0.5283590792682785,1.4681648722313305,0.25277277611299825,2023,Q3,2023-Q3,Aug,8
2023-08-01,B004,16334754.38,16448872.56,1805158.38,441868.34,90091.02,42973.66,671889.04,153522.88,1363290.0399999998,1938223.06,1266334.0199999998,670942.8,1938223.0599999998,1112811.1399999997,0.5741398722188352,0.34665207213043897,1.0069862195258794,2023,Q3,2023-Q3,Aug,8
2023-08-01,B005,9770297.15,7716853.7,705965.99,336388.18,99703.31,29348.45,367394.86,41650.61,369577.81,835017.75,467622.89,89584.1,835017.75,425972.28,0.5101355989139154,0.439984491347639,0.7898279429505376,2023,Q3,2023-Q3,Aug,8
2023-08-01,B006,17705583.62,12401376.77,969327.01,615251.67,191624.83,42819.82,1148803.55,38274.63,354075.33999999997,1203771.66,54968.1100000001,-598558.19,1203771.6600000001,16693.480000000105,0.013867646626603673,0.9543367635021411,0.7004218011764133,2023,Q3,2023-Q3,Aug,8
2023-08-01,B007,15197635.2,5295553.65,462158.63,807929.17,152518.32,85476.72,673675.62,58925.64,-345770.54000000004,700153.67,26478.04999999993,-840376.76,700153.6699999999,-32447.59000000007,-0.04634352627188267,0.9621825163038852,0.3484458983460796,2023,Q3,2023-Q3,Aug,8
2023-08-01,B008,9214497.94,9674555.38,901094.42,494087.57,89510.13,50678.41,561432.15,33783.33,407006.85000000003,1041282.96,479850.81000000006,-48020.09,1041282.9600000001,446067.48000000004,0.42838257912143307,0.5391734730778653,1.0499275644745547,2023,Q3,2023-Q3,Aug,8
2023-08-01,B009,8193954.11,15933598.22,1241228.75,272098.27,75101.89,27323.47,457165.2,171493.42,969130.48,1343654.1,886488.9099999999,442897.22,1343654.1099999999,714995.4899999999,0.5321276396051063,0.3402402423343907,1.9445554620027035,2023,Q3,2023-Q3,Aug,8
2023-08-01,B010,8388624.78,10019371.64,897608.06,277437.8,56175.53,48774.17,527288.97,99380.43,620170.26,1002557.76,475268.79000000015,98450.55,1002557.7600000001,375888.36000000016,0.37492938062740655,0.5259437321596313,1.1943997857536788,2023,Q3,2023-Q3,Aug,8
2023-08-01,B011,15326453.75,7062667.24,603786.32,418978.71,112388.72,42139.35,576957.76,21485.24,184807.60999999993,758314.39,181356.6299999999,-259107.33,758314.3899999999,159871.3899999999,0.21082468183150252,0.7608424257912343,0.4608154864265323,2023,Q3,2023-Q3,Aug,8
2023-08-01,B012,19563986.24,6764740.9,756180.05,834614.92,128034.5,111762.18,985194.49,58790.47,-78434.87,995976.74,10782.23999999999,-882623.14,995976.73,-48008.23000000001,-0.04820216030549229,0.9891742049033616,0.34577518185782574,2023,Q3,2023-Q3,Aug,8
2023-08-01,B013,16743897.3,17844447.75,1881662.53,460050.87,122105.68,88725.5,771551.43,202793.02,1421611.6600000001,2092493.7,1320942.2799999998,658098.38,2092493.71,1118149.2599999998,0.5343620650596841,0.36872341661662633,1.0657284520014345,2023,Q3,2023-Q3,Aug,8
2023-08-01,B014,24300690.04,20629830.53,1964931.51,965869.41,252376.51,93557.54,1370236.08,224780.23,999062.1,2310865.56,940629.48,-250020.15,2310865.56,715849.25,0.30977537698039,0.5929536117194113,0.8489401122372409,2023,Q3,2023-Q3,Aug,8
2023-08-01,B015,14934523.98,15651970.27,1438704.26,782354.62,166137.89,71220.75,769282.73,154526.46,656349.64,1676062.89,906780.1699999999,-30100.92,1676062.9,752253.71,0.44882188490658675,0.45898201672502864,1.0480394481244122,2023,Q3,2023-Q3,Aug,8
2023-08-01,B016,12054776.06,15457799.12,1206454.87,403947.67,97844.87,66223.89,446214.48,145255.39,802507.2000000002,1370523.63,924309.1500000001,375106.09,1370523.6300000001,779053.7600000001,0.5684351170216598,0.32557955968989744,1.282296663418897,2023,Q3,2023-Q3,Aug,8
2023-08-01,B017,16074782.12,15935023.56,1502522.62,578628.82,173364.48,71676.39,756436.38,177341.76,923893.8000000002,1747563.49,991127.11,235156.53,1747563.49,813785.35,0.46566854632560445,0.4328520161519282,0.9913057260150286,2023,Q3,2023-Q3,Aug,8
2023-08-01,B018,12032113.12,13552573.21,1105683.35,488660.45,94291.72,62340.78,708722.54,76402.25,617022.9000000001,1262315.85,553593.31,-11469.4,1262315.85,477191.06000000006,0.3780282565571842,0.5614462814516668,1.1263668380471477,2023,Q3,2023-Q3,Aug,8
2023-08-01,B019,11337512.56,10489689.72,963615.99,465430.91,60645.98,67447.56,470433.76,74064.85,498185.08,1091709.52,621275.77,81780.0,1091709.53,547210.92,0.5012422306142185,0.43091476905949516,0.9252196779925772,2023,Q3,2023-Q3,Aug,8
2023-08-01,B020,27398525.37,14598976.87,1603488.01,1371397.06,199700.28,105358.15,1564562.71,84421.2,232090.94999999995,1908546.44,343983.73,-1111834.52,1908546.44,259562.52999999997,0.13600011221105,0.8197666439806411,0.5328380514224733,2023,Q3,2023-Q3,Aug,8
2023-09-01,B001,8432166.42,9233891.95,983845.87,421965.55,95149.98,20485.82,462673.53,69332.83,561880.3200000001,1099481.66,636808.1400000001,145509.75,1099481.6700000002,567475.3100000002,0.5161298505322058,0.420810589775453,1.0950794244404867,2023,Q3,2023-Q3,Sep,9
2023-09-01,B002,9627440.79,9419404.49,818914.62,326870.64,108524.07,23146.66,587720.91,110637.6,492043.98,950585.36,362864.43999999994,-74643.79,950585.35,252226.83999999994,0.2653384464635395,0.6182726359079698,0.9783913186756665,2023,Q3,2023-Q3,Sep,9
2023-09-01,B003,14613014.12,9556894.14,938359.56,483336.05,158512.14,86713.96,680957.43,28737.74,455023.51000000007,1183585.66,502628.2300000001,-9445.56,1183585.6600000001,473890.4900000001,0.4003854609052969,0.5753343023774046,0.6539988301879504,2023,Q3,2023-Q3,Sep,9
2023-09-01,B004,11400762.53,9953672.82,1074217.24,357456.04,67470.9,48592.86,679902.26,78157.21,716761.2,1190280.99,510378.74,74765.48,1190281.0,432221.52999999997,0.3631256232771925,0.5712115542464342,0.8730707962566431,2023,Q3,2023-Q3,Sep,9
2023-09-01,B005,18626831.56,7871252.28,766783.13,833778.75,103203.02,61710.14,732055.84,27805.9,-66995.62,931696.3,199640.45000000007,-661944.19,931696.29,171834.55000000008,0.18443193543252176,0.7857236825532491,0.42257601646557225,2023,Q3,2023-Q3,Sep,9
2023-09-01,B006,11882779.3,6273747.05,564727.86,393277.43,51769.09,32780.18,483050.78,31664.64,171450.43,649277.13,166226.34999999998,-258715.73,649277.13,134561.70999999996,0.2072484980334976,0.7439824347424651,0.5279696686784379,2023,Q3,2023-Q3,Sep,9
2023-09-01,B007,10006508.07,18421397.89,1468798.41,371213.23,71379.22,37813.23,568547.31,132212.27,1097585.18,1577990.85,1009443.5499999998,506018.04,1577990.8599999999,877231.2799999998,0.5559165786296125,0.3602982275828899,1.8409416912607357,2023,Q3,2023-Q3,Sep,9
2023-09-01,B008,13798161.42,11473051.57,867285.64,401143.75,57343.05,67968.08,503836.97,67889.39,466141.89,992596.77,488759.80000000005,19726.66,992596.77,420870.41000000003,0.42400944947664904,0.5075948111336288,0.831491328501939,2023,Q3,2023-Q3,Sep,9
2023-09-01,B009,27251211.18,11869982.41,908972.23,1264579.88,164833.15,57169.49,1455500.44,100031.49,-355607.6499999999,1130974.87,-324525.57000000007,-1689136.95,1130974.8699999999,-424557.06000000006,-0.3753903568166816,1.2869432191716161,0.43557632472172564,2023,Q3,2023-Q3,Sep,9
2023-09-01,B010,10522840.06,20051823.85,1691807.56,383982.94,49051.82,42609.55,683322.25,97260.68,1307824.62,1783468.93,1100146.6800000002,618903.07,1783468.9300000002,1002886.0000000002,0.562323224772971,0.3831422227243398,1.905552468313388,2023,Q3,2023-Q3,Sep,9
2023-09-01,B011,25819223.68,14460965.94,1248020.26,939744.49,195460.31,131740.21,1151438.36,141784.26,308275.77,1575220.78,423782.4199999999,-657746.33,1575220.78,281998.1599999999,0.179021355977795,0.7309695089217907,0.5600852341351263,2023,Q3,2023-Q3,Sep,9
2023-09-01,B012,13457017.01,19539243.64,1832285.96,478993.99,116540.0,62349.34,528704.53,168719.12,1353291.97,2011175.31,1482470.77,834757.66,2011175.3,1313751.65,0.6532258277038306,0.2628833647668605,1.451974358468913,2023,Q3,2023-Q3,Sep,9
2023-09-01,B013,19051738.55,19472331.05,2203342.59,641398.15,224532.18,84386.77,1231533.69,194153.34,1561944.44,2512261.54,1280727.85,445176.35,2512261.54,1086574.51,0.4325085158132063,0.4902091881723429,1.022076331716194,2023,Q3,2023-Q3,Sep,9
2023-09-01,B014,11251532.89,19882388.68,2259077.28,346748.72,65972.4,25044.42,665245.05,64448.48,1912328.5599999998,2350094.11,1684849.0499999996,1273651.86,2350094.0999999996,1620400.5699999996,0.6895045479242724,0.2830716650877938,1.7670826610364199,2023,Q3,2023-Q3,Sep,9
2023-09-01,B015,19394453.86,13036545.41,1447150.12,688604.89,134961.0,106745.14,1190231.72,43191.15,758545.2300000001,1688856.27,498624.54000000004,-233171.49,1688856.26,455433.39,0.2696697171848124,0.7047560814915059,0.6721790417046577,2023,Q3,2023-Q3,Sep,9
2023-09-01,B016,11802528.6,17542922.68,1431064.95,620487.12,51898.29,24865.41,590140.79,125625.09,810577.83,1507828.65,917687.8599999999,171575.65,1507828.65,792062.7699999999,0.5253002521208229,0.39138451839338645,1.48636985128763,2023,Q3,2023-Q3,Sep,9
2023-09-01,B017,7926443.15,9748184.5,974082.61,433235.13,38006.73,36787.64,488240.5,34174.08,540847.48,1048876.99,560636.48,93227.28,1048876.98,526462.4,0.5019295971201504,0.4654888126155653,1.2298308731325474,2023,Q3,2023-Q3,Sep,9
2023-09-01,B018,13545839.87,5404872.65,537156.43,468362.05,96345.45,79128.42,739812.78,45015.5,68794.38000000006,712630.3,-27182.47999999998,-540560.03,712630.3,-72197.97999999998,-0.10131197059681574,1.0381438734782957,0.39900609352175964,2023,Q3,2023-Q3,Sep,9
2023-09-01,B019,16404761.68,7992958.37,652298.42,753358.41,99662.9,64590.42,1060525.57,48904.46,-101059.98999999999,816551.75,-243973.82999999996,-1046236.69,816551.7400000001,-292878.29,-0.35867695291421453,1.2987855123546732,0.48723404374381624,2023,Q3,2023-Q3,Sep,9
2023-09-01,B020,20954073.64,6771812.63,672196.54,568564.89,247276.21,84137.44,1193703.65,24973.22,103631.65000000002,1003610.18,-190093.45999999996,-783631.57,1003610.19,-215066.67999999996,-0.2142930414048506,1.1894096551570486,0.3231740398713231,2023,Q3,2023-Q3,Sep,9
2023-10-01,B001,27543269.99,9283273.66,856854.7,1321199.26,114312.21,98884.78,1299957.44,47618.08,-464344.56000000006,1070051.68,-229905.75,-1598723.1,1070051.69,-277523.83,-0.2593555363666591,1.2148548076214898,0.33704326550080776,2023,Q4,2023-Q4,Oct,10
2023-10-01,B002,14265886.04,18182127.01,1506017.24,575703.34,99303.83,53407.88,612318.19,195605.85,930313.9,1658728.94,1046410.76,275101.56,1658728.95,850804.91,0.5129258219071898,0.3691490342650618,1.2745178924757485,2023,Q4,2023-Q4,Oct,10
2023-10-01,B003,18174142.36,8600969.03,770388.92,896120.03,81318.83,55299.39,724171.29,102053.52,-125731.10999999999,907007.14,182835.84999999998,-815337.7,907007.14,80782.32999999997,0.0890647123240948,0.7984185107958467,0.4732530900016566,2023,Q4,2023-Q4,Oct,10
2023-10-01,B004,8597761.14,7635035.02,840258.07,352332.1,98082.82,39213.01,439444.61,46500.93,487925.97,977553.9,538109.2899999999,139276.26,977553.8999999999,491608.3599999999,0.5028964234094918,0.44953491567063464,0.8880259518351773,2023,Q4,2023-Q4,Oct,10
2023-10-01,B005,20655136.05,15571538.24,1525917.49,604125.54,181872.68,90106.53,1041584.52,55811.11,921791.95,1797896.7,756312.1799999999,96375.54,1797896.7,700501.07,0.3896225350433092,0.5793350196371126,0.7538821435165517,2023,Q4,2023-Q4,Oct,10
2023-10-01,B006,21655911.14,17363590.53,1314671.48,863037.86,92493.55,110856.75,1355360.88,62770.24,451633.62,1518021.79,162660.90000000014,-763147.19,1518021.78,99890.66000000015,0.0658031797145889,0.8928467943325555,0.801794503946233,2023,Q4,2023-Q4,Oct,10
2023-10-01,B007,19619203.41,12938612.23,1060394.12,609570.03,126716.7,81060.24,835469.04,116309.41,450824.0900000001,1268171.05,432702.02,-293177.43,1268171.06,316392.61,0.24948732862584008,0.658798380086043,0.6594871340905273,2023,Q4,2023-Q4,Oct,10
2023-10-01,B008,13499004.3,14518355.57,1564879.9,424017.71,83369.6,73465.52,799577.7,138404.46,1140862.19,1721715.01,922137.3200000001,359715.14,1721715.02,783732.8600000001,0.45520475275867667,0.46440769274348315,1.075513070989984,2023,Q4,2023-Q4,Oct,10
2023-10-01,B009,9648215.7,9876716.51,852455.94,268127.61,52800.39,36666.61,578155.61,118048.71,584328.33,941922.94,363767.32999999996,-22408.99,941922.94,245718.61999999994,0.2608691322455741,0.6138035134806251,1.0236832194786027,2023,Q4,2023-Q4,Oct,10
2023-10-01,B010,20637534.52,20315135.72,1780866.7,1103352.92,163850.42,96778.77,1068061.29,183150.11,677513.78,2041495.89,973434.5999999999,-313068.43,2041495.89,790284.4899999999,0.38711049768510675,0.5231758218234768,0.9843780370330787,2023,Q4,2023-Q4,Oct,10
2023-10-01,B011,23885457.6,18310068.11,1727203.28,944531.36,204435.74,58816.05,1349544.74,218290.58,782671.92,1990455.07,640910.3300000001,-521911.61,1990455.07,422619.7500000001,0.21232317994497615,0.6780081401184302,0.7665780751045773,2023,Q4,2023-Q4,Oct,10
2023-10-01,B012,15923484.46,9896113.55,1059543.29,488339.37,73457.69,56118.59,729738.39,88811.73,571203.92,1189119.56,459381.18000000005,-117769.93,1189119.57,370569.45000000007,0.31163346340351633,0.6136795730306582,0.6214791476613781,2023,Q4,2023-Q4,Oct,10
2023-10-01,B013,10848803.68,11473225.98,920537.23,293201.69,128383.08,60407.53,514249.5,71038.13,627335.54,1109327.84,595078.3400000001,230838.52,1109327.84,524040.2100000001,0.4723943554864719,0.4635685515654236,1.05755678860252,2023,Q4,2023-Q4,Oct,10
2023-10-01,B014,18548941.73,12883719.26,1455069.67,812823.15,149383.98,71185.22,1082524.62,126843.07,642246.5199999999,1675638.86,593114.2499999998,-346551.98,1675638.8699999999,466271.17999999976,0.2782647194141538,0.6460369470899181,0.6945797473266416,2023,Q4,2023-Q4,Oct,10
2023-10-01,B015,11983642.59,16201596.73,1633853.05,551206.97,140592.4,35668.15,591230.93,91994.43,1082646.08,1810113.6,1218882.67,575681.26,1810113.5999999999,1126888.24,0.6225511150239411,0.32662642278363085,1.35197596292798,2023,Q4,2023-Q4,Oct,10
2023-10-01,B016,24813629.07,12036134.38,1381182.43,676126.51,224702.14,50008.09,933680.15,133557.16,705055.9199999999,1655892.66,722212.5099999999,-87471.16,1655892.66,588655.3499999999,0.35549124905233886,0.5638530640023491,0.48506142918658535,2023,Q4,2023-Q4,Oct,10
2023-10-01,B017,16235820.61,18650437.14,1973074.66,745449.81,91345.61,44523.49,595361.28,113848.62,1227624.8499999999,2108943.77,1513582.4800000002,654284.05,2108943.7600000002,1399733.8600000003,0.6637132229642767,0.2823030615098053,1.148721557597944,2023,Q4,2023-Q4,Oct,10
2023-10-01,B018,27052260.74,10238782.74,1151793.1,712042.2,310119.42,138169.37,1516961.75,88296.87,439750.90000000014,1600081.89,83120.14000000013,-717218.92,1600081.8900000001,-5176.729999999865,-0.00323529066377963,0.9480525712343384,0.37848159303228723,2023,Q4,2023-Q4,Oct,10
2023-10-01,B019,26351018.04,19874595.97,1878200.09,663433.29,125976.27,58229.55,1139481.12,107479.89,1214766.8,2062405.91,922924.79,152011.61,2062405.9100000001,815444.9,0.39538526147842545,0.5525008993016317,0.7542249768047291,2023,Q4,2023-Q4,Oct,10
2023-10-01,B020,13993606.96,13857206.47,1538781.68,472330.89,66538.99,33156.86,497587.8,99362.55,1066450.79,1638477.53,1140889.73,569196.28,1638477.53,1041527.1799999999,0.6356676615516357,0.303689120472711,0.9902526567746333,2023,Q4,2023-Q4,Oct,10
2023-11-01,B001,10406130.15,9080990.62,888684.14,404350.12,122331.52,38041.31,517583.2,49293.42,484334.02,1049056.97,531473.77,77830.24,1049056.97,482180.35000000003,0.4596321875636554,0.49337949682561094,0.8726577977693273,2023,Q4,2023-Q4,Nov,11
2023-11-01,B002,24336850.71,9637829.52,881844.82,1329636.85,98009.18,115516.45,1159521.92,100335.22,-447792.03000000014,1095370.44,-64151.46999999997,-1494123.55,1095370.45,-164486.68999999997,-0.15016535273523215,1.0585660038574165,0.3960179414684834,2023,Q4,2023-Q4,Nov,11
2023-11-01,B003,10009501.58,17056222.41,1738539.55,259390.08,102803.76,56245.08,414492.66,181885.71,1479149.47,1897588.39,1483095.7300000002,1041819.94,1897588.3900000001,1301210.0200000003,0.6857177388190071,0.21843127950419214,1.70400316875718,2023,Q4,2023-Q4,Nov,11
2023-11-01,B004,13552149.47,13129105.14,1195036.74,607397.92,147163.67,60217.02,833669.91,49202.46,587638.82,1402417.42,568747.5199999999,-87852.87,1402417.43,519545.0599999999,0.37046392100246495,0.5944520455653493,0.9687839681124768,2023,Q4,2023-Q4,Nov,11
2023-11-01,B005,8147041.8,18138576.6,1872291.49,255662.41,40012.47,23758.94,294012.3,178273.25,1616629.08,1936062.9,1642050.5999999999,1208114.94,1936062.9,1463777.3499999999,0.7560587778423934,0.1518609235268131,2.226400335886334,2023,Q4,2023-Q4,Nov,11
2023-11-01,B006,21063944.09,13098506.7,1473261.78,669772.58,155924.04,70715.13,1331781.36,133232.72,803489.2000000001,1699900.95,368119.5900000001,-434885.71,1699900.9500000002,234886.87000000008,0.13817679788931234,0.7834464472768251,0.6218449234404514,2023,Q4,2023-Q4,Nov,11
2023-11-01,B007,19668714.97,15573032.89,1747298.93,974961.35,88661.23,99707.83,1020147.63,163349.59,772337.58,1935667.99,915520.36,-222790.58,1935667.99,752170.77,0.38858459915948707,0.5270261404694717,0.7917666666964772,2023,Q4,2023-Q4,Nov,11
2023-11-01,B008,28202691.68,10185827.89,845473.2,881096.9,136774.38,85349.27,1483127.11,60132.88,-35623.70000000007,1067596.85,-415530.26000000024,-1356760.03,1067596.8499999999,-475663.14000000025,-0.4455456570520982,1.3892202004904757,0.3611650974868935,2023,Q4,2023-Q4,Nov,11
2023-11-01,B009,9923156.92,7497039.45,771150.78,537116.86,50333.58,22635.01,366918.27,83708.22,234033.92000000004,844119.37,477201.1,-143623.98,844119.37,393492.88,0.46615786106175955,0.4346758089439412,0.7555095127932332,2023,Q4,2023-Q4,Nov,11
2023-11-01,B010,17555844.09,13333008.33,1463411.97,692388.99,201777.75,78463.57,941464.02,116311.76,771022.98,1743653.3,802189.27,-6511.47,1743653.29,685877.51,0.39335658868283385,0.5399376271644003,0.7594626758843585,2023,Q4,2023-Q4,Nov,11
2023-11-01,B011,28252928.75,22043437.37,2319962.32,767974.68,249573.98,124150.04,1388548.24,130930.59,1551987.6399999997,2693686.34,1305138.0999999999,406232.83,2693686.34,1174207.5099999998,0.4359110014271371,0.5154825264473815,0.780217780784939,2023,Q4,2023-Q4,Nov,11
2023-11-01,B012,12759151.72,9211478.98,706623.09,499660.5,63996.48,52729.26,720495.85,59732.86,206962.58999999997,823348.82,102852.97999999998,-456540.38,823348.83,43120.11999999998,0.052371629653011086,0.8750797034593466,0.7219507363926855,2023,Q4,2023-Q4,Nov,11
2023-11-01,B013,20012359.73,15400655.08,1392690.87,533997.65,233545.54,111184.3,842456.66,68796.4,858693.2200000001,1737420.71,894964.0500000002,292170.0,1737420.7100000002,826167.6500000001,0.47551387251508015,0.48488927014113925,0.7695571780529852,2023,Q4,2023-Q4,Nov,11
2023-11-01,B014,12733722.93,6391554.16,493995.78,563707.79,77015.65,53484.55,572147.81,73524.25,-69712.01000000001,624495.97,52348.17000000004,-584883.88,624495.9800000001,-21176.079999999958,-0.03390907336184927,0.9161753291029991,0.5019391575531948,2023,Q4,2023-Q4,Nov,11
2023-11-01,B015,11292428.77,7995187.97,895050.01,437060.1,93540.44,56254.87,478316.96,44507.51,457989.91000000003,1044845.32,566528.3599999999,84960.75,1044845.32,522020.84999999986,0.49961543590011953,0.45778734023520345,0.7080131416228539,2023,Q4,2023-Q4,Nov,11
2023-11-01,B016,19536684.35,15597103.12,1719021.76,766734.65,216225.3,81027.1,1092493.02,91390.31,952287.11,2016274.16,923781.1400000001,65656.19,2016274.1600000001,832390.8300000001,0.4128361343479202,0.5418375346336829,0.7983495479876552,2023,Q4,2023-Q4,Nov,11
2023-11-01,B017,21755205.84,15835410.1,1602979.28,984118.49,184863.58,71599.51,1010735.76,120864.35,618860.79,1859442.37,848706.6100000001,-256276.23,1859442.37,727842.2600000001,0.3914303942638459,0.5435692852368422,0.7278906123188398,2023,Q4,2023-Q4,Nov,11
2023-11-01,B018,13323381.69,18392545.42,1548653.91,468475.45,88266.18,56099.94,559573.63,67591.78,1080178.46,1693020.04,1133446.4,597379.17,1693020.0299999998,1065854.6199999999,0.6295581866210999,0.33051802110102624,1.3804712533158692,2023,Q4,2023-Q4,Nov,11
2023-11-01,B019,11088351.3,9739836.44,1029403.79,285292.8,130979.22,61456.33,498322.12,49487.57,744110.99,1221839.33,723517.2200000001,388736.84,1221839.34,674029.6500000001,0.5516516189436167,0.4078458629429954,0.8783845475747146,2023,Q4,2023-Q4,Nov,11
2023-11-01,B020,20097203.61,14997654.68,1666856.84,809609.2,158476.65,114890.14,850688.64,85487.9,857247.6400000001,1940223.63,1089534.9899999998,194437.89,1940223.63,1004047.0899999997,0.5174903936202446,0.43844875757955803,0.7462557961316291,2023,Q4,2023-Q4,Nov,11
2023-12-01,B001,12581632.3,5834039.39,654669.52,505551.02,129188.15,41560.77,744982.82,69566.92,149118.5,825418.44,80435.62000000011,-494682.31,825418.4400000001,10868.700000000114,0.013167503260528214,0.9025517045633241,0.46369495236321595,2023,Q4,2023-Q4,Dec,12
2023-12-01,B002,18339474.85,9327072.33,1004787.63,791143.4,214614.8,48792.21,827118.83,60515.99,213644.22999999998,1268194.65,441075.80999999994,-410583.57,1268194.64,380559.81999999995,0.3000799782594886,0.6522018023984079,0.5085790300042315,2023,Q4,2023-Q4,Dec,12
2023-12-01,B003,9235116.28,6416439.23,567459.72,468501.91,83191.72,20686.27,413891.49,42532.85,98957.81,671337.71,257446.21999999997,-253588.54,671337.71,214913.36999999997,0.32012706391839657,0.6165175646099189,0.6947870536179108,2023,Q4,2023-Q4,Dec,12
2023-12-01,B004,18799376.86,16563955.19,1503816.21,962566.1,169336.2,99270.94,666122.64,135763.55,541250.11,1772423.35,1106300.71,7971.07,1772423.3499999999,970537.1599999999,0.5475763789728905,0.3758259221759858,0.8810906506823439,2023,Q4,2023-Q4,Dec,12
2023-12-01,B005,9171999.29,8411248.89,667616.9,453905.4,65190.59,48965.98,559956.5,57161.87,213711.5,781773.47,221816.96999999997,-289250.3,781773.47,164655.09999999998,0.2106174055765796,0.7162643930600511,0.9170572984202664,2023,Q4,2023-Q4,Dec,12
2023-12-01,B006,8919079.87,12790070.03,1018191.41,265717.28,37593.57,28779.32,442744.04,87479.18,752474.13,1084564.29,641820.26,288623.8,1084564.3,554341.0800000001,0.511118686093577,0.4082229518342066,1.4340122766497887,2023,Q4,2023-Q4,Dec,12
2023-12-01,B007,22731153.98,16617813.84,1277579.06,963618.74,100355.6,121547.77,865018.6,53925.2,313960.32000000007,1499482.43,634463.8300000002,-383080.11,1499482.4300000002,580538.6300000002,0.38715934137354324,0.5768781165378509,0.7310589622779898,2023,Q4,2023-Q4,Dec,12
2023-12-01,B008,17604057.24,12962247.78,1312052.94,686928.96,115297.14,46992.49,813807.17,147527.43,625123.98,1474342.58,660535.3999999998,-173920.98,1474342.5699999998,513007.9699999998,0.3479571033481044,0.551979700348746,0.7363216105970808,2023,Q4,2023-Q4,Dec,12
2023-12-01,B009,19251509.66,14376197.42,1236189.7,980313.27,175974.38,86098.95,1023862.37,75714.8,255876.42999999993,1498263.02,474400.66000000003,-581627.42,1498263.03,398685.86000000004,0.26609871031790727,0.6833662377693455,0.7467568868051047,2023,Q4,2023-Q4,Dec,12
2023-12-01,B010,21054127.09,15985691.54,1749898.8,629279.08,240004.5,45081.42,1145981.42,68879.34,1120619.7200000002,2034984.71,889003.3,190844.87,2034984.72,820123.9600000001,0.4030123430115977,0.5631400613170205,0.7592664123127034,2023,Q4,2023-Q4,Dec,12
2023-12-01,B011,10646731.48,14137683.27,1613353.54,333990.04,101951.6,46622.37,428558.81,81626.49,1279363.5,1761927.51,1333368.7000000002,917752.17,1761927.5100000002,1251742.2100000002,0.7104391088144143,0.2432329409511291,1.3278895308440708,2023,Q4,2023-Q4,Dec,12
2023-12-01,B012,22289366.75,19306861.04,2023087.42,937096.29,169526.55,74718.96,1276886.03,98463.77,1085991.13,2267332.93,990446.8999999997,-45113.17,2267332.9299999997,891983.1299999997,0.3934063313763099,0.5631665350531473,0.8661915457961585,2023,Q4,2023-Q4,Dec,12
2023-12-01,B013,15892747.51,10129703.67,931108.31,646234.46,120055.14,42191.14,867883.81,101906.19,284873.8500000001,1093354.59,225470.7799999998,-522669.87,1093354.5899999999,123564.5899999998,0.11301419606241357,0.7937807349397967,0.6373790097417837,2023,Q4,2023-Q4,Dec,12
2023-12-01,B014,15821375.44,15859923.86,1581134.0,707228.51,70498.9,81440.16,973473.27,166531.68,873905.49,1733073.06,759599.7899999998,-114160.39,1733073.0599999998,593068.1099999999,0.34220606371897555,0.5617035383378471,1.0024364771663619,2023,Q4,2023-Q4,Dec,12
2023-12-01,B015,17077168.68,13326571.0,1429251.29,435034.27,147749.3,87098.86,667735.0,78247.28,994217.02,1664099.46,996364.4500000002,483082.92,1664099.4500000002,918117.1700000002,0.5517201330725757,0.40125907138542705,0.7803735648291319,2023,Q4,2023-Q4,Dec,12
2023-12-01,B016,7982356.21,13131427.45,1331472.02,350044.65,73869.56,28706.97,451692.57,113643.72,981427.37,1434048.56,982355.98,518667.62,1434048.55,868712.26,0.6057760457273221,0.31497718121189133,1.6450565603110312,2023,Q4,2023-Q4,Dec,12
2023-12-01,B017,11174205.12,7955547.88,725650.73,427986.8,61106.57,60893.1,621072.99,74864.11,297663.93,847650.39,226577.40999999992,-276273.5,847650.3999999999,151713.29999999993,0.17898098083832667,0.7326994595885286,0.711956492167919,2023,Q4,2023-Q4,Dec,12
2023-12-01,B018,20072449.53,13403894.26,1042824.59,664143.64,135027.85,49088.73,881622.95,137297.86,378680.94999999995,1226941.17,345318.22,-456123.28,1226941.17,208020.36,0.16954387470753793,0.7185535635746904,0.6677757111789833,2023,Q4,2023-Q4,Dec,12
2023-12-01,B019,11300455.55,20810732.81,2085396.67,365724.54,94007.92,46011.78,584157.53,155512.1,1719672.13,2225416.37,1641258.8399999996,1120022.21,2225416.3699999996,1485746.7399999995,0.6676264091649509,0.2624935890086942,1.841583528904726,2023,Q4,2023-Q4,Dec,12
2023-12-01,B020,23727215.04,8047348.2,673248.69,1057812.68,197113.31,71131.16,889881.41,93421.47,-384563.99,941493.16,51611.75,-1099622.4,941493.16,-41809.72,-0.04440788502382747,0.9451809612721987,0.339161093555799,2023,Q4,2023-Q4,Dec,12
2024-01-01,B001,8545681.27,14323069.34,1447284.15,238571.43,86366.41,44577.91,554192.74,111619.35,1208712.72,1578228.47,1024035.7299999997,673844.95,1578228.4699999997,912416.3799999998,0.5781269298734675,0.35114861411668746,1.67605939040598,2024,Q1,2024-Q1,Jan,1
2024-01-01,B002,23452606.42,18524793.86,2015697.66,1253188.95,215665.91,55223.38,1178223.05,164764.29,762508.71,2286586.95,1108363.8999999997,-309589.34,2286586.9499999997,943599.6099999996,0.4126672768774438,0.5152758568835532,0.7898820936253105,2024,Q1,2024-Q1,Jan,1
2024-01-01,B003,11810355.17,10741979.48,946879.0,621050.05,96797.87,54449.7,453259.48,65591.82,325828.94999999995,1098126.57,644867.0900000001,-41774.77,1098126.57,579275.27,0.5275122976033628,0.4127570467582803,0.9095390718888939,2024,Q1,2024-Q1,Jan,1
2024-01-01,B004,22921841.66,18741322.12,1465491.84,1145966.07,187118.06,46185.95,1221247.49,213693.52,319525.77,1698795.85,477548.3600000001,-882111.23,1698795.85,263854.8400000001,0.1553187453336433,0.7188900832316019,0.8176185141661083,2024,Q1,2024-Q1,Jan,1
2024-01-01,B005,20488158.77,14421475.3,1398875.63,1007714.66,195266.1,49266.02,1150576.64,45307.51,391160.96999999986,1643407.75,492831.1100000001,-560191.07,1643407.75,447523.6000000001,0.27231440280113084,0.7001163527432556,0.7038931834673595,2024,Q1,2024-Q1,Jan,1
2024-01-01,B006,15456485.01,11146754.01,984177.52,563008.97,148876.73,36526.95,631332.34,66598.47,421168.55000000005,1169581.2,538248.86,-91358.58,1169581.2,471650.39,0.4032643394062764,0.5397935089927915,0.7211700462807876,2024,Q1,2024-Q1,Jan,1
2024-01-01,B007,27901640.37,23191271.86,2429561.2,1099810.21,311022.06,113106.05,1776573.67,202519.1,1329750.9900000002,2853689.32,1077115.6400000001,-225213.67,2853689.31,874596.5400000002,0.30647924318012043,0.6225532904981866,0.8311795131921843,2024,Q1,2024-Q1,Jan,1
2024-01-01,B008,22345906.43,24855322.15,2752313.08,941443.64,108961.41,106659.03,1041147.06,94851.8,1810869.44,2967933.52,1926786.46,890491.02,2967933.52,1831934.66,0.617242484595814,0.35079864592115256,1.11229867662164,2024,Q1,2024-Q1,Jan,1
2024-01-01,B009,15679350.28,15904781.25,1194781.03,561801.15,163994.53,69784.68,866602.45,182245.99,632979.88,1428560.23,561957.79,-182089.35,1428560.24,379711.80000000005,0.2658003417482766,0.6066264660984825,1.0143775708798057,2024,Q1,2024-Q1,Jan,1
2024-01-01,B010,14617739.85,7134769.28,773309.01,724292.58,134629.57,48218.22,798497.63,73246.27,49016.43000000005,956156.8,157659.17000000004,-639879.68,956156.8,84412.90000000004,0.08828353257541026,0.8351115946673181,0.48808976991063363,2024,Q1,2024-Q1,Jan,1
2024-01-01,B011,9609977.56,7035921.76,768773.57,401832.99,112501.34,39203.12,337105.26,25912.22,366940.57999999996,920478.03,583372.7699999999,155627.56,920478.0299999999,557460.5499999999,0.6056207012349877,0.36622846935303827,0.7321475743383525,2024,Q1,2024-Q1,Jan,1
2024-01-01,B012,9757709.84,11187229.53,1088582.2,351648.59,93604.14,38586.96,583929.69,124009.84,736933.6099999999,1220773.3,636843.6099999999,161185.19,1220773.2999999998,512833.7699999999,0.42008927456064116,0.4783277042510678,1.146501557582696,2024,Q1,2024-Q1,Jan,1
2024-01-01,B013,15763256.41,16360085.33,1596434.62,820956.68,140309.85,59609.96,707122.01,165626.19,775477.9400000001,1796354.43,1089232.4200000002,102649.55,1796354.4300000002,923606.2300000002,0.5141559007372505,0.3936428124598997,1.037862032087569,2024,Q1,2024-Q1,Jan,1
2024-01-01,B014,15991953.38,23269718.03,2592459.23,834567.6,144651.19,72486.58,627191.11,185927.44,1757891.63,2809597.0,2182405.89,1161910.85,2809597.0,1996478.4500000002,0.7105924621929764,0.22323169835389203,1.4550891612216543,2024,Q1,2024-Q1,Jan,1
2024-01-01,B015,12136238.48,10911751.21,1040186.7,655694.94,97148.89,56052.71,601882.92,45631.03,384491.76,1193388.3,591505.3799999998,-109820.58,1193388.2999999998,545874.3499999997,0.4574155369212182,0.5043479310128984,0.8991048773458183,2024,Q1,2024-Q1,Jan,1
2024-01-01,B016,12407404.68,18542036.54,1608316.55,631950.18,119068.37,37370.63,617948.83,144773.75,976366.37,1764755.56,1146806.7199999997,370082.79,1764755.5499999998,1002032.9699999997,0.5678027021929467,0.3501611483811455,1.4944331242688216,2024,Q1,2024-Q1,Jan,1
2024-01-01,B017,8336580.99,15527456.12,1413031.09,329958.27,83976.01,33834.14,516652.97,159344.35,1083072.82,1530841.24,1014188.27,524885.65,1530841.24,854843.92,0.5584144832680363,0.3374961142280175,1.862568856300405,2024,Q1,2024-Q1,Jan,1
2024-01-01,B018,20844982.32,7687563.25,688323.41,645663.63,113927.44,84772.54,1309676.59,32908.65,42659.78000000003,887023.39,-422653.19999999995,-1101225.49,887023.3900000001,-455561.85,-0.5135849348910629,1.4764848421866303,0.36879682275499287,2024,Q1,2024-Q1,Jan,1
2024-01-01,B019,20055771.33,7039696.83,787730.97,793054.57,220731.5,96827.51,784951.82,36252.08,-5323.599999999977,1105289.97,320338.16000000003,-508968.49,1105289.98,284086.08,0.25702402549600606,0.7101772694980913,0.3510060378216329,2024,Q1,2024-Q1,Jan,1
2024-01-01,B020,16695417.06,13332240.69,1078098.56,770079.65,111342.47,67618.75,972673.68,132055.3,308018.91000000003,1257059.79,284386.1,-617748.84,1257059.78,152330.8,0.12118023535841707,0.7737688338099561,0.798556911881062,2024,Q1,2024-Q1,Jan,1
2024-02-01,B001,20359794.95,14462432.38,1440653.39,915746.54,148414.15,42796.99,969785.12,164282.2,524906.8499999999,1631864.53,662079.4099999998,-417949.33,1631864.5299999998,497797.2099999998,0.3050481218560464,0.594280408803297,0.7103427326020295,2024,Q1,2024-Q1,Feb,2
2024-02-01,B002,24535515.58,16320000.53,1328430.06,847603.55,240394.49,78044.33,967870.54,167703.47,480826.51,1646868.88,678998.3400000001,-336308.69,1646868.8800000001,511294.8700000001,0.31046483190574353,0.587703460642234,0.6651582469007974,2024,Q1,2024-Q1,Feb,2
2024-02-01,B003,12732288.44,18072220.72,1626451.4,437258.27,65998.81,28032.33,582272.52,171743.92,1189193.13,1720482.54,1138210.02,529207.83,1720482.54,966466.1,0.5617413007864642,0.338435587960108,1.4194008253240609,2024,Q1,2024-Q1,Feb,2
2024-02-01,B004,14458410.48,6387717.63,533123.81,370179.66,139630.59,36252.19,550599.06,28819.09,162944.15000000008,709006.59,158407.53000000003,-240591.22,709006.5900000001,129588.44000000003,0.18277466222140476,0.7765781979544083,0.4417994383847373,2024,Q1,2024-Q1,Feb,2
2024-02-01,B005,16050563.49,8907990.3,827746.39,749329.07,75925.89,50348.76,937183.73,87960.38,78417.32000000007,954021.04,16837.310000000056,-820452.12,954021.04,-71123.06999999995,-0.07455084009467962,0.9823512173274501,0.5549954869528385,2024,Q1,2024-Q1,Feb,2
2024-02-01,B006,11888699.8,14068387.66,1405918.0,617812.72,48047.21,31830.2,759851.37,46245.43,788105.28,1485795.4,725944.0399999999,61885.88,1485795.41,679698.6099999999,0.4574644701587818,0.5114104976269916,1.1833411471959279,2024,Q1,2024-Q1,Feb,2
2024-02-01,B007,10184591.56,18380140.95,1640296.27,353930.75,106844.27,33288.82,647156.97,161160.61,1286365.52,1780429.36,1133272.3900000001,618181.03,1780429.36,972111.7800000001,0.5459985112804476,0.3634836543023532,1.8047008406491265,2024,Q1,2024-Q1,Feb,2
2024-02-01,B008,18074897.91,17571632.41,1692080.04,874683.26,102426.05,101162.56,666883.48,75812.87,817396.78,1895668.65,1228785.1700000002,278289.03,1895668.6500000001,1152972.3000000003,0.6082140462680544,0.351793273576582,0.9721566615476391,2024,Q1,2024-Q1,Feb,2
2024-02-01,B009,13284812.2,12486528.99,1186077.27,401958.73,136077.8,32686.69,782754.24,64184.23,784118.54,1354841.76,572087.52,105944.56,1354841.76,507903.29000000004,0.3748801557460113,0.577745876389284,0.939910086948764,2024,Q1,2024-Q1,Feb,2
2024-02-01,B010,10617509.66,21058854.21,2346366.61,308126.86,103814.18,60095.68,470500.9,85918.73,2038239.75,2510276.47,2039775.5700000003,1645729.99,2510276.47,1953856.8400000003,0.7783432874228392,0.1874299128494002,1.983408057478518,2024,Q1,2024-Q1,Feb,2
2024-02-01,B011,14367124.99,8721179.74,947147.93,558476.48,152820.56,78593.5,632913.58,92641.29,388671.45000000007,1178561.99,545648.41,-105469.36,1178561.99,453007.12000000005,0.38437275581914876,0.5370218837619224,0.6070233081476101,2024,Q1,2024-Q1,Feb,2
2024-02-01,B012,9853149.09,12988224.95,1069447.7,275086.24,83940.25,48593.71,376760.73,83156.03,794361.46,1201981.66,825220.9299999999,466978.67,1201981.66,742064.8999999999,0.6173679055968291,0.31344964947302106,1.3181800895697193,2024,Q1,2024-Q1,Feb,2
2024-02-01,B013,22508404.08,15590024.89,1501741.12,809255.66,235093.67,58580.09,807805.71,185802.06,692485.4600000001,1795414.87,987609.1700000002,-7448.56,1795414.8800000001,801807.1100000001,0.4465859779439948,0.44992704416040036,0.6926312871667621,2024,Q1,2024-Q1,Feb,2
2024-02-01,B014,24716167.71,18597892.43,1928989.66,949666.2,186772.75,58290.32,1162112.47,140701.05,979323.46,2174052.73,1011940.26,-78426.98,2174052.73,871239.21,0.4007442864552784,0.5345373890724352,0.7524585788627504,2024,Q1,2024-Q1,Feb,2
2024-02-01,B015,16298332.17,12359143.37,977346.78,788004.83,181113.42,42286.81,680256.48,50932.25,189341.95000000007,1200747.0,520490.53,-318446.55,1200747.01,469558.28,0.3910551315884601,0.5665277317659113,0.7583072452498677,2024,Q1,2024-Q1,Feb,2
2024-02-01,B016,16453588.03,13197065.12,1183377.01,622249.87,120286.42,48616.6,971741.66,150912.43,561127.14,1352280.03,380538.37,-392623.93,1352280.03,229625.94,0.1698065008029439,0.7185949939673368,0.8020782516213274,2024,Q1,2024-Q1,Feb,2
2024-02-01,B017,21755719.9,11503597.31,997908.99,756959.03,195178.18,72352.79,1065413.56,107018.18,240949.95999999996,1265439.96,200026.3999999999,-663950.8,1265439.96,93008.21999999991,0.07349872213613352,0.8419313390419567,0.5287619698578672,2024,Q1,2024-Q1,Feb,2
2024-02-01,B018,21967982.56,13995138.31,1200304.45,1101271.79,214810.43,115815.29,845597.74,44324.93,99032.65999999992,1530930.17,685332.4299999999,-460264.29,1530930.17,641007.4999999999,0.4187045970881872,0.552342462491284,0.6370698024625526,2024,Q1,2024-Q1,Feb,2
2024-02-01,B019,15639795.79,13482284.09,1098051.27,849943.74,82610.56,73396.69,708228.79,114936.47,248107.53000000003,1254058.53,545829.73,-419050.47,1254058.52,430893.26,0.3435990052521632,0.5647493946295266,0.8620498803840201,2024,Q1,2024-Q1,Feb,2
2024-02-01,B020,11590606.0,9705143.61,1039450.71,522854.81,119360.94,29200.15,457795.43,89666.26,516595.89999999997,1188011.8,730216.3699999999,117695.3,1188011.7999999998,640550.1099999999,0.5391782388020051,0.3853458610427944,0.837328402846236,2024,Q1,2024-Q1,Feb,2
2024-03-01,B001,29886805.94,7601838.95,648638.92,1301870.93,191259.5,110538.69,1186960.04,85808.81,-653232.0099999999,950437.11,-236522.92999999993,-1624202.66,950437.1100000001,-322331.73999999993,-0.3391405245108747,1.248857002227112,0.2543543450330979,2024,Q1,2024-Q1,Mar,3
2024-03-01,B002,20892782.14,8642315.32,966932.11,1003434.19,159593.69,49636.04,1051203.44,45577.96,-36502.07999999996,1176161.84,124958.40000000014,-924053.75,1176161.84,79380.44000000015,0.06749108609066941,0.8937574781375324,0.4136507652302548,2024,Q1,2024-Q1,Mar,3
2024-03-01,B003,23185139.88,15770619.56,1493453.68,998251.72,207413.66,129160.51,1415725.59,48013.09,495201.95999999996,1830027.84,414302.2599999998,-631962.56,1830027.8499999999,366289.1699999998,0.20015497031916746,0.7736087677572777,0.6802037702435463,2024,Q1,2024-Q1,Mar,3
2024-03-01,B004,15248875.36,11905936.54,1363742.81,708260.51,133205.4,72838.51,640324.3,37516.24,655482.3,1569786.72,929462.4199999999,183685.67,1569786.72,891946.1799999999,0.568195773754539,0.40790528537532794,0.7807747298683408,2024,Q1,2024-Q1,Mar,3
2024-03-01,B005,20704839.85,16432373.67,1721932.27,928229.98,191944.0,67483.99,1236855.32,94174.83,793702.29,1981360.25,744504.94,-277899.88,1981360.26,650330.11,0.3282240605754352,0.6242455473493751,0.7936489144107047,2024,Q1,2024-Q1,Mar,3
2024-03-01,B006,10431540.92,11583251.16,947876.4,291960.42,73148.23,28443.8,484748.29,77842.22,655915.98,1049468.43,564720.1399999999,194917.5,1049468.43,486877.9199999999,0.46392812406943956,0.46189887770135213,1.1104065304284882,2024,Q1,2024-Q1,Mar,3
2024-03-01,B007,9191106.1,19393920.62,1515823.91,499178.84,40192.01,19736.98,386905.12,162824.23,1016645.0699999998,1575752.91,1188847.7799999998,526844.72,1575752.9,1026023.5499999998,0.6511322619174618,0.24553667012131156,2.1100747188632716,2024,Q1,2024-Q1,Mar,3
2024-03-01,B008,12118049.87,12608945.53,1417156.77,415802.67,64273.18,32374.83,654091.34,115975.62,1001354.1000000001,1513804.78,859713.4400000001,327935.16,1513804.78,743737.8200000001,0.49130365409468457,0.4320843404920415,1.0405094602899172,2024,Q1,2024-Q1,Mar,3
2024-03-01,B009,15493522.35,8327186.85,651598.08,515904.05,68879.52,78168.49,874511.38,77687.72,135694.02999999997,798646.09,-75865.29000000004,-669457.06,798646.09,-153553.01000000004,-0.19226665217881433,1.0949923764104323,0.5374624737931204,2024,Q1,2024-Q1,Mar,3
2024-03-01,B010,19653247.93,10320410.46,1135611.15,575147.73,105170.62,96124.04,1205733.18,77798.18,560463.4199999999,1336905.8,131172.63000000012,-521773.29,1336905.81,53374.45000000013,0.03992386718702354,0.9018834169027958,0.5251249308388489,2024,Q1,2024-Q1,Mar,3
2024-03-01,B011,7419674.71,14259401.98,1420000.73,379160.95,76075.62,25752.48,306235.0,83046.31,1040839.78,1521828.84,1215593.83,753386.58,1521828.83,1132547.52,0.7442016458578985,0.20122828136985682,1.9218365409984397,2024,Q1,2024-Q1,Mar,3
2024-03-01,B012,10305415.89,19154929.42,1701797.73,359962.51,98016.3,58575.28,519636.2,225206.82,1341835.22,1858389.31,1338753.11,753583.77,1858389.31,1113546.29,0.5991996854523447,0.2796164383877133,1.858724541004429,2024,Q1,2024-Q1,Mar,3
2024-03-01,B013,8686245.51,8208942.39,782292.07,403937.76,99234.29,29832.89,439437.95,78960.32,378354.30999999994,911359.25,471921.3,-10976.77,911359.25,392960.98,0.4311812054357269,0.48217862494949165,0.9450506988951087,2024,Q1,2024-Q1,Mar,3
2024-03-01,B014,13660373.38,6637359.38,620374.41,722090.22,120612.54,53698.98,864892.3,57118.18,-101715.80999999994,794685.93,-70206.37,-849414.77,794685.93,-127324.54999999999,-0.16021996262095642,1.0883448005679426,0.48588418452146287,2024,Q1,2024-Q1,Mar,3
2024-03-01,B015,9156737.47,9464632.77,1039105.81,287572.04,50357.73,34638.53,374797.61,111400.48,751533.77,1124102.07,749304.4600000001,350331.93,1124102.07,637903.9800000001,0.5674786987982329,0.3334195532617425,1.033625000280804,2024,Q1,2024-Q1,Mar,3
2024-03-01,B016,17997498.69,6330888.06,621782.91,664731.73,142348.3,107780.8,1062755.21,53210.04,-42948.81999999995,871912.01,-190843.19999999995,-908784.98,871912.01,-244053.23999999996,-0.27990581297303146,1.2188789669269493,0.35176488516805104,2024,Q1,2024-Q1,Mar,3
2024-03-01,B017,30694824.8,13653295.25,1117979.94,1356785.85,306592.43,76813.41,1982323.85,72471.08,-238805.91000000015,1501385.78,-480938.0700000003,-1910195.0,1501385.7799999998,-553409.1500000003,-0.3685989020090495,1.320329442576711,0.4448077270015889,2024,Q1,2024-Q1,Mar,3
2024-03-01,B018,22240979.33,17476050.95,1544119.63,653543.91,250960.68,125577.9,1423353.89,88216.88,890575.7199999999,1920658.22,497304.31999999983,-244456.46,1920658.2099999997,409087.4399999998,0.21299335710542683,0.7410760970323814,0.7857590572204358,2024,Q1,2024-Q1,Mar,3
2024-03-01,B019,12463671.31,20015269.34,1812149.51,512395.64,91698.05,27299.2,477606.88,183537.15,1299753.87,1931146.77,1453539.88,757607.11,1931146.76,1270002.73,0.657641747538649,0.24731775434819878,1.6058887339191232,2024,Q1,2024-Q1,Mar,3
2024-03-01,B020,10483839.63,19349172.7,1482425.2,377086.84,58754.63,43063.54,517411.42,78267.08,1105338.3599999999,1584243.36,1066831.95,611478.03,1584243.3699999999,988564.87,0.6239981108458104,0.3265984442781667,1.8456189128104774,2024,Q1,2024-Q1,Mar,3
2024-04-01,B001,31433082.69,24559633.22,2771295.61,982844.06,204839.02,107070.2,1743927.36,233183.0,1788451.5499999998,3083204.83,1339277.47,123250.41,3083204.83,1106094.47,0.3587482930869695,0.5656216359780417,0.7813307228633132,2024,Q2,2024-Q2,Apr,4
2024-04-01,B002,14010444.97,15871712.84,1815189.32,413739.17,167724.78,47674.9,817085.91,103783.75,1401450.1500000001,2030589.0,1213503.0899999999,695980.17,2030589.0,1109719.3399999999,0.5465012072851768,0.40238862221749455,1.1328485907467933,2024,Q2,2024-Q2,Apr,4
2024-04-01,B003,19755891.44,18537927.86,1426763.35,693439.2,128427.05,103598.07,1121263.82,106514.91,733324.1500000001,1658788.46,537524.6500000001,-262429.47,1658788.4700000002,431009.7400000001,0.2598340582871305,0.6759534686179727,0.9383493484108758,2024,Q2,2024-Q2,Apr,4
2024-04-01,B004,28445428.69,21256082.31,1721284.51,1124382.13,316708.22,123703.2,1275483.7,184936.9,596902.3800000001,2161695.93,886212.2300000002,-423106.8,2161695.93,701275.3300000002,0.32440979337921966,0.5900384426407278,0.7472582867936379,2024,Q2,2024-Q2,Apr,4
2024-04-01,B005,25637890.77,11143636.11,866801.68,1219014.75,207070.34,91266.53,1663390.75,47901.79,-352213.06999999995,1165138.55,-498252.19999999995,-1765168.75,1165138.55,-546153.99,-0.46874596158542686,1.4276334346674908,0.4346549491910484,2024,Q2,2024-Q2,Apr,4
2024-04-01,B006,27516962.9,14181046.66,1273327.25,1238699.69,177123.45,120736.63,1146463.25,138703.05,34627.560000000056,1571187.33,424724.0800000001,-952678.66,1571187.33,286021.0300000001,0.1820413292156576,0.7296795411403935,0.5153565352228607,2024,Q2,2024-Q2,Apr,4
2024-04-01,B007,14450020.25,16269695.27,1497318.0,747559.31,133092.4,33562.33,925924.14,64768.16,749758.69,1663972.73,738048.59,-74278.87,1663972.73,673280.4299999999,0.4046222740681573,0.5564539149628973,1.1259288906532847,2024,Q2,2024-Q2,Apr,4
2024-04-01,B008,20957643.05,11785920.99,1183929.77,1023268.72,146147.7,73514.25,963886.8,65436.04,160661.05000000005,1403591.73,439704.9199999999,-648999.82,1403591.72,374268.87999999995,0.2666508178033424,0.6867287589869795,0.5623686290429496,2024,Q2,2024-Q2,Apr,4
2024-04-01,B009,16694103.15,8814812.87,743862.26,452254.24,153031.51,37338.79,876865.41,51743.55,291608.02,934232.56,57367.15000000002,-446630.64,934232.56,5623.60000000002,0.006019486197312605,0.9385943581328401,0.5280195522213482,2024,Q2,2024-Q2,Apr,4
2024-04-01,B010,28022895.79,10313707.24,1062313.51,786087.58,174936.1,87215.17,1681342.9,33472.67,276225.93000000005,1324464.78,-356878.1199999999,-1176438.37,1324464.78,-390350.78999999986,-0.2947234202784916,1.269450819220727,0.3680457336489992,2024,Q2,2024-Q2,Apr,4
2024-04-01,B011,12616775.27,17379325.79,1882516.01,352984.44,65601.29,73604.18,807079.07,86034.07,1529531.57,2021721.49,1214642.4100000001,775623.91,2021721.48,1128608.34,0.5582412568520566,0.3992038853937487,1.377477637358282,2024,Q2,2024-Q2,Apr,4
2024-04-01,B012,26854732.36,16663860.61,1713578.06,1384973.08,229518.96,121208.85,1061021.95,103266.63,328604.98,2064305.88,1003283.9200000002,-484955.78,2064305.87,900017.2900000002,0.4359902779329887,0.5139848534170955,0.6205185881807835,2024,Q2,2024-Q2,Apr,4
2024-04-01,B013,21581860.85,12670649.35,1419440.34,629978.51,138255.92,126008.64,1118143.12,120907.53,789461.8300000001,1683704.9,565561.7799999998,-185324.27,1683704.9,444654.24999999977,0.26409274570621005,0.6640968497508086,0.5870971663687656,2024,Q2,2024-Q2,Apr,4
2024-04-01,B014,18396128.01,11025709.98,1121339.35,844634.57,212855.64,87272.97,1191858.78,81374.15,276704.78000000014,1421467.96,229609.18000000017,-696399.54,1421467.9600000002,148235.03000000017,0.1042830610125044,0.838470379592657,0.599349492132611,2024,Q2,2024-Q2,Apr,4
2024-04-01,B015,21168424.2,9219801.05,755731.22,618942.72,198041.75,63262.42,938430.48,103153.2,136788.5,1017035.39,78604.91000000003,-643491.01,1017035.39,-24548.289999999964,-0.02413710500280621,0.922711725891859,0.43554498733070557,2024,Q2,2024-Q2,Apr,4
2024-04-01,B016,27229937.12,21080922.04,1689750.75,914735.51,238263.43,153716.41,1564241.4,87510.35,775015.24,2081730.59,517489.18999999994,-484756.66,2081730.5899999999,429978.83999999997,0.2065487446192545,0.7514139473734688,0.774181811257888,2024,Q2,2024-Q2,Apr,4
2024-04-01,B017,12623346.83,14229985.44,1490175.52,690099.42,65853.72,74905.69,471561.84,81377.56,800076.1,1630934.93,1159373.0899999999,387896.11,1630934.93,1077995.5299999998,0.6609678351790527,0.28913590071922735,1.1272751697023602,2024,Q2,2024-Q2,Apr,4
2024-04-01,B018,10341894.68,17044067.36,1869298.12,493670.3,76426.72,56806.88,626412.69,85547.13,1375627.82,2002531.73,1376119.03,796901.61,2002531.72,1290571.9,0.6444701410272792,0.31281037086393815,1.6480604267766532,2024,Q2,2024-Q2,Apr,4
2024-04-01,B019,32450835.5,25533249.45,2909958.96,896730.38,203004.91,107636.11,2082000.23,266956.59,2013228.58,3220599.99,1138599.75,-25087.21,3220599.98,871643.1599999999,0.27064620425166863,0.6464634673443673,0.7868287227920526,2024,Q2,2024-Q2,Apr,4
2024-04-01,B020,14940286.35,18481202.86,1676399.27,411716.98,123925.15,64433.98,858471.47,160206.95,1264682.29,1864758.41,1006286.9299999999,434363.01,1864758.4,846079.98,0.45372096460324296,0.46036605599953323,1.237004594627465,2024,Q2,2024-Q2,Apr,4
2024-05-01,B001,22840990.83,7937134.71,874284.24,771687.58,112615.83,63462.03,820876.25,52455.85,102596.66000000003,1050362.1,229485.84999999986,-594657.59,1050362.0999999999,177029.99999999985,0.16854187712980112,0.7815173929066939,0.34749520145926177,2024,Q2,2024-Q2,May,5
2024-05-01,B002,13123429.77,15650373.3,1524275.96,353035.08,67357.75,76747.16,790459.41,57604.58,1171240.88,1668380.87,877921.4599999998,467281.81,1668380.8699999999,820316.8799999999,0.49168441975722244,0.4737883442645804,1.1925520671262755,2024,Q2,2024-Q2,May,5
2024-05-01,B003,23114058.5,14510320.03,1332017.37,752975.85,130288.76,55848.36,977946.56,158617.95,579041.5200000001,1518154.49,540207.9300000002,-371385.87,1518154.4900000002,381589.98000000016,0.2513512178856054,0.6441680121764155,0.6277703255791275,2024,Q2,2024-Q2,May,5
2024-05-01,B004,18511761.98,20774334.61,1849246.11,997046.97,174144.2,107768.66,1168328.22,162615.21,852199.1400000001,2131158.97,962830.7500000002,-196831.42,2131158.97,800215.5400000003,0.3754837397230861,0.5482126094047315,1.1222235156461318,2024,Q2,2024-Q2,May,5
2024-05-01,B005,22216254.83,13690310.73,1109018.74,933708.45,178538.87,51829.78,1340183.62,75772.23,175310.29000000004,1339387.4,-796.2300000002142,-1010276.91,1339387.39,-76568.46000000021,-0.05716677682025976,1.0005944732688579,0.6162294605800577,2024,Q2,2024-Q2,May,5
2024-05-01,B006,13990605.14,9767041.64,827390.08,367873.72,116906.21,37945.97,743128.52,67255.2,459516.36,982242.25,239113.73999999987,-196015.19,982242.2599999999,171858.53999999986,0.17496553243392304,0.7565633757195502,0.6981143090140846,2024,Q2,2024-Q2,May,5
2024-05-01,B007,22496479.01,10503775.36,879772.94,862941.29,169360.85,98059.29,1123531.43,45254.14,16831.649999999907,1147193.08,23661.65000000014,-884533.79,1147193.08,-21592.48999999986,-0.018822019044954365,0.979374308987289,0.46690752607689956,2024,Q2,2024-Q2,May,5
2024-05-01,B008,18121838.37,19056445.92,1978305.58,863732.42,76508.93,38163.04,871628.06,143743.34,1114573.1600000001,2092977.55,1221349.49,213873.74,2092977.55,1077606.15,0.5148675149430054,0.4164536117456205,1.0515735507026267,2024,Q2,2024-Q2,May,5
2024-05-01,B009,31167888.58,7979835.89,712621.41,1552418.18,152106.83,151507.2,1837769.16,85106.54,-839796.7699999999,1016235.44,-821533.72,-2459058.44,1016235.44,-906640.26,-0.8921557193478709,1.8084088466743493,0.2560274774313891,2024,Q2,2024-Q2,May,5
2024-05-01,B010,21642537.42,24210974.53,1917625.8,890693.45,248045.3,122294.56,1297076.1,118274.02,1026932.3500000001,2287965.66,990889.56,-18077.92,2287965.66,872615.54,0.3813936350775474,0.5669123985016453,1.1186754150013154,2024,Q2,2024-Q2,May,5
2024-05-01,B011,22918107.58,16853167.06,1850258.05,836732.93,229924.91,46851.87,1418126.91,168128.08,1013525.12,2127034.83,708907.9200000002,-295953.09,2127034.83,540779.8400000002,0.25424117761155807,0.6667154152807173,0.7353646893038975,2024,Q2,2024-Q2,May,5
2024-05-01,B012,17586330.71,11687014.77,972568.08,629487.71,207306.53,100010.9,742208.26,110407.31,343080.37,1279885.5,537677.2499999998,-202217.78,1279885.5099999998,427269.93999999977,0.33383450055622543,0.5799020726471075,0.6645510631364671,2024,Q2,2024-Q2,May,5
2024-05-01,B013,12134530.67,14450458.69,1124277.67,543688.59,86913.99,50021.01,673519.98,68338.01,580589.08,1261212.67,587692.69,-24333.91,1261212.67,519354.67999999993,0.41178993230380406,0.5340257008360058,1.190854354649713,2024,Q2,2024-Q2,May,5
2024-05-01,B014,20410239.81,6740281.41,696230.07,1006490.91,96513.65,69989.48,1237640.76,47073.13,-310260.8400000001,862733.19,-374907.56000000006,-1428471.6,862733.2,-421980.69000000006,-0.4891207270103899,1.4345579374944653,0.33024018692311485,2024,Q2,2024-Q2,May,5
2024-05-01,B015,20004521.2,7064380.24,807295.71,747847.33,169214.89,87454.16,1149949.68,74762.09,59448.380000000005,1063964.76,-85984.91999999993,-908594.33,1063964.76,-160747.00999999992,-0.15108302083238162,1.0808155713728713,0.35313918135666256,2024,Q2,2024-Q2,May,5
2024-05-01,B016,23200973.46,8408097.35,874161.0,1234664.14,229495.8,48195.11,1376139.66,50744.66,-360503.1399999999,1151851.91,-224287.74999999977,-1509696.56,1151851.9100000001,-275032.4099999998,-0.23877410595256102,1.1947192586588669,0.3624027829908133,2024,Q2,2024-Q2,May,5
2024-05-01,B017,9724801.01,15391423.31,1308070.14,533494.82,49031.34,52510.29,525427.49,132394.07,774575.32,1409611.78,884184.28,218295.39,1409611.77,751790.21,0.5333313937922071,0.3727462420379762,1.5826980206765178,2024,Q2,2024-Q2,May,5
2024-05-01,B018,11215662.37,13857162.42,1382813.68,465571.75,87379.06,30786.95,662403.46,79850.31,917241.9299999999,1500979.69,838576.23,293154.17,1500979.69,758725.9199999999,0.5054871328738632,0.4413140726774258,1.2355188630736216,2024,Q2,2024-Q2,May,5
2024-05-01,B019,16061565.39,10083264.09,796833.7,488148.13,166736.96,83318.05,1029195.42,49917.88,308685.56999999995,1046888.71,17693.28999999992,-520372.72,1046888.71,-32224.590000000077,-0.030781294794935823,0.983099168200983,0.6277883783530765,2024,Q2,2024-Q2,May,5
2024-05-01,B020,19022800.66,19429633.01,1534751.61,557897.17,122063.61,102881.61,1017006.96,231568.66,976854.4400000001,1759696.82,742689.8700000003,-46775.97,1759696.8300000003,511121.2100000003,0.29045981176200686,0.5779444178461126,1.0213865643272741,2024,Q2,2024-Q2,May,5
2024-06-01,B001,21046256.35,19000499.97,1774330.38,1055822.22,217111.14,54098.76,1263177.2,194152.12,718508.1599999999,2045540.28,782363.0800000001,-467611.26,2045540.28,588210.9600000001,0.28755774977943727,0.6175274143220489,0.9027971366508608,2024,Q2,2024-Q2,Jun,6
2024-06-01,B002,28295267.51,20920989.68,2129729.1,731192.22,220716.36,98214.8,1511117.48,160795.86,1398536.8800000001,2448660.26,937542.7799999998,45554.7,2448660.26,776746.9199999998,0.3172130216218725,0.6171201063229572,0.7393812294796713,2024,Q2,2024-Q2,Jun,6
2024-06-01,B003,20620404.24,8176674.48,862965.47,1000658.63,89380.39,81764.59,1312496.33,70774.51,-137693.16000000003,1034110.44,-278385.8800000001,-1349819.03,1034110.45,-349160.39000000013,-0.33764322756819654,1.2692032364627976,0.3965331806705648,2024,Q2,2024-Q2,Jun,6
2024-06-01,B004,10069181.46,4987476.41,548096.38,366099.44,75592.57,50693.15,438937.81,56940.12,181996.94,674382.1,235444.28999999998,-187595.27,674382.1,178504.16999999998,0.2646929240856185,0.6508740519654955,0.4953209384310768,2024,Q2,2024-Q2,Jun,6
2024-06-01,B005,12830159.86,11618756.49,946115.09,651445.48,95913.58,67176.35,646838.27,62001.69,294669.61,1109205.02,462366.75,-251080.41,1109205.02,400365.06,0.36094775337385326,0.583154834622007,0.9055815840785635,2024,Q2,2024-Q2,Jun,6
2024-06-01,B006,10057501.27,14583292.67,1356154.24,294316.47,46820.07,55847.24,643554.7,129275.44,1061837.77,1458821.54,815266.8500000001,391674.94,1458821.55,685991.4100000001,0.4702366852203411,0.4411469655078786,1.4499916309729683,2024,Q2,2024-Q2,Jun,6
2024-06-01,B007,19006474.0,24939318.89,2864098.39,553022.57,175008.15,99843.84,1194417.03,117370.95,2311075.8200000003,3138950.38,1944533.3499999999,1274139.83,3138950.38,1827162.4,0.5820934321363819,0.3805147853276993,1.312148633670822,2024,Q2,2024-Q2,Jun,6
2024-06-01,B008,29188049.17,18268631.94,1512328.56,1373089.86,135270.05,103276.67,1593474.21,80576.37,139238.69999999995,1750875.28,157401.07000000007,-1296265.17,1750875.28,76824.70000000007,0.043877882609662563,0.9101014950647998,0.6258942430032914,2024,Q2,2024-Q2,Jun,6
2024-06-01,B009,12011139.41,8757560.63,729329.72,552827.29,78418.22,62621.38,744050.82,92408.38,176502.42999999993,870369.32,126318.5,-518917.17,870369.32,33910.119999999995,0.03896061042225155,0.854867931236363,0.7291198887183677,2024,Q2,2024-Q2,Jun,6
2024-06-01,B010,24205508.96,20506770.97,1662716.47,1151943.3,141553.94,129464.32,1300305.4,74557.45,510773.1699999999,1933734.74,633429.3300000001,-593071.41,1933734.73,558871.8800000001,0.28901165776755744,0.6724321489535433,0.8471943723177965,2024,Q2,2024-Q2,Jun,6
2024-06-01,B011,23528184.55,7867271.73,853072.53,885626.56,174318.35,81497.69,947759.09,93599.94,-32554.030000000028,1108888.57,161129.4800000001,-818097.02,1108888.57,67529.5400000001,0.060898400278397755,0.8546928119206783,0.33437648847411816,2024,Q2,2024-Q2,Jun,6
2024-06-01,B012,14560223.12,11524216.38,1098152.99,401211.51,172141.71,51579.64,714010.15,138234.67,696941.48,1321874.34,607864.1899999998,68418.0,1321874.3399999999,469629.5199999998,0.3552754643833996,0.54014979215044,0.7914862488728127,2024,Q2,2024-Q2,Jun,6
2024-06-01,B013,21321960.71,19226751.88,1730943.75,954235.3,122309.73,61767.78,961752.7,91112.81,776708.45,1915021.25,953268.56,-92079.57,1915021.26,862155.75,0.4502068817763412,0.5022151555643826,0.9017347016769734,2024,Q2,2024-Q2,Jun,6
2024-06-01,B014,13971314.96,7347374.37,781890.33,729245.86,160163.18,80394.6,619315.84,51150.98,52644.46999999997,1022448.11,403132.27,-377264.57,1022448.11,351981.29000000004,0.3442534506714478,0.6057186021890147,0.525889967482345,2024,Q2,2024-Q2,Jun,6
2024-06-01,B015,18167694.46,18574902.55,1958352.27,696605.95,217140.67,78718.8,931692.21,204731.01,1261746.32,2254211.73,1322519.5299999998,421182.57,2254211.7399999998,1117788.5199999998,0.4958666926293268,0.41331175482210913,1.0224138561387937,2024,Q2,2024-Q2,Jun,6
2024-06-01,B016,14584950.0,18211072.7,1747438.89,669885.39,148459.18,83371.35,533973.56,181864.3,1077553.5,1979269.43,1445295.8599999999,593546.17,1979269.42,1263431.5599999998,0.638332279190167,0.2697831606977488,1.248620852316943,2024,Q2,2024-Q2,Jun,6
2024-06-01,B017,13103015.97,10570760.83,1168793.33,366179.66,140097.78,51682.77,671166.49,61259.17,802613.6700000002,1360573.88,689407.3900000001,261968.56,1360573.8800000001,628148.2200000001,0.46167887626947535,0.4932966153958504,0.8067425739388762,2024,Q2,2024-Q2,Jun,6
2024-06-01,B018,10231356.13,10043231.14,812182.54,467924.51,98119.28,28409.08,424161.15,53587.96,344258.03,938710.89,514549.75,-6962.73,938710.9,460961.79,0.4910583119893462,0.4518549321202087,0.981612897878866,2024,Q2,2024-Q2,Jun,6
2024-06-01,B019,11995552.02,18632209.71,1948844.83,552129.83,137598.69,31222.72,610675.7,160776.48,1396715.0,2117666.24,1506990.5400000003,794084.23,2117666.24,1346214.0600000003,0.6357064369123626,0.2883720241013994,1.5532598815740037,2024,Q2,2024-Q2,Jun,6
2024-06-01,B020,15663764.74,12767023.62,1460881.85,820518.11,122914.49,77434.05,618413.9,58257.82,640363.7400000001,1661230.39,1042816.4900000001,164040.55,1661230.3900000001,984558.6700000002,0.5926683474650377,0.37226257340500496,0.8150673756863382,2024,Q2,2024-Q2,Jun,6
2024-07-01,B001,28046154.37,18800094.58,1472580.52,987303.85,278977.13,103905.68,1006836.21,175630.47,485276.67000000004,1855463.34,848627.1199999999,-314307.18,1855463.3299999998,672996.6499999999,0.3627108329863894,0.5426333108938348,0.6703270021258175,2024,Q3,2024-Q3,Jul,7
2024-07-01,B002,19868216.93,14213921.69,1091549.67,931431.24,171187.82,98671.26,788993.58,120584.57,160118.42999999993,1361408.75,572415.17,-479600.65,1361408.75,451830.60000000003,0.3318846011530336,0.5795420221884132,0.7154100310097631,2024,Q3,2024-Q3,Jul,7
2024-07-01,B003,13352768.84,10249270.65,1041827.39,448462.24,61967.92,29144.89,584733.37,84004.71,593365.15,1132940.2,548206.83,15739.88,1132940.2,464202.11999999994,0.4097322347640237,0.5161202418274151,0.7675764309868784,2024,Q3,2024-Q3,Jul,7
2024-07-01,B004,21376375.92,10545062.65,987725.44,925228.17,113900.52,65227.96,1319213.9,111056.66,62497.2699999999,1166853.91,-152359.97999999998,-1188644.83,1166853.92,-263416.64,-0.22574945799556473,1.1305733111819172,0.4933045100565391,2024,Q3,2024-Q3,Jul,7
2024-07-01,B005,19289237.88,13019804.41,1139967.67,857803.64,150945.44,51964.03,723103.77,148488.99,282164.0299999999,1342877.13,619773.3699999999,-386519.28,1342877.14,471284.3799999999,0.3509512270050259,0.5384735121784857,0.6749776476912835,2024,Q3,2024-Q3,Jul,7
2024-07-01,B006,24342116.56,14876049.1,1418753.87,681450.91,240475.08,94569.3,1302434.46,51522.3,737302.9600000001,1753798.25,451363.79000000027,-281609.42,1753798.2500000002,399841.4900000003,0.22798602404809118,0.7426364235452965,0.6111238956289017,2024,Q3,2024-Q3,Jul,7
2024-07-01,B007,18500269.58,12461128.16,1269202.91,695964.02,97128.82,45724.25,1155188.16,108306.31,573238.8899999999,1412055.98,256867.82000000007,-547402.51,1412055.98,148561.51000000007,0.10520936287525942,0.8180894924576574,0.6735646800234357,2024,Q3,2024-Q3,Jul,7
2024-07-01,B008,17054178.54,6621971.14,611662.47,445543.87,131257.88,85111.38,819006.32,47014.36,166118.59999999998,828031.73,9025.410000000033,-483532.83,828031.73,-37988.94999999997,-0.04587861626993445,0.9891001640722149,0.3882902436179139,2024,Q3,2024-Q3,Jul,7
2024-07-01,B009,26534518.09,17725221.15,1756064.55,1100391.33,256685.47,142007.66,1394881.62,141291.58,655673.22,2154757.68,759876.06,-481806.85,2154757.68,618584.4800000001,0.2870784430850712,0.6473496453670837,0.6680061454245917,2024,Q3,2024-Q3,Jul,7
2024-07-01,B010,14738196.06,7075328.86,749900.06,786567.64,161587.28,72581.68,608323.46,62591.87,-36667.57999999996,984069.02,375745.56000000006,-473413.95,984069.02,313153.69000000006,0.3182232990120958,0.6181715384150595,0.4800674947731697,2024,Q3,2024-Q3,Jul,7
2024-07-01,B011,21529681.04,11190609.07,986544.91,1061104.56,224133.92,104774.1,1233151.42,41511.96,-74559.65000000002,1315452.93,82301.51000000024,-1020315.01,1315452.9300000002,40789.55000000024,0.031007989012575492,0.9374348499113532,0.5197758874926649,2024,Q3,2024-Q3,Jul,7
2024-07-01,B012,22994630.03,13782267.79,1451836.8,712030.81,170032.74,134632.08,1223464.78,158778.07,739805.99,1756501.62,533036.8400000001,-337772.04,1756501.62,374258.7700000001,0.2130705521353291,0.6965349567966809,0.5993689731915204,2024,Q3,2024-Q3,Jul,7
2024-07-01,B013,16860056.94,20875447.1,2024797.77,808240.58,109976.32,56533.26,1038036.91,134508.31,1216557.19,2191307.35,1153270.4399999995,210521.55,2191307.3499999996,1018762.1299999994,0.464910652538084,0.47370667104274544,1.2381599406389667,2024,Q3,2024-Q3,Jul,7
2024-07-01,B014,23067739.8,10981197.35,858868.52,942854.89,155411.47,56541.5,985916.55,123173.74,-83986.37,1070821.49,84904.93999999994,-981123.68,1070821.49,-38268.80000000006,-0.03573779603545318,0.9207104631417138,0.47604132200242694,2024,Q3,2024-Q3,Jul,7
2024-07-01,B015,11972190.59,16014504.93,1689307.53,448338.2,115102.01,68973.56,720303.11,166559.92,1240969.33,1873383.09,1153079.9900000002,538181.86,1873383.1,986520.0700000002,0.5265981474904947,0.3844932251177028,1.3376419970607902,2024,Q3,2024-Q3,Jul,7
2024-07-01,B016,14895971.85,7822798.75,662242.81,441768.99,143614.07,35189.79,573522.99,72520.92,220473.82000000007,841046.67,267523.68000000017,-246766.24,841046.6700000002,195002.76000000018,0.23185724045492048,0.6819157728785727,0.5251620255982157,2024,Q3,2024-Q3,Jul,7
2024-07-01,B017,11771278.94,5820775.37,484717.94,409886.3,126720.16,55396.78,478619.16,46765.88,74831.64000000001,666834.89,188215.72000000003,-268436.45,666834.88,141449.84000000003,0.21212123756933654,0.717747637916001,0.494489630198161,2024,Q3,2024-Q3,Jul,7
2024-07-01,B018,13905686.13,12789435.83,1464810.55,689795.59,109833.68,48947.95,868713.4,90388.13,775014.9600000001,1623592.18,754878.7799999999,-25304.95,1623592.18,664490.6499999999,0.4092718960989329,0.5350564080691742,0.919727060602079,2024,Q3,2024-Q3,Jul,7
2024-07-01,B019,19323237.56,10412032.41,1104343.26,681586.62,78700.13,109560.93,1077825.84,44705.94,422756.64,1292604.32,214778.47999999998,-511514.08,1292604.32,170072.53999999998,0.13157355067481127,0.8338405058092333,0.5388347774367476,2024,Q3,2024-Q3,Jul,7
2024-07-01,B020,16031291.2,9373417.43,856224.05,754724.77,147877.04,50726.33,681753.37,36126.11,101499.28000000003,1054827.42,373074.05000000016,-417776.83,1054827.4200000002,336947.9400000002,0.3194341876323239,0.6463174516263522,0.5846951011656504,2024,Q3,2024-Q3,Jul,7
2024-08-01,B001,12302736.32,12105005.08,1267386.87,551448.36,117704.92,33779.57,528767.84,80130.65,715938.5100000001,1418871.36,890103.5200000001,258524.51,1418871.36,809972.8700000001,0.570857156493736,0.37266792107214,0.9839278649190784,2024,Q3,2024-Q3,Aug,8
2024-08-01,B002,12292601.6,15786889.54,1399983.92,384056.34,129531.37,55066.17,528643.83,162864.07,1015927.5799999998,1584581.46,1055937.63,509017.23,1584581.46,893073.5599999998,0.563602176690872,0.33361732630646834,1.2842594312989042,2024,Q3,2024-Q3,Aug,8
2024-08-01,B003,12177547.73,8250319.58,636255.27,618733.0,109775.07,65530.36,530943.37,37546.27,17522.27000000002,811560.7,280617.3300000001,-375661.95,811560.7000000001,243071.06000000008,0.2995106342630934,0.6542250875381225,0.6775025450875404,2024,Q3,2024-Q3,Aug,8
2024-08-01,B004,20690336.9,14635889.88,1170592.54,984260.11,204956.94,88312.89,1089227.86,108902.35,186332.43000000005,1463862.37,374634.5099999998,-718527.95,1463862.3699999999,265732.1599999998,0.18152810362903163,0.7440780515452421,0.7073780359758184,2024,Q3,2024-Q3,Aug,8
2024-08-01,B005,24410459.25,13915046.36,1246739.64,862619.64,246297.64,92389.59,1575585.83,124585.81,384119.9999999999,1585426.87,9841.039999999804,-977364.41,1585426.8699999999,-114744.7700000002,-0.07237468480649643,0.9937928136666437,0.5700444312615708,2024,Q3,2024-Q3,Aug,8
2024-08-01,B006,20933952.15,13701042.91,1495828.54,562006.39,85836.55,102326.69,988008.25,124506.62,933822.15,1683991.78,695983.53,9470.53,1683991.78,571476.91,0.3393584914054628,0.5867061001924843,0.6544890717159684,2024,Q3,2024-Q3,Aug,8
2024-08-01,B007,17574745.05,8560863.22,815073.69,773359.69,83796.75,46362.09,960472.86,83598.79,41714.0,945232.53,-15240.330000000075,-872198.81,945232.5299999999,-98839.12000000007,-0.10456593151740141,1.0161233659616011,0.48711165912475074,2024,Q3,2024-Q3,Aug,8
2024-08-01,B008,22929663.1,20596389.42,1734067.73,841945.8,173678.4,123135.01,1264934.79,76395.0,892121.9299999999,2030881.13,765946.3499999999,-152394.45,2030881.14,689551.3499999999,0.33953309054807607,0.6228502323873075,0.8982421298636525,2024,Q3,2024-Q3,Aug,8
2024-08-01,B009,16733292.16,23363885.57,2636616.89,550469.26,99416.25,71799.65,694986.77,227180.64,2086147.6300000001,2807832.8,2112846.02,1335196.13,2807832.79,1885665.38,0.6715732456418816,0.24751715005080485,1.3962515771911317,2024,Q3,2024-Q3,Aug,8
2024-08-01,B010,19044464.83,15354487.93,1691732.62,645653.07,175360.93,83578.86,1121918.74,118882.27,1046079.5500000002,1950672.4,828753.6700000002,64218.32,1950672.4100000001,709871.4000000001,0.36391112949611054,0.5751446189778221,0.8062441274701864,2024,Q3,2024-Q3,Aug,8
2024-08-01,B011,25570106.45,8028170.91,656355.9,1233597.1,107489.75,126216.07,1401298.91,75876.78,-577241.2000000001,890061.71,-511237.18999999994,-1820711.08,890061.72,-587113.97,-0.6596328735494882,1.5743839764280616,0.3139670507707253,2024,Q3,2024-Q3,Aug,8
2024-08-01,B012,10409637.4,8947937.54,873768.92,485695.03,77025.4,34984.91,569554.42,46558.1,388073.89,985779.23,416224.81000000006,-116028.33,985779.2300000001,369666.7100000001,0.3749994915190088,0.577770765164123,0.8595820580647697,2024,Q3,2024-Q3,Aug,8
2024-08-01,B013,10870804.14,14479804.95,1311571.6,385740.24,127338.61,61999.8,423252.03,51666.54,925831.3600000001,1500910.02,1077657.9800000002,640251.21,1500910.0100000002,1025991.4400000002,0.6835795838286134,0.28199693997643466,1.3319902339809793,2024,Q3,2024-Q3,Aug,8
2024-08-01,B014,12593704.67,7994785.92,898186.97,599658.39,79482.92,32923.36,631395.78,60007.35,298528.57999999996,1010593.25,379197.47,-280468.28,1010593.25,319190.12,0.31584430234419236,0.6247773572602033,0.6348239957575565,2024,Q3,2024-Q3,Aug,8
2024-08-01,B015,19534794.76,13928623.66,1535066.36,782060.71,187669.92,49517.68,1044433.01,116263.88,753005.6500000001,1772253.96,727820.95,-170503.64,1772253.96,611557.07,0.34507304472322914,0.5893246868524419,0.7130161248748128,2024,Q3,2024-Q3,Aug,8
2024-08-01,B016,16454451.16,16624902.06,1505969.43,876978.45,67238.81,38146.21,906276.41,152307.75,628990.98,1611354.45,705078.0399999999,-324208.16,1611354.45,552770.2899999999,0.3430469875824031,0.5624314439321529,1.0103589538382391,2024,Q3,2024-Q3,Aug,8
2024-08-01,B017,7351874.2,13862733.28,1561369.96,237127.74,34622.01,30439.01,442573.87,164671.51,1324242.22,1626430.98,1183857.1099999999,782057.85,1626430.98,1019185.5999999999,0.6266393179500306,0.27211352676029327,1.8856053440087426,2024,Q3,2024-Q3,Aug,8
2024-08-01,B018,28205242.32,8615186.53,892636.31,857713.89,142644.51,64764.27,1155588.9,87128.34,34922.42000000004,1100045.09,-55543.80999999982,-1000386.03,1100045.09,-142672.14999999982,-0.12969663816235005,1.0504923030018705,0.3054462866249184,2024,Q3,2024-Q3,Aug,8
2024-08-01,B019,10971706.67,10365655.51,835303.02,513000.33,64112.04,32974.45,639727.5,89627.69,322302.69,932389.5,292662.01,-309966.02,932389.51,203034.32,0.21775697583727643,0.6861161490330366,0.9447623621166313,2024,Q3,2024-Q3,Aug,8
2024-08-01,B020,24804790.06,8152448.69,775883.63,1180738.12,233915.81,71195.96,912077.17,84990.09,-404854.4900000001,1080995.4,168918.22999999986,-1096809.97,1080995.4,83928.13999999987,0.07763968283306281,0.8437382527252199,0.32866428904579087,2024,Q3,2024-Q3,Aug,8
2024-09-01,B001,18275957.73,14955281.71,1216912.36,548168.19,159137.12,65816.4,691126.38,123956.42,668744.1700000002,1441865.89,750739.4999999999,78614.89,1441865.88,626783.0799999998,0.4347027616743382,0.47932778602126297,0.8183035839183899,2024,Q3,2024-Q3,Sep,9
2024-09-01,B002,20911205.05,12540231.13,993154.66,1130004.16,176775.74,70155.05,799702.18,94063.24,-136849.49999999988,1240085.46,440383.2699999999,-783684.13,1240085.45,346320.0299999999,0.2792711018422157,0.6448766736195478,0.5996895492161032,2024,Q3,2024-Q3,Sep,9
2024-09-01,B003,16759502.82,13824322.26,1564374.38,628628.99,165826.67,56970.76,923735.37,71894.96,935745.3899999999,1787171.81,863436.4399999998,162912.5,1787171.8099999998,791541.4799999999,0.44290172638745906,0.5168699309329415,0.8248646996558099,2024,Q3,2024-Q3,Sep,9
2024-09-01,B004,18081010.51,6049358.97,683988.33,710290.43,125226.91,99621.92,1156613.86,29848.03,-26302.100000000093,908837.17,-247776.70000000007,-987915.14,908837.16,-277624.7300000001,-0.3054724676970736,1.2726304677066682,0.3345697391555799,2024,Q3,2024-Q3,Sep,9
2024-09-01,B005,27168205.02,20620897.43,1773998.52,1053562.58,238721.18,73532.06,1311340.05,201948.7,720435.94,2086251.76,774911.71,-480599.57,2086251.76,572963.01,0.27463752025786187,0.6285627052029426,0.7590084591462642,2024,Q3,2024-Q3,Sep,9
2024-09-01,B006,17025532.0,16494101.41,1720834.5,464795.8,112639.45,97627.79,1071088.44,195087.89,1256038.7,1931101.74,860013.3,200129.6,1931101.74,664925.41,0.34432438034052004,0.5546514809727218,0.9687862564294614,2024,Q3,2024-Q3,Sep,9
2024-09-01,B007,27969483.92,18971945.62,2083566.63,1020149.5,280494.88,115789.11,1099124.68,107559.45,1063417.13,2479850.63,1380725.9399999997,253017.0,2479850.6199999996,1273166.4899999998,0.5134045090183698,0.44322213246860814,0.6783087480006674,2024,Q3,2024-Q3,Sep,9
2024-09-01,B008,19246046.49,8159594.54,687596.94,984896.65,213111.16,86345.45,1190317.08,92868.39,-297299.7100000001,987053.55,-203263.53000000014,-1281028.58,987053.5499999999,-296131.92000000016,-0.3000160629582865,1.2059295871029492,0.4239621131664429,2024,Q3,2024-Q3,Sep,9
2024-09-01,B009,11734979.63,12395157.04,1047952.16,588932.46,66456.09,44908.38,695138.08,75683.01,459019.70000000007,1159316.63,464178.54999999993,-200436.92,1159316.63,388495.5399999999,0.33510736406843394,0.5996102031245769,1.0562572267541293,2024,Q3,2024-Q3,Sep,9
2024-09-01,B010,11860432.56,12029444.68,940887.72,595033.78,64204.07,43896.08,503220.93,113333.55,345853.93999999994,1048987.87,545766.94,-162600.39,1048987.8699999999,432433.38999999996,0.41223869442837313,0.4797204471010709,1.014250080605829,2024,Q3,2024-Q3,Sep,9
2024-09-01,B011,12521058.93,7328545.76,570771.72,450620.12,103047.44,72600.19,800568.08,83986.39,120151.59999999998,746419.35,-54148.7300000001,-588755.24,746419.3499999999,-138135.1200000001,-0.1850636910739253,1.0725446493315052,0.5852976015024633,2024,Q3,2024-Q3,Sep,9
2024-09-01,B012,16648751.13,9279969.75,883756.77,457782.38,95268.43,36836.77,747393.68,28481.87,425974.39,1015861.96,268468.2899999999,-217795.96,1015861.97,239986.41999999993,0.23623920088277342,0.7357236534802066,0.5573973493590206,2024,Q3,2024-Q3,Sep,9
2024-09-01,B013,9484078.21,15085801.05,1162548.46,437100.0,52688.27,54889.42,402416.81,165961.05,725448.46,1270126.15,867709.3399999999,264648.28,1270126.15,701748.2899999998,0.5525028281639582,0.31683215875840365,1.5906449436586836,2024,Q3,2024-Q3,Sep,9
2024-09-01,B014,8044581.46,6688476.4,740803.64,216726.31,67641.6,16660.14,391701.11,74408.95,524077.33,825105.38,433404.27,142269.01,825105.38,358995.32,0.43509026689415115,0.47472858557775977,0.8314262753453429,2024,Q3,2024-Q3,Sep,9
2024-09-01,B015,23111534.33,7237883.35,676806.59,686996.68,133433.78,57295.52,1410104.7,36864.32,-10190.090000000084,867535.89,-542568.8099999999,-1266429.82,867535.89,-579433.1299999999,-0.6679068113251198,1.6254136759690714,0.3131719100364896,2024,Q3,2024-Q3,Sep,9
2024-09-01,B016,14674974.11,20095278.59,2220077.62,426730.93,79453.13,49254.2,602965.46,80446.5,1793346.6900000002,2348784.95,1745819.4900000002,1238642.06,2348784.95,1665372.9900000002,0.7090359592094628,0.2567137787561181,1.369357004610075,2024,Q3,2024-Q3,Sep,9
2024-09-01,B017,22151224.0,15792662.3,1669140.43,676078.89,220194.93,129298.58,900145.72,166208.66,993061.5399999999,2018633.93,1118488.22,276200.66,2018633.94,952279.5599999999,0.47174455017832506,0.44591825301421417,0.7129476140912123,2024,Q3,2024-Q3,Sep,9
2024-09-01,B018,22216119.19,12488384.69,1286581.97,1209900.13,203433.72,59025.47,1177223.58,126332.38,76681.84000000008,1549041.16,371817.57999999984,-964414.93,1549041.16,245485.19999999984,0.1584755824047954,0.7599692057246562,0.5621316929025711,2024,Q3,2024-Q3,Sep,9
2024-09-01,B019,18175293.06,20545879.42,1775369.35,557153.93,181514.56,54328.47,786822.35,95406.11,1218215.42,2011212.38,1224390.0300000003,571829.99,2011212.3800000001,1128983.9200000002,0.561344953534942,0.3912179329365504,1.130429058402209,2024,Q3,2024-Q3,Sep,9
2024-09-01,B020,13459027.85,10093777.89,1146755.83,716825.37,120351.41,56395.75,535749.05,51589.86,429930.4600000001,1323502.99,787753.94,19338.7,1323502.99,736164.08,0.5562239644052485,0.40479625210366926,0.749963370497075,2024,Q3,2024-Q3,Sep,9
2024-10-01,B001,8081052.78,10977403.36,1026248.41,280504.96,68344.4,39105.8,422368.94,49804.55,745743.45,1133698.61,711329.6700000002,381020.15,1133698.61,661525.1200000001,0.5835105681218045,0.3725583998025718,1.3584125309969821,2024,Q4,2024-Q4,Oct,10
2024-10-01,B002,20886004.12,16004644.15,1508723.61,1075325.26,243070.29,89952.07,869492.12,167207.24,433398.3500000001,1841745.98,972253.8500000002,-270278.64,1841745.9700000002,805046.6100000002,0.4371105587379133,0.4721020890845223,0.7662855976684543,2024,Q4,2024-Q4,Oct,10
2024-10-01,B003,18322958.81,16291282.25,1599745.59,655923.82,195965.78,50653.06,879866.62,60418.09,943821.7700000001,1846364.44,966497.8100000002,250155.9,1846364.4300000002,906079.7200000002,0.4907372051139439,0.4765400620288162,0.8891185325979566,2024,Q4,2024-Q4,Oct,10
2024-10-01,B004,19521060.36,9960704.98,897964.91,842392.92,207686.19,73211.43,804186.24,79878.57,55571.98999999999,1178862.52,374676.29000000004,-547595.2,1178862.53,294797.72000000003,0.2500696328010358,0.6821713469847922,0.510254299526176,2024,Q4,2024-Q4,Oct,10
2024-10-01,B005,23310823.01,22287889.35,2054045.06,1175967.34,205719.9,124799.93,981998.22,164121.09,878077.72,2384564.89,1402566.6700000002,62478.23,2384564.89,1238445.58,0.519359143965254,0.41181442539816976,0.9561176514633921,2024,Q4,2024-Q4,Oct,10
2024-10-01,B006,20100173.34,14024087.13,1531284.22,913694.49,141285.52,61210.81,949946.99,72618.01,617589.73,1733780.54,783833.56,-202478.95,1733780.55,711215.55,0.41021082512432155,0.5479049756325851,0.6977097606462732,2024,Q4,2024-Q4,Oct,10
2024-10-01,B007,16827683.66,12188370.32,1229197.58,814081.13,94300.3,87829.03,682305.37,99310.51,415116.45000000007,1411326.91,729021.5400000002,-184370.1,1411326.9100000001,629711.0300000001,0.4461836768916991,0.48344955740977114,0.7243046973227925,2024,Q4,2024-Q4,Oct,10
2024-10-01,B008,15737649.83,17585231.22,1430312.6,840565.74,173324.61,52676.31,959132.03,182454.87,589746.8600000001,1656313.52,697181.49,-325839.12,1656313.52,514726.62,0.31076641818391965,0.5790763755886024,1.1173988117640052,2024,Q4,2024-Q4,Oct,10
2024-10-01,B009,21128132.01,14030807.03,1072695.66,1139963.51,236689.66,92364.26,1252206.63,163897.79,-67267.8500000001,1401749.57,149542.94999999995,-1154318.36,1401749.5799999998,-14354.840000000055,-0.010240659390816479,0.893316928976715,0.6640817571264312,2024,Q4,2024-Q4,Oct,10
2024-10-01,B010,27122829.94,13770229.71,1423196.53,760754.79,194093.2,89678.35,1733738.66,120266.15,662441.74,1706968.09,-26770.57999999984,-907791.51,1706968.08,-147036.72999999984,-0.08613912100805061,1.0156831169332703,0.5076988551881176,2024,Q4,2024-Q4,Oct,10
2024-10-01,B011,21503250.19,16689941.71,1610872.43,1124021.75,250315.82,109105.08,913360.91,167792.22,486850.67999999993,1970293.32,1056932.42,-234881.56,1970293.33,889140.2,0.4512730091818358,0.46356595543060586,0.7761590253812696,2024,Q4,2024-Q4,Oct,10
2024-10-01,B012,28482694.76,12142648.37,1365472.25,1115014.23,210631.57,77036.52,1091843.84,49861.98,250458.02000000002,1653140.34,561296.5,-603579.72,1653140.34,511434.52,0.30937150804752606,0.6604665155046667,0.42631669764100644,2024,Q4,2024-Q4,Oct,10
2024-10-01,B013,9900727.9,12002020.69,1357868.95,271313.77,100771.67,24810.79,509204.29,36577.69,1086555.18,1483451.41,974247.1199999999,666355.66,1483451.41,937669.4299999999,0.6320863788858443,0.34325646702509793,1.2122361922500666,2024,Q4,2024-Q4,Oct,10
2024-10-01,B014,17367488.27,15010627.11,1490610.08,571669.94,165477.06,56774.68,1026772.42,94177.4,918940.1400000001,1712861.83,686089.4,20242.07,1712861.82,591912.0,0.34556903136529715,0.5994484832407555,0.8642946450655642,2024,Q4,2024-Q4,Oct,10
2024-10-01,B015,18221475.14,8472608.34,702306.45,605939.45,123004.2,58502.53,1154984.07,50024.27,96367.0,883813.18,-271170.89000000013,-927134.61,883813.1799999999,-321195.16000000015,-0.3634197444306049,1.306819242048416,0.4649792771936905,2024,Q4,2024-Q4,Oct,10
2024-10-01,B016,27932129.13,18715383.71,1975391.28,1080578.59,309774.89,158747.8,1086109.69,72266.73,894812.69,2443913.98,1357804.2799999998,204958.97,2443913.9699999997,1285537.5499999998,0.5260158769009369,0.4444140437562129,0.6700306884196336,2024,Q4,2024-Q4,Oct,10
2024-10-01,B017,15243168.91,7121476.59,633903.53,468657.12,142756.7,88007.19,983121.42,49611.92,165246.41000000003,864667.42,-118454.00000000012,-636723.03,864667.4199999999,-168065.9200000001,-0.194370593956229,1.1369937125652314,0.4671913453198099,2024,Q4,2024-Q4,Oct,10
2024-10-01,B018,22819230.96,22084191.93,1944368.92,1045858.46,243814.62,102851.68,1268124.6,151437.45,898510.46,2291035.21,1022910.6200000001,-174385.3,2291035.22,871473.1700000002,0.38038401260369975,0.5535159778119867,0.9677886151690013,2024,Q4,2024-Q4,Oct,10
2024-10-01,B019,29481886.85,20862794.46,2271553.7,1133198.65,242251.18,158952.18,1123288.46,174815.89,1138355.0500000003,2672757.06,1549468.6000000006,241454.06,2672757.0600000005,1374652.7100000004,0.5143201118323864,0.42027331133492535,0.7076478709163759,2024,Q4,2024-Q4,Oct,10
2024-10-01,B020,9962427.15,22835275.51,2011081.93,479034.68,87008.06,28025.94,410063.42,71864.36,1532047.25,2126115.93,1716052.5099999998,1165153.47,2126115.9299999997,1644188.1499999997,0.7733294910216866,0.1928697368821276,2.292139773388456,2024,Q4,2024-Q4,Oct,10
2024-11-01,B001,13139672.24,9964178.67,910254.71,646246.84,131910.55,60585.39,831417.26,36658.83,264007.87,1102750.65,271333.3899999999,-411572.28,1102750.65,234674.55999999988,0.21280836243442694,0.7539485558226604,0.75832779448386,2024,Q4,2024-Q4,Nov,11
2024-11-01,B002,17664576.31,12408728.13,950687.53,593053.16,98626.47,58032.49,731624.91,143810.85,357634.37,1107346.49,375721.57999999996,-361142.42,1107346.49,231910.72999999995,0.20942923655268908,0.6607009789681999,0.7024639545402152,2024,Q4,2024-Q4,Nov,11
2024-11-01,B003,24824819.28,8966195.87,971989.37,639591.17,192975.48,66586.06,1274987.21,91259.41,332398.19999999995,1231550.92,-43436.299999999814,-774286.87,1231550.9100000001,-134695.70999999982,-0.1093708014068211,1.0352695935241523,0.3611786965645133,2024,Q4,2024-Q4,Nov,11
2024-11-01,B004,15766609.18,5616781.52,615570.49,485736.91,158880.7,56806.02,653205.1,54020.5,129833.58000000002,831257.21,178052.11,-361705.31,831257.21,124031.60999999999,0.1492096652009791,0.7858038308022616,0.35624536993819234,2024,Q4,2024-Q4,Nov,11
2024-11-01,B005,8725959.54,9183475.04,1053595.68,479568.63,46412.83,28577.68,443383.27,65312.48,574027.0499999999,1128586.2,685202.9199999999,140321.82,1128586.19,619890.44,0.5492628259078732,0.3928661133094319,1.0524315403827784,2024,Q4,2024-Q4,Nov,11
2024-11-01,B006,23703236.22,10705110.54,1112621.67,1283685.22,108625.11,99403.16,854417.19,61185.14,-171063.55000000005,1320649.94,466232.75,-878637.6,1320649.94,405047.61,0.3067032358325023,0.6469671970757065,0.4516307579539449,2024,Q4,2024-Q4,Nov,11
2024-11-01,B007,13274421.57,14980341.68,1422654.03,678736.81,128435.84,40526.42,521377.71,54406.61,743917.22,1591616.29,1070238.58,337095.16,1591616.29,1015831.9700000001,0.638239239182454,0.3275775155580998,1.128511822605917,2024,Q4,2024-Q4,Nov,11
2024-11-01,B008,10994109.87,16339683.77,1393532.95,384566.98,87991.58,55355.72,621639.27,153117.54,1008965.97,1536880.26,915240.98,377556.47,1536880.25,762123.44,0.49588993026619993,0.40448126651377037,1.4862216189585888,2024,Q4,2024-Q4,Nov,11
2024-11-01,B009,11888359.32,14824555.09,1665500.36,434466.73,80970.56,64494.61,602096.92,117627.97,1231033.6300000001,1810965.53,1208868.6100000003,656773.9,1810965.5300000003,1091240.6400000004,0.6025739429728407,0.33247287705139256,1.2469807389704637,2024,Q4,2024-Q4,Nov,11
2024-11-01,B010,21689948.36,8244033.63,632998.15,922405.36,105671.74,47257.75,824552.51,79448.81,-289407.20999999996,785927.64,-38624.869999999995,-1040479.05,785927.64,-118073.68,-0.15023479769715187,1.049145580374295,0.3800854429512344,2024,Q4,2024-Q4,Nov,11
2024-11-01,B011,14199518.78,5556995.78,566534.27,735343.0,61733.14,73445.02,825922.84,47957.92,-168808.72999999998,701712.43,-124210.40999999992,-907511.32,701712.43,-172168.3299999999,-0.245354539323181,1.1770104172160665,0.3913509933750023,2024,Q4,2024-Q4,Nov,11
2024-11-01,B012,28100980.1,11068694.2,892741.17,1499429.2,267787.74,84830.56,1053170.65,91956.66,-606688.0299999999,1245359.47,192188.8200000003,-1399197.03,1245359.4700000002,100232.1600000003,0.08048452066614974,0.8456760279825067,0.3938899696953986,2024,Q4,2024-Q4,Nov,11
2024-11-01,B013,7751301.73,7880789.52,768209.17,235507.35,46207.72,39725.31,431347.2,38038.52,532701.8200000001,854142.19,422794.99999999994,149249.13,854142.2,384756.4799999999,0.450459513650069,0.5050063092538924,1.016705296027742,2024,Q4,2024-Q4,Nov,11
2024-11-01,B014,25371390.45,8384065.13,853467.02,1076146.82,248693.46,69860.27,1272901.51,39197.71,-222679.80000000005,1172020.75,-100880.76000000001,-1216225.29,1172020.75,-140078.47,-0.11951876278640972,1.0860742098636051,0.33045351402883005,2024,Q4,2024-Q4,Nov,11
2024-11-01,B015,23619031.53,18776454.99,2151205.87,1199434.97,96654.34,99831.63,1371220.01,133900.54,951770.9000000001,2347691.84,976471.8299999998,-356863.68,2347691.84,842571.2899999998,0.3588934781150834,0.5840715491859443,0.7949714181189375,2024,Q4,2024-Q4,Nov,11
2024-11-01,B016,11416526.61,8444943.91,821848.35,545528.34,85862.77,66420.81,724086.44,55135.84,276320.01,974131.93,250045.49,-350618.69,974131.9299999999,194909.65,0.2000854750752293,0.7433145528860757,0.7397121907991594,2024,Q4,2024-Q4,Nov,11
2024-11-01,B017,13298902.33,14030281.04,1411719.22,476676.84,85009.25,51088.76,748784.19,114623.6,935042.3799999999,1547817.24,799033.04,207732.6,1547817.23,684409.4400000001,0.44217716842446575,0.4837678347849894,1.0549954193099182,2024,Q4,2024-Q4,Nov,11
2024-11-01,B018,7604150.79,9144728.91,824914.09,411338.86,87639.03,42802.09,469027.59,71991.37,413575.23,955355.21,486327.61999999994,2997.39,955355.21,414336.24999999994,0.43369863445869516,0.4909457603732543,1.2025969976852602,2024,Q4,2024-Q4,Nov,11
2024-11-01,B019,24300780.04,8131403.11,730019.03,1039691.48,264831.94,111977.12,1414240.46,61699.74,-309672.44999999995,1106828.09,-307412.3700000001,-1408803.59,1106828.0899999999,-369112.1100000001,-0.33348639534437563,1.2777417493984997,0.33461490111080405,2024,Q4,2024-Q4,Nov,11
2024-11-01,B020,9882902.31,9302950.3,712426.12,266858.37,106222.09,29671.53,429785.13,102336.47,445567.75,848319.74,418534.61,49339.76,848319.74,316198.14,0.3727346248007856,0.5066310610666681,0.9413176421451444,2024,Q4,2024-Q4,Nov,11
2024-12-01,B001,17018481.24,20028187.38,1585249.8,712595.5,196594.44,34525.34,1035166.19,204930.01,872654.3,1816369.58,781203.3900000001,-136322.12,1816369.58,576273.3800000001,0.3172665884439664,0.5699094509169218,1.1768492791780991,2024,Q4,2024-Q4,Dec,12
2024-12-01,B002,26636297.45,14641114.99,1355113.53,916296.0,145317.27,63299.01,1599393.27,57313.23,438817.53,1563729.8,-35663.45999999996,-1009272.69,1563729.81,-92976.68999999997,-0.05945828326953745,1.0228066637675726,0.5496677988929727,2024,Q4,2024-Q4,Dec,12
2024-12-01,B003,13679732.13,9131209.4,787162.92,408933.14,86023.22,35889.84,518257.16,94860.12,378229.78,909075.99,390818.82,-112974.42,909075.98,295958.7,0.32555991634494624,0.5700922380547333,0.6674991376457603,2024,Q4,2024-Q4,Dec,12
2024-12-01,B004,24150509.33,18091854.55,1944065.23,1101751.78,248042.31,112353.62,1072422.29,93630.03,842313.45,2304461.16,1232038.87,36657.06,2304461.16,1138408.84,0.4940021814036562,0.4653679170709043,0.7491293166031129,2024,Q4,2024-Q4,Dec,12
2024-12-01,B005,18734840.08,22578481.62,2525023.43,886092.45,223806.53,55942.93,1015452.51,115920.31,1638930.9800000002,2804772.88,1789320.3800000001,787307.61,2804772.89,1673400.07,0.5966258715514039,0.36204446842040033,1.205160093365473,2024,Q4,2024-Q4,Dec,12
2024-12-01,B006,14157204.7,7412553.03,781785.94,473220.66,64649.46,52907.85,841049.47,63653.82,308565.27999999997,899343.25,58293.77999999991,-478580.69,899343.2499999999,-5360.040000000088,-0.005959949107307014,0.9351818340772559,0.5235887441819641,2024,Q4,2024-Q4,Dec,12
2024-12-01,B007,24570246.31,11993859.12,1292605.18,662521.52,103992.31,139835.53,1423073.6,129103.0,630083.6599999999,1536433.01,113359.41999999993,-678265.11,1536433.02,-15743.580000000075,-0.010246837834818256,0.9262190941457377,0.48814566075874233,2024,Q4,2024-Q4,Dec,12
2024-12-01,B008,11575152.89,6256682.92,562019.74,376411.99,130366.66,65585.03,625469.72,56498.02,185607.75,757971.43,132501.71000000008,-300408.31,757971.43,76003.69000000009,0.10027249971677704,0.8251890443944568,0.5405270219286062,2024,Q4,2024-Q4,Dec,12
2024-12-01,B009,14630743.46,14102090.51,1110548.64,470315.29,163444.01,84703.26,632185.95,148366.23,640233.3499999999,1358695.91,726509.96,107828.43,1358695.91,578143.73,0.4255137045345194,0.4652887709068028,0.9638669797303656,2024,Q4,2024-Q4,Dec,12
2024-12-01,B010,29048869.91,7391979.92,663888.87,1499371.67,168469.79,109409.58,1689988.5,33963.27,-835482.7999999999,941768.25,-748220.26,-2281555.19,941768.24,-782183.53,-0.8305477895495817,1.794484490154393,0.25446703926528064,2024,Q4,2024-Q4,Dec,12
2024-12-01,B011,25215697.58,10293737.45,1076422.23,1245312.65,271408.83,84523.87,1252572.71,84780.68,-168890.41999999993,1432354.93,179782.2200000002,-1150311.11,1432354.9300000002,95001.54000000021,0.06632541837936788,0.8744848666803554,0.40822735192400733,2024,Q4,2024-Q4,Dec,12
2024-12-01,B012,11111454.04,8435638.75,966502.02,396284.96,56865.0,43280.66,606894.81,75105.12,570217.06,1066647.69,459752.8699999999,-11637.2,1066647.68,384647.7499999999,0.3606136845485849,0.5689740121124157,0.7591840563469586,2024,Q4,2024-Q4,Dec,12
2024-12-01,B013,13157078.55,11489324.06,1246849.62,636221.45,89201.67,66108.59,546591.64,87602.03,610628.1700000002,1402159.87,855568.2400000001,131744.75,1402159.8800000001,767966.2100000001,0.5477023133767028,0.3898211949981053,0.8732427959852835,2024,Q4,2024-Q4,Dec,12
2024-12-01,B014,7675447.32,14689988.16,1614710.98,384007.28,71059.93,37479.67,444178.92,68034.06,1230703.7,1723250.58,1279071.66,827030.31,1723250.5799999998,1211037.5999999999,0.7027634947901773,0.25775643145293475,1.9138934250414477,2024,Q4,2024-Q4,Dec,12
2024-12-01,B015,9807210.97,8489299.46,824156.3,413087.71,42775.94,39740.48,569490.54,86960.19,411068.59,906672.73,337182.17999999993,-162865.71,906672.72,250221.98999999993,0.2759782934684524,0.6281103726160417,0.8656181136480641,2024,Q4,2024-Q4,Dec,12
2024-12-01,B016,15966059.0,18313464.82,1549118.33,721790.16,187311.78,41664.05,1013802.09,66586.09,827328.17,1778094.16,764292.0700000002,-24084.16,1778094.1600000001,697705.9800000002,0.39238978210242825,0.5701622067078832,1.1470247491882624,2024,Q4,2024-Q4,Dec,12
2024-12-01,B017,20185723.92,18202274.7,1532443.71,647963.8,159497.19,50236.77,1099574.93,60321.4,884479.9099999999,1742177.67,642602.74,-65682.46,1742177.67,582281.34,0.3342261527206924,0.6311497093175348,0.901740000613265,2024,Q4,2024-Q4,Dec,12
2024-12-01,B018,19805869.57,15351940.01,1277013.94,827898.83,97673.51,80366.09,1025582.24,100449.74,449115.11,1455053.54,429471.30000000005,-498877.27,1455053.54,329021.56000000006,0.2261233356402817,0.7048415826678103,0.7751207264968372,2024,Q4,2024-Q4,Dec,12
2024-12-01,B019,10552037.89,17425071.69,1416245.02,333501.79,73989.44,23124.19,431167.2,54895.49,1082743.23,1513358.65,1082191.45,693794.16,1513358.65,1027295.96,0.6788185735086657,0.284907480457458,1.6513465807882917,2024,Q4,2024-Q4,Dec,12
2024-12-01,B020,17334713.73,14096079.2,1389603.11,638680.75,141741.6,37687.21,1042194.26,144543.92,750922.3600000001,1569031.92,526837.6600000001,-256387.0,1569031.9200000002,382293.7400000001,0.24364943448696702,0.6642275703352166,0.8131705789640403,2024,Q4,2024-Q4,Dec,12
2025-01-01,B001,10425445.45,5907784.34,517049.34,484307.97,51750.53,34317.82,664493.02,40763.85,32741.370000000054,603117.68,-61375.330000000075,-586447.16,603117.69,-102139.18000000008,-0.16935198833249293,1.1017634385753137,0.5666697282464799,2025,Q1,2025-Q1,Jan,1
2025-01-01,B002,22676029.81,15756765.01,1612050.7,623852.25,131467.75,88166.43,988223.37,143646.85,988198.45,1831684.88,843461.5099999999,75962.41,1831684.88,699814.6599999999,0.38206061951005454,0.5395160383700934,0.6948643630311051,2025,Q1,2025-Q1,Jan,1
2025-01-01,B003,26439427.19,19967001.9,1582355.85,979859.79,121067.27,140963.1,1566262.49,200517.05,602496.06,1844386.23,278123.7300000002,-902253.09,1844386.2200000002,77606.68000000023,0.042077239115352,0.8492052656953812,0.7551979759815666,2025,Q1,2025-Q1,Jan,1
2025-01-01,B004,13268512.94,12332579.77,1364072.0,508177.27,141582.34,76700.43,835635.9,57025.69,855894.73,1582354.77,746718.87,181515.9,1582354.77,689693.1799999999,0.4358650746823356,0.5280964268208955,0.9294620901202513,2025,Q1,2025-Q1,Jan,1
2025-01-01,B005,12584476.25,13265235.66,1190546.27,391275.08,71599.35,40086.26,717084.69,123286.92,799271.19,1302231.88,585147.1900000002,70585.2,1302231.8800000001,461860.2700000002,0.3546682254469151,0.5506582207156531,1.0540951722166427,2025,Q1,2025-Q1,Jan,1
2025-01-01,B006,23653514.83,15651700.83,1715089.36,940224.38,179188.8,86391.02,925819.18,174165.5,774864.9800000001,1980669.17,1054850.0,-59539.88,1980669.1800000002,880684.5,0.4446398767107589,0.467427468124687,0.6617071899246358,2025,Q1,2025-Q1,Jan,1
2025-01-01,B007,16498806.59,9215710.44,774773.28,513218.53,71014.85,75029.91,638885.77,95481.47,261554.75,920818.03,281932.27,-326767.74,920818.04,186450.80000000002,0.20248386966875673,0.6938241240364926,0.5585683055152415,2025,Q1,2025-Q1,Jan,1
2025-01-01,B008,22733287.06,7635320.39,736060.46,1213676.91,179854.42,104713.12,1388907.69,88090.8,-477616.44999999995,1020628.01,-368279.68999999994,-1670047.38,1020628.0,-456370.48999999993,-0.44714674690484674,1.3608363576151155,0.3358652169326894,2025,Q1,2025-Q1,Jan,1
2025-01-01,B009,10036151.9,5617260.8,591294.18,488394.26,104136.21,49953.96,374873.9,65142.24,102899.92000000004,745384.35,370510.44999999995,-183026.05,745384.35,305368.20999999996,0.4096788589671892,0.5029269798862829,0.5597026485818732,2025,Q1,2025-Q1,Jan,1
2025-01-01,B010,26536632.76,17502605.55,1466318.37,1434747.44,294043.68,60218.81,1323335.88,56042.91,31570.930000000168,1820580.85,497244.9800000002,-993545.39,1820580.86,441202.0700000002,0.24234137559811553,0.7268756412170563,0.65956392087479,2025,Q1,2025-Q1,Jan,1
2025-01-01,B011,18656920.96,11754464.76,960863.12,695751.61,116185.5,57902.0,1124343.59,108183.42,265111.51,1134950.62,10607.030000000028,-793328.01,1134950.62,-97576.38999999997,-0.08597412810788188,0.9906541925145607,0.6300324038034623,2025,Q1,2025-Q1,Jan,1
2025-01-01,B012,23566283.36,18485012.51,1513993.49,1235615.41,228367.74,106327.31,944291.88,101014.98,278378.0800000001,1848688.54,904396.66,-432233.73,1848688.54,803381.68,0.4345684319544708,0.5107901409936798,0.7843838685813036,2025,Q1,2025-Q1,Jan,1
2025-01-01,B013,21563092.45,14009103.09,1555075.04,1179355.65,144315.16,100651.09,1184390.54,75422.97,375719.39000000013,1800041.29,615650.75,-639127.87,1800041.29,540227.78,0.3001196600329096,0.6579796511223363,0.6496796840473593,2025,Q1,2025-Q1,Jan,1
2025-01-01,B014,17250775.11,15427849.45,1661805.01,861594.49,142004.91,71359.54,931977.63,63846.67,800210.52,1875169.46,943191.83,17750.66,1875169.46,879345.1599999999,0.46894170300747107,0.49700981691542695,0.8943278984059517,2025,Q1,2025-Q1,Jan,1
2025-01-01,B015,10557874.85,19296632.73,1592732.24,482153.01,118024.99,33399.04,526365.48,164019.69,1110579.23,1744156.27,1217790.79,571618.09,1744156.27,1053771.1,0.6041724116841893,0.3017880272849634,1.8277004609502452,2025,Q1,2025-Q1,Jan,1
2025-01-01,B016,16419080.06,14973213.5,1535821.63,726640.4,93668.95,38832.9,919653.73,156673.19,809181.2299999999,1668323.49,748669.7499999998,-134643.84,1668323.4799999997,591996.5599999998,0.3548451886560992,0.5512442527033188,0.9119398556608292,2025,Q1,2025-Q1,Jan,1
2025-01-01,B017,22175121.78,11630710.89,1328539.81,1217715.99,129041.68,121608.83,1010680.72,49280.14,110823.82000000007,1579190.32,568509.6000000001,-698486.53,1579190.32,519229.4600000001,0.32879473324025954,0.6399993130656981,0.5244936648099887,2025,Q1,2025-Q1,Jan,1
2025-01-01,B018,18804825.17,10258670.37,949846.59,718125.64,131104.33,76565.2,949500.59,99544.94,231720.94999999995,1157516.13,208015.5299999999,-609655.05,1157516.1199999999,108470.58999999991,0.09370978781703698,0.82029146168608,0.5455339402126438,2025,Q1,2025-Q1,Jan,1
2025-01-01,B019,7598988.86,9814211.07,943888.94,205764.05,69123.83,34535.22,389809.78,82159.2,738124.8899999999,1047548.0,657738.2099999998,369814.96,1047547.9899999999,575579.0099999999,0.5494535959159255,0.37211639344561204,1.2915153911674506,2025,Q1,2025-Q1,Jan,1
2025-01-01,B020,7041194.49,8508572.4,848569.19,313317.41,75801.36,29398.42,288096.46,39551.02,535251.78,953768.97,665672.51,312804.08,953768.97,626121.49,0.6564708117941811,0.30206105363230684,1.2083990027663616,2025,Q1,2025-Q1,Jan,1
2025-02-01,B001,18192270.6,12082552.32,1227703.7,745637.42,116008.85,38579.49,1023608.85,39978.04,482066.2799999999,1382292.04,358683.19000000006,-426932.27,1382292.04,318705.1500000001,0.23056281941694468,0.7405156221546353,0.664158564132176,2025,Q1,2025-Q1,Feb,2
2025-02-01,B002,8478701.64,16889929.31,1438378.72,449391.92,59260.19,17725.84,359681.28,89748.27,988986.8,1515364.76,1155683.47,616543.29,1515364.75,1065935.2,0.7034182364344954,0.23735624046949755,1.992041945469377,2025,Q1,2025-Q1,Feb,2
2025-02-01,B003,23753960.67,17671945.25,1731859.38,959255.17,107995.02,47517.27,1419199.68,170841.91,772604.2099999998,1887371.67,468171.99,-661925.09,1887371.67,297330.07999999996,0.15753658101692283,0.7519449944906718,0.7439578390949655,2025,Q1,2025-Q1,Feb,2
2025-02-01,B004,17625751.58,20059844.61,2227632.29,935669.21,153758.43,42031.27,991282.56,157061.41,1291963.08,2423421.98,1432139.4300000002,339408.79,2423421.99,1275078.0200000003,0.5261477469716284,0.40904248789126485,1.138098680158523,2025,Q1,2025-Q1,Feb,2
2025-02-01,B005,10657712.29,14916513.21,1260168.52,314248.06,55223.79,32978.24,478022.89,127574.53,945920.46,1348370.55,870347.66,428525.07,1348370.55,742773.13,0.5508672152473221,0.35451893398294704,1.3995980379387782,2025,Q1,2025-Q1,Feb,2
2025-02-01,B006,11362807.07,13645181.6,1363446.61,447616.81,49122.31,46675.85,514651.07,67295.34,915829.8,1459244.77,944593.7000000002,429681.55,1459244.7700000003,877298.3600000002,0.6012002770446798,0.3526831691163093,1.2008636172329201,2025,Q1,2025-Q1,Feb,2
2025-02-01,B007,30613703.39,21049719.51,2162113.84,1552276.11,282881.15,174901.23,1169737.75,177394.44,609837.7299999997,2619896.22,1450158.4699999997,-279512.09,2619896.2199999997,1272764.0299999998,0.4858070408605727,0.4464824755539363,0.6875914110043908,2025,Q1,2025-Q1,Feb,2
2025-02-01,B008,12462306.21,10521505.23,1070172.23,335882.66,86009.59,37580.32,539704.83,76045.69,734289.5700000001,1193762.15,654057.3100000002,242128.97,1193762.1400000001,578011.6200000001,0.4841932916384834,0.4521041603815647,0.8442663061478409,2025,Q1,2025-Q1,Feb,2
2025-02-01,B009,21980287.26,15025578.24,1312391.56,657785.78,255302.95,97124.79,1425328.49,48381.29,654605.78,1664819.31,239490.81000000006,-466676.25,1664819.3,191109.52000000005,0.11479295080252856,0.8561460634196155,0.6835933517276516,2025,Q1,2025-Q1,Feb,2
2025-02-01,B010,12919009.4,19093472.9,2096699.45,541314.37,89812.65,37178.34,785645.54,171072.27,1555385.08,2223690.44,1438044.9,725658.26,2223690.44,1266972.63,0.5697612433860173,0.353307063729608,1.4779362959516074,2025,Q1,2025-Q1,Feb,2
2025-02-01,B011,23032527.6,11193571.03,1216775.22,1009617.65,220590.97,88759.88,1227638.63,39785.84,207157.56999999995,1526126.06,298487.43999999994,-750916.06,1526126.0699999998,258701.59999999995,0.1695152222909081,0.8044149524291921,0.48598969354974303,2025,Q1,2025-Q1,Feb,2
2025-02-01,B012,27996697.23,14319100.85,1193856.1,1129484.18,296996.33,139506.0,1571992.33,80478.42,64371.92000000016,1630358.43,58366.10000000009,-1151596.5,1630358.4300000002,-22112.319999999905,-0.013562858076551856,0.9642004488546729,0.5114567883620321,2025,Q1,2025-Q1,Feb,2
2025-02-01,B013,7340693.45,12115831.18,939225.89,294288.2,65032.04,31315.73,367782.31,50610.8,644937.69,1035573.66,667791.3500000001,322892.35,1035573.66,617180.55,0.595979382094365,0.3551483822019961,1.65050226692139,2025,Q1,2025-Q1,Feb,2
2025-02-01,B014,12519316.43,10460879.65,784964.71,669701.79,135394.78,58165.98,548552.0,49431.13,115262.91999999993,978525.47,429973.47,-289159.45,978525.47,380542.33999999997,0.38889364831760587,0.5605904156996547,0.835579139523355,2025,Q1,2025-Q1,Feb,2
2025-02-01,B015,7888141.66,8468917.81,674127.45,299640.49,56025.84,27844.95,501471.8,65622.83,374486.95999999996,757998.24,256526.4399999999,-108736.88,757998.2399999999,190903.60999999987,0.251852313008009,0.6615738316226171,1.0736264858103475,2025,Q1,2025-Q1,Feb,2
2025-02-01,B016,20015762.38,14712867.58,1182346.04,1092514.34,232138.82,60070.01,832812.16,118678.45,89831.69999999995,1474554.87,641742.7100000001,-569450.08,1474554.87,523064.26000000007,0.3547268878505688,0.5647888572637517,0.7350640610472715,2025,Q1,2025-Q1,Feb,2
2025-02-01,B017,23034248.56,23379223.03,1975677.48,1107338.39,213344.19,69483.97,1126668.45,91980.87,868339.0900000001,2258505.64,1131837.1900000002,-67482.06,2258505.64,1039856.3200000002,0.4604178539930501,0.49885571682699004,1.0149765888434088,2025,Q1,2025-Q1,Feb,2
2025-02-01,B018,21953684.41,12213814.0,1340481.06,1127926.33,246694.97,103371.22,803722.77,78527.64,212554.72999999998,1690547.25,886824.48,-319629.49,1690547.25,808296.84,0.4781273282956155,0.47542165414187626,0.5563446104033706,2025,Q1,2025-Q1,Feb,2
2025-02-01,B019,15781506.91,20618005.98,1856137.6,695155.49,116525.16,67377.76,938688.57,188699.84,1160982.11,2040040.52,1101351.9500000002,217496.62,2040040.52,912652.1100000002,0.4473695993058021,0.46013231639144103,1.3064662390975692,2025,Q1,2025-Q1,Feb,2
2025-02-01,B020,19860241.34,14008181.08,1374085.48,884847.64,136009.61,57359.86,729871.99,68450.65,489237.83999999997,1567454.94,837582.96,-115715.33,1567454.95,769132.3099999999,0.4906886223428622,0.46564144634587423,0.7053379080437701,2025,Q1,2025-Q1,Feb,2
2025-03-01,B001,21812674.45,12879310.22,1474307.96,627084.94,237884.26,101512.02,1100391.35,71257.43,847223.02,1813704.25,713312.8899999999,14970.52,1813704.24,642055.46,0.35400229311919124,0.6067093662415434,0.5904507606127134,2025,Q1,2025-Q1,Mar,3
2025-03-01,B002,8936685.94,18302213.15,1810672.04,449183.9,94418.62,38558.73,318100.45,211286.47,1361488.1400000001,1943649.38,1625548.9400000002,965078.57,1943649.3900000001,1414262.4700000002,0.727632502691239,0.16366143587244406,2.0479866107950078,2025,Q1,2025-Q1,Mar,3
2025-03-01,B003,11552522.28,10185344.89,937792.17,320470.33,87786.01,44963.2,507480.13,46743.87,617321.8400000001,1070541.38,563061.2500000001,195847.04,1070541.3800000001,516317.3800000001,0.48229558394090294,0.47404064848011757,0.8816555071815885,2025,Q1,2025-Q1,Mar,3
2025-03-01,B004,9737445.13,15241850.58,1265593.36,449288.39,73863.65,51322.05,366581.82,53796.45,816304.9700000001,1390779.06,1024197.24,521112.4,1390779.06,970400.79,0.6977389996078889,0.2635801979934901,1.5652823072698536,2025,Q1,2025-Q1,Mar,3
2025-03-01,B005,19850208.3,11182613.07,1085437.26,1085162.79,92654.25,43417.22,755066.97,128834.08,274.46999999997206,1221508.73,466441.76,-747555.11,1221508.73,337607.68,0.27638581019392305,0.6181429174067384,0.5633499105397297,2025,Q1,2025-Q1,Mar,3
2025-03-01,B006,14473952.93,15422322.55,1663286.02,696503.71,132432.73,43757.16,710985.06,176237.59,966782.31,1839475.92,1128490.8499999999,255749.55,1839475.91,952253.2599999999,0.5176763962078742,0.38651501557310425,1.0655225027044495,2025,Q1,2025-Q1,Mar,3
2025-03-01,B007,14493487.38,20360220.38,1842758.62,746863.61,172137.54,59263.4,845366.81,128489.6,1095895.0100000002,2074159.55,1228792.75,353439.54,2074159.56,1100303.15,0.530481439913909,0.4075707704955929,1.4047840830976042,2025,Q1,2025-Q1,Mar,3
2025-03-01,B008,16876394.97,11997606.44,1001539.4,434010.59,191798.37,37836.38,691270.48,142180.64,567528.81,1231174.15,539903.6699999999,-36287.56,1231174.15,397723.0299999999,0.3230436815132936,0.5614725422881889,0.7109105031807632,2025,Q1,2025-Q1,Mar,3
2025-03-01,B009,19135365.08,7207463.01,609410.54,633026.75,104575.83,46810.18,1161027.37,64498.4,-23616.209999999963,760796.55,-400230.82000000007,-1097755.96,760796.55,-464729.2200000001,-0.6108455933455536,1.5260681321438696,0.3766566762571535,2025,Q1,2025-Q1,Mar,3
2025-03-01,B010,32716698.73,21317359.97,1834015.48,1753201.26,256285.51,126424.58,1934411.25,81126.77,80814.21999999997,2216725.58,282314.31999999983,-1552013.7,2216725.57,201187.5499999998,0.09075888902206322,0.8726435406255544,0.6515742968422658,2025,Q1,2025-Q1,Mar,3
2025-03-01,B011,12129078.3,9590528.92,769746.59,449014.92,84385.36,56777.49,652615.37,107733.35,320731.67,910909.45,258294.06999999995,-298454.19,910909.44,150560.71999999994,0.16528615621768059,0.7164437443968086,0.7907054998564894,2025,Q1,2025-Q1,Mar,3
2025-03-01,B012,15565548.96,17466268.12,1885984.66,531350.27,154381.54,76040.15,847493.94,60282.76,1354634.39,2116406.35,1268912.4100000001,677279.37,2116406.35,1208629.6500000001,0.5710763672581118,0.4004400856196637,1.1221106409343111,2025,Q1,2025-Q1,Mar,3
2025-03-01,B013,22705140.71,11105464.37,1069451.23,967293.33,129772.4,51834.63,915024.65,79004.31,102157.90000000002,1251058.25,336033.60999999975,-710264.04,1251058.2599999998,257029.29999999976,0.20544950480563534,0.7314005104766266,0.4891167384445599,2025,Q1,2025-Q1,Mar,3
2025-03-01,B014,20329118.36,19077222.88,1431841.73,571904.28,110036.41,101846.67,732983.78,83995.84,859937.45,1643724.81,910741.0299999998,254840.9,1643724.8099999998,826745.1899999998,0.5029705611123555,0.44592852498223234,0.9384186043963787,2025,Q1,2025-Q1,Mar,3
2025-03-01,B015,32498222.29,23302905.1,2442817.62,1326042.72,285507.7,107769.47,1518913.4,226068.68,1116774.9000000001,2836094.8,1317181.3900000006,-234930.0,2836094.7900000005,1091112.7100000007,0.3847236396495762,0.5355651035909134,0.7170516864601089,2025,Q1,2025-Q1,Mar,3
2025-03-01,B016,24117007.94,15345281.78,1521727.06,1211744.72,226216.22,49542.62,1332020.82,108411.3,309982.3400000001,1797485.9,465465.0800000001,-854690.94,1797485.9000000001,357053.7800000001,0.19864065693088334,0.7410466029246738,0.6362846426960209,2025,Q1,2025-Q1,Mar,3
2025-03-01,B017,12595274.09,9310519.21,948782.62,441760.42,93644.36,67627.16,600193.34,61730.51,507022.2,1110054.14,509860.79999999993,6369.87,1110054.14,448130.2899999999,0.4037012915424107,0.5406883487682862,0.7392073521760097,2025,Q1,2025-Q1,Mar,3
2025-03-01,B018,13118117.84,13225109.57,1149425.02,356065.83,99887.81,37355.75,701463.24,106347.03,793359.19,1286668.58,585205.3400000001,122792.47,1286668.58,478858.31000000006,0.37216911755162313,0.5451778732329035,1.008156027511337,2025,Q1,2025-Q1,Mar,3
2025-03-01,B019,25694147.65,12468124.42,1260909.01,833281.8,295569.32,57361.85,1033408.96,144394.4,427627.20999999996,1613840.18,580431.2200000002,-397244.97,1613840.1800000002,436036.8200000002,0.270185874291468,0.6403415733520774,0.4852515284740337,2025,Q1,2025-Q1,Mar,3
2025-03-01,B020,20286679.68,6620574.81,665027.25,556002.96,86321.05,75466.77,1172494.08,37946.22,109024.29000000004,826815.07,-345679.01,-939628.19,826815.0700000001,-383625.23,-0.46397948455390386,1.418085038048472,0.32635083288306743,2025,Q1,2025-Q1,Mar,3
2025-04-01,B001,14552516.37,14374520.89,1116355.77,688480.06,120676.4,51646.49,763852.96,114037.06,427875.70999999996,1288678.66,524825.7,-277691.43,1288678.66,410788.63999999996,0.3187673178354641,0.5927412191337132,0.9877687490276983,2025,Q2,2025-Q2,Apr,4
2025-04-01,B002,12698350.09,9236569.42,794555.42,431621.47,71646.24,37618.18,555314.86,71511.87,362933.95000000007,903819.84,348504.9800000001,-154628.35,903819.8400000001,276993.1100000001,0.3064693844295342,0.6144087963371107,0.7273834281253463,2025,Q2,2025-Q2,Apr,4
2025-04-01,B003,16547987.46,13455087.78,1213691.02,450550.01,73835.01,95562.85,746073.19,113688.86,763141.01,1383088.87,637015.6900000002,72776.8,1383088.8800000001,523326.8300000002,0.37837541575780737,0.5394253404741421,0.8130951157972414,2025,Q2,2025-Q2,Apr,4
2025-04-01,B004,17612546.5,24190344.21,2622606.93,855907.14,181681.6,57974.2,882603.62,93550.54,1766699.79,2862262.73,1979659.1100000003,1030201.43,2862262.7300000004,1886108.5700000003,0.6589571775614044,0.308358701928107,1.3734722693280044,2025,Q2,2025-Q2,Apr,4
2025-04-01,B005,18608413.19,13326969.86,1393276.54,511242.19,188032.32,54865.09,1027435.58,157641.93,882034.3500000001,1636173.95,608738.3700000002,-60145.75,1636173.9500000002,451096.44000000024,0.27570200589002175,0.6279500905145201,0.7161798119982523,2025,Q2,2025-Q2,Apr,4
2025-04-01,B006,12965815.23,21877348.72,1832217.09,537783.84,92262.6,76358.26,477375.0,236743.93,1294433.25,2000837.95,1523462.9500000002,748935.18,2000837.9500000002,1286719.0200000003,0.6430900713373615,0.23858753778635594,1.6873099247458578,2025,Q2,2025-Q2,Apr,4
2025-04-01,B007,21844155.11,17622367.71,1406309.95,1125923.1,181576.08,114088.27,1318450.57,181185.21,280386.84999999986,1701974.3,383523.73,-923584.58,1701974.3,202338.52,0.11888459185312021,0.7746595057281418,0.8067314858944893,2025,Q2,2025-Q2,Apr,4
2025-04-01,B008,22336066.84,10275250.4,973093.21,807156.63,140017.49,86198.37,1423677.98,118249.88,165936.57999999996,1199309.07,-224368.91000000015,-1149775.42,1199309.0699999998,-342618.79000000015,-0.28568014581929263,1.1870818086950683,0.46002953311362854,2025,Q2,2025-Q2,Apr,4
2025-04-01,B009,10641699.01,9761600.09,1024386.12,341406.06,92164.06,57271.56,679372.03,102672.39,682980.06,1173821.74,494449.70999999996,50371.26,1173821.74,391777.31999999995,0.33376219459012574,0.5787693368159973,0.9172971421975973,2025,Q2,2025-Q2,Apr,4
2025-04-01,B010,20102300.52,10365083.4,830571.22,1102842.54,134851.44,59825.39,742126.45,64610.77,-272271.32000000007,1025248.05,283121.6,-884331.71,1025248.0499999999,218510.83,0.21312972016869478,0.7238506330248567,0.5156167767807304,2025,Q2,2025-Q2,Apr,4
2025-04-01,B011,13906900.41,16638600.97,1517465.06,461696.16,77687.01,68554.62,775546.75,182341.84,1055768.9000000001,1663706.69,888159.94,244121.94,1663706.69,705818.1,0.4242443119586181,0.4661559364168933,1.1964277070709246,2025,Q2,2025-Q2,Apr,4
2025-04-01,B012,21483794.66,10347668.3,1021263.36,628675.89,92928.96,88757.3,834650.42,53928.11,392587.47,1202949.62,368299.20000000007,-314304.8,1202949.62,314371.0900000001,0.26133354612140786,0.6938365548509006,0.48164993492820884,2025,Q2,2025-Q2,Apr,4
2025-04-01,B013,9664096.66,17360041.52,1477216.75,270692.33,90201.98,32394.6,393158.14,76581.09,1206524.42,1599813.32,1206655.19,859381.76,1599813.33,1130074.0999999999,0.7063787248228516,0.2457525091380505,1.7963439450946055,2025,Q2,2025-Q2,Apr,4
2025-04-01,B014,9876996.54,16827946.78,1374941.58,312511.96,80973.82,22463.14,354407.2,107932.32,1062429.62,1478378.53,1123971.34,703527.05,1478378.54,1016039.02,0.6872658067669191,0.2397269646514214,1.7037514098390079,2025,Q2,2025-Q2,Apr,4
2025-04-01,B015,8266279.12,12462595.61,1013637.43,422755.2,60462.24,49559.96,472392.18,62277.25,590882.23,1123659.64,651267.4500000002,166235.0,1123659.6300000001,588990.2000000002,0.5241713631733839,0.4204050473896619,1.5076427288605758,2025,Q2,2025-Q2,Apr,4
2025-04-01,B016,23440201.27,14786825.64,1258106.66,1078988.57,238034.76,120259.35,1182486.96,173058.79,179118.08999999985,1616400.77,433913.81000000006,-818133.55,1616400.77,260855.02000000005,0.16138016316337195,0.7315555535153574,0.6308318546276716,2025,Q2,2025-Q2,Apr,4
2025-04-01,B017,14440268.32,6050037.23,547392.43,523598.04,168189.92,48732.13,736761.43,50660.9,23794.390000000072,764314.49,27553.050000000047,-546705.89,764314.4800000001,-23107.849999999955,-0.030233432186185915,0.9639506371775136,0.41896986232732275,2025,Q2,2025-Q2,Apr,4
2025-04-01,B018,15989652.79,21272444.82,1648514.1,787003.58,94923.6,84030.04,907825.59,114333.36,861510.5200000001,1827467.74,919642.1500000003,18305.21,1827467.7400000002,805308.7900000003,0.44066922352347526,0.4967669579765057,1.3303881641072208,2025,Q2,2025-Q2,Apr,4
2025-04-01,B019,18897749.98,23074507.61,2418861.25,582763.86,106316.37,96294.14,998417.99,162051.45,1836097.3900000001,2621471.76,1623053.7700000003,878238.45,2621471.7600000002,1461002.3200000003,0.5573214033020902,0.3808616233195661,1.2210187791890768,2025,Q2,2025-Q2,Apr,4
2025-04-01,B020,17239989.91,16119388.09,1597792.3,619689.24,99455.24,77272.25,1040371.89,49687.97,978103.06,1774519.79,734147.9,64770.69,1774519.79,684459.93,0.3857155799879809,0.5862836221172828,0.9349998563891271,2025,Q2,2025-Q2,Apr,4
2025-05-01,B001,14232789.37,8255477.5,658279.49,438883.66,99003.74,78832.97,618441.25,37064.31,219395.83000000002,836116.2,217674.94999999995,-258273.01,836116.2,180610.63999999996,0.21601141085413722,0.7396594516408126,0.5800322962272574,2025,Q2,2025-Q2,May,5
2025-05-01,B002,20015571.97,7910046.99,828465.97,728697.52,93652.6,92147.66,1234154.19,62528.26,99768.44999999995,1014266.23,-219887.95999999996,-1011113.74,1014266.23,-282416.22,-0.2784438756281967,1.2167951110824227,0.3951946515371052,2025,Q2,2025-Q2,May,5
2025-05-01,B003,15627041.12,14832771.86,1159022.01,629477.77,136840.54,71696.45,671292.61,66160.11,529544.24,1367559.0,696266.39,628.51,1367559.0,630106.28,0.4607525379160972,0.49086921295534597,0.9491734069232423,2025,Q2,2025-Q2,May,5
2025-05-01,B004,10031799.56,15905242.41,1445765.19,517367.2,45785.03,41188.99,564783.15,79119.2,928397.99,1532739.21,967956.0599999999,371469.65,1532739.21,888836.86,0.5799009082569239,0.3684796123927697,1.5854824764860034,2025,Q2,2025-Q2,May,5
2025-05-01,B005,11664971.26,12228511.47,1302184.19,500433.38,74859.67,29267.81,617040.57,67602.6,801750.8099999999,1406311.67,789271.1,221235.13,1406311.67,721668.5,0.513163984481477,0.43876516362834417,1.04831046707611,2025,Q2,2025-Q2,May,5
2025-05-01,B006,24678119.58,13047547.31,1360693.11,1150039.18,196957.35,62195.34,1294934.5,56292.21,210653.93000000017,1619845.8,324911.3000000003,-881420.09,1619845.8000000003,268619.09000000026,0.1658300376492628,0.7994183767368472,0.5287091371651422,2025,Q2,2025-Q2,May,5
2025-05-01,B007,10171639.09,17357428.59,1306870.75,552109.82,62918.78,45436.72,374627.22,191751.12,754760.93,1415226.24,1040599.03,296738.08,1415226.25,848847.91,0.5997966120258157,0.26471189323968514,1.7064534473175061,2025,Q2,2025-Q2,May,5
2025-05-01,B008,12033037.63,8226589.33,841922.94,485395.24,78311.73,33378.19,605721.74,36270.17,356527.69999999995,953612.86,347891.1199999999,-173774.29,953612.8599999999,311620.9499999999,0.3267793074854296,0.6351862117295692,0.6836668830395737,2025,Q2,2025-Q2,May,5
2025-05-01,B009,26014220.24,22959222.51,1896746.7,930922.59,195780.49,93469.77,1062668.62,177859.27,965824.11,2185996.97,1123328.3399999999,14546.49,2185996.96,945469.0699999998,0.4325116124589669,0.4861253878413445,0.8825643166769777,2025,Q2,2025-Q2,May,5
2025-05-01,B010,13133577.27,24569567.93,2070457.06,698727.13,117642.07,32858.09,673297.92,120605.33,1371729.9300000002,2220957.22,1547659.2999999998,728326.85,2220957.2199999997,1427053.9699999997,0.6425400530677489,0.30315663621832395,1.8707445370670135,2025,Q2,2025-Q2,May,5
2025-05-01,B011,23677011.77,9676680.76,1015653.69,1158312.6,231802.66,136815.41,1108909.46,106848.33,-142658.91000000015,1384271.77,275362.2999999998,-989798.63,1384271.7599999998,168513.9699999998,0.12173474520638912,0.801077860607371,0.4086951872981225,2025,Q2,2025-Q2,May,5
2025-05-01,B012,26254722.97,12305251.05,1079701.5,1091141.42,108008.59,146975.29,1059580.16,126047.99,-11439.919999999925,1334685.38,275105.2200000002,-942084.18,1334685.3800000001,149057.2300000002,0.11167967540035555,0.7938800977950323,0.46868714113116394,2025,Q2,2025-Q2,May,5
2025-05-01,B013,8689873.46,13948254.61,1382702.94,263652.92,44654.53,21673.74,390473.24,93042.27,1119050.02,1449031.21,1058557.97,701862.78,1449031.21,965515.7,0.6663180843427106,0.26947193221600796,1.605115963334177,2025,Q2,2025-Q2,May,5
2025-05-01,B014,14940862.46,6844741.5,584119.04,687460.72,127925.43,62728.26,557409.99,56328.16,-103341.67999999993,774772.74,217362.74,-526426.12,774772.73,161034.58,0.20784750645521557,0.7194496765522452,0.4581222481851292,2025,Q2,2025-Q2,May,5
2025-05-01,B015,10030300.01,17135048.85,1753701.59,276616.02,64626.65,51129.0,500137.25,107650.46,1477085.57,1869457.25,1369319.99,985053.52,1869457.24,1261669.53,0.6748854710365025,0.2675307245861371,1.7083286474897774,2025,Q2,2025-Q2,May,5
2025-05-01,B016,18181943.92,21182708.48,2280828.24,780951.67,99053.88,45435.38,962456.74,201164.67,1499876.5700000003,2425317.5,1462860.76,480744.43,2425317.5,1261696.09,0.5202189362836,0.3968374202552862,1.1650409094430865,2025,Q2,2025-Q2,May,5
2025-05-01,B017,9341115.65,9129009.76,964004.55,457906.57,74586.18,36389.0,515002.01,52719.23,506097.98000000004,1074979.73,559977.72,49351.92,1074979.73,507258.49,0.471877260420529,0.47908067066529714,0.9772933022192054,2025,Q2,2025-Q2,May,5
2025-05-01,B018,13157808.64,14668471.03,1476389.46,696829.8,56251.22,29523.1,789569.72,64514.63,779559.6599999999,1562163.78,772594.06,11249.63,1562163.78,708079.43,0.4532683698504391,0.5054333803591323,1.1148110928903128,2025,Q2,2025-Q2,May,5
2025-05-01,B019,20818438.37,11749227.03,1335643.29,555180.31,183638.01,48821.51,1114141.91,47128.81,780462.98,1568102.81,453960.90000000014,-148348.22,1568102.81,406832.09000000014,0.25944223006653505,0.710503101515391,0.5643663958450885,2025,Q2,2025-Q2,May,5
2025-05-01,B020,20473004.71,16871984.02,1324345.09,1089286.56,148867.14,88166.98,1305377.52,201797.94,235058.53000000003,1561379.2,256001.68999999994,-1035082.82,1561379.21,54203.74999999994,0.03471530148015737,0.8360413099134323,0.8241088330214134,2025,Q2,2025-Q2,May,5
2025-06-01,B001,7967285.98,13143075.95,1437939.05,367196.67,90111.89,32615.04,429028.25,85098.72,1070742.3800000001,1560665.98,1131637.73,679342.33,1560665.98,1046539.01,0.6705720656511011,0.2749007510242518,1.649630248367211,2025,Q2,2025-Q2,Jun,6
2025-06-01,B002,20418909.76,18442706.98,1749892.86,999365.9,147667.73,118154.85,730734.97,133222.2,750526.9600000001,2015715.45,1284980.4700000002,152392.38,2015715.4400000002,1151758.2700000003,0.5713893177302845,0.36251891288782306,0.903217027587275,2025,Q2,2025-Q2,Jun,6
2025-06-01,B003,21108487.93,12677520.06,1099281.53,889293.72,109848.82,65321.0,980430.27,123616.8,209987.81000000006,1274451.35,294021.0800000001,-718889.44,1274451.35,170404.2800000001,0.13370795205325026,0.7692959562559999,0.600588734827488,2025,Q2,2025-Q2,Jun,6
2025-06-01,B004,20396810.76,13124916.16,1000838.54,839414.77,186480.07,96628.26,926454.59,45293.14,161423.77000000002,1283946.87,357492.28000000014,-527215.63,1283946.87,312199.14000000013,0.24315580908733406,0.7215677000715769,0.6434788415912135,2025,Q2,2025-Q2,Jun,6
2025-06-01,B005,24184050.06,10696968.5,887252.34,1090095.76,290075.55,119580.38,1418325.1,86809.05,-202843.42000000004,1296908.27,-121416.83000000007,-1298321.65,1296908.27,-208225.88000000006,-0.16055559580940915,1.0936202141728961,0.44231501644518184,2025,Q2,2025-Q2,Jun,6
2025-06-01,B006,20685007.87,18780692.25,1712255.66,1104660.97,214563.2,100197.08,975034.09,171429.91,607594.69,2027015.94,1051981.85,-224109.03,2027015.94,880551.9400000001,0.43440799977132893,0.48101944871731006,0.9079373993005881,2025,Q2,2025-Q2,Jun,6
2025-06-01,B007,18344563.84,8297934.43,780360.97,621913.62,210536.17,96081.29,680255.7,59008.71,158447.34999999998,1086978.43,406722.73,-274199.6,1086978.43,347714.01999999996,0.3198904508160295,0.6258226301693953,0.4523375154827339,2025,Q2,2025-Q2,Jun,6
2025-06-01,B008,9914703.01,11187663.49,955369.13,442427.9,107278.4,58123.14,486402.67,130179.12,512941.23,1120770.67,634368.0,61760.97,1120770.67,504188.88,0.4498590956167688,0.43398947083438577,1.1283911861723028,2025,Q2,2025-Q2,Jun,6
2025-06-01,B009,18619376.48,15910201.95,1433964.95,940822.97,78510.34,49967.39,692087.07,148384.72,493141.98,1562442.67,870355.61,-218852.09,1562442.68,721970.89,0.46207832085078476,0.4429519744045906,0.8544970325450983,2025,Q2,2025-Q2,Jun,6
2025-06-01,B010,24825266.19,6860809.19,586699.91,1156229.91,283828.79,65847.64,936926.32,77131.57,-569529.9999999999,936376.34,-549.9799999999814,-1233911.46,936376.34,-77681.54999999999,-0.08295975312661145,1.0005873493129909,0.276363972796539,2025,Q2,2025-Q2,Jun,6
2025-06-01,B011,27462049.24,18818772.01,2018216.16,911853.87,169859.63,126213.09,1764215.45,118305.04,1106362.29,2314288.88,550073.4299999999,-480085.48,2314288.88,431768.38999999996,0.1865663330672876,0.7623142751305965,0.685264666359618,2025,Q2,2025-Q2,Jun,6
2025-06-01,B012,14200018.09,21323530.45,1810612.35,465998.3,147520.99,45142.62,754827.29,200141.88,1344614.05,2003275.97,1248448.6700000002,582308.49,2003275.9600000002,1048306.7900000002,0.5232962462146254,0.3767964599345564,1.5016551609195872,2025,Q2,2025-Q2,Jun,6
2025-06-01,B013,12822166.09,12235565.98,991407.1,371136.73,130716.0,43559.92,589529.8,96475.42,620270.37,1165683.02,576153.22,108541.08,1165683.02,479677.8,0.4114993456797543,0.5057376575666342,0.9542510909714788,2025,Q2,2025-Q2,Jun,6
2025-06-01,B014,19628412.92,17355657.62,1309485.33,665533.8,147731.81,107446.54,1003613.06,131537.06,643951.53,1564663.69,561050.6200000001,-236020.23,1564663.6800000002,429513.5600000001,0.27450855125620355,0.6414241429825993,0.8842109492365418,2025,Q2,2025-Q2,Jun,6
2025-06-01,B015,20933787.29,22358296.91,2367205.58,893903.65,242894.02,99092.74,1084698.81,156743.63,1473301.9300000002,2709192.35,1624493.5300000003,573846.26,2709192.3400000003,1467749.9000000004,0.5417665915886948,0.400377187689819,1.0680483469267161,2025,Q2,2025-Q2,Jun,6
2025-06-01,B016,23836273.68,8787078.02,851985.79,1232279.1,260184.12,53788.48,1457470.55,84411.5,-380293.31000000006,1165958.39,-291512.1599999999,-1608202.76,1165958.3900000001,-375923.6599999999,-0.3224160169214957,1.2500193510336162,0.3686431083132286,2025,Q2,2025-Q2,Jun,6
2025-06-01,B017,13371145.2,8545618.47,832114.93,676767.26,57508.19,65917.17,512067.7,102192.97,155347.67000000004,955540.3,443472.59000000014,-335487.63,955540.2900000002,341279.6200000001,0.3571587965170993,0.5358933635336297,0.6391089425907963,2025,Q2,2025-Q2,Jun,6
2025-06-01,B018,18004085.13,17467631.91,1795982.49,917271.74,145269.6,45930.51,1096392.63,101288.52,878710.75,1987182.6,890789.9700000002,-127770.3,1987182.6,789501.4500000002,0.39729688152462694,0.5517322011575584,0.9702038056293062,2025,Q2,2025-Q2,Jun,6
2025-06-01,B019,9727429.24,19236031.67,1522517.98,349608.76,93075.45,24792.98,384790.51,155502.51,1172909.22,1640386.42,1255595.9,750484.64,1640386.41,1100093.39,0.6706306412280019,0.23457309061710652,1.977504147848214,2025,Q2,2025-Q2,Jun,6
2025-06-01,B020,16574031.83,12347005.94,1322227.39,536090.8,97217.99,46174.02,859086.36,55466.43,786136.5899999999,1465619.4,606533.0399999999,14975.8,1465619.4,551066.6099999999,0.37599571212007693,0.5861592443440637,0.7449609163686516,2025,Q2,2025-Q2,Jun,6
2025-07-01,B001,10910577.91,14323690.9,1359632.07,594407.16,111391.15,35743.9,521794.08,82235.91,765224.91,1506767.11,984973.0399999998,308329.96,1506767.1199999999,902737.1299999998,0.5991218669544633,0.34630041568732933,1.3128260499264424,2025,Q3,2025-Q3,Jul,7
2025-07-01,B002,15427036.3,8266603.6,698978.47,709798.44,76855.61,33714.23,660231.97,66273.57,-10819.969999999972,809548.31,149316.33999999997,-626755.68,809548.3099999999,83042.76999999996,0.10257914070625379,0.8155559857817504,0.5358516982292962,2025,Q3,2025-Q3,Jul,7
2025-07-01,B003,9621531.63,15514587.95,1396792.89,305555.46,69855.62,31822.04,494006.35,186027.04,1091237.43,1498470.54,1004464.1999999998,512881.69,1498470.5499999998,818437.1599999998,0.546181678378664,0.32967371297353826,1.612486301206495,2025,Q3,2025-Q3,Jul,7
2025-07-01,B004,10377740.21,14050119.94,1408711.53,262284.37,118345.69,44212.0,648023.88,72716.44,1146427.1600000001,1571269.22,923245.34,588244.53,1571269.22,850528.8999999999,0.5413005544651348,0.41242065443119924,1.3538708481506687,2025,Q3,2025-Q3,Jul,7
2025-07-01,B005,17265235.49,5949791.86,632310.29,902854.4,175064.02,42401.56,657120.42,70859.83,-270544.11,849775.87,192655.45000000007,-781058.78,849775.8700000001,121795.62000000007,0.1433267574425243,0.7732867491283318,0.3446111038245677,2025,Q3,2025-Q3,Jul,7
2025-07-01,B006,10554093.77,6042973.19,510598.53,443125.48,76510.14,44844.4,650332.63,66876.99,67473.05000000005,631953.07,-18379.55999999994,-528382.02,631953.0700000001,-85256.54999999994,-0.13490962232369555,1.0290837419303935,0.5725714894799537,2025,Q3,2025-Q3,Jul,7
2025-07-01,B007,13947840.62,5901231.27,574634.48,386310.51,161134.6,59284.67,837521.48,22584.54,188323.96999999997,795053.75,-42467.72999999998,-451362.77,795053.75,-65052.26999999998,-0.08182122277896303,1.0534149169159948,0.4230928235255387,2025,Q3,2025-Q3,Jul,7
2025-07-01,B008,11027621.35,6160656.23,698255.55,551822.34,108643.77,51205.26,651234.16,71357.27,146433.21000000008,858104.59,206870.42000000004,-416309.18,858104.5800000001,135513.15000000002,0.1579214855140384,0.7589216689648713,0.5586568521415546,2025,Q3,2025-Q3,Jul,7
2025-07-01,B009,22773524.91,11892402.84,1126233.84,940823.13,255164.19,133619.4,1333184.3,41656.65,185410.71000000008,1515017.44,181833.1299999999,-800646.64,1515017.43,140176.4799999999,0.09252466488124819,0.8799795128429645,0.5222029917194755,2025,Q3,2025-Q3,Jul,7
2025-07-01,B010,19526231.76,10141020.5,996726.06,1014250.62,140921.87,45918.73,1215054.35,73616.66,-17524.55999999994,1183566.67,-31487.689999999944,-1119354.96,1183566.6600000001,-105104.34999999995,-0.08880306750107335,1.0266040697699275,0.5193536891626036,2025,Q3,2025-Q3,Jul,7
2025-07-01,B011,15868358.97,23603420.66,2365722.23,849679.8,82057.6,86084.34,915961.54,136076.39,1516042.43,2533864.16,1617902.63,632146.42,2533864.17,1481826.2399999998,0.5848088692141694,0.36148801930452334,1.4874518974913258,2025,Q3,2025-Q3,Jul,7
2025-07-01,B012,15127564.71,6441648.07,613947.28,738625.05,87364.13,86710.9,895816.39,73171.76,-124677.77000000002,788022.31,-107794.07999999996,-919590.89,788022.31,-180965.83999999997,-0.22964557945066297,1.1367906449247611,0.42582188167681617,2025,Q3,2025-Q3,Jul,7
2025-07-01,B013,9388033.28,18393521.81,1617359.52,355859.21,58273.54,36827.55,443396.97,77126.36,1261500.31,1712460.62,1269063.6400000001,836078.08,1712460.61,1191937.28,0.6960377792281015,0.25892389431369167,1.9592518753832113,2025,Q3,2025-Q3,Jul,7
2025-07-01,B014,21197418.31,15477096.61,1578757.04,900118.94,117166.67,72608.96,1245184.76,91012.38,678638.1000000001,1768532.67,523347.9099999999,-467783.4,1768532.67,432335.5299999999,0.24446001893762015,0.7040778952644398,0.7301406418298871,2025,Q3,2025-Q3,Jul,7
2025-07-01,B015,13971655.56,15548991.3,1392132.71,526588.61,104035.43,56681.65,511336.66,129080.74,865544.1,1552849.79,1041513.1299999999,385843.79,1552849.7899999998,912432.3899999999,0.5875857380899668,0.32928919673550655,1.1128954069348673,2025,Q3,2025-Q3,Jul,7
2025-07-01,B016,13449903.15,7949326.67,711847.42,340237.71,144788.83,50318.84,504273.69,49274.64,371609.71,906955.09,402681.39999999997,13169.05,906955.09,353406.75999999995,0.3896629104314305,0.5560073432081406,0.5910322610761699,2025,Q3,2025-Q3,Jul,7
2025-07-01,B017,24034434.04,7700357.16,676656.76,914384.85,186708.47,70944.16,1083434.41,62061.03,-237728.08999999997,934309.39,-149125.0199999999,-1125570.89,934309.39,-211186.0499999999,-0.2260343867463431,1.1596098911089825,0.3203885370125404,2025,Q3,2025-Q3,Jul,7
2025-07-01,B018,28070261.95,18961307.79,1665499.03,1451803.82,309989.05,161046.95,1063888.85,139388.32,213695.20999999996,2136535.03,1072646.1800000002,-518545.96,2136535.0300000003,933257.8600000001,0.4368090608839678,0.49795057654636254,0.675494508165785,2025,Q3,2025-Q3,Jul,7
2025-07-01,B019,16702951.65,13363753.47,1452423.94,609702.53,177765.56,96001.03,949453.65,62594.61,842721.4099999999,1726190.54,776736.88,104439.75,1726190.53,714142.27,0.41370999179331613,0.5500283042336005,0.800083347544145,2025,Q3,2025-Q3,Jul,7
2025-07-01,B020,20573399.07,12501532.15,1260491.83,958767.77,202427.11,79648.84,907546.59,113817.64,301724.06000000006,1542567.77,635021.1900000001,-437564.22,1542567.78,521203.55000000005,0.3378804852257449,0.5883349838928957,0.6076551622541388,2025,Q3,2025-Q3,Jul,7
2025-08-01,B001,21280989.1,10496255.36,1152570.04,1160974.77,166948.28,91405.31,1132143.54,69087.49,-8404.729999999981,1410923.64,278780.0900000001,-951282.16,1410923.6300000001,209692.6000000001,0.14862080097134675,0.8024130547732055,0.4932221576110858,2025,Q3,2025-Q3,Aug,8
2025-08-01,B002,10332865.52,9857174.63,997022.89,388814.98,45757.56,48288.7,559354.42,74601.16,608207.91,1091069.15,531714.7299999999,68298.59,1091069.15,457113.56999999983,0.41895930244201285,0.5126663328350912,0.9539633135571866,2025,Q3,2025-Q3,Aug,8
2025-08-01,B003,8087978.96,9096471.79,713698.35,238504.59,90632.84,28434.83,356894.6,41226.88,475193.76,832766.02,475871.4199999999,196139.94,832766.0199999999,434644.5399999999,0.5219287645766334,0.4285652769549843,1.1246903379679414,2025,Q3,2025-Q3,Aug,8
2025-08-01,B004,14254620.11,7118852.42,695534.69,703807.17,159642.91,66584.13,877475.92,57011.78,-8272.480000000098,921761.73,44285.80999999994,-716533.14,921761.73,-12725.97000000006,-0.0138061383824213,0.951955252036771,0.4994066741214614,2025,Q3,2025-Q3,Aug,8
2025-08-01,B005,11023679.97,24405137.52,2001013.42,311283.78,94397.09,51089.51,437048.31,216620.97,1689729.64,2146500.01,1709451.71,1181546.95,2146500.02,1492830.74,0.6954720363804143,0.20360973954242031,2.2138829852115163,2025,Q3,2025-Q3,Aug,8
2025-08-01,B006,14649156.8,7877092.59,878514.06,582570.16,162016.74,38425.95,923977.76,87511.85,295943.9,1078956.75,154978.99,-515103.02,1078956.75,67467.13999999998,0.0625299762942305,0.8563621850458788,0.5377164500007263,2025,Q3,2025-Q3,Aug,8
2025-08-01,B007,11801152.08,12026166.53,993499.04,396346.11,75024.27,69289.67,417890.62,84228.83,597152.93,1137812.98,719922.36,239347.43,1137812.98,635693.53,0.5586977307993094,0.367275314437,1.0190671595853207,2025,Q3,2025-Q3,Aug,8
2025-08-01,B008,8451646.28,17487849.9,1449757.38,231197.89,37493.35,20682.27,313858.67,188844.32,1218559.4899999998,1507933.0,1194074.33,774032.13,1507933.0,1005230.01,0.666627767944597,0.20813833903760975,2.069164908307071,2025,Q3,2025-Q3,Aug,8
2025-08-01,B009,19426489.57,15262454.43,1630381.11,753189.9,154188.98,109406.47,859157.35,135828.85,877191.2100000001,1893976.56,1034819.2100000001,145800.46,1893976.56,898990.3600000001,0.4746575955512354,0.45362617898502394,0.7856516935293112,2025,Q3,2025-Q3,Aug,8
2025-08-01,B010,21217857.93,18278428.89,2018204.69,1045917.97,221227.02,70178.02,1288139.55,87153.21,972286.72,2309609.74,1021470.1799999999,-111601.0,2309609.73,934316.97,0.40453456610611005,0.5577303962951351,0.8614643829882596,2025,Q3,2025-Q3,Aug,8
2025-08-01,B011,10614275.71,14094192.32,1442007.42,419985.07,121796.11,29334.72,388498.28,74685.9,1022022.3499999999,1593138.25,1204639.97,709969.01,1593138.25,1129954.07,0.7092630347680122,0.24385722959071507,1.327852479535789,2025,Q3,2025-Q3,Aug,8
2025-08-01,B012,26288110.69,20882388.83,2090310.94,848161.71,159378.5,100240.84,1178489.33,163986.27,1242149.23,2349930.27,1171440.9499999997,159292.96,2349930.28,1007454.6799999997,0.428716838356583,0.5014996998123706,0.7943662850576653,2025,Q3,2025-Q3,Aug,8
2025-08-01,B013,20174338.08,11846244.09,1218524.16,1075069.27,218689.15,40843.65,1038308.61,42514.33,143454.8899999999,1478056.96,439748.34999999974,-677835.26,1478056.9599999997,397234.0199999997,0.2687542028150253,0.7024821357358245,0.587193693444836,2025,Q3,2025-Q3,Aug,8
2025-08-01,B014,26804094.94,21357975.32,1782030.33,1407834.13,136848.81,59867.69,962914.85,84464.31,374196.2000000002,1978746.83,1015831.9800000001,-476466.46,1978746.83,931367.6700000002,0.47068561570355116,0.48662862545179664,0.7968176268517574,2025,Q3,2025-Q3,Aug,8
2025-08-01,B015,20578812.33,10499987.75,1026402.73,613434.73,86072.85,57506.65,1069464.82,117521.21,412968.0,1169982.23,100517.40999999992,-630438.53,1169982.23,-17003.80000000009,-0.014533383126682266,0.9140863789016693,0.5102329318924306,2025,Q3,2025-Q3,Aug,8
2025-08-01,B016,15548254.22,16755517.79,1394083.64,845310.17,146985.41,69896.99,787616.69,194014.63,548773.4699999999,1610966.04,823349.3499999999,-215975.46,1610966.0399999998,629334.7199999999,0.39065672669300955,0.4889095551635589,1.0776462458690104,2025,Q3,2025-Q3,Aug,8
2025-08-01,B017,12688607.98,20718540.57,2122784.2,475909.34,137186.93,48747.96,512199.41,85031.95,1646874.86,2308719.08,1796519.6800000004,1235578.38,2308719.0900000003,1711487.7300000004,0.7413148431150194,0.2218543660069099,1.632845825377923,2025,Q3,2025-Q3,Aug,8
2025-08-01,B018,11347019.09,10279479.76,901915.86,453160.25,60244.0,58334.12,433216.19,59386.52,448755.61,1020493.97,587277.79,74731.01,1020493.98,527891.27,0.517289940309104,0.4245161642207826,0.9059189623695257,2025,Q3,2025-Q3,Aug,8
2025-08-01,B019,22853633.65,10829958.95,1227471.86,1085851.57,250339.27,91195.4,1176770.18,76741.28,141620.29000000004,1569006.53,392236.3500000001,-770356.5,1569006.53,315495.07000000007,0.20107951367162255,0.7500097402398955,0.4738834583532409,2025,Q3,2025-Q3,Aug,8
2025-08-01,B020,21272455.5,10153377.24,1085397.22,965385.65,97149.64,104918.17,1296865.26,53438.34,120011.56999999995,1287465.03,-9400.230000000214,-1028224.21,1287465.0299999998,-62838.57000000021,-0.04880798199233436,1.0073013478276767,0.47730160911607034,2025,Q3,2025-Q3,Aug,8
2025-09-01,B001,20652954.42,15806970.26,1528331.45,627309.4,133576.45,96164.28,784178.17,88121.88,901022.0499999999,1758072.18,973894.0099999999,258462.74,1758072.18,885772.1299999999,0.5038314922883314,0.4460443541060982,0.7653612136330855,2025,Q3,2025-Q3,Sep,9
2025-09-01,B002,9225312.62,9440083.4,734457.26,448596.33,107075.28,32733.27,351437.79,104965.33,285860.93,874265.82,522828.0200000001,-30733.64,874265.81,417862.69000000006,0.4779584026052672,0.4019804800556023,1.0232805964249265,2025,Q3,2025-Q3,Sep,9
2025-09-01,B003,18531508.42,9788023.29,846351.44,989431.74,176651.69,110943.7,914026.58,44602.93,-143080.30000000005,1133946.84,219920.24999999988,-814114.41,1133946.8299999998,175317.3199999999,0.15460806041496664,0.8060577055451533,0.5281827613901274,2025,Q3,2025-Q3,Sep,9
2025-09-01,B004,20909146.86,18221350.58,1623108.73,770123.13,127425.1,99218.54,1165434.02,79023.62,852985.6,1849752.38,684318.3500000001,-164828.39,1849752.37,605294.7300000001,0.3272301416216053,0.6300486697038263,0.8714535653703854,2025,Q3,2025-Q3,Sep,9
2025-09-01,B005,18742465.27,11180376.49,1225007.14,644643.98,219713.75,45269.73,1152358.84,97479.66,580363.1599999999,1489990.62,337631.7799999998,-404491.87,1489990.6199999999,240152.1199999998,0.161176934120565,0.7734000634178491,0.5965264616440716,2025,Q3,2025-Q3,Sep,9
2025-09-01,B006,19648034.75,15364161.81,1225875.82,779359.71,157861.97,85734.21,909931.29,87911.24,446516.1100000001,1469472.0,559540.71,-307730.24,1469472.0,471629.47,0.3209516547440169,0.6192232924478996,0.7819693931475767,2025,Q3,2025-Q3,Sep,9
2025-09-01,B007,14131052.58,12873430.29,995182.48,501330.48,107936.6,33964.62,917603.75,122211.67,493852.0,1137083.7,219479.9500000002,-404062.2,1137083.7000000002,97268.28000000019,0.08554188227304654,0.8069799523113381,0.911002928983511,2025,Q3,2025-Q3,Sep,9
2025-09-01,B008,16360169.3,17336938.47,1335483.47,846404.52,96777.83,94208.62,605655.77,167495.26,489078.94999999995,1526469.91,920814.1499999999,-93085.63,1526469.92,753318.8899999999,0.49350392047030966,0.39676888621558953,1.059704099150123,2025,Q3,2025-Q3,Sep,9
2025-09-01,B009,28147239.92,10041667.96,790766.84,988136.34,337164.68,101462.83,1361081.85,31716.07,-197369.5,1229394.35,-131687.5,-1151539.91,1229394.35,-163403.57,-0.13291387747145575,1.107115751752072,0.35675497805612194,2025,Q3,2025-Q3,Sep,9
2025-09-01,B010,24517040.61,18944763.36,1926146.81,816870.96,259274.12,94201.11,1530414.2,194763.45,1109275.85,2279622.04,749207.8400000001,-262426.57,2279622.04,554444.3900000001,0.24321768269971636,0.6713455884993987,0.7727181947185264,2025,Q3,2025-Q3,Sep,9
2025-09-01,B011,10437904.73,19573572.85,1675548.2,279901.07,79718.24,57588.35,648278.76,125943.79,1395647.13,1812854.79,1164576.03,758731.17,1812854.79,1038632.24,0.5729263290856296,0.3576010409526513,1.875239653581318,2025,Q3,2025-Q3,Sep,9
2025-09-01,B012,11199417.72,12602741.76,1310878.56,599625.91,66681.22,39028.46,658227.61,43264.08,711252.65,1416588.24,758360.63,115470.64,1416588.24,715096.55,0.5048019811317931,0.464656977527923,1.125303303714972,2025,Q3,2025-Q3,Sep,9
2025-09-01,B013,9598296.77,19980782.08,2053714.19,280957.26,72169.52,47976.16,458403.3,93244.05,1772756.93,2173859.87,1715456.57,1341255.25,2173859.87,1622212.52,0.7462360119836059,0.21087067585455724,2.081700801589197,2025,Q3,2025-Q3,Sep,9
2025-09-01,B014,25031762.98,21477535.76,2074646.05,683215.03,149200.85,90741.05,1204028.64,219670.78,1391431.02,2314587.94,1110559.3099999998,207673.49,2314587.9499999997,890888.5299999998,0.3849015674690607,0.5201913541457779,0.8580113105561213,2025,Q3,2025-Q3,Sep,9
2025-09-01,B015,18661983.12,11470589.25,1222498.22,890216.87,218961.17,99703.46,714417.89,62269.76,332281.35,1541162.86,826744.9599999998,-125741.66,1541162.8499999999,764475.1999999998,0.4960379105945877,0.46355768957187105,0.6146500710156038,2025,Q3,2025-Q3,Sep,9
2025-09-01,B016,11687762.76,8767452.12,663547.67,477997.09,104867.62,63952.3,597430.32,68290.17,185550.58000000002,832367.59,234937.27000000014,-311349.99,832367.5900000001,166647.10000000015,0.20020854007542524,0.7177481766198992,0.7501394663832139,2025,Q3,2025-Q3,Sep,9
2025-09-01,B017,13474039.47,9201530.26,845700.84,705682.42,126244.68,44856.77,598112.61,42289.45,140018.41999999993,1016802.29,418689.68000000005,-329282.18,1016802.29,376400.23000000004,0.37018035236722374,0.5882290154952345,0.6829080678060385,2025,Q3,2025-Q3,Sep,9
2025-09-01,B018,11493943.2,15968581.36,1609850.14,296536.9,67564.9,59618.12,722874.98,170557.1,1313313.2399999998,1737033.15,1014158.1799999999,547064.17,1737033.16,843601.08,0.4856562899467043,0.41615496850963973,1.3893040083928725,2025,Q3,2025-Q3,Sep,9
2025-09-01,B019,24559021.62,16867598.1,1841268.77,1246811.64,284812.0,129552.47,1017772.49,95025.57,594457.1300000001,2255633.25,1237860.7500000002,-103976.46,2255633.24,1142835.1800000002,0.5066582455576866,0.4512136423384149,0.6868188139165782,2025,Q3,2025-Q3,Sep,9
2025-09-01,B020,14233990.66,10460400.7,870968.95,394603.77,147629.31,80178.19,915259.8,60052.22,476365.17999999993,1098776.45,183516.6499999999,-271139.33,1098776.45,123464.4299999999,0.11236537696089129,0.8329809034403678,0.7348888270241425,2025,Q3,2025-Q3,Sep,9
2025-10-01,B001,16011321.69,10196714.56,775651.56,572349.84,73457.68,56860.18,987650.3,98509.07,203301.7200000001,905969.42,-81680.88,-752539.78,905969.42,-180189.95,-0.19889186767473896,1.0901585397882414,0.6368440255852483,2025,Q4,2025-Q4,Oct,10
2025-10-01,B002,15682596.0,8442743.99,721826.13,558125.68,73605.0,68776.53,777681.23,97842.84,163700.44999999995,864207.66,86526.43000000005,-569442.09,864207.66,-11316.409999999945,-0.013094549520655654,0.8998777330902158,0.5383511754048883,2025,Q4,2025-Q4,Oct,10
2025-10-01,B003,9851649.01,14782096.73,1526815.88,379133.04,83340.63,41134.19,611821.52,62522.19,1147682.8399999999,1651290.7,1039469.1799999997,597813.95,1651290.6999999997,976946.9899999998,0.5916262896654114,0.37051109171752744,1.5004692833651816,2025,Q4,2025-Q4,Oct,10
2025-10-01,B004,12844898.4,7451405.01,586439.96,443300.2,152475.88,38673.44,771790.34,76308.69,143139.75999999995,777589.27,5798.9400000000605,-513809.95,777589.28,-70509.74999999994,-0.09067736890611447,0.9925424126217377,0.58010618519178,2025,Q4,2025-Q4,Oct,10
2025-10-01,B005,25703858.19,15125959.31,1707664.48,726917.33,150435.78,60312.51,916741.03,156317.72,980747.15,1918412.77,1001671.74,118436.68,1918412.77,845354.02,0.4406528319763009,0.477864328436471,0.5884703844143018,2025,Q4,2025-Q4,Oct,10
2025-10-01,B006,25373604.87,22851928.44,2426999.72,974764.2,174863.93,55781.44,1281869.89,76119.71,1452235.5200000003,2657645.09,1375775.2000000004,324891.29,2657645.0900000003,1299655.4900000005,0.48902522571213614,0.4823329852519923,0.9006181249010677,2025,Q4,2025-Q4,Oct,10
2025-10-01,B007,15171811.41,9576901.33,848022.52,468125.12,98517.54,40916.08,725600.85,47692.05,379897.4,987456.14,261855.29000000004,-253961.87,987456.14,214163.24000000005,0.21688380002376617,0.7348183079807473,0.6312299218066802,2025,Q4,2025-Q4,Oct,10
2025-10-01,B008,10065511.93,5767148.59,613081.52,283746.74,52046.33,33482.65,366305.07,24155.77,329334.78,698610.51,332305.43,24402.93,698610.5,308149.66,0.4410893623843329,0.5243337596557739,0.5729612790792251,2025,Q4,2025-Q4,Oct,10
2025-10-01,B009,18918557.31,7020342.64,743916.82,483649.06,182555.28,60215.8,1227543.06,66348.62,260267.75999999995,986687.9,-240855.16000000003,-790852.84,986687.9,-307203.78,-0.3113484821289488,1.2441047062602064,0.3710823465534117,2025,Q4,2025-Q4,Oct,10
2025-10-01,B010,7015910.83,8944361.8,860664.52,248672.22,32987.06,37512.08,336469.18,100374.89,611992.3,931163.66,594694.48,245647.38,931163.66,494319.58999999997,0.5308622009583148,0.3613426881371208,1.2748682269098908,2025,Q4,2025-Q4,Oct,10
2025-10-01,B011,19763891.02,10495581.88,1192162.43,514319.13,202645.88,95900.54,1067468.22,66709.13,677843.2999999999,1490708.85,423240.6300000001,-157787.64,1490708.85,356531.5000000001,0.23916910401383884,0.7160809570561011,0.5310483583105692,2025,Q4,2025-Q4,Oct,10
2025-10-01,B012,18195872.94,11658140.39,1264622.33,769776.12,217107.8,73281.69,1001796.71,97452.4,494846.2100000001,1555011.82,553215.1100000001,-314013.42,1555011.82,455762.7100000001,0.2930927624717348,0.644237360202188,0.6407024509591899,2025,Q4,2025-Q4,Oct,10
2025-10-01,B013,11840158.03,16805211.56,1325822.73,417655.42,124297.04,70709.16,506393.91,153256.21,908167.31,1520828.93,1014435.02,443523.39,1520828.93,861178.81,0.566256199505621,0.3329723021510381,1.4193401403443937,2025,Q4,2025-Q4,Oct,10
2025-10-01,B014,20736902.81,13013471.25,992438.47,1029613.58,184298.02,87764.6,961004.17,67774.27,-37175.109999999986,1264501.09,303496.92000000004,-793890.93,1264501.09,235722.65000000002,0.1864155372139695,0.7599868261086276,0.6275513450217112,2025,Q4,2025-Q4,Oct,10
2025-10-01,B015,17134140.7,20780367.24,1993299.26,632595.12,178124.03,90943.66,975038.07,227027.62,1360704.1400000001,2262366.95,1287328.8800000004,427706.13,2262366.95,1060301.2600000002,0.4686690017284774,0.43098139760218823,1.2128047506928665,2025,Q4,2025-Q4,Oct,10
2025-10-01,B016,26570643.8,10122982.35,1115170.11,1118166.8,154484.84,142104.23,1283248.34,111727.98,-2996.689999999944,1411759.18,128510.84000000008,-1101383.94,1411759.1800000002,16782.860000000088,0.011887905697910947,0.9089711320311725,0.38098370616070654,2025,Q4,2025-Q4,Oct,10
2025-10-01,B017,9137411.83,5743254.6,506148.65,472185.41,76315.47,37567.96,473438.37,33618.27,33963.24000000005,620032.09,146593.70999999996,-359209.96,620032.08,112975.43999999997,0.18220902376535095,0.7635707655642593,0.628542820095261,2025,Q4,2025-Q4,Oct,10
2025-10-01,B018,19061419.56,17399623.83,1585055.15,1035468.31,213127.26,71842.69,875870.02,80697.31,549586.8399999999,1870025.11,994155.0799999998,-122010.53,1870025.0999999999,913457.7699999998,0.4884735343926666,0.46837340311635395,0.9128188892349212,2025,Q4,2025-Q4,Oct,10
2025-10-01,B019,14532466.97,11059651.2,1151270.15,613832.12,119554.33,51606.28,828846.2,88744.62,537438.0299999999,1322430.77,493584.56000000006,-208992.18,1322430.76,404839.94000000006,0.3061331846213257,0.6267596195357706,0.7610305409832284,2025,Q4,2025-Q4,Oct,10
2025-10-01,B020,22340611.92,14848696.8,1629864.86,1059369.53,222644.6,110337.68,1213367.44,47441.87,570495.3300000001,1962847.15,749479.7000000002,-357331.69,1962847.1400000001,702037.8300000002,0.3576630169988684,0.6181670570638526,0.6646504067646863,2025,Q4,2025-Q4,Oct,10
2025-11-01,B001,11413228.1,18253945.74,1927632.58,387258.22,103456.19,51806.69,590443.95,173999.98,1540374.36,2082895.46,1492451.51,931193.3,2082895.46,1318451.53,0.6329897756846616,0.2834726760602762,1.599367469051109,2025,Q4,2025-Q4,Nov,11
2025-11-01,B002,21552241.53,15827581.38,1192303.1,565003.42,138404.91,60105.01,1335868.28,58012.61,627299.68,1390813.02,54944.73999999999,-568071.3,1390813.02,-3067.87000000001,-0.002205810526565253,0.9604945170846905,0.7343821457257026,2025,Q4,2025-Q4,Nov,11
2025-11-01,B003,14841903.73,13833232.61,1492394.91,506999.61,155772.59,50080.31,757632.46,126703.83,985395.2999999999,1698247.81,940615.3500000001,306911.9,1698247.81,813911.5200000001,0.47926546126386593,0.446125974983592,0.9320389662708046,2025,Q4,2025-Q4,Nov,11
2025-11-01,B004,13096864.1,15302049.14,1647334.98,528913.43,118387.73,41684.33,763673.56,70945.48,1118421.5499999998,1807407.03,1043733.48,443874.56,1807407.04,972788.0,0.5382229782617202,0.4225243916279091,1.1683750417781307,2025,Q4,2025-Q4,Nov,11
2025-11-01,B005,23779243.93,15120184.46,1329288.91,1150480.94,98195.92,121929.7,1072183.14,149017.11,178807.96999999997,1549414.53,477231.3899999999,-822266.67,1549414.5299999998,328214.2799999999,0.21183116180019299,0.6919924392344508,0.6358564008388975,2025,Q4,2025-Q4,Nov,11
2025-11-01,B006,14715066.85,6064497.5,684651.41,539556.36,72447.57,51930.74,949815.45,65030.04,145095.05000000005,809029.72,-140785.72999999998,-745372.14,809029.72,-205815.77,-0.2543982809432514,1.1740179952845242,0.41212843691566375,2025,Q4,2025-Q4,Nov,11
2025-11-01,B007,20159337.65,8390170.51,932655.22,982476.12,201351.95,45702.68,926973.91,60274.31,-49820.90000000002,1179709.86,252735.93999999983,-790014.49,1179709.8499999999,192461.62999999983,0.1631431915228985,0.7857643216253557,0.4161927666309017,2025,Q4,2025-Q4,Nov,11
2025-11-01,B008,15126441.38,11191559.73,1226333.03,736747.41,85737.33,65528.85,585472.04,52382.14,489585.62,1377599.21,792127.1700000002,2997.61,1377599.2100000002,739745.0300000001,0.5369813111318494,0.4249944655528657,0.7398673256220956,2025,Q4,2025-Q4,Nov,11
2025-11-01,B009,22825247.97,6723189.63,760720.27,662754.97,168228.36,50784.09,1254071.76,63462.61,97965.30000000005,979732.72,-274339.04000000004,-1000556.62,979732.72,-337801.65,-0.3447895973097643,1.2800141654960753,0.29455056255408557,2025,Q4,2025-Q4,Nov,11
2025-11-01,B010,12345232.46,10701824.42,1091147.57,495233.0,125969.99,60211.91,470209.58,99082.91,595914.5700000001,1277329.48,807119.8899999999,212803.99,1277329.47,708036.9799999999,0.5543103769460512,0.36811926056947547,0.8668791336797557,2025,Q4,2025-Q4,Nov,11
2025-11-01,B011,19656609.45,16195578.02,1506187.29,518398.62,183433.88,51220.28,1173388.1,82349.07,987788.67,1740841.45,567453.3499999999,-33294.34,1740841.45,485104.27999999985,0.2786608050951451,0.674035019099528,0.8239253092552032,2025,Q4,2025-Q4,Nov,11
2025-11-01,B012,9642661.76,18580400.49,1597018.8,379509.09,96067.03,55023.07,373949.88,199894.46,1217509.71,1748108.9,1374159.02,794755.46,1748108.9000000001,1174264.56,0.6717342151853354,0.21391681033143872,1.9268953897227645,2025,Q4,2025-Q4,Nov,11
2025-11-01,B013,7792796.52,12281513.52,1203284.04,320099.62,41172.03,16844.88,506047.09,109321.8,883184.42,1261300.95,755253.8599999999,325832.44,1261300.95,645932.0599999998,0.5121157325696138,0.40121042483952785,1.5760084955997287,2025,Q4,2025-Q4,Nov,11
2025-11-01,B014,17260153.75,9175997.77,1046161.76,949057.0,179428.86,98274.42,1093394.1,45371.8,97104.76000000001,1323865.04,230470.93999999994,-763957.87,1323865.04,185099.13999999996,0.139817227895073,0.8259105474981046,0.5316289705704388,2025,Q4,2025-Q4,Nov,11
2025-11-01,B015,24347515.11,20597043.67,2281995.05,927297.92,234251.6,111259.52,1048331.09,159312.29,1354697.13,2627506.16,1579175.08,492564.86,2627506.17,1419862.79,0.5403841887077282,0.39898330286318606,0.8459608127130968,2025,Q4,2025-Q4,Nov,11
2025-11-01,B016,8682329.82,15652165.44,1212065.81,382680.21,46454.57,42369.68,392065.82,147072.88,829385.6000000001,1300890.06,908824.24,379071.15,1300890.06,761751.36,0.5855616730594436,0.3013827471323749,1.802760982880975,2025,Q4,2025-Q4,Nov,11
2025-11-01,B017,21071688.66,16566692.37,1893291.32,703060.66,173361.3,102700.16,1120819.89,79703.65,1190230.6600000001,2169352.77,1048532.8900000004,265768.58,2169352.7800000003,968829.2400000003,0.4465982890989266,0.5166609600491072,0.7862062047949792,2025,Q4,2025-Q4,Nov,11
2025-11-01,B018,26380329.72,18381446.96,2002472.52,1007335.84,183330.74,56477.65,1032674.61,101847.1,995136.68,2242280.92,1209606.2999999998,100423.37,2242280.9099999997,1107759.1999999997,0.4940323021347044,0.4605464932580638,0.696786096121622,2025,Q4,2025-Q4,Nov,11
2025-11-01,B019,8972634.53,8196992.19,817446.64,447663.78,78699.12,22669.16,426333.58,25173.97,369782.86,918814.92,492481.34,19643.59,918814.92,467307.37,0.5085979339560572,0.46400376258583176,0.9135546714394039,2025,Q4,2025-Q4,Nov,11
2025-11-01,B020,18768893.49,12404735.44,1132977.11,728687.67,210193.85,80684.28,913246.85,43250.43,404289.44000000006,1423855.24,510608.39000000025,-261329.71,1423855.2400000002,467357.96000000025,0.3282341820085588,0.6413902371142728,0.6609199123330952,2025,Q4,2025-Q4,Nov,11
2025-12-01,B001,7613619.7,8149141.53,781627.4,217092.71,79626.23,37865.77,443459.03,87024.05,564534.6900000001,899119.4,455660.37,151543.61,899119.4,368636.32,0.409997070466948,0.49321483887456996,1.070337349526402,2025,Q4,2025-Q4,Dec,12
2025-12-01,B002,12394344.86,8703567.87,840392.05,504289.3,124455.88,56160.72,490069.95,67823.25,336102.75000000006,1021008.65,530938.7,-41173.85,1021008.65,463115.44999999995,0.45358621594439963,0.4799860902255823,0.7022208893096751,2025,Q4,2025-Q4,Dec,12
2025-12-01,B003,8043880.04,16801974.78,1749875.28,336694.63,69150.0,17315.18,282897.53,163548.95,1413180.65,1836340.46,1553442.93,1053199.35,1836340.46,1389893.98,0.7568825118627512,0.15405505469285366,2.0887898248666574,2025,Q4,2025-Q4,Dec,12
2025-12-01,B004,9286113.43,12288745.56,1208396.92,286668.13,75647.25,40342.85,333217.96,104061.82,921728.7899999999,1324387.02,991169.06,600439.11,1324387.02,887107.24,0.669824776748416,0.25160165039974497,1.323346484256762,2025,Q4,2025-Q4,Dec,12
2025-12-01,B005,16191433.58,14463433.6,1455160.84,561932.72,71305.59,56503.27,857685.82,97980.45,893228.1200000001,1582969.7,725283.8800000002,65370.71,1582969.7000000002,627303.4300000003,0.3962826515251683,0.5418207436314162,0.8932769003150862,2025,Q4,2025-Q4,Dec,12
2025-12-01,B006,22480378.52,13347969.83,1108779.48,994701.8,118872.53,104690.53,1225033.47,121312.73,114077.67999999993,1332342.54,107309.07000000007,-1008705.46,1332342.54,-14003.65999999993,-0.010510555341121159,0.9194583474006617,0.5937609021184755,2025,Q4,2025-Q4,Dec,12
2025-12-01,B007,18626159.1,20071049.86,1716350.49,859928.23,120882.16,51944.43,876889.96,131019.1,856422.26,1889177.09,1012287.1199999999,21339.8,1889177.0799999998,881268.0199999999,0.4664824855910278,0.4641650426967916,1.0775731997263998,2025,Q4,2025-Q4,Dec,12
2025-12-01,B008,8908920.42,12347973.05,1213537.23,433093.19,91967.38,50111.15,412703.89,60399.34,780444.04,1355615.76,942911.8699999998,449419.34,1355615.7599999998,882512.5299999998,0.6510049204503199,0.30444016820813596,1.386023498681112,2025,Q4,2025-Q4,Dec,12
2025-12-01,B009,14489362.57,7465561.8,627898.9,618635.76,114107.77,30244.29,879956.87,39174.93,9263.140000000014,772250.96,-107705.90999999992,-765516.6,772250.9600000001,-146880.8399999999,-0.19019832620214533,1.1394700888426217,0.5152443224422674,2025,Q4,2025-Q4,Dec,12
2025-12-01,B010,9518271.39,6561134.8,695648.81,515725.9,92298.6,51077.13,407048.1,55137.78,179922.91000000003,839024.54,431976.44000000006,-138887.25,839024.54,376838.66000000003,0.4491390204153028,0.4851444511980543,0.6893199963696348,2025,Q4,2025-Q4,Dec,12
2025-12-01,B011,26080852.54,10484623.98,1196827.79,662984.93,199581.9,87538.2,1612138.75,61608.0,533842.86,1483947.89,-128190.8600000001,-852783.79,1483947.89,-189798.8600000001,-0.1279012971270845,1.0863850145034406,0.40200464934648183,2025,Q4,2025-Q4,Dec,12
2025-12-01,B012,15021372.37,9765225.73,1009644.46,501826.72,94515.58,82204.19,705488.25,90888.41,507817.74,1186364.24,480875.98,-111839.15,1186364.23,389987.56999999995,0.3287249903008286,0.5946641277274518,0.6500887861286672,2025,Q4,2025-Q4,Dec,12
2025-12-01,B013,26642617.34,15665169.97,1327125.8,962579.8,213754.23,112278.02,1134740.05,76237.66,364546.0,1653158.05,518418.0,-520399.47,1653158.05,442180.33999999997,0.2674761436149435,0.6864074793090715,0.5879741382045462,2025,Q4,2025-Q4,Dec,12
2025-12-01,B014,17564499.77,12711290.14,1156213.26,897942.55,113066.89,84038.48,864646.29,80433.09,258270.70999999996,1353318.63,488672.33999999985,-489703.31,1353318.63,408239.2499999999,0.3016578955984667,0.6389081409453442,0.7236921236840894,2025,Q4,2025-Q4,Dec,12
2025-12-01,B015,15651566.18,9339809.94,1047877.63,448113.75,80266.74,72779.39,969941.22,55758.86,599763.88,1200923.76,230982.54000000004,-272890.07,1200923.76,175223.68000000005,0.14590741380618538,0.8076626113218044,0.5967332490939254,2025,Q4,2025-Q4,Dec,12
2025-12-01,B016,13212979.27,8822794.3,902763.68,356354.37,57830.13,36757.38,760657.52,100854.31,546409.31,997351.19,236693.67000000004,-220515.01,997351.1900000001,135839.36000000004,0.13620012826174102,0.7626777083406298,0.6677369365160596,2025,Q4,2025-Q4,Dec,12
2025-12-01,B017,21267575.93,18388909.97,1859749.53,850629.12,101471.47,56147.48,1087886.36,191465.74,1009120.41,2017368.49,929482.1199999999,-112612.73,2017368.48,738016.3799999999,0.3658312238525705,0.5392601157325508,0.8646453187953893,2025,Q4,2025-Q4,Dec,12
2025-12-01,B018,11020463.31,17591604.74,1400406.27,484583.55,46539.13,53057.26,670492.98,84779.69,915822.72,1500002.66,829509.6799999999,260146.45,1500002.66,744729.99,0.4964857795652176,0.4469945273297049,1.5962672571158896,2025,Q4,2025-Q4,Dec,12
2025-12-01,B019,29911611.86,16273879.69,1703157.96,1080556.71,286417.44,78142.49,1872031.05,123425.48,622601.25,2067717.89,195686.83999999985,-1008295.35,2067717.89,72261.35999999986,0.03494739797410171,0.9053609581140685,0.5440656212767532,2025,Q4,2025-Q4,Dec,12
2025-12-01,B020,22057479.01,13724967.4,1541108.17,676253.86,236385.96,123281.29,1077841.52,75209.81,864854.3099999999,1900775.41,822933.8999999999,71470.22,1900775.42,747724.0899999999,0.39337845077984007,0.5670535870039818,0.6222364484072561,2025,Q4,2025-Q4,Dec,12
