AccountID,CustomerID,AccountType,CurrentBalanceINR,OpenDate,AccountStatus
A0000001,C000001,Savings,7152.1,2022-12-24,Active
A0000002,C000001,Salary,84758.39,2019-10-16,Active
A0000003,C000002,Savings,44959.19,2025-03-12,Dormant
A0000004,C000003,Savings,7667.19,2022-11-02,Dormant
A0000005,C000004,Savings,15484.82,2023-08-29,Active
A0000006,C000005,Fixed Deposit,52330.55,2021-07-25,Active
A0000007,C000006,Salary,6587.89,2020-07-22,Active
A0000008,C000007,Savings,31653.77,2020-01-10,Active
A0000009,C000008,Savings,6129.31,2024-04-07,Active
A0000010,C000009,Savings,22012.32,2024-03-13,Active
A0000011,C000010,Salary,7665.5,2024-03-02,Active
A0000012,C000011,Fixed Deposit,187718.53,2023-07-06,Active
A0000013,C000012,Current,44399.73,2025-03-01,Active
A0000014,C000012,Savings,45440.37,2024-10-07,Active
A0000015,C000013,Savings,131208.48,2022-01-12,Active
A0000016,C000014,Savings,26423.85,2018-10-07,Active
A0000017,C000014,Fixed Deposit,149000.54,2024-10-25,Active
A0000018,C000015,Savings,36764.04,2021-04-12,Active
A0000019,C000015,Savings,6421.17,2022-09-26,Active
A0000020,C000016,Salary,85422.29,2019-05-18,Dormant
A0000021,C000017,Savings,23631.44,2021-09-17,Active
A0000022,C000017,Fixed Deposit,248327.56,2021-01-07,Active
A0000023,C000018,Savings,17421.75,2023-05-19,Active
A0000024,C000018,Current,123794.4,2020-11-14,Active
A0000025,C000019,Salary,17665.71,2022-01-15,Active
A0000026,C000020,Savings,13832.53,2018-08-04,Active
A0000027,C000021,Savings,98647.66,2021-11-21,Active
A0000028,C000022,Salary,51002.17,2020-09-18,Active
A0000029,C000022,Savings,7157.51,2023-12-17,Active
A0000030,C000022,Savings,5731.26,2023-12-07,Active
A0000031,C000023,Savings,22354.79,2022-05-08,Active
A0000032,C000023,Fixed Deposit,935041.24,2022-07-12,Active
A0000033,C000024,Savings,23359.55,2019-02-23,Active
A0000034,C000025,Salary,36588.34,2020-02-22,Active
A0000035,C000026,Salary,11094.5,2024-10-10,Active
A0000036,C000027,Savings,15212.18,2019-01-06,Active
A0000037,C000028,Salary,23079.09,2021-12-11,Active
A0000038,C000028,Savings,31729.19,2023-10-22,Active
A0000039,C000029,Savings,120467.83,2019-05-28,Active
A0000040,C000030,Savings,113628.14,2020-07-04,Active
A0000041,C000031,Savings,41722.24,2023-10-18,Active
A0000042,C000031,Current,46729.51,2019-02-05,Active
A0000043,C000032,Salary,17465.9,2024-05-17,Active
A0000044,C000033,Savings,41579.44,2022-03-05,Active
A0000045,C000033,Fixed Deposit,21741.99,2019-01-21,Active
A0000046,C000033,Savings,18615.63,2021-12-27,Active
A0000047,C000034,Savings,15975.35,2020-11-03,Active
A0000048,C000035,Savings,11326.59,2019-11-07,Active
A0000049,C000036,Fixed Deposit,123257.64,2019-06-17,Active
A0000050,C000037,Salary,20815.41,2022-08-13,Dormant
A0000051,C000038,Savings,15511.51,2021-11-11,Active
A0000052,C000038,Fixed Deposit,203591.81,2023-12-24,Active
A0000053,C000039,Fixed Deposit,218897.7,2023-12-14,Active
A0000054,C000039,Salary,12385.16,2023-04-27,Active
A0000055,C000040,Current,108699.22,2019-05-24,Active
A0000056,C000041,Savings,71814.55,2020-11-09,Active
A0000057,C000042,Savings,11020.37,2022-06-17,Active
A0000058,C000043,Current,43474.2,2019-03-10,Active
A0000059,C000044,Salary,5490.27,2023-08-10,Active
A0000060,C000045,Salary,2669.56,2025-02-25,Active
A0000061,C000045,Savings,87620.78,2021-07-31,Active
A0000062,C000045,Savings,94658.91,2020-02-26,Active
A0000063,C000046,Fixed Deposit,209783.56,2018-05-15,Active
A0000064,C000047,Savings,82002.93,2019-10-18,Active
A0000065,C000047,Savings,15351.52,2024-04-24,Active
A0000066,C000048,Savings,22000.78,2023-08-28,Active
A0000067,C000048,Salary,41958.75,2019-02-02,Active
A0000068,C000049,Salary,57656.49,2019-04-28,Active
A0000069,C000049,Savings,15124.94,2020-07-05,Active
A0000070,C000050,Fixed Deposit,195276.64,2021-12-16,Active
A0000071,C000050,Current,151273.26,2021-03-06,Active
A0000072,C000051,Savings,11698.72,2023-02-23,Active
A0000073,C000052,Salary,35214.28,2021-07-08,Active
A0000074,C000053,Savings,5256.96,2020-04-18,Active
A0000075,C000054,Fixed Deposit,49797.88,2018-08-13,Active
A0000076,C000055,Salary,7574.37,2024-02-24,Active
A0000077,C000056,Salary,34300.65,2021-06-21,Active
A0000078,C000057,Savings,12138.43,2022-05-14,Active
A0000079,C000058,Salary,16154.6,2023-04-07,Active
A0000080,C000059,Current,6314.62,2020-12-11,Active
A0000081,C000059,Current,2751.1,2019-10-19,Active
A0000082,C000060,Fixed Deposit,184618.23,2018-12-22,Active
A0000083,C000061,Savings,65615.07,2022-02-18,Active
A0000084,C000062,Fixed Deposit,103599.41,2025-05-21,Active
A0000085,C000062,Savings,9185.98,2022-08-12,Active
A0000086,C000063,Fixed Deposit,131330.6,2022-04-20,Active
A0000087,C000064,Salary,24358.85,2023-04-15,Active
A0000088,C000064,Savings,75776.25,2020-03-10,Active
A0000089,C000065,Salary,53237.45,2020-11-07,Dormant
A0000090,C000066,Salary,29758.56,2020-02-05,Active
A0000091,C000067,Fixed Deposit,345635.99,2018-06-09,Active
A0000092,C000068,Current,21454.5,2023-10-02,Dormant
A0000093,C000069,Savings,24584.94,2024-12-18,Active
A0000094,C000070,Savings,4126.74,2023-10-27,Dormant
A0000095,C000071,Savings,11862.0,2024-12-28,Active
A0000096,C000072,Savings,9730.96,2019-12-18,Active
A0000097,C000073,Fixed Deposit,103618.93,2020-01-14,Active
A0000098,C000074,Savings,13366.6,2023-11-25,Active
A0000099,C000075,Salary,19008.3,2022-08-02,Active
A0000100,C000075,Current,101084.68,2023-08-10,Active
A0000101,C000076,Salary,48318.32,2018-03-08,Active
A0000102,C000077,Savings,17824.64,2023-02-07,Active
A0000103,C000078,Savings,11226.25,2022-10-18,Active
A0000104,C000079,Fixed Deposit,85772.95,2019-06-29,Active
A0000105,C000079,Current,29878.37,2022-11-16,Active
A0000106,C000080,Savings,23955.41,2019-01-17,Active
A0000107,C000081,Salary,67127.63,2024-07-08,Active
A0000108,C000082,Savings,20208.74,2024-08-23,Active
A0000109,C000083,Savings,64307.75,2019-06-27,Active
A0000110,C000084,Savings,54366.32,2020-06-10,Active
A0000111,C000085,Savings,40959.18,2021-02-12,Active
A0000112,C000086,Current,29869.04,2025-03-24,Active
A0000113,C000087,Savings,21827.29,2021-01-20,Active
A0000114,C000088,Salary,9150.74,2021-11-23,Dormant
A0000115,C000088,Current,48137.07,2020-05-31,Dormant
A0000116,C000088,Savings,24593.5,2025-06-12,Active
A0000117,C000089,Salary,17661.4,2024-05-29,Active
A0000118,C000089,Savings,10157.16,2020-01-16,Dormant
A0000119,C000090,Salary,66314.73,2022-05-22,Active
A0000120,C000090,Current,9975.33,2019-04-28,Active
A0000121,C000091,Fixed Deposit,120155.96,2023-07-20,Active
A0000122,C000092,Savings,25760.67,2022-08-11,Active
A0000123,C000092,Savings,8190.2,2024-04-16,Active
A0000124,C000093,Savings,18913.29,2021-01-30,Active
A0000125,C000093,Fixed Deposit,37412.76,2020-07-24,Active
A0000126,C000094,Fixed Deposit,117570.61,2023-03-26,Active
A0000127,C000095,Savings,19460.0,2018-07-22,Active
A0000128,C000095,Salary,43274.89,2024-12-03,Active
A0000129,C000096,Savings,47267.89,2025-02-01,Active
A0000130,C000096,Savings,14912.55,2025-03-06,Active
A0000131,C000097,Salary,9155.21,2024-09-06,Active
A0000132,C000097,Savings,6379.37,2022-07-14,Active
A0000133,C000098,Savings,9015.83,2021-01-15,Active
A0000134,C000099,Savings,199859.6,2025-05-27,Active
A0000135,C000100,Savings,7880.54,2021-09-07,Active
A0000136,C000100,Savings,14508.96,2023-02-26,Active
A0000137,C000101,Fixed Deposit,186418.32,2020-08-25,Active
A0000138,C000101,Savings,12039.73,2023-10-21,Active
A0000139,C000102,Fixed Deposit,173106.75,2019-02-25,Active
A0000140,C000102,Savings,168321.56,2018-06-16,Active
A0000141,C000103,Savings,35681.41,2024-11-10,Active
A0000142,C000104,Savings,130782.32,2025-05-26,Active
A0000143,C000105,Savings,15954.51,2020-10-28,Active
A0000144,C000106,Savings,13494.76,2020-06-02,Active
A0000145,C000107,Fixed Deposit,140652.05,2024-11-24,Active
A0000146,C000108,Fixed Deposit,136759.6,2024-09-18,Active
A0000147,C000109,Savings,58178.83,2019-10-02,Active
A0000148,C000110,Savings,75459.74,2021-03-28,Active
A0000149,C000111,Fixed Deposit,420883.24,2019-09-29,Active
A0000150,C000112,Salary,10839.24,2020-01-14,Active
A0000151,C000113,Current,38407.35,2018-12-14,Active
A0000152,C000113,Salary,197725.54,2024-03-11,Active
A0000153,C000114,Fixed Deposit,240415.55,2023-12-18,Active
A0000154,C000114,Fixed Deposit,106777.7,2023-10-26,Active
A0000155,C000115,Savings,17081.37,2025-04-15,Active
A0000156,C000116,Savings,23420.98,2020-07-09,Active
A0000157,C000117,Salary,27748.14,2023-04-30,Active
A0000158,C000118,Savings,142129.42,2023-08-02,Active
A0000159,C000119,Savings,15509.19,2024-10-08,Active
A0000160,C000120,Savings,12184.1,2025-05-23,Active
A0000161,C000121,Salary,16825.84,2020-02-20,Active
A0000162,C000121,Savings,11139.71,2018-02-22,Active
A0000163,C000122,Current,7246.42,2024-11-02,Active
A0000164,C000123,Savings,15848.18,2024-08-16,Active
A0000165,C000124,Fixed Deposit,220241.26,2019-03-22,Active
A0000166,C000125,Current,11299.24,2024-06-24,Active
A0000167,C000125,Savings,5136.84,2024-12-31,Active
A0000168,C000126,Savings,48684.15,2023-09-13,Active
A0000169,C000127,Savings,40799.26,2024-06-24,Active
A0000170,C000128,Savings,28362.24,2018-06-10,Active
A0000171,C000129,Savings,92661.64,2020-09-30,Active
A0000172,C000130,Fixed Deposit,56374.12,2024-05-20,Active
A0000173,C000130,Savings,13482.93,2020-05-21,Active
A0000174,C000130,Savings,4970.15,2020-05-18,Active
A0000175,C000131,Savings,212326.3,2024-09-11,Active
A0000176,C000132,Savings,34440.68,2023-03-18,Active
A0000177,C000132,Salary,34644.83,2023-01-08,Active
A0000178,C000133,Fixed Deposit,158714.91,2018-04-12,Active
A0000179,C000134,Savings,3117.94,2019-12-12,Active
A0000180,C000135,Current,5449.58,2018-04-30,Dormant
A0000181,C000136,Savings,76783.46,2024-06-18,Active
A0000182,C000137,Current,46221.69,2021-11-02,Active
A0000183,C000137,Salary,24663.82,2020-07-30,Active
A0000184,C000138,Fixed Deposit,190273.07,2019-07-18,Active
A0000185,C000139,Fixed Deposit,172010.84,2018-07-04,Active
A0000186,C000140,Current,12442.72,2024-10-14,Active
A0000187,C000141,Salary,7875.61,2023-03-28,Active
A0000188,C000142,Savings,54413.16,2019-05-30,Active
A0000189,C000143,Salary,15505.4,2022-02-27,Active
A0000190,C000144,Salary,9826.62,2023-02-13,Active
A0000191,C000144,Salary,61065.69,2023-05-22,Active
A0000192,C000145,Savings,43056.06,2025-04-15,Active
A0000193,C000146,Current,80270.05,2022-11-22,Active
A0000194,C000147,Savings,20674.45,2018-12-04,Active
A0000195,C000147,Current,9032.65,2018-01-02,Active
A0000196,C000147,Fixed Deposit,157342.0,2021-09-03,Active
A0000197,C000148,Salary,16724.8,2021-12-09,Active
A0000198,C000148,Salary,17936.49,2024-06-25,Active
A0000199,C000149,Current,61851.09,2018-02-07,Active
A0000200,C000150,Savings,42480.26,2022-03-19,Active
A0000201,C000151,Savings,34075.43,2021-01-14,Active
A0000202,C000152,Savings,6725.96,2021-09-26,Active
A0000203,C000152,Current,19729.64,2024-04-03,Active
A0000204,C000153,Savings,26525.18,2020-12-14,Active
A0000205,C000154,Savings,14902.93,2018-11-20,Active
A0000206,C000155,Savings,47211.62,2024-05-04,Active
A0000207,C000156,Savings,45311.49,2022-01-15,Active
A0000208,C000157,Savings,24777.57,2021-04-04,Active
A0000209,C000158,Salary,21117.1,2022-08-03,Active
A0000210,C000158,Savings,15863.52,2023-01-07,Active
A0000211,C000158,Current,34005.05,2020-11-04,Active
A0000212,C000159,Salary,113673.81,2021-11-18,Active
A0000213,C000159,Savings,18002.28,2025-03-21,Active
A0000214,C000160,Savings,27101.85,2023-01-18,Active
A0000215,C000161,Savings,3449.03,2022-04-07,Active
A0000216,C000162,Savings,37736.15,2020-12-13,Active
A0000217,C000163,Salary,53373.86,2019-10-09,Dormant
A0000218,C000163,Salary,19926.87,2020-06-15,Active
A0000219,C000164,Fixed Deposit,619192.93,2021-07-04,Active
A0000220,C000165,Current,22894.09,2021-11-15,Active
A0000221,C000166,Savings,23362.74,2024-05-18,Dormant
A0000222,C000167,Salary,17009.23,2019-03-18,Active
A0000223,C000167,Savings,58045.79,2019-12-12,Active
A0000224,C000168,Salary,19508.48,2020-09-19,Active
A0000225,C000169,Savings,37168.44,2020-03-10,Active
A0000226,C000169,Fixed Deposit,142844.35,2022-03-28,Active
A0000227,C000170,Salary,18352.92,2022-05-03,Active
A0000228,C000171,Current,10250.39,2021-03-09,Active
A0000229,C000171,Savings,2981.52,2020-07-29,Active
A0000230,C000172,Salary,20442.19,2022-06-18,Active
A0000231,C000172,Current,38980.09,2021-01-01,Active
A0000232,C000173,Salary,12363.79,2023-03-20,Active
A0000233,C000174,Savings,11850.68,2021-08-28,Active
A0000234,C000175,Savings,13827.27,2021-04-28,Active
A0000235,C000175,Salary,17234.86,2021-10-06,Active
A0000236,C000175,Savings,54637.55,2021-03-01,Active
A0000237,C000176,Fixed Deposit,233381.26,2022-10-04,Dormant
A0000238,C000177,Fixed Deposit,216327.06,2023-10-30,Active
A0000239,C000178,Fixed Deposit,136173.68,2024-11-29,Active
A0000240,C000179,Savings,11705.78,2019-04-09,Active
A0000241,C000180,Fixed Deposit,187387.36,2018-01-25,Active
A0000242,C000180,Salary,16775.88,2025-05-17,Active
A0000243,C000181,Current,52117.06,2023-04-24,Active
A0000244,C000182,Savings,4461.26,2018-08-09,Active
A0000245,C000183,Salary,84637.46,2018-12-14,Active
A0000246,C000184,Savings,22393.33,2024-08-26,Active
A0000247,C000184,Savings,33696.37,2023-03-03,Active
A0000248,C000185,Savings,17548.71,2024-08-19,Active
A0000249,C000185,Current,22421.7,2025-04-30,Active
A0000250,C000186,Salary,43152.69,2019-05-01,Active
A0000251,C000186,Savings,69797.62,2025-04-20,Active
A0000252,C000187,Savings,101886.15,2018-03-23,Active
A0000253,C000187,Fixed Deposit,162410.64,2022-02-02,Active
A0000254,C000187,Savings,7697.96,2022-02-14,Active
A0000255,C000188,Savings,148847.63,2019-10-25,Active
A0000256,C000189,Savings,11692.69,2023-11-15,Active
A0000257,C000190,Current,9393.81,2024-12-05,Active
A0000258,C000190,Salary,20639.94,2024-04-15,Active
A0000259,C000191,Savings,7976.39,2025-03-20,Active
A0000260,C000192,Current,88715.89,2022-10-06,Active
A0000261,C000192,Savings,77259.9,2020-11-24,Active
A0000262,C000193,Savings,7459.45,2018-11-16,Active
A0000263,C000194,Savings,8434.29,2018-01-11,Active
A0000264,C000195,Savings,59324.78,2022-06-08,Active
A0000265,C000195,Savings,265293.55,2024-06-13,Active
A0000266,C000196,Savings,10556.43,2021-08-02,Active
A0000267,C000197,Fixed Deposit,31274.41,2023-05-03,Active
A0000268,C000198,Savings,36445.63,2021-01-18,Active
A0000269,C000198,Savings,5876.03,2019-09-28,Active
A0000270,C000199,Current,52944.54,2022-04-30,Active
A0000271,C000200,Salary,33642.91,2019-06-25,Active
A0000272,C000200,Fixed Deposit,42738.15,2020-02-19,Active
A0000273,C000201,Savings,31387.8,2024-09-05,Active
A0000274,C000201,Savings,33487.09,2021-04-25,Dormant
A0000275,C000202,Current,64139.76,2018-08-29,Active
A0000276,C000203,Current,19241.23,2019-09-07,Active
A0000277,C000204,Savings,91339.99,2023-07-20,Active
A0000278,C000205,Savings,15501.45,2018-08-27,Active
A0000279,C000206,Savings,36590.47,2021-07-28,Active
A0000280,C000207,Savings,5623.49,2022-09-06,Active
A0000281,C000208,Current,15903.7,2018-01-31,Active
A0000282,C000209,Savings,12064.98,2023-10-11,Active
A0000283,C000209,Savings,33894.08,2025-02-07,Active
A0000284,C000209,Current,11198.52,2021-01-22,Active
A0000285,C000210,Current,29098.16,2021-02-18,Active
A0000286,C000211,Savings,59478.89,2024-08-12,Active
A0000287,C000212,Savings,48712.88,2021-04-11,Active
A0000288,C000212,Savings,20013.38,2020-03-31,Active
A0000289,C000213,Savings,8784.83,2025-01-02,Active
A0000290,C000213,Savings,5290.65,2024-01-16,Active
A0000291,C000213,Current,29451.64,2020-05-12,Active
A0000292,C000214,Salary,5371.39,2019-07-29,Active
A0000293,C000215,Savings,6301.0,2018-10-31,Active
A0000294,C000215,Savings,44121.66,2023-07-28,Active
A0000295,C000216,Current,11048.43,2021-06-06,Active
A0000296,C000216,Savings,19508.61,2024-03-19,Active
A0000297,C000217,Fixed Deposit,38944.27,2019-07-04,Active
A0000298,C000218,Salary,8601.58,2024-04-26,Active
A0000299,C000219,Savings,14632.29,2023-01-06,Active
A0000300,C000220,Salary,49532.4,2018-04-11,Active
A0000301,C000220,Current,27666.73,2021-07-18,Dormant
A0000302,C000221,Savings,18995.07,2024-12-23,Active
A0000303,C000221,Savings,123510.71,2020-09-03,Active
A0000304,C000222,Savings,9747.97,2025-01-29,Active
A0000305,C000223,Salary,9722.31,2018-08-10,Active
A0000306,C000224,Savings,28469.4,2023-03-13,Active
A0000307,C000224,Current,9859.6,2021-06-12,Active
A0000308,C000224,Savings,44926.46,2018-12-09,Active
A0000309,C000225,Savings,13790.47,2024-03-31,Active
A0000310,C000226,Savings,2055.33,2018-06-04,Active
A0000311,C000227,Savings,51645.25,2023-01-09,Dormant
A0000312,C000228,Fixed Deposit,165570.35,2025-06-28,Active
A0000313,C000228,Savings,81707.78,2025-06-21,Active
A0000314,C000229,Savings,5531.54,2018-10-14,Active
A0000315,C000230,Current,10498.69,2018-12-09,Active
A0000316,C000230,Current,6498.14,2024-12-11,Active
A0000317,C000230,Savings,27607.27,2018-10-27,Active
A0000318,C000231,Fixed Deposit,331703.27,2018-02-13,Active
A0000319,C000232,Current,42067.58,2025-04-27,Active
A0000320,C000233,Savings,15180.58,2019-12-18,Active
A0000321,C000234,Savings,28432.73,2020-05-09,Active
A0000322,C000234,Savings,7117.18,2023-07-11,Active
A0000323,C000235,Savings,26669.54,2022-12-01,Active
A0000324,C000236,Savings,35216.51,2024-08-25,Active
A0000325,C000237,Current,19127.84,2020-04-08,Active
A0000326,C000238,Salary,1855.78,2018-02-20,Active
A0000327,C000239,Fixed Deposit,72489.13,2020-05-03,Active
A0000328,C000240,Current,42146.26,2024-11-02,Active
A0000329,C000241,Savings,45652.39,2019-06-24,Active
A0000330,C000242,Savings,136870.4,2019-03-08,Active
A0000331,C000243,Savings,25328.32,2023-02-13,Active
A0000332,C000243,Salary,28612.06,2022-02-21,Active
A0000333,C000243,Savings,21127.71,2025-06-25,Active
A0000334,C000244,Savings,55169.24,2021-12-30,Active
A0000335,C000244,Savings,51897.14,2023-06-03,Active
A0000336,C000245,Fixed Deposit,266561.18,2023-03-03,Active
A0000337,C000246,Salary,3955.19,2023-02-22,Active
A0000338,C000247,Salary,21221.92,2024-04-20,Active
A0000339,C000248,Current,14662.0,2021-03-21,Active
A0000340,C000249,Current,69416.51,2020-02-06,Active
A0000341,C000250,Salary,2565.91,2025-05-12,Active
A0000342,C000250,Current,107102.31,2020-07-02,Active
A0000343,C000251,Fixed Deposit,418455.51,2018-01-14,Active
A0000344,C000252,Salary,28977.33,2019-06-18,Active
A0000345,C000253,Savings,18911.89,2023-06-06,Active
A0000346,C000254,Savings,33929.77,2022-11-05,Active
A0000347,C000254,Current,2619.04,2021-05-27,Active
A0000348,C000255,Salary,26643.31,2020-04-06,Active
A0000349,C000256,Salary,20889.82,2019-05-08,Active
A0000350,C000256,Savings,41546.14,2020-02-19,Active
A0000351,C000257,Current,12657.16,2022-07-13,Active
A0000352,C000258,Current,37466.46,2024-09-28,Active
A0000353,C000259,Fixed Deposit,373309.32,2021-04-30,Active
A0000354,C000260,Current,45034.48,2021-09-20,Active
A0000355,C000261,Savings,8566.59,2018-01-06,Active
A0000356,C000261,Salary,6159.96,2024-03-22,Active
A0000357,C000261,Savings,29121.21,2021-08-28,Active
A0000358,C000262,Salary,6441.99,2024-09-03,Active
A0000359,C000263,Savings,66370.01,2018-12-19,Active
A0000360,C000264,Savings,91693.64,2019-01-27,Active
A0000361,C000264,Fixed Deposit,107700.91,2020-12-31,Active
A0000362,C000264,Savings,69911.86,2025-02-23,Active
A0000363,C000265,Current,20112.95,2022-09-06,Active
A0000364,C000266,Savings,21544.09,2018-11-19,Active
A0000365,C000266,Salary,27972.79,2018-05-19,Active
A0000366,C000267,Fixed Deposit,1299081.48,2022-03-12,Active
A0000367,C000268,Current,26197.72,2024-04-14,Active
A0000368,C000268,Salary,73809.76,2023-05-13,Active
A0000369,C000269,Fixed Deposit,689768.56,2022-01-20,Active
A0000370,C000270,Savings,20440.76,2025-01-21,Active
A0000371,C000271,Fixed Deposit,232101.83,2021-07-13,Active
A0000372,C000271,Current,62239.65,2019-06-17,Active
A0000373,C000272,Savings,9481.99,2023-11-26,Active
A0000374,C000273,Savings,7836.94,2024-11-05,Active
A0000375,C000273,Savings,11217.89,2023-03-04,Active
A0000376,C000274,Salary,51938.63,2019-10-17,Active
A0000377,C000275,Current,19785.96,2024-09-15,Active
A0000378,C000276,Salary,12301.9,2018-04-18,Active
A0000379,C000277,Savings,28711.76,2019-11-28,Active
A0000380,C000277,Salary,61753.1,2024-11-10,Active
A0000381,C000278,Current,8478.05,2018-08-11,Active
A0000382,C000279,Savings,5294.13,2022-08-11,Active
A0000383,C000280,Current,30431.83,2018-05-17,Active
A0000384,C000280,Savings,17803.48,2025-02-14,Active
A0000385,C000281,Salary,70966.08,2020-02-17,Active
A0000386,C000282,Fixed Deposit,109489.56,2018-09-13,Active
A0000387,C000283,Salary,5368.21,2018-09-05,Active
A0000388,C000284,Savings,9583.29,2023-02-21,Active
A0000389,C000285,Current,39412.87,2021-02-14,Active
A0000390,C000286,Salary,19371.48,2018-01-01,Active
A0000391,C000287,Savings,18916.67,2024-01-26,Active
A0000392,C000288,Salary,6499.43,2023-12-16,Active
A0000393,C000288,Current,17519.75,2018-10-23,Active
A0000394,C000289,Savings,73322.87,2024-04-07,Dormant
A0000395,C000290,Savings,46771.39,2025-05-26,Active
A0000396,C000291,Salary,16784.08,2018-08-06,Active
A0000397,C000292,Current,23489.1,2024-08-22,Active
A0000398,C000293,Savings,102137.15,2018-12-17,Active
A0000399,C000294,Salary,15641.29,2018-12-26,Active
A0000400,C000295,Salary,15081.39,2018-11-15,Active
A0000401,C000296,Salary,10539.17,2019-02-10,Active
A0000402,C000296,Savings,15919.89,2024-11-12,Active
A0000403,C000296,Fixed Deposit,270992.64,2021-04-20,Active
A0000404,C000297,Salary,31385.75,2024-05-11,Active
A0000405,C000298,Savings,22801.35,2023-03-08,Active
A0000406,C000299,Savings,7136.77,2022-08-16,Active
A0000407,C000299,Savings,40389.16,2022-11-10,Active
A0000408,C000300,Savings,30690.98,2021-04-20,Active
A0000409,C000301,Current,25486.7,2019-05-02,Active
A0000410,C000302,Fixed Deposit,1097997.35,2023-07-15,Active
A0000411,C000303,Current,24602.17,2021-02-07,Active
A0000412,C000303,Savings,9840.33,2024-11-03,Active
A0000413,C000304,Salary,10058.58,2018-09-10,Active
A0000414,C000305,Fixed Deposit,254408.26,2025-01-26,Active
A0000415,C000306,Salary,9991.82,2022-12-20,Active
A0000416,C000307,Fixed Deposit,230703.68,2024-07-19,Active
A0000417,C000308,Current,4559.35,2023-07-27,Active
A0000418,C000308,Salary,5873.18,2022-05-15,Active
A0000419,C000309,Current,11339.14,2019-08-27,Active
A0000420,C000310,Savings,37464.69,2022-03-13,Active
A0000421,C000310,Savings,12540.5,2024-09-24,Active
A0000422,C000311,Current,43342.28,2018-03-27,Active
A0000423,C000312,Savings,18530.79,2020-12-21,Active
A0000424,C000312,Fixed Deposit,235900.55,2024-03-30,Active
A0000425,C000313,Current,24699.08,2021-12-30,Dormant
A0000426,C000314,Salary,15727.77,2019-03-04,Active
A0000427,C000315,Current,63285.88,2018-09-24,Active
A0000428,C000316,Savings,27272.31,2019-12-14,Active
A0000429,C000317,Savings,11669.77,2022-07-02,Active
A0000430,C000317,Savings,3066.49,2018-02-17,Active
A0000431,C000318,Savings,19001.47,2021-07-27,Active
A0000432,C000319,Salary,13710.25,2022-04-24,Active
A0000433,C000320,Current,16499.73,2024-04-11,Dormant
A0000434,C000321,Salary,32929.38,2021-02-11,Active
A0000435,C000322,Current,77068.68,2022-05-01,Active
A0000436,C000322,Savings,40539.78,2022-04-26,Active
A0000437,C000323,Savings,8588.75,2020-04-01,Dormant
A0000438,C000323,Savings,22424.43,2022-10-27,Active
A0000439,C000323,Current,7173.72,2021-12-31,Active
A0000440,C000324,Fixed Deposit,362187.6,2023-04-21,Active
A0000441,C000325,Fixed Deposit,64977.33,2023-10-05,Active
A0000442,C000326,Savings,1943.74,2019-08-04,Active
A0000443,C000327,Current,71551.58,2021-08-27,Active
A0000444,C000327,Current,29752.99,2025-04-29,Active
A0000445,C000328,Savings,41741.63,2025-04-09,Active
A0000446,C000328,Current,19401.99,2022-07-26,Active
A0000447,C000328,Savings,6435.47,2023-10-05,Active
A0000448,C000329,Fixed Deposit,867242.55,2020-03-23,Active
A0000449,C000330,Current,47460.38,2024-12-11,Active
A0000450,C000331,Salary,24104.4,2022-08-29,Active
A0000451,C000331,Savings,71249.18,2020-01-20,Active
A0000452,C000332,Salary,88611.1,2025-02-02,Active
A0000453,C000333,Salary,13827.65,2020-03-17,Active
A0000454,C000334,Salary,95406.71,2025-01-21,Active
A0000455,C000335,Savings,24163.98,2022-08-13,Active
A0000456,C000336,Current,22176.18,2020-06-10,Active
A0000457,C000337,Savings,10929.27,2021-12-05,Active
A0000458,C000338,Savings,29602.55,2020-06-19,Active
A0000459,C000338,Savings,25504.97,2020-11-28,Active
A0000460,C000339,Savings,15918.59,2020-03-31,Active
A0000461,C000340,Savings,77817.5,2020-06-05,Active
A0000462,C000341,Savings,10277.24,2025-03-19,Active
A0000463,C000341,Savings,34077.89,2021-07-16,Active
A0000464,C000341,Savings,33679.8,2019-10-01,Active
A0000465,C000342,Salary,56289.76,2025-04-18,Active
A0000466,C000343,Savings,3115.3,2018-02-15,Active
A0000467,C000344,Current,153379.42,2018-09-25,Active
A0000468,C000345,Current,21477.16,2022-12-06,Active
A0000469,C000346,Fixed Deposit,401571.09,2018-10-29,Active
A0000470,C000346,Fixed Deposit,178570.35,2024-10-06,Active
A0000471,C000346,Salary,141732.59,2022-02-19,Active
A0000472,C000347,Savings,22158.45,2018-09-18,Active
A0000473,C000347,Current,12952.91,2019-06-30,Active
A0000474,C000347,Salary,13003.35,2024-09-21,Dormant
A0000475,C000348,Savings,3713.02,2021-10-14,Active
A0000476,C000349,Current,48243.71,2022-08-11,Active
A0000477,C000350,Savings,23648.57,2024-09-11,Dormant
A0000478,C000351,Savings,3599.85,2025-03-11,Active
A0000479,C000352,Savings,6699.69,2021-05-14,Active
A0000480,C000353,Savings,14594.59,2024-06-21,Active
A0000481,C000353,Savings,17418.4,2024-12-27,Active
A0000482,C000354,Savings,34362.89,2022-08-09,Dormant
A0000483,C000355,Fixed Deposit,81742.1,2019-12-10,Active
A0000484,C000355,Current,10197.7,2022-02-16,Active
A0000485,C000356,Savings,23367.51,2023-01-27,Active
A0000486,C000357,Savings,7418.09,2025-06-13,Active
A0000487,C000357,Current,32295.27,2020-08-18,Active
A0000488,C000358,Savings,12723.14,2025-01-16,Active
A0000489,C000358,Savings,44652.42,2021-06-09,Active
A0000490,C000359,Salary,77101.37,2022-06-06,Active
A0000491,C000360,Savings,6082.17,2020-08-11,Active
A0000492,C000360,Savings,58783.5,2024-03-05,Active
A0000493,C000361,Savings,6665.03,2021-07-01,Active
A0000494,C000361,Current,37439.53,2021-03-29,Active
A0000495,C000362,Savings,11630.12,2023-04-13,Active
A0000496,C000363,Savings,31644.29,2018-06-18,Active
A0000497,C000364,Savings,17412.21,2022-07-21,Active
A0000498,C000365,Fixed Deposit,253959.43,2024-02-06,Active
A0000499,C000365,Savings,13707.63,2024-12-08,Active
A0000500,C000366,Savings,6491.31,2018-11-03,Active
A0000501,C000367,Savings,35747.57,2022-02-25,Active
A0000502,C000368,Savings,12619.29,2021-08-16,Active
A0000503,C000368,Fixed Deposit,61245.78,2021-11-06,Active
A0000504,C000369,Savings,6803.49,2021-11-13,Active
A0000505,C000369,Savings,8247.52,2023-03-06,Active
A0000506,C000370,Salary,43857.53,2018-12-07,Active
A0000507,C000370,Salary,30660.3,2022-10-12,Dormant
A0000508,C000371,Savings,89905.69,2019-11-14,Active
A0000509,C000372,Savings,20492.78,2019-03-01,Active
A0000510,C000373,Savings,11623.86,2021-12-05,Active
A0000511,C000374,Savings,15424.23,2022-06-13,Active
A0000512,C000375,Savings,115504.51,2021-05-31,Active
A0000513,C000375,Current,21666.14,2021-01-07,Active
A0000514,C000376,Savings,4255.93,2022-09-01,Active
A0000515,C000376,Savings,126198.51,2020-03-29,Active
A0000516,C000377,Savings,8796.84,2023-07-14,Active
A0000517,C000378,Savings,15512.04,2020-04-02,Active
A0000518,C000378,Savings,10216.72,2020-02-26,Active
A0000519,C000379,Salary,32405.07,2020-09-04,Active
A0000520,C000380,Salary,149180.54,2019-01-02,Active
A0000521,C000381,Fixed Deposit,370010.23,2025-06-04,Active
A0000522,C000382,Savings,11218.95,2023-02-03,Active
A0000523,C000382,Fixed Deposit,36000.33,2024-03-19,Active
A0000524,C000383,Savings,27182.06,2021-12-29,Active
A0000525,C000384,Salary,11024.85,2023-05-21,Active
A0000526,C000385,Savings,30306.12,2020-11-20,Active
A0000527,C000385,Salary,24392.72,2021-06-16,Active
A0000528,C000386,Current,23160.5,2025-05-30,Active
A0000529,C000387,Savings,14888.24,2021-05-25,Active
A0000530,C000387,Salary,18954.92,2023-09-14,Active
A0000531,C000388,Salary,9265.54,2025-06-01,Active
A0000532,C000388,Salary,82999.18,2020-05-11,Dormant
A0000533,C000389,Fixed Deposit,173946.45,2023-12-17,Active
A0000534,C000390,Savings,38226.43,2023-07-29,Active
A0000535,C000391,Current,8417.76,2018-04-15,Active
A0000536,C000391,Current,66937.63,2020-12-09,Active
A0000537,C000392,Fixed Deposit,263594.39,2024-10-11,Active
A0000538,C000392,Salary,22012.82,2018-04-13,Active
A0000539,C000393,Salary,18610.07,2018-12-18,Active
A0000540,C000394,Current,44167.03,2020-07-12,Active
A0000541,C000395,Savings,22307.38,2024-06-18,Active
A0000542,C000396,Fixed Deposit,307302.06,2018-03-09,Active
A0000543,C000397,Current,58909.64,2021-09-12,Active
A0000544,C000397,Fixed Deposit,49303.88,2021-02-18,Dormant
A0000545,C000398,Current,43778.06,2024-04-30,Active
A0000546,C000398,Fixed Deposit,164547.72,2018-11-27,Active
A0000547,C000399,Salary,13903.95,2022-11-27,Active
A0000548,C000399,Savings,52869.55,2025-02-17,Active
A0000549,C000400,Salary,17810.24,2019-12-26,Active
A0000550,C000400,Savings,42771.81,2025-05-24,Active
A0000551,C000401,Fixed Deposit,122570.21,2019-12-28,Active
A0000552,C000401,Savings,20422.85,2024-06-26,Active
A0000553,C000402,Current,26986.34,2025-01-30,Active
A0000554,C000402,Savings,4790.98,2024-08-24,Active
A0000555,C000403,Savings,17236.34,2018-10-18,Active
A0000556,C000404,Current,72089.59,2021-06-01,Active
A0000557,C000404,Savings,9648.06,2019-11-08,Active
A0000558,C000405,Salary,30721.43,2022-12-17,Active
A0000559,C000406,Savings,25077.87,2024-09-16,Active
A0000560,C000407,Salary,10940.64,2020-09-03,Active
A0000561,C000408,Savings,53722.72,2020-07-12,Active
A0000562,C000409,Salary,13737.18,2020-01-13,Active
A0000563,C000409,Fixed Deposit,119417.87,2025-04-18,Active
A0000564,C000409,Savings,13024.53,2023-03-11,Active
A0000565,C000410,Savings,10407.89,2025-02-17,Active
A0000566,C000410,Savings,32851.05,2020-01-11,Dormant
A0000567,C000411,Savings,8325.02,2023-08-08,Active
A0000568,C000411,Savings,7361.75,2022-01-22,Active
A0000569,C000412,Current,14242.42,2019-08-28,Active
A0000570,C000413,Savings,11194.51,2022-03-13,Active
A0000571,C000414,Salary,23624.41,2022-08-16,Active
A0000572,C000415,Savings,215102.57,2023-11-30,Active
A0000573,C000416,Savings,14770.87,2019-02-09,Active
A0000574,C000417,Savings,52353.69,2018-11-16,Active
A0000575,C000418,Savings,65979.69,2018-03-30,Dormant
A0000576,C000418,Savings,9279.68,2021-08-15,Active
A0000577,C000419,Salary,19207.82,2020-09-24,Active
A0000578,C000420,Salary,41263.18,2023-06-11,Active
A0000579,C000420,Fixed Deposit,305302.18,2025-02-12,Active
A0000580,C000420,Fixed Deposit,343298.65,2021-08-07,Active
A0000581,C000421,Savings,6952.95,2019-08-26,Active
A0000582,C000422,Salary,17003.71,2024-07-14,Active
A0000583,C000422,Savings,7029.99,2019-07-14,Active
A0000584,C000423,Salary,29915.35,2021-07-06,Active
A0000585,C000424,Savings,34334.79,2019-10-27,Active
A0000586,C000425,Current,5471.54,2023-08-14,Active
A0000587,C000425,Fixed Deposit,188005.19,2022-05-30,Active
A0000588,C000426,Current,8046.99,2021-03-13,Active
A0000589,C000427,Savings,58624.18,2025-04-26,Active
A0000590,C000428,Savings,15633.98,2021-07-21,Active
A0000591,C000429,Fixed Deposit,184199.77,2022-11-15,Active
A0000592,C000430,Savings,86815.64,2024-07-29,Active
A0000593,C000430,Current,7092.75,2021-11-25,Active
A0000594,C000431,Savings,53660.43,2021-01-17,Active
A0000595,C000432,Savings,30787.16,2019-05-10,Active
A0000596,C000433,Savings,8713.32,2024-11-08,Active
A0000597,C000434,Salary,31701.06,2021-02-27,Active
A0000598,C000434,Savings,125994.21,2024-10-24,Active
A0000599,C000435,Savings,3313.21,2023-12-19,Active
A0000600,C000436,Savings,30788.09,2024-03-27,Active
A0000601,C000436,Fixed Deposit,23913.92,2022-06-11,Active
A0000602,C000436,Savings,12771.37,2024-08-20,Active
A0000603,C000437,Fixed Deposit,474997.07,2021-07-07,Active
A0000604,C000438,Savings,23558.42,2023-09-07,Active
A0000605,C000438,Salary,58857.67,2019-12-14,Active
A0000606,C000439,Current,48881.78,2023-08-25,Active
A0000607,C000440,Current,13413.48,2024-01-15,Active
A0000608,C000440,Salary,53694.12,2018-08-11,Active
A0000609,C000441,Current,27566.51,2021-05-15,Active
A0000610,C000442,Savings,26648.44,2021-07-15,Active
A0000611,C000443,Savings,7968.15,2022-10-10,Active
A0000612,C000444,Savings,31739.25,2019-10-18,Dormant
A0000613,C000445,Savings,44517.97,2020-04-03,Active
A0000614,C000446,Savings,6325.89,2025-04-29,Active
A0000615,C000447,Fixed Deposit,624830.55,2024-04-04,Active
A0000616,C000448,Savings,27177.63,2025-06-28,Active
A0000617,C000448,Savings,21701.49,2024-03-20,Active
A0000618,C000449,Savings,33884.79,2023-12-18,Active
A0000619,C000449,Salary,28369.73,2022-06-09,Active
A0000620,C000449,Savings,51897.7,2024-08-14,Active
A0000621,C000450,Fixed Deposit,202421.53,2024-02-07,Active
A0000622,C000450,Current,9500.79,2020-11-25,Active
A0000623,C000451,Fixed Deposit,351947.99,2020-09-13,Active
A0000624,C000452,Savings,54740.22,2023-01-03,Active
A0000625,C000453,Fixed Deposit,126304.01,2018-11-09,Active
A0000626,C000454,Fixed Deposit,162079.32,2020-04-19,Active
A0000627,C000455,Savings,45031.04,2025-01-05,Active
A0000628,C000456,Savings,7589.51,2022-12-28,Active
A0000629,C000457,Current,58763.21,2023-03-24,Active
A0000630,C000458,Savings,7479.56,2021-05-13,Active
A0000631,C000459,Savings,19511.31,2020-10-18,Active
A0000632,C000460,Savings,13028.13,2022-11-18,Active
A0000633,C000461,Salary,7692.87,2024-06-12,Active
A0000634,C000462,Savings,10233.77,2023-05-10,Active
A0000635,C000463,Savings,42970.65,2023-11-14,Active
A0000636,C000464,Savings,55806.58,2019-07-23,Active
A0000637,C000465,Savings,61703.44,2020-08-17,Active
A0000638,C000465,Savings,40050.42,2023-12-13,Active
A0000639,C000466,Savings,23220.69,2021-02-04,Active
A0000640,C000466,Savings,29482.5,2021-08-19,Active
A0000641,C000467,Fixed Deposit,214102.6,2024-04-16,Active
A0000642,C000468,Fixed Deposit,245778.8,2023-03-26,Active
A0000643,C000469,Savings,67587.87,2022-10-25,Active
A0000644,C000470,Fixed Deposit,108326.42,2019-09-19,Active
A0000645,C000471,Fixed Deposit,77748.88,2023-02-04,Active
A0000646,C000471,Savings,25796.73,2022-04-16,Active
A0000647,C000472,Savings,22176.82,2020-05-21,Active
A0000648,C000473,Fixed Deposit,1780369.33,2021-06-10,Active
A0000649,C000473,Current,27803.98,2020-03-28,Active
A0000650,C000474,Fixed Deposit,238274.32,2020-07-30,Active
A0000651,C000475,Fixed Deposit,95815.02,2022-11-19,Active
A0000652,C000475,Current,10897.86,2024-11-19,Active
A0000653,C000476,Fixed Deposit,85859.22,2021-02-05,Active
A0000654,C000477,Salary,11413.18,2022-12-07,Active
A0000655,C000478,Current,11294.07,2019-08-01,Active
A0000656,C000479,Savings,30043.29,2025-05-25,Active
A0000657,C000480,Current,7993.2,2019-12-29,Active
A0000658,C000481,Salary,18396.6,2019-02-28,Active
A0000659,C000482,Salary,13285.02,2025-05-11,Active
A0000660,C000483,Fixed Deposit,268461.88,2023-03-05,Active
A0000661,C000483,Salary,15573.36,2020-08-13,Active
A0000662,C000484,Current,21878.99,2022-08-30,Active
A0000663,C000485,Savings,29970.19,2019-03-23,Active
A0000664,C000486,Fixed Deposit,91679.59,2019-03-12,Active
A0000665,C000487,Savings,22154.65,2019-04-15,Active
A0000666,C000487,Current,31642.08,2019-10-14,Active
A0000667,C000487,Fixed Deposit,393522.91,2023-08-27,Active
A0000668,C000488,Current,18814.95,2018-07-13,Active
A0000669,C000489,Savings,18301.19,2021-04-24,Active
A0000670,C000490,Savings,36211.87,2020-08-12,Active
A0000671,C000491,Savings,11176.79,2018-12-15,Dormant
A0000672,C000492,Salary,16504.8,2022-12-03,Active
A0000673,C000493,Savings,8818.58,2023-03-31,Active
A0000674,C000493,Salary,23080.72,2019-02-11,Active
A0000675,C000494,Salary,55143.55,2023-03-31,Active
A0000676,C000495,Savings,25011.82,2024-09-11,Active
A0000677,C000496,Current,5470.58,2023-01-03,Active
A0000678,C000497,Savings,11328.69,2021-03-23,Active
A0000679,C000498,Savings,38459.61,2018-03-01,Active
A0000680,C000499,Savings,27295.91,2023-03-04,Active
A0000681,C000500,Savings,17958.69,2020-11-11,Active
A0000682,C000501,Current,14361.41,2020-05-31,Active
A0000683,C000502,Savings,21156.68,2022-11-07,Active
A0000684,C000503,Current,31876.63,2022-06-02,Active
A0000685,C000504,Salary,77459.61,2021-09-02,Active
A0000686,C000505,Current,8942.06,2018-11-21,Active
A0000687,C000506,Salary,9240.15,2019-06-19,Active
A0000688,C000507,Salary,8255.08,2018-06-23,Active
A0000689,C000508,Salary,20689.88,2020-03-31,Active
A0000690,C000508,Savings,4764.57,2023-05-19,Active
A0000691,C000509,Savings,13608.69,2024-08-22,Active
A0000692,C000510,Savings,2316.69,2023-11-03,Active
A0000693,C000511,Current,25466.6,2019-11-02,Active
A0000694,C000511,Fixed Deposit,341073.8,2024-03-12,Active
A0000695,C000512,Savings,38263.67,2022-04-28,Active
A0000696,C000513,Savings,20735.13,2024-03-23,Active
A0000697,C000513,Current,26352.75,2021-01-09,Active
A0000698,C000514,Salary,8978.01,2018-12-13,Active
A0000699,C000515,Current,9065.99,2022-02-20,Active
A0000700,C000516,Savings,46392.99,2020-06-26,Active
A0000701,C000516,Savings,14549.67,2018-07-10,Active
A0000702,C000517,Savings,27322.81,2023-10-07,Active
A0000703,C000518,Savings,41547.45,2020-01-04,Active
A0000704,C000519,Savings,50949.47,2020-01-31,Active
A0000705,C000520,Savings,34510.44,2025-04-20,Active
A0000706,C000521,Savings,11494.62,2020-08-04,Active
A0000707,C000521,Savings,7744.07,2022-04-05,Active
A0000708,C000522,Savings,18280.79,2024-04-27,Dormant
A0000709,C000523,Savings,20274.44,2019-04-08,Active
A0000710,C000523,Savings,1542.22,2024-06-10,Active
A0000711,C000524,Current,7755.63,2019-06-21,Active
A0000712,C000525,Current,19362.86,2021-04-04,Active
A0000713,C000526,Fixed Deposit,350596.06,2018-12-06,Active
A0000714,C000527,Savings,5827.05,2019-09-28,Active
A0000715,C000528,Current,26571.12,2018-06-05,Active
A0000716,C000528,Savings,105537.0,2020-04-16,Dormant
A0000717,C000529,Current,16397.53,2020-12-15,Active
A0000718,C000529,Savings,15918.13,2023-05-09,Active
A0000719,C000530,Savings,75667.31,2024-02-25,Active
A0000720,C000530,Current,40585.48,2021-11-26,Active
A0000721,C000531,Savings,22514.52,2019-05-20,Active
A0000722,C000532,Savings,3270.11,2022-12-31,Active
A0000723,C000532,Savings,140344.71,2025-06-22,Active
A0000724,C000533,Salary,11234.18,2025-01-02,Active
A0000725,C000534,Salary,71510.72,2024-06-17,Active
A0000726,C000534,Salary,6477.0,2024-03-03,Active
A0000727,C000535,Salary,14779.57,2018-11-01,Active
A0000728,C000536,Savings,19199.26,2018-03-02,Active
A0000729,C000537,Savings,42357.27,2021-04-22,Active
A0000730,C000538,Savings,33654.75,2022-01-06,Active
A0000731,C000539,Current,22029.6,2023-05-16,Active
A0000732,C000540,Savings,41997.59,2023-01-01,Active
A0000733,C000541,Savings,28731.39,2023-06-17,Active
A0000734,C000541,Savings,29582.66,2018-10-15,Active
A0000735,C000542,Current,18664.73,2025-06-11,Active
A0000736,C000542,Current,21993.97,2021-05-27,Active
A0000737,C000543,Fixed Deposit,258561.2,2019-12-03,Active
A0000738,C000544,Savings,6733.24,2021-10-19,Active
A0000739,C000545,Savings,41725.06,2021-01-18,Active
A0000740,C000545,Savings,23825.65,2020-06-17,Active
A0000741,C000546,Savings,31043.51,2021-05-05,Active
A0000742,C000546,Savings,82584.92,2024-12-08,Active
A0000743,C000547,Savings,137675.22,2022-06-24,Active
A0000744,C000548,Savings,57673.45,2022-02-05,Active
A0000745,C000548,Current,3827.88,2021-03-13,Active
A0000746,C000549,Savings,26991.32,2021-02-27,Active
A0000747,C000550,Salary,43638.73,2024-12-15,Active
A0000748,C000550,Salary,6649.88,2019-02-14,Active
A0000749,C000550,Salary,44477.53,2021-06-09,Active
A0000750,C000551,Salary,14150.06,2019-04-15,Active
A0000751,C000551,Savings,23187.51,2023-09-02,Active
A0000752,C000552,Salary,17502.69,2024-10-02,Active
A0000753,C000553,Fixed Deposit,947139.45,2023-05-04,Active
A0000754,C000554,Savings,17062.27,2023-04-30,Active
A0000755,C000555,Salary,36270.26,2023-03-18,Active
A0000756,C000555,Current,3181.59,2022-03-10,Active
A0000757,C000556,Fixed Deposit,111930.0,2018-07-28,Active
A0000758,C000556,Savings,6648.15,2018-04-26,Active
A0000759,C000556,Savings,42988.48,2025-06-30,Active
A0000760,C000557,Salary,42142.39,2021-06-14,Active
A0000761,C000558,Savings,2320.36,2020-04-17,Active
A0000762,C000559,Savings,22206.98,2019-11-09,Active
A0000763,C000560,Current,7307.32,2025-01-25,Active
A0000764,C000560,Salary,71017.68,2024-12-26,Dormant
A0000765,C000561,Savings,59061.83,2020-03-28,Active
A0000766,C000562,Current,13620.55,2025-03-03,Active
A0000767,C000562,Salary,5766.26,2021-03-24,Active
A0000768,C000563,Fixed Deposit,156897.23,2023-02-04,Active
A0000769,C000564,Savings,26230.45,2018-11-16,Active
A0000770,C000565,Salary,3599.1,2022-12-05,Active
A0000771,C000566,Savings,17332.54,2019-07-18,Active
A0000772,C000566,Salary,44492.56,2023-08-19,Active
A0000773,C000567,Savings,119442.53,2019-12-10,Dormant
A0000774,C000567,Current,56958.68,2022-07-17,Active
A0000775,C000568,Salary,6397.06,2018-01-10,Active
A0000776,C000568,Salary,16101.54,2022-11-11,Active
A0000777,C000568,Savings,76271.15,2021-10-12,Active
A0000778,C000569,Savings,7649.92,2018-03-12,Active
A0000779,C000569,Savings,19094.12,2018-05-29,Active
A0000780,C000570,Current,18608.41,2025-02-26,Active
A0000781,C000571,Salary,29946.31,2020-02-10,Active
A0000782,C000572,Savings,52214.15,2025-02-20,Active
A0000783,C000572,Savings,52675.19,2018-08-01,Active
A0000784,C000573,Savings,2709.04,2024-11-14,Active
A0000785,C000573,Savings,14678.28,2022-12-08,Active
A0000786,C000574,Savings,26587.42,2025-06-22,Active
A0000787,C000575,Salary,16930.23,2018-03-22,Active
A0000788,C000576,Savings,21129.74,2018-07-04,Active
A0000789,C000577,Current,24745.39,2020-11-18,Active
A0000790,C000578,Savings,12816.13,2022-03-09,Active
A0000791,C000579,Savings,11171.6,2018-09-24,Active
A0000792,C000579,Savings,39197.26,2021-08-25,Active
A0000793,C000579,Savings,37565.4,2021-05-29,Active
A0000794,C000580,Savings,15083.52,2022-07-16,Active
A0000795,C000581,Savings,29535.99,2023-05-24,Active
A0000796,C000581,Savings,52291.49,2022-06-28,Active
A0000797,C000582,Savings,5774.13,2024-01-23,Active
A0000798,C000583,Savings,21656.64,2020-07-01,Active
A0000799,C000584,Fixed Deposit,276184.18,2018-07-11,Active
A0000800,C000584,Savings,18990.75,2019-09-18,Active
A0000801,C000585,Salary,12642.65,2022-09-12,Active
A0000802,C000585,Savings,9056.83,2023-04-10,Active
A0000803,C000586,Savings,54800.21,2019-08-30,Active
A0000804,C000587,Fixed Deposit,70350.4,2023-02-16,Active
A0000805,C000588,Savings,15535.64,2023-03-31,Active
A0000806,C000589,Salary,10443.45,2024-11-27,Active
A0000807,C000590,Savings,33014.87,2025-01-09,Dormant
A0000808,C000591,Savings,2674.48,2022-10-31,Active
A0000809,C000592,Savings,16320.87,2018-02-13,Active
A0000810,C000592,Savings,6793.83,2019-05-14,Active
A0000811,C000593,Savings,29052.31,2020-01-14,Active
A0000812,C000593,Savings,12040.09,2022-07-20,Active
A0000813,C000594,Savings,70719.47,2023-05-01,Active
A0000814,C000594,Current,8524.37,2023-01-19,Active
A0000815,C000594,Savings,23650.38,2018-04-17,Active
A0000816,C000595,Savings,2954.13,2021-02-17,Active
A0000817,C000596,Savings,11128.03,2022-12-14,Active
A0000818,C000597,Fixed Deposit,327128.07,2022-02-27,Active
A0000819,C000598,Savings,62400.59,2024-04-20,Active
A0000820,C000599,Savings,14212.9,2018-05-25,Active
A0000821,C000600,Salary,12065.86,2024-07-14,Active
A0000822,C000601,Savings,22853.49,2020-01-01,Active
A0000823,C000602,Savings,46942.83,2020-05-03,Active
A0000824,C000602,Current,11411.06,2020-01-06,Active
A0000825,C000603,Current,76989.87,2018-05-26,Active
A0000826,C000604,Current,50182.59,2025-05-30,Active
A0000827,C000605,Salary,37541.85,2023-04-16,Active
A0000828,C000606,Savings,5551.32,2024-04-01,Active
A0000829,C000606,Savings,8117.29,2021-06-28,Active
A0000830,C000607,Fixed Deposit,82041.41,2023-09-21,Active
A0000831,C000607,Salary,12963.43,2022-09-25,Active
A0000832,C000608,Salary,123967.95,2020-08-27,Active
A0000833,C000608,Savings,62841.74,2019-07-20,Active
A0000834,C000609,Current,11493.98,2023-09-05,Active
A0000835,C000610,Current,6471.48,2019-05-16,Active
A0000836,C000610,Salary,15193.14,2023-02-25,Active
A0000837,C000611,Savings,45539.53,2021-08-25,Active
A0000838,C000611,Salary,57236.85,2018-06-10,Active
A0000839,C000612,Fixed Deposit,218340.84,2024-12-22,Active
A0000840,C000613,Savings,125357.97,2018-04-27,Active
A0000841,C000613,Salary,39636.37,2019-03-10,Active
A0000842,C000614,Savings,5528.35,2025-03-09,Active
A0000843,C000615,Current,26080.12,2023-02-19,Active
A0000844,C000616,Fixed Deposit,108123.79,2022-11-18,Active
A0000845,C000617,Savings,7469.14,2025-03-14,Active
A0000846,C000617,Fixed Deposit,367514.33,2020-01-31,Active
A0000847,C000618,Fixed Deposit,113047.44,2020-08-31,Active
A0000848,C000618,Savings,45727.25,2022-05-22,Active
A0000849,C000619,Savings,21667.33,2021-09-08,Dormant
A0000850,C000619,Savings,14366.58,2023-11-23,Active
A0000851,C000620,Savings,25587.85,2020-02-03,Active
A0000852,C000621,Salary,28526.64,2020-04-22,Active
A0000853,C000621,Savings,38426.49,2024-01-19,Active
A0000854,C000622,Savings,59491.86,2020-10-24,Active
A0000855,C000623,Salary,12329.4,2019-01-24,Active
A0000856,C000623,Savings,10686.96,2024-02-18,Active
A0000857,C000624,Salary,37117.93,2025-04-11,Active
A0000858,C000625,Fixed Deposit,422502.82,2019-08-21,Active
A0000859,C000626,Savings,19883.89,2019-07-01,Active
A0000860,C000626,Savings,16702.55,2018-01-18,Active
A0000861,C000626,Savings,13764.1,2020-01-24,Active
A0000862,C000627,Fixed Deposit,84958.23,2019-10-02,Active
A0000863,C000628,Fixed Deposit,75633.08,2019-11-09,Active
A0000864,C000629,Savings,39762.23,2020-06-14,Active
A0000865,C000630,Savings,26058.15,2019-09-02,Active
A0000866,C000630,Savings,37700.22,2023-09-05,Active
A0000867,C000631,Savings,26125.23,2025-03-22,Dormant
A0000868,C000632,Salary,13476.9,2024-07-11,Active
A0000869,C000633,Fixed Deposit,198035.11,2024-08-18,Active
A0000870,C000634,Savings,9661.7,2021-04-18,Active
A0000871,C000634,Salary,14511.1,2025-03-30,Active
A0000872,C000635,Salary,61145.07,2025-01-18,Active
A0000873,C000636,Fixed Deposit,93859.55,2023-09-02,Active
A0000874,C000637,Savings,16155.92,2023-06-10,Active
A0000875,C000638,Fixed Deposit,90746.28,2022-04-06,Active
A0000876,C000639,Current,30743.42,2021-03-16,Active
A0000877,C000639,Fixed Deposit,523767.47,2021-09-24,Active
A0000878,C000640,Savings,50826.26,2020-10-04,Active
A0000879,C000641,Savings,32111.02,2021-10-21,Active
A0000880,C000642,Current,22437.69,2019-05-16,Active
A0000881,C000643,Current,37291.81,2021-10-12,Active
A0000882,C000644,Fixed Deposit,57041.25,2023-06-21,Active
A0000883,C000645,Savings,16502.97,2023-09-26,Active
A0000884,C000645,Savings,2687.33,2021-12-28,Active
A0000885,C000646,Savings,5641.51,2021-07-10,Active
A0000886,C000646,Salary,13904.16,2020-04-03,Active
A0000887,C000647,Salary,20016.86,2018-03-11,Active
A0000888,C000647,Savings,14981.06,2018-01-06,Active
A0000889,C000648,Savings,17511.72,2020-05-26,Active
A0000890,C000649,Savings,13888.64,2018-10-31,Active
A0000891,C000650,Savings,7853.19,2024-11-28,Active
A0000892,C000651,Savings,5901.51,2020-06-02,Active
A0000893,C000652,Savings,15324.26,2022-04-25,Active
A0000894,C000652,Current,11188.87,2024-03-01,Active
A0000895,C000653,Fixed Deposit,237337.07,2021-12-17,Active
A0000896,C000654,Fixed Deposit,431097.65,2022-03-27,Active
A0000897,C000655,Salary,26664.25,2025-01-05,Active
A0000898,C000656,Savings,85575.78,2024-08-07,Active
A0000899,C000656,Savings,48081.2,2019-12-04,Active
A0000900,C000657,Salary,47567.09,2021-11-11,Active
A0000901,C000658,Fixed Deposit,105033.46,2023-09-03,Active
A0000902,C000659,Salary,4445.7,2023-01-20,Active
A0000903,C000660,Salary,24846.58,2022-07-19,Active
A0000904,C000660,Savings,6575.93,2023-05-10,Active
A0000905,C000661,Fixed Deposit,86690.39,2018-02-13,Active
A0000906,C000662,Savings,10753.94,2021-03-08,Active
A0000907,C000663,Savings,9385.15,2022-09-05,Active
A0000908,C000664,Savings,29337.92,2022-06-11,Active
A0000909,C000665,Salary,21399.05,2018-09-04,Active
A0000910,C000666,Savings,5804.75,2021-06-19,Active
A0000911,C000667,Savings,65015.8,2022-09-02,Active
A0000912,C000668,Fixed Deposit,288527.31,2019-01-31,Active
A0000913,C000669,Fixed Deposit,394546.78,2022-04-13,Active
A0000914,C000669,Savings,7857.66,2018-04-09,Active
A0000915,C000670,Savings,30923.41,2022-08-03,Active
A0000916,C000670,Salary,9068.13,2022-07-04,Active
A0000917,C000671,Savings,22492.08,2018-05-23,Active
A0000918,C000672,Current,30243.02,2023-08-23,Active
A0000919,C000673,Current,43400.13,2018-09-26,Active
A0000920,C000674,Savings,16906.62,2020-02-09,Active
A0000921,C000674,Savings,9230.46,2018-05-28,Active
A0000922,C000675,Savings,32532.51,2020-04-19,Active
A0000923,C000675,Current,28052.02,2022-01-05,Active
A0000924,C000676,Savings,4628.94,2021-03-17,Active
A0000925,C000676,Savings,42117.54,2019-01-12,Active
A0000926,C000677,Current,6199.52,2025-05-02,Active
A0000927,C000678,Savings,9190.41,2021-01-08,Dormant
A0000928,C000679,Savings,32049.95,2025-03-06,Active
A0000929,C000680,Current,36582.65,2020-03-24,Active
A0000930,C000681,Current,22921.12,2020-09-03,Active
A0000931,C000682,Savings,4950.17,2021-09-01,Active
A0000932,C000683,Current,17155.58,2022-01-30,Active
A0000933,C000684,Current,10059.57,2020-10-04,Dormant
A0000934,C000684,Salary,6312.85,2018-01-27,Active
A0000935,C000685,Fixed Deposit,263349.8,2025-04-12,Active
A0000936,C000686,Current,19500.8,2019-06-26,Active
A0000937,C000686,Fixed Deposit,358569.36,2024-08-26,Active
A0000938,C000687,Savings,73445.46,2022-08-02,Active
A0000939,C000688,Fixed Deposit,99173.35,2025-05-13,Active
A0000940,C000688,Salary,31441.27,2025-06-10,Active
A0000941,C000689,Savings,13374.03,2021-03-30,Active
A0000942,C000690,Salary,26660.3,2019-06-04,Active
A0000943,C000691,Salary,37750.14,2021-05-20,Active
A0000944,C000691,Salary,21846.79,2024-03-26,Active
A0000945,C000691,Salary,17558.72,2018-05-13,Active
A0000946,C000692,Savings,19635.1,2024-12-29,Active
A0000947,C000693,Current,2250.07,2018-03-11,Active
A0000948,C000694,Savings,2911.06,2024-11-12,Active
A0000949,C000695,Savings,33095.57,2024-05-20,Active
A0000950,C000696,Savings,26023.86,2021-10-23,Active
A0000951,C000697,Savings,19617.21,2018-12-11,Active
A0000952,C000698,Savings,9952.49,2020-04-26,Active
A0000953,C000699,Salary,32961.8,2019-12-06,Active
A0000954,C000700,Fixed Deposit,256286.31,2022-04-06,Active
A0000955,C000700,Current,5834.88,2021-08-09,Active
A0000956,C000701,Salary,12957.05,2022-09-15,Active
A0000957,C000702,Current,25397.02,2025-04-12,Active
A0000958,C000702,Fixed Deposit,33953.48,2018-04-10,Active
A0000959,C000703,Savings,10610.79,2019-09-07,Active
A0000960,C000703,Salary,20087.34,2018-11-30,Active
A0000961,C000704,Savings,99464.5,2023-06-26,Active
A0000962,C000704,Savings,15054.24,2020-03-13,Active
A0000963,C000705,Savings,7571.1,2025-05-10,Active
A0000964,C000706,Current,49381.73,2019-08-02,Active
A0000965,C000707,Savings,16305.09,2024-01-24,Active
A0000966,C000707,Fixed Deposit,490258.98,2019-06-04,Active
A0000967,C000708,Savings,69817.19,2019-04-09,Active
A0000968,C000709,Salary,54387.36,2024-01-20,Active
A0000969,C000709,Savings,4024.5,2019-07-01,Active
A0000970,C000710,Savings,15869.92,2022-12-23,Active
A0000971,C000711,Fixed Deposit,176647.38,2019-01-01,Active
A0000972,C000712,Savings,157251.99,2023-01-12,Active
A0000973,C000713,Salary,32605.22,2024-11-21,Active
A0000974,C000714,Savings,8743.38,2025-06-16,Active
A0000975,C000715,Salary,7433.89,2018-09-23,Active
A0000976,C000716,Savings,51805.2,2020-04-27,Active
A0000977,C000716,Current,68759.59,2018-05-25,Active
A0000978,C000717,Savings,7809.24,2022-11-20,Active
A0000979,C000718,Salary,36787.49,2019-01-23,Active
A0000980,C000718,Current,34145.44,2018-08-29,Active
A0000981,C000719,Savings,22975.03,2019-01-21,Active
A0000982,C000720,Savings,11986.97,2018-07-20,Active
A0000983,C000721,Savings,32394.13,2024-10-23,Dormant
A0000984,C000721,Savings,77867.32,2019-06-05,Active
A0000985,C000722,Savings,50996.71,2024-05-19,Active
A0000986,C000723,Current,41176.92,2022-05-23,Active
A0000987,C000724,Current,11696.83,2023-12-28,Active
A0000988,C000724,Salary,23611.98,2022-10-19,Active
A0000989,C000724,Savings,61512.2,2025-03-07,Active
A0000990,C000725,Salary,23469.75,2018-04-16,Active
A0000991,C000726,Fixed Deposit,265662.63,2023-09-10,Active
A0000992,C000727,Savings,14656.58,2021-08-01,Active
A0000993,C000728,Savings,32938.81,2018-05-06,Active
A0000994,C000729,Savings,21340.89,2022-01-01,Active
A0000995,C000730,Current,18565.09,2021-09-13,Active
A0000996,C000731,Savings,3285.24,2024-12-15,Active
A0000997,C000731,Salary,46556.92,2018-10-14,Active
A0000998,C000732,Savings,106993.2,2019-10-31,Active
A0000999,C000733,Savings,69399.8,2023-01-11,Active
A0001000,C000734,Salary,39541.78,2018-06-15,Active
A0001001,C000735,Current,22660.39,2024-08-11,Dormant
A0001002,C000735,Current,11555.02,2020-06-04,Active
A0001003,C000736,Savings,11203.81,2022-07-07,Active
A0001004,C000737,Salary,46179.78,2022-10-30,Active
A0001005,C000738,Salary,57441.55,2018-02-07,Active
A0001006,C000738,Savings,32732.18,2024-06-16,Active
A0001007,C000739,Savings,10015.13,2024-03-08,Active
A0001008,C000740,Salary,18399.4,2022-05-12,Active
A0001009,C000741,Current,3781.1,2022-09-23,Active
A0001010,C000741,Savings,27695.67,2018-03-27,Active
A0001011,C000742,Salary,6405.15,2022-03-31,Active
A0001012,C000743,Savings,9017.6,2022-07-29,Active
A0001013,C000744,Savings,1185.23,2018-07-02,Active
A0001014,C000745,Savings,20797.36,2024-09-18,Active
A0001015,C000746,Fixed Deposit,95833.53,2025-04-18,Active
A0001016,C000746,Savings,7444.92,2018-02-02,Active
A0001017,C000747,Savings,104543.77,2025-01-09,Active
A0001018,C000747,Savings,27737.66,2022-10-09,Active
A0001019,C000748,Fixed Deposit,270559.29,2024-09-24,Active
A0001020,C000749,Fixed Deposit,145753.93,2020-08-03,Active
A0001021,C000750,Savings,156281.53,2018-04-29,Active
A0001022,C000750,Salary,4316.62,2019-12-17,Active
A0001023,C000751,Salary,65465.61,2018-01-30,Dormant
A0001024,C000751,Current,25960.41,2023-03-11,Active
A0001025,C000752,Savings,57183.98,2023-07-10,Active
A0001026,C000753,Savings,71693.07,2022-05-27,Active
A0001027,C000754,Savings,43748.73,2021-04-24,Active
A0001028,C000755,Salary,43020.18,2023-10-04,Active
A0001029,C000756,Current,65740.56,2023-10-27,Active
A0001030,C000756,Savings,19070.8,2024-11-16,Active
A0001031,C000757,Current,42789.82,2024-05-13,Active
A0001032,C000758,Salary,93047.27,2023-02-27,Dormant
A0001033,C000759,Fixed Deposit,134056.29,2022-08-19,Active
A0001034,C000759,Fixed Deposit,119422.13,2018-11-28,Active
A0001035,C000760,Fixed Deposit,447008.06,2020-06-18,Active
A0001036,C000761,Savings,33233.2,2020-06-12,Active
A0001037,C000762,Salary,26433.01,2022-01-22,Active
A0001038,C000763,Current,19155.99,2024-01-09,Active
A0001039,C000764,Salary,12120.13,2021-02-16,Active
A0001040,C000765,Savings,4702.33,2024-01-25,Active
A0001041,C000766,Savings,15676.19,2023-05-29,Active
A0001042,C000767,Savings,10849.12,2022-03-20,Active
A0001043,C000767,Savings,1722.47,2020-03-03,Active
A0001044,C000768,Current,7223.95,2022-06-03,Active
A0001045,C000768,Savings,17634.61,2020-10-12,Active
A0001046,C000769,Savings,31923.15,2024-12-24,Active
A0001047,C000769,Savings,15277.76,2018-01-25,Active
A0001048,C000770,Savings,42800.33,2024-12-31,Active
A0001049,C000771,Salary,7521.77,2018-08-29,Active
A0001050,C000772,Salary,22876.02,2023-05-17,Active
A0001051,C000773,Fixed Deposit,427045.84,2022-01-03,Active
A0001052,C000773,Salary,13173.28,2021-08-01,Dormant
A0001053,C000773,Savings,8861.23,2020-07-05,Active
A0001054,C000774,Savings,46015.9,2018-01-10,Active
A0001055,C000775,Savings,43944.79,2018-08-16,Active
A0001056,C000776,Salary,20402.13,2022-11-23,Active
A0001057,C000777,Savings,42957.47,2019-01-30,Active
A0001058,C000778,Savings,23765.41,2024-06-20,Active
A0001059,C000779,Salary,19268.28,2024-03-07,Active
A0001060,C000779,Savings,58516.11,2020-12-16,Active
A0001061,C000780,Savings,6506.1,2022-12-16,Active
A0001062,C000781,Current,141116.73,2024-12-07,Active
A0001063,C000782,Savings,7006.51,2018-02-15,Active
A0001064,C000783,Savings,9371.53,2024-12-29,Active
A0001065,C000784,Salary,30869.37,2023-12-19,Active
A0001066,C000785,Savings,34482.21,2024-05-03,Active
A0001067,C000786,Fixed Deposit,392315.24,2020-06-29,Active
A0001068,C000786,Fixed Deposit,310849.68,2022-07-22,Active
A0001069,C000787,Current,39073.14,2024-06-07,Active
A0001070,C000788,Savings,20194.97,2020-12-28,Active
A0001071,C000789,Savings,15700.91,2018-02-27,Active
A0001072,C000790,Current,57390.03,2023-12-28,Active
A0001073,C000790,Fixed Deposit,96206.7,2023-04-25,Active
A0001074,C000791,Savings,14938.5,2021-02-27,Active
A0001075,C000792,Savings,15129.07,2019-08-17,Active
A0001076,C000793,Fixed Deposit,133780.03,2018-03-23,Active
A0001077,C000794,Savings,20563.75,2018-02-01,Active
A0001078,C000794,Savings,70894.37,2021-07-29,Active
A0001079,C000795,Fixed Deposit,212054.7,2019-09-01,Active
A0001080,C000796,Savings,141301.86,2022-01-18,Active
A0001081,C000797,Savings,42922.25,2022-07-05,Active
A0001082,C000798,Salary,82518.14,2019-04-09,Active
A0001083,C000798,Current,9549.15,2023-06-07,Active
A0001084,C000798,Savings,9606.94,2023-01-19,Active
A0001085,C000799,Fixed Deposit,86221.94,2021-05-19,Active
A0001086,C000799,Fixed Deposit,36360.25,2022-02-13,Active
A0001087,C000800,Savings,43130.59,2019-04-10,Active
A0001088,C000800,Savings,4183.42,2018-04-28,Active
A0001089,C000801,Savings,11182.13,2023-01-26,Dormant
A0001090,C000801,Salary,46047.3,2022-02-08,Active
A0001091,C000802,Savings,5687.75,2023-01-01,Dormant
A0001092,C000802,Current,102781.57,2020-11-10,Active
A0001093,C000803,Savings,39641.25,2018-06-21,Active
A0001094,C000804,Savings,10061.06,2020-06-16,Dormant
A0001095,C000805,Savings,34983.95,2018-11-20,Active
A0001096,C000805,Fixed Deposit,426498.72,2020-08-17,Active
A0001097,C000806,Fixed Deposit,79993.23,2023-02-01,Active
A0001098,C000807,Savings,25736.55,2022-10-30,Active
A0001099,C000808,Savings,30674.37,2023-05-06,Active
A0001100,C000809,Savings,7580.26,2021-11-15,Active
A0001101,C000810,Savings,9248.34,2024-07-13,Active
A0001102,C000811,Current,61297.26,2022-11-28,Active
A0001103,C000812,Savings,54962.34,2019-02-15,Active
A0001104,C000813,Savings,16598.8,2019-10-08,Active
A0001105,C000814,Savings,50703.27,2022-04-12,Active
A0001106,C000815,Salary,10159.35,2023-07-13,Active
A0001107,C000816,Savings,12957.22,2024-11-24,Active
A0001108,C000817,Savings,55770.14,2021-11-05,Active
A0001109,C000817,Savings,28535.57,2019-01-04,Dormant
A0001110,C000818,Savings,23468.45,2022-01-30,Active
A0001111,C000818,Fixed Deposit,100240.03,2025-01-25,Active
A0001112,C000819,Savings,56580.44,2020-07-29,Active
A0001113,C000820,Salary,10043.64,2020-12-19,Active
A0001114,C000821,Salary,26180.17,2023-07-12,Active
A0001115,C000821,Fixed Deposit,198981.27,2019-03-02,Active
A0001116,C000821,Fixed Deposit,94406.05,2019-07-22,Active
A0001117,C000822,Fixed Deposit,67775.41,2019-02-26,Active
A0001118,C000822,Savings,12597.64,2023-01-10,Active
A0001119,C000823,Savings,22204.24,2025-06-24,Active
A0001120,C000824,Current,72019.32,2024-02-15,Active
A0001121,C000825,Salary,13430.69,2025-04-05,Active
A0001122,C000826,Salary,14226.78,2018-01-02,Active
A0001123,C000827,Savings,4042.51,2023-07-08,Active
A0001124,C000828,Salary,5474.86,2022-08-10,Active
A0001125,C000828,Savings,56971.62,2020-08-01,Active
A0001126,C000829,Savings,2767.95,2020-03-18,Active
A0001127,C000830,Savings,13027.18,2025-01-27,Active
A0001128,C000831,Salary,28195.66,2020-05-07,Active
A0001129,C000831,Salary,12044.13,2020-07-02,Active
A0001130,C000832,Fixed Deposit,362052.85,2018-01-10,Active
A0001131,C000833,Savings,5074.84,2021-06-10,Active
A0001132,C000833,Current,11381.16,2023-07-22,Active
A0001133,C000834,Savings,19787.54,2024-02-24,Active
A0001134,C000835,Savings,36899.07,2020-10-13,Active
A0001135,C000836,Savings,12930.68,2022-11-10,Active
A0001136,C000837,Savings,58268.34,2021-09-02,Active
A0001137,C000838,Fixed Deposit,163459.61,2019-03-11,Active
A0001138,C000839,Savings,10765.43,2024-05-14,Active
A0001139,C000840,Salary,7504.88,2024-03-07,Active
A0001140,C000841,Current,12657.43,2023-10-09,Active
A0001141,C000842,Savings,11773.59,2019-12-10,Active
A0001142,C000843,Salary,151344.85,2018-06-23,Active
A0001143,C000844,Fixed Deposit,439897.96,2021-11-08,Active
A0001144,C000844,Salary,17859.35,2021-05-02,Active
A0001145,C000845,Salary,17169.54,2023-12-20,Active
A0001146,C000845,Current,29266.41,2020-10-13,Active
A0001147,C000846,Savings,34376.8,2020-08-17,Active
A0001148,C000847,Salary,10129.4,2018-04-04,Active
A0001149,C000848,Salary,25472.05,2020-04-08,Active
A0001150,C000848,Salary,33663.13,2024-07-19,Active
A0001151,C000849,Salary,4756.07,2021-05-25,Dormant
A0001152,C000850,Savings,64556.64,2018-01-30,Active
A0001153,C000851,Savings,11900.9,2023-11-02,Active
A0001154,C000852,Savings,44608.79,2022-05-27,Active
A0001155,C000852,Salary,8600.78,2021-05-30,Active
A0001156,C000853,Savings,44131.91,2020-04-24,Active
A0001157,C000854,Salary,13430.13,2020-10-12,Active
A0001158,C000854,Savings,29848.14,2018-09-30,Active
A0001159,C000855,Current,11812.2,2020-08-11,Active
A0001160,C000856,Savings,18884.71,2022-04-25,Active
A0001161,C000856,Current,60989.16,2019-05-09,Active
A0001162,C000856,Salary,13462.28,2018-01-04,Active
A0001163,C000857,Salary,8333.79,2025-01-11,Active
A0001164,C000858,Salary,9113.88,2020-04-04,Active
A0001165,C000859,Savings,16320.47,2019-07-28,Active
A0001166,C000860,Savings,34051.33,2021-06-28,Active
A0001167,C000861,Fixed Deposit,801628.31,2019-05-04,Active
A0001168,C000862,Savings,12105.88,2020-11-16,Active
A0001169,C000863,Savings,15501.96,2022-04-11,Active
A0001170,C000864,Savings,172597.3,2021-06-27,Active
A0001171,C000865,Current,10817.51,2020-01-13,Active
A0001172,C000866,Current,41357.82,2020-02-08,Active
A0001173,C000866,Fixed Deposit,143085.31,2020-03-04,Active
A0001174,C000867,Savings,5178.83,2020-11-15,Active
A0001175,C000868,Fixed Deposit,301920.98,2021-11-01,Active
A0001176,C000869,Current,7150.16,2021-12-21,Active
A0001177,C000870,Current,9655.34,2022-06-17,Active
A0001178,C000871,Savings,13750.47,2025-05-28,Active
A0001179,C000872,Savings,19522.03,2018-03-21,Active
A0001180,C000873,Fixed Deposit,83572.26,2022-10-05,Active
A0001181,C000874,Savings,31362.39,2020-10-31,Active
A0001182,C000875,Savings,41920.55,2018-05-22,Active
A0001183,C000876,Savings,28146.73,2023-11-24,Active
A0001184,C000877,Savings,12630.5,2021-03-14,Active
A0001185,C000878,Savings,10881.37,2018-12-11,Active
A0001186,C000878,Salary,21802.3,2020-06-21,Active
A0001187,C000879,Current,4875.23,2023-01-19,Active
A0001188,C000880,Savings,12488.65,2025-06-06,Active
A0001189,C000881,Current,29743.22,2021-11-10,Active
A0001190,C000882,Fixed Deposit,201831.13,2020-10-22,Active
A0001191,C000883,Savings,12858.15,2025-01-02,Active
A0001192,C000884,Savings,20798.27,2018-10-29,Active
A0001193,C000885,Savings,61514.45,2019-06-15,Active
A0001194,C000885,Savings,6835.73,2023-08-02,Active
A0001195,C000886,Current,25916.22,2024-10-11,Active
A0001196,C000887,Current,22862.13,2024-02-13,Active
A0001197,C000888,Savings,38679.63,2019-03-16,Active
A0001198,C000889,Current,13354.48,2022-06-25,Active
A0001199,C000890,Current,7682.07,2021-03-27,Active
A0001200,C000890,Current,120120.87,2020-07-09,Active
A0001201,C000891,Salary,59708.29,2022-11-02,Active
A0001202,C000891,Savings,5669.14,2020-07-29,Active
A0001203,C000892,Savings,40678.06,2022-03-22,Active
A0001204,C000893,Savings,13896.02,2023-03-16,Active
A0001205,C000894,Savings,10813.53,2024-10-28,Active
A0001206,C000894,Current,138524.54,2021-01-22,Active
A0001207,C000894,Current,10930.42,2020-05-01,Active
A0001208,C000895,Current,27346.66,2025-01-15,Active
A0001209,C000895,Fixed Deposit,229830.61,2022-10-09,Active
A0001210,C000896,Current,57506.36,2018-01-02,Active
A0001211,C000896,Current,66669.97,2023-09-04,Active
A0001212,C000897,Fixed Deposit,181795.6,2022-06-02,Active
A0001213,C000897,Savings,34720.49,2022-10-12,Active
A0001214,C000898,Savings,13005.72,2020-02-03,Active
A0001215,C000898,Current,61354.33,2023-05-17,Active
A0001216,C000899,Savings,21352.56,2018-01-21,Active
A0001217,C000900,Fixed Deposit,966995.67,2022-10-25,Active
A0001218,C000901,Salary,7796.94,2022-06-01,Active
A0001219,C000901,Savings,68768.17,2023-07-30,Active
A0001220,C000902,Savings,12880.41,2022-11-24,Active
A0001221,C000903,Savings,14369.42,2022-03-20,Active
A0001222,C000904,Fixed Deposit,120171.47,2021-09-26,Active
A0001223,C000905,Savings,9218.21,2020-11-08,Active
A0001224,C000905,Salary,11293.34,2018-01-19,Active
A0001225,C000906,Savings,6148.5,2024-01-26,Active
A0001226,C000907,Fixed Deposit,242281.99,2022-04-17,Active
A0001227,C000908,Savings,49735.37,2024-12-01,Active
A0001228,C000909,Savings,69623.22,2018-04-26,Active
A0001229,C000910,Fixed Deposit,612999.36,2020-03-15,Active
A0001230,C000911,Current,2770.44,2021-07-10,Active
A0001231,C000912,Savings,25883.74,2024-03-26,Active
A0001232,C000913,Savings,10600.45,2021-04-10,Active
A0001233,C000913,Savings,32113.36,2021-07-05,Active
A0001234,C000914,Savings,23160.31,2025-06-01,Active
A0001235,C000915,Savings,19213.34,2019-11-03,Active
A0001236,C000915,Current,4728.1,2025-03-02,Active
A0001237,C000916,Savings,7869.24,2019-07-17,Active
A0001238,C000917,Savings,55544.21,2018-05-08,Active
A0001239,C000918,Salary,14578.55,2024-03-04,Active
A0001240,C000919,Savings,10004.14,2021-10-02,Active
A0001241,C000919,Current,10166.41,2018-05-29,Active
A0001242,C000920,Savings,96902.27,2018-02-24,Active
A0001243,C000920,Fixed Deposit,189926.53,2018-05-03,Active
A0001244,C000920,Savings,31103.77,2018-10-22,Active
A0001245,C000921,Savings,148478.47,2018-01-27,Active
A0001246,C000921,Savings,119716.16,2024-10-22,Active
A0001247,C000922,Savings,4710.08,2025-04-09,Active
A0001248,C000923,Fixed Deposit,108999.81,2019-05-27,Active
A0001249,C000924,Current,55139.35,2019-12-20,Active
A0001250,C000925,Savings,8339.82,2022-05-19,Active
A0001251,C000926,Savings,48615.34,2018-06-27,Active
A0001252,C000927,Current,68869.82,2020-04-20,Active
A0001253,C000928,Current,5619.58,2024-11-25,Active
A0001254,C000929,Savings,9668.44,2022-11-10,Active
A0001255,C000929,Savings,37234.5,2021-04-20,Active
A0001256,C000930,Savings,11025.01,2023-04-02,Active
A0001257,C000930,Savings,5153.87,2024-01-08,Active
A0001258,C000931,Fixed Deposit,99331.39,2024-08-01,Active
A0001259,C000931,Savings,21392.53,2025-04-17,Active
A0001260,C000932,Savings,11886.89,2025-03-21,Active
A0001261,C000933,Savings,22882.39,2021-04-27,Active
A0001262,C000934,Current,112185.72,2024-09-14,Active
A0001263,C000935,Savings,24705.74,2021-04-05,Active
A0001264,C000936,Savings,25749.21,2024-10-30,Active
A0001265,C000936,Savings,32087.68,2021-04-26,Active
A0001266,C000937,Savings,57842.65,2023-11-07,Active
A0001267,C000938,Fixed Deposit,66576.66,2025-02-05,Active
A0001268,C000939,Savings,23493.64,2022-03-13,Active
A0001269,C000940,Savings,32533.77,2020-02-20,Active
A0001270,C000941,Current,43901.06,2023-11-21,Active
A0001271,C000942,Current,54779.84,2024-08-13,Active
A0001272,C000943,Savings,36927.62,2020-04-11,Active
A0001273,C000944,Fixed Deposit,119937.78,2020-04-26,Active
A0001274,C000944,Savings,32489.6,2021-04-13,Active
A0001275,C000945,Fixed Deposit,284666.84,2021-02-17,Active
A0001276,C000945,Salary,7603.69,2018-09-09,Active
A0001277,C000946,Savings,205365.94,2018-09-10,Active
A0001278,C000946,Current,43085.44,2018-09-09,Dormant
A0001279,C000947,Savings,20219.01,2020-05-04,Active
A0001280,C000948,Savings,36054.76,2022-10-27,Active
A0001281,C000949,Current,16483.02,2019-02-16,Active
A0001282,C000950,Savings,195003.62,2019-01-03,Active
A0001283,C000951,Savings,12282.81,2024-03-06,Active
A0001284,C000952,Fixed Deposit,457263.66,2020-12-16,Active
A0001285,C000953,Savings,24076.64,2023-10-20,Active
A0001286,C000954,Savings,85158.34,2018-07-27,Active
A0001287,C000955,Savings,21438.08,2021-12-05,Active
A0001288,C000956,Fixed Deposit,233603.09,2024-02-09,Active
A0001289,C000957,Savings,8880.41,2022-05-17,Active
A0001290,C000958,Savings,50606.43,2024-12-21,Active
A0001291,C000958,Savings,32467.63,2022-08-18,Active
A0001292,C000958,Savings,42159.62,2018-03-28,Active
A0001293,C000959,Fixed Deposit,188991.54,2019-07-06,Active
A0001294,C000959,Savings,25199.89,2020-10-20,Active
A0001295,C000960,Salary,11533.19,2023-07-27,Active
A0001296,C000961,Current,232863.87,2023-03-05,Active
A0001297,C000962,Salary,32120.9,2018-03-30,Active
A0001298,C000963,Savings,12816.47,2021-02-16,Active
A0001299,C000964,Savings,12074.29,2023-05-20,Active
A0001300,C000965,Current,62658.62,2020-05-06,Active
A0001301,C000966,Fixed Deposit,1168447.19,2018-09-20,Active
A0001302,C000967,Savings,25364.16,2020-08-11,Active
A0001303,C000967,Savings,27113.3,2019-05-07,Active
A0001304,C000968,Salary,27623.07,2021-12-20,Active
A0001305,C000969,Savings,6572.46,2019-04-13,Dormant
A0001306,C000970,Savings,20839.29,2025-02-11,Active
A0001307,C000971,Savings,7271.9,2023-01-29,Active
A0001308,C000972,Savings,17201.88,2020-07-02,Active
A0001309,C000972,Savings,15439.3,2021-10-27,Active
A0001310,C000973,Savings,8445.63,2021-06-07,Active
A0001311,C000974,Fixed Deposit,174197.97,2021-02-21,Active
A0001312,C000975,Fixed Deposit,136812.6,2021-03-31,Active
A0001313,C000975,Savings,95760.75,2023-02-19,Active
A0001314,C000976,Fixed Deposit,165452.29,2018-11-16,Active
A0001315,C000977,Salary,23774.95,2024-10-17,Active
A0001316,C000977,Savings,18524.01,2018-02-14,Active
A0001317,C000978,Savings,53607.84,2022-01-15,Active
A0001318,C000978,Salary,7721.16,2024-07-19,Active
A0001319,C000979,Salary,55423.4,2021-08-17,Active
A0001320,C000979,Savings,10287.73,2024-09-29,Active
A0001321,C000979,Savings,7539.63,2021-03-10,Active
A0001322,C000980,Savings,20579.17,2022-05-08,Dormant
A0001323,C000981,Salary,4033.55,2019-09-07,Active
A0001324,C000981,Savings,19489.95,2019-10-01,Active
A0001325,C000981,Current,11790.12,2024-03-07,Active
A0001326,C000982,Salary,37623.16,2023-07-06,Active
A0001327,C000983,Fixed Deposit,330478.46,2024-02-29,Active
A0001328,C000983,Savings,63341.3,2021-08-23,Active
A0001329,C000984,Current,15108.59,2022-08-26,Active
A0001330,C000985,Current,9668.11,2022-07-25,Active
A0001331,C000986,Savings,18928.31,2024-06-06,Active
A0001332,C000987,Current,97758.08,2023-04-21,Active
A0001333,C000988,Savings,2825.36,2023-12-03,Active
A0001334,C000988,Savings,25933.1,2018-08-04,Active
A0001335,C000989,Current,4953.05,2018-03-21,Active
A0001336,C000989,Fixed Deposit,288425.46,2022-03-30,Active
A0001337,C000990,Savings,21862.57,2021-12-10,Active
A0001338,C000991,Current,79398.24,2023-04-23,Active
A0001339,C000992,Current,28947.24,2024-09-08,Active
A0001340,C000992,Fixed Deposit,53555.43,2025-01-26,Active
A0001341,C000993,Savings,2102.65,2022-11-26,Active
A0001342,C000994,Savings,55651.37,2024-11-12,Active
A0001343,C000995,Savings,7353.23,2018-05-15,Active
A0001344,C000995,Current,28043.65,2021-09-19,Active
A0001345,C000995,Savings,24042.78,2020-02-07,Active
A0001346,C000996,Fixed Deposit,301431.93,2021-08-30,Active
A0001347,C000997,Savings,16780.05,2019-11-28,Active
A0001348,C000997,Savings,33619.48,2023-04-24,Active
A0001349,C000998,Savings,108436.6,2021-08-25,Active
A0001350,C000998,Salary,33591.0,2019-04-12,Active
A0001351,C000999,Savings,52327.95,2023-10-26,Active
A0001352,C001000,Salary,7186.34,2023-10-27,Active
A0001353,C001001,Savings,23009.08,2020-06-28,Active
A0001354,C001001,Savings,19529.82,2025-02-17,Active
A0001355,C001002,Current,16353.35,2024-06-16,Active
A0001356,C001003,Current,12055.34,2024-03-10,Active
A0001357,C001003,Savings,14193.03,2022-05-24,Active
A0001358,C001004,Salary,31512.91,2022-04-29,Active
A0001359,C001005,Savings,18024.18,2020-11-07,Active
A0001360,C001005,Savings,35280.13,2022-12-23,Active
A0001361,C001006,Fixed Deposit,119843.82,2021-06-29,Active
A0001362,C001007,Savings,47735.68,2020-08-22,Active
A0001363,C001008,Savings,22159.52,2022-11-08,Active
A0001364,C001008,Current,15773.27,2022-09-24,Active
A0001365,C001008,Salary,30146.07,2018-12-01,Active
A0001366,C001009,Savings,14675.48,2021-06-18,Active
A0001367,C001009,Savings,10717.38,2021-04-12,Active
A0001368,C001010,Savings,74725.7,2019-11-04,Active
A0001369,C001010,Savings,13330.76,2021-05-28,Active
A0001370,C001011,Savings,67420.88,2021-07-15,Active
A0001371,C001011,Savings,36622.17,2023-10-24,Active
A0001372,C001011,Savings,15838.66,2019-06-19,Active
A0001373,C001012,Savings,101806.38,2024-11-19,Active
A0001374,C001013,Current,6775.24,2024-06-04,Active
A0001375,C001014,Savings,99383.79,2020-03-02,Active
A0001376,C001015,Salary,14108.36,2019-09-24,Active
A0001377,C001015,Savings,6752.62,2023-05-21,Active
A0001378,C001015,Salary,90222.62,2018-07-23,Active
A0001379,C001016,Fixed Deposit,42157.91,2021-08-25,Active
A0001380,C001017,Savings,23661.9,2021-09-19,Active
A0001381,C001018,Savings,25816.05,2021-12-11,Active
A0001382,C001019,Savings,8442.8,2024-10-05,Dormant
A0001383,C001020,Fixed Deposit,157916.82,2019-10-15,Active
A0001384,C001021,Current,39175.56,2024-08-27,Active
A0001385,C001022,Savings,16473.42,2020-04-28,Active
A0001386,C001023,Current,69510.38,2019-11-06,Active
A0001387,C001024,Savings,12984.27,2019-12-03,Active
A0001388,C001025,Fixed Deposit,211219.35,2023-02-20,Active
A0001389,C001026,Savings,7249.06,2025-06-13,Active
A0001390,C001027,Salary,25143.19,2024-01-22,Active
A0001391,C001028,Fixed Deposit,290844.48,2024-09-04,Active
A0001392,C001029,Fixed Deposit,334689.99,2021-02-23,Active
A0001393,C001030,Current,9272.78,2021-04-19,Active
A0001394,C001031,Savings,5151.84,2020-04-02,Active
A0001395,C001031,Savings,8667.24,2019-10-12,Active
A0001396,C001032,Current,53399.23,2022-06-05,Active
A0001397,C001033,Savings,9610.1,2024-07-12,Active
A0001398,C001034,Current,16673.32,2025-01-30,Dormant
A0001399,C001035,Savings,58448.6,2021-11-18,Active
A0001400,C001035,Savings,25308.3,2019-03-29,Active
A0001401,C001036,Current,4706.9,2022-06-16,Active
A0001402,C001036,Fixed Deposit,100202.43,2018-01-06,Active
A0001403,C001037,Savings,16528.17,2018-03-01,Active
A0001404,C001038,Current,41333.58,2023-03-17,Active
A0001405,C001039,Fixed Deposit,303645.31,2018-03-07,Active
A0001406,C001040,Fixed Deposit,107029.55,2020-02-03,Active
A0001407,C001041,Savings,17571.35,2022-07-29,Active
A0001408,C001041,Savings,18765.61,2024-08-21,Active
A0001409,C001042,Savings,8522.03,2020-12-17,Active
A0001410,C001043,Savings,12078.4,2025-06-23,Active
A0001411,C001043,Savings,7197.93,2024-09-04,Active
A0001412,C001044,Salary,16828.55,2025-06-04,Active
A0001413,C001045,Savings,7888.34,2019-08-14,Active
A0001414,C001045,Fixed Deposit,189593.15,2024-08-09,Active
A0001415,C001046,Savings,19004.68,2020-03-05,Active
A0001416,C001047,Savings,18879.62,2024-12-12,Active
A0001417,C001047,Savings,25566.39,2021-03-27,Active
A0001418,C001048,Savings,10478.49,2018-12-14,Active
A0001419,C001049,Savings,32237.37,2019-07-20,Active
A0001420,C001050,Savings,12471.32,2020-09-05,Active
A0001421,C001050,Savings,115431.3,2020-11-12,Active
A0001422,C001051,Savings,38329.55,2022-11-24,Active
A0001423,C001052,Savings,10142.73,2020-08-15,Active
A0001424,C001053,Savings,15799.33,2021-08-13,Active
A0001425,C001054,Savings,39636.89,2022-12-07,Active
A0001426,C001055,Savings,3875.17,2022-10-29,Dormant
A0001427,C001055,Savings,17620.58,2023-08-03,Active
A0001428,C001056,Salary,7803.99,2018-05-11,Active
A0001429,C001057,Savings,111841.68,2019-01-18,Active
A0001430,C001058,Savings,8416.94,2019-08-24,Active
A0001431,C001059,Savings,14585.67,2020-06-14,Active
A0001432,C001059,Current,33563.77,2022-03-11,Active
A0001433,C001060,Savings,15272.01,2020-01-23,Active
A0001434,C001060,Savings,15615.61,2018-04-25,Active
A0001435,C001061,Current,4789.21,2018-09-27,Active
A0001436,C001061,Current,46320.11,2024-04-14,Active
A0001437,C001062,Savings,19166.97,2020-04-01,Active
A0001438,C001063,Savings,31601.2,2021-10-09,Active
A0001439,C001064,Savings,16835.69,2018-08-18,Active
A0001440,C001064,Savings,39169.86,2020-12-30,Active
A0001441,C001065,Salary,15890.12,2023-10-14,Active
A0001442,C001066,Savings,6922.54,2022-11-17,Active
A0001443,C001066,Fixed Deposit,524286.8,2024-05-12,Active
A0001444,C001067,Salary,25311.73,2025-03-28,Active
A0001445,C001068,Salary,35391.75,2021-03-24,Active
A0001446,C001068,Salary,53652.91,2020-11-02,Active
A0001447,C001069,Savings,7989.75,2024-02-12,Active
A0001448,C001069,Salary,6904.64,2020-09-11,Active
A0001449,C001070,Current,17197.17,2024-06-15,Active
A0001450,C001071,Savings,44053.18,2024-02-08,Active
A0001451,C001071,Salary,13933.6,2025-01-19,Active
A0001452,C001072,Savings,20708.02,2019-04-12,Active
A0001453,C001072,Salary,20597.5,2020-01-16,Active
A0001454,C001073,Savings,15997.37,2021-06-09,Active
A0001455,C001073,Savings,13135.54,2018-07-11,Active
A0001456,C001074,Current,10057.88,2021-07-22,Active
A0001457,C001075,Current,11771.71,2018-06-10,Active
A0001458,C001076,Salary,33976.52,2024-08-13,Active
A0001459,C001077,Savings,31348.22,2019-09-16,Active
A0001460,C001078,Savings,24452.73,2025-05-13,Active
A0001461,C001079,Savings,4790.84,2023-12-23,Active
A0001462,C001080,Salary,85729.06,2023-12-12,Active
A0001463,C001081,Savings,39651.95,2023-03-03,Active
A0001464,C001082,Current,11244.4,2019-10-17,Active
A0001465,C001082,Savings,197830.0,2020-10-31,Dormant
A0001466,C001083,Savings,13280.15,2023-08-21,Active
A0001467,C001084,Savings,11450.81,2020-08-24,Active
A0001468,C001085,Fixed Deposit,136239.0,2022-01-07,Active
A0001469,C001086,Savings,39067.88,2019-02-19,Active
A0001470,C001087,Savings,20458.52,2021-09-22,Active
A0001471,C001088,Savings,15915.46,2024-11-28,Active
A0001472,C001089,Savings,23721.09,2019-01-30,Active
A0001473,C001089,Salary,17865.91,2019-05-08,Active
A0001474,C001090,Savings,21354.18,2025-01-26,Active
A0001475,C001091,Savings,29683.95,2018-05-29,Dormant
A0001476,C001092,Savings,15285.55,2024-03-09,Active
A0001477,C001093,Salary,7392.67,2021-12-23,Active
A0001478,C001094,Salary,37450.58,2021-02-16,Active
A0001479,C001094,Fixed Deposit,130635.09,2020-04-26,Active
A0001480,C001095,Fixed Deposit,489225.34,2023-03-15,Active
A0001481,C001095,Fixed Deposit,701736.16,2021-10-01,Active
A0001482,C001096,Savings,78268.63,2024-11-05,Active
A0001483,C001097,Salary,15506.72,2022-03-31,Active
A0001484,C001098,Savings,4405.05,2020-02-16,Active
A0001485,C001098,Salary,12060.74,2025-05-11,Active
A0001486,C001099,Savings,11664.34,2020-02-23,Active
A0001487,C001100,Current,16541.84,2024-03-12,Active
A0001488,C001101,Salary,14135.42,2021-07-08,Active
A0001489,C001102,Savings,8955.88,2020-10-05,Active
A0001490,C001102,Savings,11970.2,2019-07-31,Active
A0001491,C001102,Fixed Deposit,47621.04,2018-05-12,Dormant
A0001492,C001103,Salary,20592.03,2019-09-10,Active
A0001493,C001104,Fixed Deposit,44685.84,2023-09-14,Active
A0001494,C001105,Current,44696.06,2018-11-30,Active
A0001495,C001105,Savings,63359.47,2020-03-18,Active
A0001496,C001106,Savings,4867.4,2021-04-10,Active
A0001497,C001106,Savings,46353.44,2020-08-13,Active
A0001498,C001107,Savings,21565.09,2019-12-08,Active
A0001499,C001108,Current,7541.12,2022-09-19,Active
A0001500,C001109,Salary,28859.24,2023-02-24,Active
A0001501,C001110,Savings,10826.6,2018-06-03,Active
A0001502,C001111,Savings,34180.06,2020-01-28,Active
A0001503,C001112,Fixed Deposit,137908.64,2019-04-30,Active
A0001504,C001112,Savings,11514.82,2021-11-22,Active
A0001505,C001113,Savings,28494.58,2019-07-29,Active
A0001506,C001114,Savings,74469.24,2022-12-14,Active
A0001507,C001115,Salary,72909.3,2024-10-02,Active
A0001508,C001115,Salary,12968.79,2022-03-22,Active
A0001509,C001116,Savings,69618.33,2022-09-15,Active
A0001510,C001116,Fixed Deposit,264497.0,2021-10-06,Active
A0001511,C001117,Savings,6868.77,2024-05-09,Active
A0001512,C001118,Savings,52818.45,2019-10-22,Active
A0001513,C001119,Savings,155500.78,2022-01-08,Active
A0001514,C001120,Savings,36437.81,2021-02-17,Active
A0001515,C001120,Current,51834.89,2024-11-12,Active
A0001516,C001120,Savings,8402.66,2019-01-05,Dormant
A0001517,C001121,Fixed Deposit,225183.39,2024-03-05,Active
A0001518,C001122,Salary,93279.48,2020-12-05,Active
A0001519,C001123,Savings,12299.68,2023-03-01,Active
A0001520,C001124,Salary,41253.73,2023-01-25,Active
A0001521,C001124,Fixed Deposit,255346.88,2025-06-30,Active
A0001522,C001125,Savings,13340.04,2022-02-02,Active
A0001523,C001126,Savings,21670.62,2021-04-16,Active
A0001524,C001126,Savings,19435.77,2023-10-04,Active
A0001525,C001127,Savings,55075.91,2018-07-28,Active
A0001526,C001128,Current,55844.71,2022-06-02,Active
A0001527,C001129,Fixed Deposit,437151.93,2022-10-20,Active
A0001528,C001129,Current,71544.28,2019-03-06,Active
A0001529,C001130,Salary,7699.98,2019-08-30,Active
A0001530,C001131,Fixed Deposit,157769.12,2020-12-14,Active
A0001531,C001132,Savings,148697.99,2024-04-07,Active
A0001532,C001133,Savings,9318.13,2025-04-20,Active
A0001533,C001134,Savings,43034.86,2019-07-12,Active
A0001534,C001135,Savings,119108.15,2018-05-28,Active
A0001535,C001136,Savings,92352.11,2020-12-14,Active
A0001536,C001136,Current,35311.0,2024-03-26,Active
A0001537,C001137,Savings,45769.2,2025-02-03,Active
A0001538,C001138,Savings,11927.11,2024-11-21,Active
A0001539,C001138,Current,56827.05,2025-05-28,Active
A0001540,C001139,Savings,19810.09,2022-08-20,Active
A0001541,C001140,Savings,4150.79,2019-03-14,Active
A0001542,C001141,Fixed Deposit,296144.57,2019-12-08,Active
A0001543,C001142,Savings,15203.6,2020-12-30,Active
A0001544,C001143,Salary,10003.07,2023-06-04,Active
A0001545,C001143,Savings,22488.91,2020-11-25,Active
A0001546,C001144,Current,30243.5,2024-04-12,Active
A0001547,C001145,Savings,8552.19,2025-04-07,Active
A0001548,C001146,Fixed Deposit,124137.79,2024-12-14,Active
A0001549,C001147,Fixed Deposit,143527.86,2024-03-04,Active
A0001550,C001148,Savings,59200.51,2021-02-13,Active
A0001551,C001149,Savings,10365.06,2022-07-31,Active
A0001552,C001150,Fixed Deposit,165373.87,2021-04-08,Active
A0001553,C001151,Current,127404.54,2024-01-27,Active
A0001554,C001152,Savings,10253.84,2021-01-26,Dormant
A0001555,C001152,Savings,6105.63,2023-03-22,Active
A0001556,C001153,Savings,25792.48,2019-01-17,Active
A0001557,C001154,Salary,13615.99,2021-09-17,Active
A0001558,C001155,Fixed Deposit,454640.36,2018-05-28,Active
A0001559,C001156,Savings,33949.72,2021-09-05,Active
A0001560,C001156,Salary,27167.96,2019-09-02,Dormant
A0001561,C001157,Savings,8699.59,2018-04-05,Active
A0001562,C001158,Savings,24593.45,2024-01-04,Active
A0001563,C001159,Current,29666.71,2018-09-24,Active
A0001564,C001160,Current,22057.83,2022-11-28,Active
A0001565,C001161,Fixed Deposit,327257.58,2023-04-15,Active
A0001566,C001162,Fixed Deposit,101594.21,2021-04-28,Active
A0001567,C001163,Current,20721.58,2023-02-28,Active
A0001568,C001163,Savings,26823.79,2019-07-07,Active
A0001569,C001163,Savings,21110.18,2019-04-17,Active
A0001570,C001164,Salary,63978.5,2024-09-18,Active
A0001571,C001164,Salary,14735.27,2021-10-04,Active
A0001572,C001165,Savings,21797.62,2021-07-22,Active
A0001573,C001166,Savings,21851.06,2025-03-21,Active
A0001574,C001167,Salary,9765.84,2022-07-27,Active
A0001575,C001168,Savings,39046.06,2025-05-29,Active
A0001576,C001168,Savings,30900.34,2021-10-11,Active
A0001577,C001169,Savings,95824.08,2019-08-14,Active
A0001578,C001170,Salary,208794.75,2025-03-11,Active
A0001579,C001171,Savings,70809.1,2019-04-01,Active
A0001580,C001172,Savings,67575.16,2024-09-22,Active
A0001581,C001173,Savings,16110.54,2019-07-07,Active
A0001582,C001173,Current,9839.74,2020-04-23,Active
A0001583,C001174,Savings,29962.21,2022-12-31,Active
A0001584,C001174,Current,18323.47,2024-04-23,Active
A0001585,C001175,Savings,70056.6,2019-07-31,Active
A0001586,C001175,Savings,52036.27,2019-05-23,Active
A0001587,C001176,Fixed Deposit,135309.33,2022-09-21,Active
A0001588,C001176,Salary,44158.41,2025-05-30,Active
A0001589,C001177,Savings,3127.42,2018-08-10,Active
A0001590,C001178,Salary,21731.68,2024-06-30,Dormant
A0001591,C001179,Salary,21129.29,2020-09-28,Active
A0001592,C001180,Savings,85974.61,2019-04-10,Active
A0001593,C001181,Savings,27273.63,2019-12-30,Active
A0001594,C001182,Savings,51260.67,2022-07-14,Active
A0001595,C001183,Savings,38590.3,2018-09-07,Active
A0001596,C001184,Savings,46601.53,2023-05-29,Active
A0001597,C001185,Savings,23573.17,2018-11-04,Active
A0001598,C001186,Current,52955.25,2019-02-02,Active
A0001599,C001187,Fixed Deposit,234332.07,2024-06-03,Active
A0001600,C001187,Salary,6197.25,2023-08-24,Active
A0001601,C001188,Savings,7611.97,2021-05-09,Active
A0001602,C001188,Savings,17434.34,2018-04-29,Active
A0001603,C001189,Savings,11405.14,2024-08-10,Active
A0001604,C001190,Fixed Deposit,70037.65,2022-12-24,Active
A0001605,C001191,Current,39409.83,2024-07-13,Active
A0001606,C001191,Fixed Deposit,81037.5,2024-11-05,Active
A0001607,C001192,Salary,12565.04,2018-11-01,Dormant
A0001608,C001192,Salary,8630.08,2023-04-19,Active
A0001609,C001192,Savings,17706.5,2023-12-29,Active
A0001610,C001193,Fixed Deposit,32102.62,2025-06-15,Active
A0001611,C001193,Salary,94917.82,2023-03-15,Active
A0001612,C001194,Savings,43249.86,2024-05-23,Active
A0001613,C001195,Savings,7083.35,2022-07-09,Active
A0001614,C001196,Salary,8938.01,2021-08-31,Active
A0001615,C001197,Current,6862.31,2021-12-16,Active
A0001616,C001198,Savings,9618.96,2023-09-07,Active
A0001617,C001198,Savings,32123.39,2025-01-15,Active
A0001618,C001198,Savings,12045.06,2022-06-10,Active
A0001619,C001199,Savings,23833.44,2020-09-04,Active
A0001620,C001200,Fixed Deposit,170665.14,2018-10-02,Active
A0001621,C001200,Savings,69119.92,2022-06-06,Active
A0001622,C001201,Salary,27808.45,2025-06-25,Active
A0001623,C001202,Salary,40191.12,2018-02-24,Active
A0001624,C001203,Salary,20436.38,2022-08-07,Active
A0001625,C001204,Savings,16821.54,2018-08-25,Active
A0001626,C001205,Savings,38330.9,2024-06-15,Active
A0001627,C001205,Savings,76065.71,2019-08-30,Active
A0001628,C001206,Current,15451.42,2018-01-01,Active
A0001629,C001207,Salary,10165.65,2023-05-26,Active
A0001630,C001208,Salary,26542.6,2018-10-11,Active
A0001631,C001209,Current,10792.85,2024-11-22,Active
A0001632,C001209,Savings,32445.1,2020-07-27,Active
A0001633,C001210,Savings,14943.51,2019-03-22,Active
A0001634,C001210,Savings,8726.59,2022-04-03,Active
A0001635,C001211,Savings,87876.89,2018-08-27,Active
A0001636,C001212,Savings,12512.04,2019-04-27,Active
A0001637,C001212,Current,70902.87,2023-09-05,Active
A0001638,C001213,Savings,16534.54,2021-04-27,Active
A0001639,C001214,Savings,33569.89,2022-09-24,Active
A0001640,C001215,Current,74220.85,2022-05-29,Active
A0001641,C001215,Savings,20475.15,2020-08-03,Active
A0001642,C001216,Savings,26199.0,2024-08-01,Dormant
A0001643,C001217,Savings,13630.56,2018-08-20,Active
A0001644,C001217,Savings,36285.57,2022-12-26,Active
A0001645,C001218,Savings,47549.21,2022-04-16,Active
A0001646,C001219,Savings,25992.42,2019-08-09,Active
A0001647,C001220,Salary,12504.53,2023-02-24,Active
A0001648,C001221,Savings,8035.66,2019-06-15,Active
A0001649,C001222,Savings,13642.59,2018-01-17,Active
A0001650,C001222,Salary,36740.71,2019-07-20,Active
A0001651,C001223,Savings,28623.53,2021-07-23,Active
A0001652,C001224,Salary,41571.29,2025-04-06,Active
A0001653,C001225,Salary,59668.87,2023-12-23,Active
A0001654,C001226,Savings,62026.88,2020-01-27,Active
A0001655,C001227,Fixed Deposit,699675.47,2018-03-17,Active
A0001656,C001228,Savings,10539.11,2025-04-03,Active
A0001657,C001229,Current,24893.41,2021-06-01,Active
A0001658,C001229,Salary,7780.55,2024-10-04,Active
A0001659,C001230,Savings,38172.22,2018-05-14,Dormant
A0001660,C001231,Fixed Deposit,101767.68,2023-09-14,Active
A0001661,C001231,Current,23760.95,2022-09-02,Active
A0001662,C001232,Current,9235.8,2019-04-22,Dormant
A0001663,C001233,Fixed Deposit,130538.41,2020-05-15,Active
A0001664,C001233,Current,35593.63,2024-05-30,Active
A0001665,C001234,Current,13740.65,2023-03-28,Active
A0001666,C001235,Salary,85000.69,2024-07-31,Active
A0001667,C001235,Savings,9474.58,2023-03-26,Active
A0001668,C001236,Savings,12230.59,2019-07-11,Active
A0001669,C001237,Savings,6352.47,2019-02-02,Active
A0001670,C001238,Savings,75765.67,2019-04-15,Active
A0001671,C001239,Savings,93149.53,2022-06-19,Active
A0001672,C001239,Current,19736.56,2020-07-17,Active
A0001673,C001240,Salary,11379.42,2018-02-06,Active
A0001674,C001241,Savings,130959.33,2020-01-22,Active
A0001675,C001242,Salary,181172.29,2018-04-20,Active
A0001676,C001243,Savings,15412.08,2023-05-03,Active
A0001677,C001244,Savings,8800.96,2020-12-23,Active
A0001678,C001245,Savings,22619.56,2023-11-27,Active
A0001679,C001245,Fixed Deposit,180678.48,2021-10-30,Active
A0001680,C001245,Savings,74803.13,2021-07-18,Active
A0001681,C001246,Fixed Deposit,138722.81,2022-12-20,Active
A0001682,C001246,Salary,48820.23,2020-10-04,Active
A0001683,C001247,Savings,43593.81,2021-05-17,Active
A0001684,C001248,Savings,66956.62,2021-02-18,Active
A0001685,C001249,Savings,96809.64,2024-08-14,Active
A0001686,C001250,Salary,75739.17,2020-12-11,Dormant
A0001687,C001250,Fixed Deposit,42702.8,2019-06-27,Active
A0001688,C001251,Current,43080.69,2022-04-09,Active
A0001689,C001252,Fixed Deposit,73652.3,2018-05-23,Active
A0001690,C001252,Savings,72148.56,2019-03-31,Active
A0001691,C001253,Savings,11821.42,2019-06-23,Dormant
A0001692,C001254,Fixed Deposit,54741.1,2019-12-21,Active
A0001693,C001255,Savings,51844.12,2019-09-20,Active
A0001694,C001255,Savings,14352.85,2024-07-24,Active
A0001695,C001255,Fixed Deposit,694120.37,2023-07-09,Active
A0001696,C001256,Savings,15421.75,2018-12-30,Dormant
A0001697,C001256,Savings,56467.4,2019-03-02,Active
A0001698,C001257,Savings,258348.87,2022-11-25,Active
A0001699,C001257,Savings,52245.69,2020-11-16,Active
A0001700,C001258,Savings,33614.36,2018-10-21,Active
A0001701,C001258,Salary,38731.26,2023-03-04,Dormant
A0001702,C001259,Salary,14258.23,2018-02-11,Active
A0001703,C001260,Fixed Deposit,3361223.58,2019-08-29,Active
A0001704,C001261,Savings,18451.21,2019-02-01,Active
A0001705,C001262,Fixed Deposit,355425.51,2023-06-16,Active
A0001706,C001262,Salary,3523.7,2022-01-22,Active
A0001707,C001263,Current,37420.37,2025-01-06,Active
A0001708,C001264,Savings,11802.27,2020-11-05,Dormant
A0001709,C001265,Current,29599.1,2018-11-18,Active
A0001710,C001266,Current,15987.1,2023-02-19,Active
A0001711,C001266,Savings,15880.11,2021-12-30,Active
A0001712,C001267,Salary,71510.73,2023-10-29,Active
A0001713,C001268,Savings,34908.22,2020-12-22,Active
A0001714,C001269,Savings,33119.26,2020-08-14,Active
A0001715,C001269,Savings,21861.26,2020-04-24,Active
A0001716,C001270,Savings,24382.79,2024-04-25,Active
A0001717,C001270,Savings,9485.17,2025-01-10,Active
A0001718,C001271,Salary,30713.57,2021-05-01,Active
A0001719,C001272,Salary,34999.07,2025-02-21,Active
A0001720,C001272,Savings,13027.37,2022-02-21,Active
A0001721,C001273,Salary,32008.58,2020-03-19,Active
A0001722,C001273,Current,23202.7,2025-04-24,Active
A0001723,C001274,Current,17825.56,2021-03-05,Active
A0001724,C001274,Current,74782.19,2019-11-11,Active
A0001725,C001275,Salary,24747.89,2020-02-26,Active
A0001726,C001275,Fixed Deposit,130800.91,2024-02-18,Active
A0001727,C001276,Salary,10047.12,2024-04-19,Active
A0001728,C001277,Salary,22114.87,2021-05-13,Active
A0001729,C001278,Fixed Deposit,275575.1,2021-10-16,Active
A0001730,C001279,Salary,29137.67,2024-01-29,Active
A0001731,C001279,Fixed Deposit,183652.11,2024-03-29,Active
A0001732,C001280,Savings,14362.26,2020-04-26,Active
A0001733,C001281,Current,64851.56,2022-01-22,Dormant
A0001734,C001282,Savings,54055.97,2022-02-03,Active
A0001735,C001283,Savings,33638.18,2022-01-10,Active
A0001736,C001283,Fixed Deposit,194489.83,2020-11-11,Active
A0001737,C001283,Savings,27628.46,2023-01-07,Active
A0001738,C001284,Fixed Deposit,97328.55,2023-06-09,Active
A0001739,C001284,Savings,9687.37,2024-12-29,Active
A0001740,C001285,Current,12084.02,2018-01-13,Active
A0001741,C001286,Current,17867.64,2024-11-04,Active
A0001742,C001287,Savings,26583.69,2021-04-13,Active
A0001743,C001288,Savings,8052.78,2024-02-28,Active
A0001744,C001289,Savings,12747.19,2022-08-29,Active
A0001745,C001289,Current,13002.25,2023-06-07,Active
A0001746,C001289,Savings,44340.56,2023-09-16,Active
A0001747,C001290,Salary,31425.11,2021-12-01,Active
A0001748,C001291,Salary,34953.3,2021-10-12,Active
A0001749,C001292,Salary,41986.86,2020-09-28,Active
A0001750,C001293,Salary,15133.99,2022-04-27,Active
A0001751,C001294,Savings,7530.54,2022-03-12,Active
A0001752,C001294,Savings,4582.18,2025-06-09,Active
A0001753,C001295,Current,2810.5,2024-03-19,Active
A0001754,C001296,Savings,56715.47,2020-11-11,Active
A0001755,C001297,Current,60820.15,2024-10-28,Active
A0001756,C001297,Savings,20328.02,2023-09-29,Active
A0001757,C001298,Savings,7422.91,2018-04-01,Active
A0001758,C001299,Fixed Deposit,35754.12,2021-03-22,Active
A0001759,C001300,Salary,34095.15,2018-11-16,Active
A0001760,C001301,Salary,22259.11,2021-08-25,Active
A0001761,C001302,Savings,42935.82,2023-07-26,Active
A0001762,C001303,Salary,9884.03,2018-10-07,Active
A0001763,C001304,Savings,25274.14,2019-04-08,Active
A0001764,C001305,Fixed Deposit,499887.03,2019-08-31,Active
A0001765,C001306,Current,46597.44,2024-10-20,Active
A0001766,C001307,Current,3932.98,2023-03-23,Active
A0001767,C001307,Salary,20918.36,2021-11-21,Active
A0001768,C001308,Savings,35007.48,2023-02-25,Active
A0001769,C001309,Current,16708.23,2019-04-07,Active
A0001770,C001309,Savings,64378.09,2020-05-19,Active
A0001771,C001309,Savings,14876.55,2019-09-18,Active
A0001772,C001310,Savings,17413.18,2024-08-15,Active
A0001773,C001311,Current,27001.58,2022-04-13,Active
A0001774,C001311,Savings,18318.44,2021-03-31,Active
A0001775,C001312,Savings,54195.08,2020-07-10,Active
A0001776,C001312,Fixed Deposit,232235.01,2020-01-17,Active
A0001777,C001313,Savings,7832.29,2023-02-16,Active
A0001778,C001314,Current,32341.42,2019-05-03,Active
A0001779,C001315,Fixed Deposit,50921.88,2021-04-17,Active
A0001780,C001316,Savings,24063.47,2025-03-26,Active
A0001781,C001317,Savings,13639.9,2022-07-01,Active
A0001782,C001318,Savings,15488.16,2018-04-25,Active
A0001783,C001318,Current,7722.48,2021-03-01,Active
A0001784,C001319,Savings,63525.71,2021-06-16,Active
A0001785,C001320,Savings,21567.8,2018-02-18,Active
A0001786,C001321,Savings,29680.6,2022-03-04,Active
A0001787,C001321,Salary,4658.09,2024-06-06,Active
A0001788,C001322,Salary,81350.06,2024-12-09,Active
A0001789,C001323,Savings,8705.88,2023-12-01,Active
A0001790,C001323,Savings,17741.5,2019-01-29,Active
A0001791,C001324,Savings,7642.27,2025-05-25,Active
A0001792,C001324,Current,69166.61,2025-06-11,Active
A0001793,C001325,Savings,9329.28,2023-01-09,Active
A0001794,C001326,Savings,41382.1,2018-02-19,Active
A0001795,C001326,Salary,16885.38,2023-09-30,Active
A0001796,C001327,Fixed Deposit,41432.71,2020-09-22,Active
A0001797,C001328,Current,56101.51,2023-02-04,Active
A0001798,C001329,Savings,13020.0,2020-05-29,Active
A0001799,C001330,Salary,12508.11,2024-04-01,Active
A0001800,C001331,Salary,22470.81,2024-02-11,Active
A0001801,C001332,Salary,65014.77,2018-10-21,Active
A0001802,C001333,Fixed Deposit,489362.02,2018-06-03,Active
A0001803,C001334,Salary,136523.3,2020-04-02,Active
A0001804,C001335,Savings,7578.63,2021-10-31,Active
A0001805,C001335,Salary,46003.17,2021-02-17,Active
A0001806,C001336,Savings,13704.16,2022-04-22,Active
A0001807,C001336,Savings,6826.19,2021-11-18,Active
A0001808,C001337,Savings,17565.27,2021-09-17,Active
A0001809,C001337,Savings,27199.53,2024-10-29,Active
A0001810,C001338,Salary,36215.45,2022-06-27,Active
A0001811,C001339,Savings,51889.74,2022-04-27,Active
A0001812,C001340,Salary,21664.24,2024-12-15,Dormant
A0001813,C001341,Current,93933.25,2023-10-13,Active
A0001814,C001342,Savings,17811.36,2019-03-10,Active
A0001815,C001343,Savings,12550.78,2023-11-05,Active
A0001816,C001344,Fixed Deposit,40691.46,2020-04-01,Active
A0001817,C001345,Salary,29737.7,2022-04-13,Active
A0001818,C001345,Fixed Deposit,264717.13,2020-05-16,Active
A0001819,C001346,Current,13878.06,2021-11-28,Active
A0001820,C001346,Savings,28257.95,2024-10-04,Active
A0001821,C001347,Current,34287.24,2019-01-16,Active
A0001822,C001348,Fixed Deposit,300592.0,2020-02-04,Active
A0001823,C001348,Savings,32258.65,2024-04-16,Active
A0001824,C001349,Savings,11725.91,2022-02-16,Active
A0001825,C001350,Savings,9445.93,2022-04-08,Active
A0001826,C001351,Savings,42286.68,2024-01-15,Active
A0001827,C001352,Savings,1000.0,2024-02-04,Active
A0001828,C001353,Savings,14586.18,2024-03-06,Active
A0001829,C001354,Savings,29496.83,2024-09-02,Active
A0001830,C001355,Savings,11868.83,2022-08-17,Active
A0001831,C001356,Savings,3014.82,2021-08-09,Active
A0001832,C001356,Savings,8220.47,2019-09-05,Active
A0001833,C001357,Savings,52533.55,2018-02-22,Active
A0001834,C001357,Savings,40658.68,2024-06-27,Active
A0001835,C001358,Savings,42495.71,2021-02-19,Active
A0001836,C001358,Fixed Deposit,17483.61,2023-06-27,Active
A0001837,C001359,Savings,37410.3,2022-07-24,Active
A0001838,C001359,Savings,205577.39,2023-05-26,Active
A0001839,C001360,Savings,49158.5,2022-05-10,Active
A0001840,C001361,Savings,17829.86,2020-10-30,Active
A0001841,C001362,Savings,17928.72,2020-10-26,Active
A0001842,C001363,Savings,6806.62,2018-07-20,Active
A0001843,C001364,Salary,18059.07,2021-11-08,Active
A0001844,C001365,Savings,8048.07,2023-06-25,Active
A0001845,C001366,Savings,28906.36,2020-01-02,Active
A0001846,C001367,Salary,13696.33,2023-09-22,Active
A0001847,C001368,Savings,16446.24,2023-06-17,Active
A0001848,C001369,Savings,28662.21,2021-01-09,Active
A0001849,C001370,Fixed Deposit,163656.45,2020-07-29,Active
A0001850,C001371,Savings,21066.31,2020-04-24,Active
A0001851,C001372,Salary,28131.35,2024-08-13,Active
A0001852,C001373,Fixed Deposit,250442.61,2018-03-27,Active
A0001853,C001373,Savings,114460.85,2025-05-07,Active
A0001854,C001374,Current,12085.8,2021-02-13,Active
A0001855,C001375,Savings,30287.77,2019-08-08,Active
A0001856,C001376,Salary,31613.16,2023-06-23,Active
A0001857,C001376,Savings,16788.59,2020-04-03,Active
A0001858,C001377,Current,16874.05,2019-02-01,Active
A0001859,C001378,Savings,16986.73,2022-09-21,Active
A0001860,C001379,Savings,69880.27,2023-09-20,Active
A0001861,C001380,Salary,22981.89,2022-01-24,Active
A0001862,C001380,Savings,25258.29,2018-02-18,Active
A0001863,C001381,Savings,27758.46,2018-12-11,Active
A0001864,C001382,Savings,7569.16,2023-07-28,Active
A0001865,C001383,Savings,57185.92,2020-05-12,Active
A0001866,C001383,Salary,11862.23,2021-11-22,Active
A0001867,C001384,Savings,31083.76,2020-05-03,Active
A0001868,C001384,Salary,10230.5,2022-02-03,Active
A0001869,C001384,Savings,59306.22,2024-01-26,Active
A0001870,C001385,Current,20759.39,2021-03-20,Active
A0001871,C001386,Fixed Deposit,735532.57,2023-11-03,Active
A0001872,C001387,Salary,13252.63,2022-10-19,Active
A0001873,C001388,Salary,22452.71,2018-10-05,Active
A0001874,C001389,Savings,18009.37,2021-11-19,Active
A0001875,C001390,Fixed Deposit,41101.1,2021-02-01,Active
A0001876,C001390,Salary,74050.18,2022-04-30,Active
A0001877,C001391,Savings,17961.86,2020-06-12,Active
A0001878,C001392,Savings,35315.85,2021-06-17,Active
A0001879,C001393,Savings,97841.83,2025-05-14,Active
A0001880,C001394,Fixed Deposit,108700.51,2019-08-07,Dormant
A0001881,C001395,Savings,18835.95,2019-11-27,Active
A0001882,C001396,Savings,43464.46,2024-01-14,Active
A0001883,C001397,Fixed Deposit,32749.15,2023-06-13,Active
A0001884,C001397,Savings,15420.33,2020-11-26,Active
A0001885,C001397,Savings,74490.27,2020-10-05,Active
A0001886,C001398,Salary,20858.51,2019-08-30,Active
A0001887,C001399,Savings,26720.84,2023-09-29,Active
A0001888,C001400,Fixed Deposit,48178.69,2021-10-31,Active
A0001889,C001400,Current,64599.78,2018-12-03,Active
A0001890,C001401,Fixed Deposit,145655.1,2024-06-13,Active
A0001891,C001402,Current,10911.79,2018-08-21,Active
A0001892,C001403,Salary,38643.09,2020-09-02,Active
A0001893,C001403,Current,34004.96,2022-12-30,Active
A0001894,C001404,Savings,42648.54,2019-09-25,Active
A0001895,C001405,Savings,39768.14,2023-06-09,Active
A0001896,C001406,Savings,7845.59,2018-11-01,Active
A0001897,C001407,Savings,11893.99,2023-05-20,Active
A0001898,C001408,Savings,29002.58,2023-09-16,Active
A0001899,C001409,Savings,9576.38,2022-01-06,Active
A0001900,C001410,Savings,7593.78,2018-07-27,Active
A0001901,C001410,Savings,11006.89,2019-02-07,Active
A0001902,C001411,Current,8961.19,2023-08-24,Active
A0001903,C001412,Savings,10689.47,2018-07-16,Active
A0001904,C001413,Savings,9187.09,2022-12-29,Active
A0001905,C001413,Current,164175.99,2025-04-29,Active
A0001906,C001414,Salary,14383.13,2021-06-12,Active
A0001907,C001415,Savings,181529.65,2024-11-10,Active
A0001908,C001415,Fixed Deposit,424504.77,2021-05-19,Active
A0001909,C001416,Savings,28408.09,2020-04-26,Active
A0001910,C001417,Fixed Deposit,66483.41,2019-08-06,Active
A0001911,C001418,Savings,43457.92,2023-04-12,Active
A0001912,C001419,Savings,21195.79,2019-10-03,Active
A0001913,C001419,Salary,67472.67,2020-08-02,Active
A0001914,C001420,Current,50492.19,2023-04-15,Active
A0001915,C001420,Savings,14031.1,2024-02-11,Active
A0001916,C001421,Current,5343.09,2019-09-08,Active
A0001917,C001422,Fixed Deposit,93656.67,2024-11-13,Active
A0001918,C001422,Current,8419.98,2018-02-20,Active
A0001919,C001423,Current,2983.29,2019-05-28,Active
A0001920,C001424,Salary,16321.7,2020-11-10,Active
A0001921,C001425,Savings,35769.5,2024-06-03,Active
A0001922,C001425,Savings,45285.45,2024-03-12,Active
A0001923,C001426,Fixed Deposit,220928.74,2018-05-31,Active
A0001924,C001426,Savings,20887.13,2024-11-21,Active
A0001925,C001427,Savings,32185.92,2019-08-15,Active
A0001926,C001427,Savings,40413.82,2022-10-08,Active
A0001927,C001428,Savings,7142.83,2020-02-04,Active
A0001928,C001429,Salary,3280.94,2018-06-26,Active
A0001929,C001430,Fixed Deposit,211447.53,2023-07-16,Active
A0001930,C001431,Savings,14508.34,2022-09-15,Active
A0001931,C001431,Current,4513.68,2025-06-17,Active
A0001932,C001432,Fixed Deposit,669428.51,2025-02-14,Active
A0001933,C001433,Fixed Deposit,460874.62,2023-06-09,Active
A0001934,C001433,Savings,69169.46,2020-05-18,Active
A0001935,C001433,Fixed Deposit,148038.84,2021-03-05,Active
A0001936,C001434,Salary,6972.2,2020-07-09,Active
A0001937,C001434,Savings,4138.73,2019-03-11,Active
A0001938,C001435,Current,24947.92,2020-05-30,Active
A0001939,C001436,Salary,6771.42,2024-12-12,Active
A0001940,C001437,Salary,36503.56,2022-04-26,Active
A0001941,C001438,Savings,17036.49,2022-09-06,Active
A0001942,C001438,Savings,61935.98,2021-04-29,Active
A0001943,C001439,Savings,11387.84,2019-08-19,Active
A0001944,C001440,Fixed Deposit,99405.26,2024-11-25,Active
A0001945,C001441,Salary,23529.4,2020-05-27,Active
A0001946,C001442,Salary,15124.2,2020-04-19,Active
A0001947,C001443,Savings,27782.8,2022-11-10,Active
A0001948,C001443,Fixed Deposit,505514.01,2023-04-27,Active
A0001949,C001444,Salary,18099.74,2023-08-10,Active
A0001950,C001444,Salary,43674.83,2020-02-13,Active
A0001951,C001445,Savings,204247.19,2022-08-05,Active
A0001952,C001445,Savings,2573.53,2019-10-25,Active
A0001953,C001446,Current,92498.47,2025-01-10,Active
A0001954,C001447,Savings,73362.87,2018-06-16,Active
A0001955,C001448,Salary,9656.35,2023-02-14,Active
A0001956,C001449,Savings,16530.51,2024-06-29,Active
A0001957,C001450,Current,3400.06,2019-12-03,Active
A0001958,C001451,Fixed Deposit,26077.66,2022-12-20,Active
A0001959,C001452,Fixed Deposit,141330.37,2024-04-03,Active
A0001960,C001453,Savings,7668.4,2018-02-20,Active
A0001961,C001453,Savings,18373.43,2019-09-28,Active
A0001962,C001454,Savings,28394.03,2019-11-25,Active
A0001963,C001454,Salary,7549.01,2023-08-17,Active
A0001964,C001454,Savings,90442.49,2024-02-13,Active
A0001965,C001455,Savings,38452.75,2023-03-11,Dormant
A0001966,C001455,Salary,10716.27,2020-04-20,Active
A0001967,C001456,Savings,32821.48,2018-03-07,Active
A0001968,C001457,Savings,32822.05,2020-12-02,Active
A0001969,C001457,Savings,33812.31,2020-11-17,Active
A0001970,C001458,Savings,4924.93,2021-03-27,Active
A0001971,C001459,Salary,15848.78,2022-01-20,Active
A0001972,C001460,Savings,180278.22,2024-01-24,Active
A0001973,C001461,Current,28861.52,2024-11-08,Active
A0001974,C001462,Savings,16227.23,2023-09-11,Active
A0001975,C001463,Savings,59463.3,2023-09-28,Active
A0001976,C001464,Savings,63391.73,2019-01-21,Active
A0001977,C001465,Salary,5572.24,2023-08-25,Active
A0001978,C001466,Salary,34525.27,2021-01-16,Active
A0001979,C001467,Savings,51388.79,2024-06-04,Active
A0001980,C001468,Savings,6286.45,2020-01-27,Active
A0001981,C001469,Savings,14393.8,2022-11-25,Active
A0001982,C001470,Savings,6701.72,2025-02-19,Active
A0001983,C001471,Current,12364.83,2018-09-22,Active
A0001984,C001471,Savings,23554.54,2018-02-11,Dormant
A0001985,C001472,Savings,24908.6,2021-07-26,Active
A0001986,C001473,Current,34311.87,2019-08-25,Active
A0001987,C001474,Current,14823.17,2020-02-12,Active
A0001988,C001475,Salary,20610.28,2021-01-09,Active
A0001989,C001476,Savings,30306.56,2022-01-09,Active
A0001990,C001477,Savings,16598.26,2020-10-23,Active
A0001991,C001478,Current,5304.19,2021-01-11,Active
A0001992,C001478,Current,19946.75,2020-06-19,Active
A0001993,C001479,Savings,33815.28,2019-02-08,Dormant
A0001994,C001479,Savings,7652.74,2025-06-01,Active
A0001995,C001479,Current,39469.57,2024-08-09,Active
A0001996,C001480,Current,20934.73,2023-11-26,Active
A0001997,C001481,Current,3696.64,2023-11-22,Active
A0001998,C001482,Savings,19664.06,2018-04-27,Active
A0001999,C001483,Savings,169583.89,2023-12-08,Active
A0002000,C001483,Salary,18521.74,2019-11-25,Active
A0002001,C001483,Current,66248.37,2024-10-30,Active
A0002002,C001484,Savings,19881.18,2025-01-10,Dormant
A0002003,C001484,Current,12342.72,2021-06-28,Dormant
A0002004,C001485,Savings,4550.8,2020-05-09,Active
A0002005,C001485,Savings,5519.3,2019-11-13,Active
A0002006,C001485,Savings,29977.96,2020-10-23,Active
A0002007,C001486,Fixed Deposit,444408.75,2024-03-11,Active
A0002008,C001487,Current,9936.63,2025-06-18,Active
A0002009,C001488,Current,2842.78,2024-08-02,Active
A0002010,C001489,Savings,5774.85,2023-04-20,Active
A0002011,C001490,Current,47035.61,2020-09-19,Active
A0002012,C001491,Current,42688.04,2018-10-26,Active
A0002013,C001491,Salary,59575.45,2025-06-21,Active
A0002014,C001492,Fixed Deposit,179639.01,2020-07-04,Active
A0002015,C001493,Salary,11996.99,2023-02-20,Active
A0002016,C001493,Fixed Deposit,628464.05,2021-01-20,Active
A0002017,C001493,Savings,6449.88,2020-04-30,Active
A0002018,C001494,Savings,42387.9,2022-09-25,Active
A0002019,C001495,Savings,12747.79,2021-08-01,Active
A0002020,C001496,Savings,8354.91,2024-06-12,Active
A0002021,C001497,Savings,22080.43,2025-03-11,Active
A0002022,C001498,Savings,3438.76,2024-08-02,Active
A0002023,C001499,Salary,430336.45,2021-05-16,Active
A0002024,C001500,Savings,17070.06,2024-03-21,Active
A0002025,C001500,Salary,6147.04,2021-02-02,Active
A0002026,C001500,Savings,9509.56,2021-10-11,Active
A0002027,C001501,Savings,104721.91,2020-01-08,Dormant
A0002028,C001502,Salary,20379.68,2020-11-28,Active
A0002029,C001502,Salary,14182.87,2021-04-10,Active
A0002030,C001503,Fixed Deposit,134118.27,2025-06-20,Active
A0002031,C001503,Fixed Deposit,31652.55,2023-08-18,Active
A0002032,C001504,Savings,51361.81,2019-11-23,Active
A0002033,C001505,Fixed Deposit,371071.81,2019-01-23,Active
A0002034,C001506,Salary,9756.91,2020-11-30,Active
A0002035,C001506,Salary,40751.26,2023-08-27,Active
A0002036,C001507,Savings,97941.93,2020-10-19,Active
A0002037,C001508,Savings,53110.48,2022-03-12,Active
A0002038,C001508,Savings,3284.88,2023-01-26,Active
A0002039,C001509,Savings,32342.31,2024-10-19,Active
A0002040,C001510,Salary,12915.44,2024-11-03,Active
A0002041,C001511,Current,104270.93,2021-06-22,Active
A0002042,C001511,Savings,44774.98,2024-06-11,Active
A0002043,C001512,Savings,71846.4,2023-07-29,Active
A0002044,C001512,Savings,47615.67,2020-02-14,Active
A0002045,C001513,Salary,28789.39,2022-02-11,Active
A0002046,C001514,Savings,10828.87,2018-09-25,Active
A0002047,C001514,Fixed Deposit,276584.91,2024-10-11,Active
A0002048,C001515,Current,3087.51,2023-12-21,Active
A0002049,C001516,Savings,18264.97,2024-07-08,Active
A0002050,C001517,Salary,26871.38,2025-03-26,Active
A0002051,C001517,Salary,14746.9,2021-06-25,Active
A0002052,C001517,Savings,10926.74,2022-05-01,Active
A0002053,C001518,Fixed Deposit,192394.74,2019-11-04,Active
A0002054,C001518,Savings,3365.37,2018-06-22,Active
A0002055,C001518,Savings,21331.54,2022-04-27,Active
A0002056,C001519,Savings,17444.38,2020-11-13,Active
A0002057,C001519,Savings,9780.7,2023-03-06,Active
A0002058,C001520,Salary,28305.98,2018-07-13,Active
A0002059,C001521,Salary,5728.6,2019-11-06,Active
A0002060,C001521,Salary,59875.11,2018-01-04,Active
A0002061,C001522,Savings,3625.5,2021-02-10,Active
A0002062,C001523,Current,10007.38,2019-07-27,Active
A0002063,C001524,Salary,66243.84,2019-06-14,Active
A0002064,C001525,Savings,2688.0,2022-06-20,Active
A0002065,C001526,Savings,16239.38,2020-10-25,Active
A0002066,C001527,Savings,6118.85,2018-05-05,Active
A0002067,C001527,Savings,29488.06,2018-10-20,Active
A0002068,C001528,Savings,59423.49,2024-03-09,Active
A0002069,C001529,Savings,22171.65,2018-11-15,Active
A0002070,C001530,Savings,9024.73,2020-12-17,Active
A0002071,C001531,Salary,8734.85,2020-12-06,Active
A0002072,C001532,Current,6708.07,2021-03-11,Dormant
A0002073,C001533,Fixed Deposit,191875.7,2025-06-07,Active
A0002074,C001534,Current,9822.87,2021-04-10,Active
A0002075,C001535,Savings,103495.17,2022-12-22,Active
A0002076,C001536,Savings,25050.78,2021-06-01,Active
A0002077,C001536,Savings,8200.81,2023-05-02,Active
A0002078,C001537,Fixed Deposit,163129.94,2018-02-17,Active
A0002079,C001537,Current,111984.39,2018-08-24,Active
A0002080,C001538,Savings,50973.63,2024-10-03,Active
A0002081,C001539,Current,282157.08,2024-08-17,Active
A0002082,C001540,Current,47891.56,2025-06-02,Active
A0002083,C001541,Current,15264.17,2024-10-25,Active
A0002084,C001542,Current,15001.71,2020-03-27,Active
A0002085,C001542,Savings,22454.69,2024-10-04,Active
A0002086,C001543,Fixed Deposit,154141.54,2024-04-18,Active
A0002087,C001544,Savings,10779.11,2018-09-23,Active
A0002088,C001545,Current,50728.94,2024-10-28,Active
A0002089,C001546,Salary,4251.81,2020-07-06,Active
A0002090,C001547,Savings,19135.0,2021-04-18,Active
A0002091,C001548,Salary,7149.23,2025-05-08,Active
A0002092,C001549,Savings,22780.71,2022-01-17,Active
A0002093,C001550,Savings,37066.41,2023-10-31,Active
A0002094,C001551,Savings,1833.23,2024-03-14,Active
A0002095,C001551,Fixed Deposit,97122.27,2023-03-29,Active
A0002096,C001552,Savings,41841.21,2021-06-16,Active
A0002097,C001553,Fixed Deposit,368047.92,2018-08-03,Active
A0002098,C001553,Savings,41029.71,2022-06-08,Dormant
A0002099,C001554,Salary,25836.64,2021-10-19,Active
A0002100,C001555,Salary,5681.12,2019-07-08,Active
A0002101,C001555,Salary,2050.58,2018-12-29,Active
A0002102,C001556,Fixed Deposit,174606.76,2024-10-06,Active
A0002103,C001557,Salary,36345.82,2019-08-27,Active
A0002104,C001557,Savings,16382.55,2020-01-28,Active
A0002105,C001557,Savings,11277.09,2021-11-04,Active
A0002106,C001558,Savings,17809.84,2021-03-16,Active
A0002107,C001558,Current,42260.71,2019-06-28,Active
A0002108,C001559,Savings,43382.96,2020-09-30,Active
A0002109,C001560,Savings,48835.82,2022-02-08,Active
A0002110,C001561,Fixed Deposit,183260.01,2024-10-13,Active
A0002111,C001562,Savings,12053.74,2024-01-07,Active
A0002112,C001563,Salary,39058.11,2021-08-09,Active
A0002113,C001563,Salary,17713.09,2023-02-19,Active
A0002114,C001564,Fixed Deposit,95977.89,2023-03-03,Active
A0002115,C001565,Salary,29994.49,2025-02-26,Active
A0002116,C001566,Current,46341.44,2018-08-28,Active
A0002117,C001567,Savings,99180.6,2021-10-25,Active
A0002118,C001568,Fixed Deposit,54558.22,2020-11-29,Active
A0002119,C001568,Salary,31626.75,2021-07-23,Active
A0002120,C001569,Current,109626.87,2023-01-18,Active
A0002121,C001569,Savings,7196.99,2019-01-17,Active
A0002122,C001569,Salary,38755.48,2022-11-28,Dormant
A0002123,C001570,Savings,24224.17,2019-02-20,Active
A0002124,C001571,Salary,5512.32,2019-08-12,Active
A0002125,C001572,Fixed Deposit,61187.22,2018-11-26,Active
A0002126,C001572,Current,9738.93,2022-08-12,Active
A0002127,C001573,Savings,39279.99,2025-01-31,Active
A0002128,C001573,Savings,34127.91,2022-01-16,Active
A0002129,C001574,Current,18351.29,2018-02-15,Active
A0002130,C001575,Salary,19130.28,2022-01-08,Active
A0002131,C001575,Salary,4373.46,2021-07-12,Active
A0002132,C001576,Salary,8843.85,2023-09-23,Active
A0002133,C001577,Salary,7907.81,2021-06-25,Active
A0002134,C001577,Savings,3468.32,2019-05-25,Active
A0002135,C001578,Savings,67184.6,2019-03-23,Active
A0002136,C001579,Current,66533.54,2018-07-26,Active
A0002137,C001580,Savings,31926.1,2023-11-08,Dormant
A0002138,C001580,Savings,21004.57,2020-12-29,Active
A0002139,C001581,Fixed Deposit,695065.41,2022-12-22,Active
A0002140,C001582,Fixed Deposit,1261309.95,2018-12-09,Active
A0002141,C001583,Savings,18520.01,2023-06-04,Active
A0002142,C001584,Savings,33215.15,2021-06-28,Active
A0002143,C001584,Savings,35146.59,2024-04-16,Active
A0002144,C001584,Current,13314.9,2024-09-05,Active
A0002145,C001585,Current,67888.66,2018-08-20,Active
A0002146,C001586,Current,18269.84,2024-08-17,Active
A0002147,C001586,Salary,73104.84,2021-10-28,Active
A0002148,C001587,Current,20769.56,2020-03-23,Active
A0002149,C001588,Current,103313.74,2023-10-07,Active
A0002150,C001589,Savings,18295.68,2023-07-27,Active
A0002151,C001590,Savings,31054.14,2022-01-14,Active
A0002152,C001591,Fixed Deposit,548509.41,2022-07-18,Dormant
A0002153,C001592,Current,9278.82,2018-04-08,Active
A0002154,C001593,Fixed Deposit,254331.55,2019-06-10,Active
A0002155,C001593,Current,16501.35,2025-01-01,Active
A0002156,C001593,Savings,26723.55,2022-09-13,Active
A0002157,C001594,Fixed Deposit,128860.72,2021-10-03,Active
A0002158,C001594,Salary,17518.92,2018-06-22,Active
A0002159,C001595,Salary,1000.0,2020-11-21,Active
A0002160,C001595,Salary,8547.09,2022-10-15,Active
A0002161,C001596,Current,7685.91,2025-06-06,Active
A0002162,C001597,Savings,8487.7,2022-11-30,Active
A0002163,C001598,Savings,3240.3,2023-11-25,Active
A0002164,C001599,Current,12970.66,2019-06-15,Active
A0002165,C001600,Savings,54361.09,2021-12-03,Active
A0002166,C001601,Savings,47728.39,2020-07-10,Active
A0002167,C001602,Fixed Deposit,514626.5,2019-09-19,Dormant
A0002168,C001603,Savings,28448.42,2021-07-08,Active
A0002169,C001603,Savings,42266.3,2018-09-28,Active
A0002170,C001604,Savings,84246.98,2025-03-08,Active
A0002171,C001605,Savings,16284.77,2021-09-10,Active
A0002172,C001605,Current,38729.73,2024-10-17,Active
A0002173,C001605,Fixed Deposit,516341.06,2021-09-28,Dormant
A0002174,C001606,Savings,16659.0,2019-11-01,Active
A0002175,C001607,Savings,17200.98,2019-07-18,Active
A0002176,C001607,Fixed Deposit,104914.49,2024-06-30,Active
A0002177,C001608,Savings,18571.9,2025-06-13,Active
A0002178,C001608,Savings,78910.7,2021-03-02,Dormant
A0002179,C001609,Savings,16498.26,2021-03-04,Active
A0002180,C001610,Current,40272.84,2025-01-02,Active
A0002181,C001610,Salary,7099.41,2021-03-01,Active
A0002182,C001611,Salary,78329.02,2018-10-22,Active
A0002183,C001611,Savings,5413.52,2021-10-09,Active
A0002184,C001612,Savings,2747.25,2022-08-06,Active
A0002185,C001613,Current,60989.25,2021-12-20,Active
A0002186,C001614,Salary,27152.39,2019-07-11,Active
A0002187,C001615,Savings,32316.11,2021-04-06,Active
A0002188,C001616,Salary,6762.09,2022-11-13,Active
A0002189,C001617,Salary,88188.17,2024-03-12,Dormant
A0002190,C001617,Savings,15078.5,2023-09-23,Active
A0002191,C001618,Savings,26891.64,2019-12-29,Active
A0002192,C001618,Savings,30809.61,2023-02-06,Active
A0002193,C001619,Savings,42713.34,2019-10-09,Active
A0002194,C001619,Savings,30822.42,2019-12-18,Active
A0002195,C001620,Savings,60228.49,2024-04-26,Active
A0002196,C001621,Fixed Deposit,281895.81,2019-07-31,Active
A0002197,C001622,Salary,16095.34,2020-08-13,Active
A0002198,C001623,Savings,134146.25,2020-08-01,Active
A0002199,C001623,Savings,21840.14,2024-12-17,Active
A0002200,C001624,Savings,161557.52,2019-11-30,Active
A0002201,C001624,Fixed Deposit,369749.5,2023-10-23,Active
A0002202,C001625,Salary,48215.56,2018-09-07,Active
A0002203,C001626,Salary,30628.02,2019-07-24,Active
A0002204,C001626,Savings,47931.78,2019-12-17,Active
A0002205,C001627,Savings,27042.75,2024-07-31,Active
A0002206,C001627,Salary,12678.23,2020-08-24,Active
A0002207,C001628,Salary,14436.28,2022-01-23,Active
A0002208,C001628,Savings,19479.37,2024-03-21,Active
A0002209,C001629,Fixed Deposit,212757.77,2019-06-05,Active
A0002210,C001630,Current,68066.53,2018-08-12,Active
A0002211,C001631,Salary,20562.9,2018-12-06,Active
A0002212,C001631,Salary,3624.56,2019-12-15,Active
A0002213,C001632,Savings,4528.05,2022-02-19,Active
A0002214,C001633,Current,12708.89,2022-08-31,Active
A0002215,C001634,Savings,7988.07,2023-04-15,Active
A0002216,C001635,Current,10366.45,2020-09-03,Active
A0002217,C001635,Fixed Deposit,492989.83,2024-01-16,Active
A0002218,C001636,Savings,32658.16,2018-10-23,Active
A0002219,C001637,Salary,10662.6,2018-10-07,Active
A0002220,C001637,Savings,20096.97,2020-08-05,Active
A0002221,C001638,Current,15767.75,2021-10-15,Active
A0002222,C001638,Savings,86806.59,2020-11-22,Active
A0002223,C001639,Current,6044.73,2023-07-28,Active
A0002224,C001640,Savings,6524.3,2025-05-30,Active
A0002225,C001641,Savings,47462.48,2021-06-12,Active
A0002226,C001642,Savings,51541.03,2018-11-04,Active
A0002227,C001643,Savings,14846.61,2024-06-28,Active
A0002228,C001644,Savings,76610.11,2022-02-03,Active
A0002229,C001645,Current,41648.06,2023-12-11,Active
A0002230,C001646,Fixed Deposit,441315.12,2024-02-11,Active
A0002231,C001647,Savings,19400.36,2022-01-13,Active
A0002232,C001648,Savings,18231.48,2023-11-29,Active
A0002233,C001649,Savings,56268.12,2024-06-03,Active
A0002234,C001649,Savings,29209.23,2020-01-24,Active
A0002235,C001650,Savings,35503.72,2020-02-23,Active
A0002236,C001650,Current,13938.74,2023-08-07,Active
A0002237,C001651,Current,12339.4,2024-09-17,Active
A0002238,C001652,Savings,25665.91,2020-03-08,Active
A0002239,C001653,Savings,28697.59,2020-02-26,Dormant
A0002240,C001654,Savings,45180.1,2024-04-17,Active
A0002241,C001654,Fixed Deposit,114057.1,2019-03-18,Active
A0002242,C001655,Savings,26093.2,2023-01-23,Active
A0002243,C001656,Savings,12697.24,2023-03-02,Active
A0002244,C001657,Savings,18986.9,2018-02-17,Active
A0002245,C001658,Savings,13977.1,2020-08-12,Active
A0002246,C001659,Savings,37069.22,2025-03-02,Active
A0002247,C001660,Salary,12955.38,2018-08-05,Active
A0002248,C001661,Savings,25688.43,2022-12-14,Active
A0002249,C001661,Salary,18512.2,2023-12-26,Dormant
A0002250,C001662,Savings,11357.21,2019-07-26,Active
A0002251,C001663,Savings,11121.28,2024-01-31,Active
A0002252,C001664,Savings,17706.52,2021-02-09,Active
A0002253,C001665,Salary,25731.12,2022-12-18,Active
A0002254,C001666,Current,10391.15,2022-11-03,Active
A0002255,C001667,Savings,37924.15,2022-08-09,Dormant
A0002256,C001668,Current,24896.12,2021-01-03,Active
A0002257,C001668,Current,39491.94,2020-12-05,Active
A0002258,C001668,Savings,62251.49,2023-03-26,Active
A0002259,C001669,Savings,14296.51,2025-01-26,Active
A0002260,C001669,Salary,23448.54,2023-07-15,Active
A0002261,C001670,Current,81247.24,2023-05-23,Active
A0002262,C001670,Current,33543.56,2018-11-12,Active
A0002263,C001671,Savings,41374.3,2020-11-04,Active
A0002264,C001672,Savings,10115.11,2021-08-20,Active
A0002265,C001672,Savings,28094.98,2023-07-12,Active
A0002266,C001672,Fixed Deposit,207815.17,2019-03-17,Active
A0002267,C001673,Savings,9083.45,2021-01-16,Active
A0002268,C001673,Fixed Deposit,361941.82,2024-05-30,Active
A0002269,C001674,Salary,20152.96,2021-05-22,Active
A0002270,C001675,Salary,11857.05,2019-10-04,Active
A0002271,C001676,Savings,44840.26,2023-12-29,Active
A0002272,C001676,Salary,70655.13,2019-02-06,Active
A0002273,C001677,Savings,25921.4,2024-11-12,Active
A0002274,C001678,Current,47436.14,2018-10-07,Active
A0002275,C001679,Current,9588.92,2020-04-18,Active
A0002276,C001679,Salary,4512.77,2019-12-30,Active
A0002277,C001680,Salary,77588.55,2020-06-09,Active
A0002278,C001681,Savings,4717.73,2020-12-17,Active
A0002279,C001682,Savings,29913.7,2024-10-26,Active
A0002280,C001682,Fixed Deposit,93490.53,2022-12-10,Active
A0002281,C001683,Fixed Deposit,252393.46,2021-06-18,Active
A0002282,C001684,Salary,23034.68,2025-06-25,Active
A0002283,C001684,Savings,18071.41,2024-11-27,Active
A0002284,C001684,Savings,58407.75,2023-10-27,Active
A0002285,C001685,Salary,36221.77,2023-11-24,Active
A0002286,C001686,Savings,45390.22,2020-04-15,Active
A0002287,C001687,Current,16809.29,2020-03-19,Active
A0002288,C001688,Current,136727.74,2022-04-22,Active
A0002289,C001689,Current,12631.65,2023-11-25,Active
A0002290,C001690,Savings,5556.76,2025-03-28,Active
A0002291,C001691,Current,7603.98,2019-09-30,Active
A0002292,C001692,Salary,6690.19,2020-01-15,Active
A0002293,C001692,Savings,96723.05,2018-08-29,Active
A0002294,C001693,Salary,11719.13,2021-09-08,Active
A0002295,C001693,Fixed Deposit,49359.91,2021-12-05,Active
A0002296,C001694,Salary,27137.81,2022-12-13,Active
A0002297,C001695,Savings,14141.65,2021-12-23,Active
A0002298,C001696,Current,23294.31,2025-04-10,Active
A0002299,C001696,Fixed Deposit,92390.01,2023-10-16,Dormant
A0002300,C001697,Savings,6465.27,2023-06-13,Active
A0002301,C001698,Current,34654.12,2020-07-04,Active
A0002302,C001698,Fixed Deposit,428760.79,2021-06-04,Active
A0002303,C001699,Savings,51772.94,2020-11-05,Active
A0002304,C001700,Current,126653.41,2023-08-01,Dormant
A0002305,C001701,Current,103872.43,2019-02-08,Active
A0002306,C001702,Savings,22319.63,2020-08-20,Active
A0002307,C001703,Salary,33193.03,2021-10-29,Active
A0002308,C001704,Savings,81983.7,2022-02-11,Active
A0002309,C001705,Savings,75080.5,2023-05-15,Active
A0002310,C001706,Salary,7060.11,2021-09-13,Active
A0002311,C001707,Savings,35925.25,2024-07-16,Active
A0002312,C001708,Current,13706.72,2022-10-12,Active
A0002313,C001709,Savings,18220.58,2019-03-25,Dormant
A0002314,C001709,Salary,55685.41,2024-03-17,Active
A0002315,C001710,Savings,33437.78,2018-07-01,Active
A0002316,C001711,Savings,17617.24,2024-09-06,Active
A0002317,C001712,Salary,18011.32,2025-05-21,Active
A0002318,C001713,Salary,16520.89,2022-02-16,Active
A0002319,C001714,Savings,28229.9,2022-09-19,Dormant
A0002320,C001715,Savings,52575.44,2021-02-24,Active
A0002321,C001716,Fixed Deposit,210245.41,2021-06-22,Active
A0002322,C001717,Savings,17675.82,2025-06-03,Active
A0002323,C001718,Savings,8841.48,2018-08-30,Active
A0002324,C001718,Savings,1663.61,2024-11-02,Active
A0002325,C001719,Salary,20365.27,2025-05-24,Active
A0002326,C001720,Fixed Deposit,243268.4,2018-08-16,Active
A0002327,C001721,Salary,11065.18,2021-04-05,Active
A0002328,C001722,Current,62447.28,2019-10-26,Active
A0002329,C001723,Current,16808.87,2022-12-16,Active
A0002330,C001724,Savings,33585.16,2020-06-13,Active
A0002331,C001725,Salary,41191.09,2022-02-15,Active
A0002332,C001726,Savings,14127.18,2022-12-13,Active
A0002333,C001727,Savings,25348.28,2021-09-13,Active
A0002334,C001728,Fixed Deposit,59863.66,2019-03-15,Active
A0002335,C001729,Current,87186.91,2019-02-25,Active
A0002336,C001730,Savings,16977.1,2019-03-15,Active
A0002337,C001731,Salary,62537.26,2024-03-15,Active
A0002338,C001732,Savings,74540.26,2024-02-06,Active
A0002339,C001733,Salary,15894.73,2019-08-11,Active
A0002340,C001734,Fixed Deposit,162682.37,2018-09-08,Active
A0002341,C001735,Savings,63878.38,2021-06-25,Active
A0002342,C001736,Salary,37163.75,2018-12-29,Active
A0002343,C001737,Savings,100572.35,2020-05-14,Active
A0002344,C001738,Savings,75348.75,2023-03-15,Dormant
A0002345,C001738,Current,23536.77,2019-01-07,Active
A0002346,C001739,Salary,116399.37,2024-12-09,Active
A0002347,C001739,Salary,36424.54,2025-01-22,Active
A0002348,C001740,Savings,6328.29,2020-01-26,Active
A0002349,C001740,Savings,67959.04,2023-08-15,Active
A0002350,C001741,Current,24230.59,2021-06-02,Dormant
A0002351,C001742,Savings,13428.65,2022-10-17,Active
A0002352,C001743,Savings,16458.12,2023-12-02,Active
A0002353,C001744,Savings,27588.76,2022-06-24,Active
A0002354,C001745,Savings,8652.61,2020-05-23,Active
A0002355,C001746,Savings,7792.71,2023-12-12,Active
A0002356,C001747,Salary,59364.86,2019-02-08,Active
A0002357,C001748,Savings,21972.9,2024-10-10,Dormant
A0002358,C001749,Current,13938.1,2019-03-24,Active
A0002359,C001749,Salary,16186.92,2019-06-03,Active
A0002360,C001750,Salary,11824.67,2020-09-01,Active
A0002361,C001751,Savings,14148.95,2018-07-26,Active
A0002362,C001752,Savings,41434.3,2022-01-04,Active
A0002363,C001753,Savings,153707.24,2020-11-10,Active
A0002364,C001753,Savings,12915.89,2019-02-10,Dormant
A0002365,C001754,Savings,42478.92,2022-06-05,Active
A0002366,C001755,Fixed Deposit,254333.74,2019-09-26,Active
A0002367,C001756,Fixed Deposit,245167.32,2025-03-17,Active
A0002368,C001757,Savings,108414.12,2018-12-24,Active
A0002369,C001758,Savings,63912.03,2024-05-13,Active
A0002370,C001759,Savings,8734.12,2021-01-20,Active
A0002371,C001760,Savings,36823.71,2022-01-20,Active
A0002372,C001761,Savings,63463.82,2022-01-29,Active
A0002373,C001762,Savings,7956.81,2019-10-20,Active
A0002374,C001763,Savings,15209.96,2022-10-23,Active
A0002375,C001763,Savings,9055.31,2022-05-22,Active
A0002376,C001764,Current,8570.59,2024-12-20,Active
A0002377,C001765,Salary,49644.24,2024-10-06,Active
A0002378,C001766,Salary,13197.08,2021-10-21,Active
A0002379,C001766,Savings,94211.82,2018-06-06,Active
A0002380,C001767,Fixed Deposit,69659.51,2018-12-03,Active
A0002381,C001768,Fixed Deposit,132189.6,2023-09-13,Active
A0002382,C001769,Fixed Deposit,51556.15,2019-03-08,Active
A0002383,C001770,Current,174490.19,2025-01-14,Active
A0002384,C001771,Fixed Deposit,126848.87,2024-07-10,Active
A0002385,C001772,Savings,2816.16,2020-03-26,Active
A0002386,C001773,Salary,24617.35,2021-07-08,Active
A0002387,C001774,Savings,33066.47,2024-02-05,Active
A0002388,C001775,Salary,62108.37,2025-05-25,Active
A0002389,C001775,Savings,15547.76,2020-02-03,Active
A0002390,C001776,Current,5071.55,2021-11-22,Active
A0002391,C001777,Salary,7884.51,2023-05-17,Active
A0002392,C001778,Savings,52342.93,2022-02-16,Active
A0002393,C001779,Savings,20019.39,2018-04-30,Active
A0002394,C001779,Salary,50593.51,2021-05-20,Active
A0002395,C001780,Savings,204196.49,2018-07-15,Active
A0002396,C001781,Current,40712.21,2021-08-09,Active
A0002397,C001782,Fixed Deposit,280543.26,2021-02-05,Active
A0002398,C001783,Fixed Deposit,98929.2,2022-12-20,Active
A0002399,C001784,Salary,9502.6,2021-04-20,Active
A0002400,C001784,Fixed Deposit,159865.22,2023-01-03,Active
A0002401,C001785,Fixed Deposit,374483.9,2020-05-08,Active
A0002402,C001785,Fixed Deposit,139169.62,2020-02-23,Active
A0002403,C001785,Savings,9616.64,2018-07-16,Active
A0002404,C001786,Savings,32044.09,2023-12-23,Active
A0002405,C001786,Savings,185119.93,2018-11-17,Active
A0002406,C001787,Savings,3856.18,2021-08-12,Active
A0002407,C001788,Savings,12101.05,2020-01-11,Active
A0002408,C001789,Savings,14232.04,2018-12-16,Active
A0002409,C001789,Savings,10444.45,2022-09-07,Active
A0002410,C001790,Current,2499.2,2022-12-22,Active
A0002411,C001791,Savings,36548.7,2019-08-18,Active
A0002412,C001792,Salary,19869.48,2018-03-07,Active
A0002413,C001793,Savings,14768.14,2019-08-06,Active
A0002414,C001794,Savings,32839.05,2020-05-07,Active
A0002415,C001794,Savings,28833.13,2018-07-05,Active
A0002416,C001795,Savings,24042.7,2024-11-25,Active
A0002417,C001796,Current,5652.55,2021-01-08,Active
A0002418,C001796,Savings,17977.68,2024-01-24,Active
A0002419,C001796,Savings,65151.29,2019-04-09,Active
A0002420,C001797,Fixed Deposit,100310.38,2023-11-14,Active
A0002421,C001797,Savings,18197.15,2022-06-25,Active
A0002422,C001798,Current,23777.83,2022-12-12,Active
A0002423,C001799,Current,28414.43,2022-09-13,Active
A0002424,C001800,Fixed Deposit,453783.91,2021-01-27,Active
A0002425,C001800,Savings,25565.89,2020-12-11,Active
A0002426,C001801,Current,79451.17,2022-04-13,Active
A0002427,C001801,Savings,5136.1,2020-02-06,Active
A0002428,C001802,Current,32112.53,2022-01-30,Active
A0002429,C001803,Savings,16147.23,2018-06-30,Active
A0002430,C001804,Savings,2612.77,2024-06-27,Active
A0002431,C001804,Savings,25166.15,2020-08-24,Active
A0002432,C001805,Salary,20927.11,2023-08-22,Active
A0002433,C001806,Salary,97721.49,2025-02-05,Active
A0002434,C001806,Salary,41260.25,2022-07-02,Active
A0002435,C001806,Savings,14657.01,2022-02-04,Active
A0002436,C001807,Salary,25023.75,2020-06-27,Active
A0002437,C001807,Fixed Deposit,85527.56,2024-01-02,Active
A0002438,C001808,Savings,27701.11,2023-06-04,Active
A0002439,C001808,Savings,122303.48,2022-01-28,Active
A0002440,C001808,Savings,19569.96,2020-04-07,Active
A0002441,C001809,Savings,121317.76,2025-03-17,Active
A0002442,C001809,Fixed Deposit,229891.49,2024-11-21,Active
A0002443,C001810,Salary,25855.35,2022-07-28,Active
A0002444,C001811,Savings,21427.72,2024-02-28,Active
A0002445,C001812,Savings,41284.98,2022-01-13,Active
A0002446,C001812,Savings,10605.06,2025-03-23,Active
A0002447,C001813,Savings,33375.94,2023-08-31,Active
A0002448,C001814,Savings,36362.07,2023-01-17,Active
A0002449,C001814,Current,11545.25,2018-07-31,Active
A0002450,C001815,Savings,3522.75,2021-06-10,Active
A0002451,C001816,Savings,17496.47,2018-11-22,Active
A0002452,C001817,Fixed Deposit,402725.65,2023-02-15,Active
A0002453,C001817,Savings,22672.93,2022-02-01,Active
A0002454,C001818,Savings,4498.34,2018-01-02,Active
A0002455,C001819,Savings,19973.8,2020-08-26,Active
A0002456,C001820,Savings,88133.26,2022-08-12,Dormant
A0002457,C001821,Fixed Deposit,395955.92,2019-03-17,Active
A0002458,C001822,Salary,35458.84,2020-09-29,Active
A0002459,C001822,Savings,7627.55,2021-02-27,Active
A0002460,C001823,Salary,78981.59,2020-11-17,Active
A0002461,C001824,Savings,17026.81,2023-11-07,Active
A0002462,C001825,Savings,16726.22,2021-08-22,Active
A0002463,C001825,Salary,14606.11,2019-09-27,Active
A0002464,C001826,Savings,26481.97,2021-03-25,Active
A0002465,C001827,Current,62819.92,2022-12-18,Active
A0002466,C001827,Savings,20601.28,2021-07-24,Active
A0002467,C001828,Savings,86350.46,2025-04-08,Active
A0002468,C001829,Savings,22091.39,2024-07-22,Active
A0002469,C001829,Salary,7918.54,2020-08-02,Active
A0002470,C001830,Current,8716.79,2019-07-07,Active
A0002471,C001830,Fixed Deposit,132247.65,2024-11-13,Active
A0002472,C001831,Current,58242.58,2024-01-04,Active
A0002473,C001832,Savings,23093.05,2023-09-07,Active
A0002474,C001832,Salary,8724.84,2019-02-12,Active
A0002475,C001833,Salary,6329.65,2024-10-07,Active
A0002476,C001833,Current,26470.12,2022-06-14,Active
A0002477,C001834,Current,14086.99,2021-02-12,Active
A0002478,C001834,Savings,3924.5,2018-07-30,Active
A0002479,C001835,Current,29779.42,2023-09-10,Active
A0002480,C001835,Savings,21452.19,2018-06-21,Active
A0002481,C001836,Savings,53173.24,2021-04-30,Active
A0002482,C001837,Savings,13063.6,2022-01-01,Active
A0002483,C001838,Salary,17398.2,2018-12-30,Active
A0002484,C001838,Savings,30132.65,2018-03-22,Active
A0002485,C001838,Salary,13886.93,2020-12-13,Active
A0002486,C001839,Current,10248.91,2023-07-01,Active
A0002487,C001839,Fixed Deposit,533069.66,2022-02-05,Active
A0002488,C001840,Fixed Deposit,153825.22,2024-01-16,Active
A0002489,C001841,Salary,86516.67,2019-11-25,Active
A0002490,C001842,Salary,43699.36,2023-10-15,Active
A0002491,C001842,Savings,36530.83,2025-06-09,Active
A0002492,C001843,Fixed Deposit,69312.96,2024-02-24,Active
A0002493,C001844,Salary,18777.94,2018-01-22,Active
A0002494,C001845,Savings,13164.25,2024-04-28,Dormant
A0002495,C001846,Savings,7432.09,2023-10-09,Active
A0002496,C001847,Fixed Deposit,315672.96,2019-03-25,Active
A0002497,C001848,Savings,12415.53,2020-08-07,Active
A0002498,C001849,Savings,13825.62,2023-10-25,Active
A0002499,C001850,Current,92232.49,2020-06-03,Active
A0002500,C001851,Fixed Deposit,188436.17,2021-05-06,Active
A0002501,C001851,Savings,8132.2,2024-11-29,Dormant
A0002502,C001852,Savings,24452.35,2019-09-07,Active
A0002503,C001852,Salary,26685.38,2019-09-07,Dormant
A0002504,C001853,Savings,25211.68,2018-08-15,Active
A0002505,C001853,Salary,21571.62,2024-04-08,Active
A0002506,C001854,Fixed Deposit,65897.09,2020-03-05,Active
A0002507,C001855,Salary,34032.59,2019-06-23,Active
A0002508,C001856,Fixed Deposit,123158.65,2020-11-22,Active
A0002509,C001857,Savings,57560.19,2019-04-05,Active
A0002510,C001857,Salary,7852.14,2021-11-28,Active
A0002511,C001858,Savings,23016.32,2019-07-16,Active
A0002512,C001859,Savings,6274.29,2019-09-25,Active
A0002513,C001860,Savings,42948.32,2020-09-24,Active
A0002514,C001861,Salary,72590.91,2024-02-04,Active
A0002515,C001862,Fixed Deposit,67769.14,2020-01-30,Active
A0002516,C001863,Savings,30226.25,2018-09-15,Active
A0002517,C001864,Savings,128672.1,2018-01-05,Active
A0002518,C001865,Savings,53884.25,2021-10-04,Dormant
A0002519,C001865,Savings,71843.11,2021-02-06,Active
A0002520,C001866,Current,1034.33,2018-01-29,Active
A0002521,C001867,Salary,28140.53,2019-03-09,Active
A0002522,C001867,Savings,52929.49,2018-03-22,Active
A0002523,C001868,Savings,38614.22,2018-12-11,Active
A0002524,C001869,Savings,24833.46,2021-11-06,Active
A0002525,C001869,Fixed Deposit,191227.85,2022-07-01,Active
A0002526,C001869,Savings,29947.49,2020-03-28,Active
A0002527,C001870,Salary,29898.97,2024-05-27,Active
A0002528,C001871,Savings,21616.66,2018-12-17,Active
A0002529,C001872,Savings,22562.81,2024-12-04,Active
A0002530,C001872,Savings,6390.29,2021-04-24,Active
A0002531,C001872,Savings,6507.95,2021-10-02,Dormant
A0002532,C001873,Savings,62062.2,2020-10-22,Active
A0002533,C001874,Fixed Deposit,231294.71,2021-05-17,Active
A0002534,C001874,Savings,13581.8,2024-12-22,Active
A0002535,C001875,Savings,21263.61,2021-07-28,Active
A0002536,C001876,Savings,27823.4,2024-10-28,Active
A0002537,C001877,Fixed Deposit,230220.09,2023-07-25,Active
A0002538,C001877,Current,19299.75,2018-04-12,Active
A0002539,C001877,Savings,14407.85,2025-05-14,Active
A0002540,C001878,Savings,16815.73,2021-11-28,Active
A0002541,C001879,Salary,8062.42,2021-12-11,Active
A0002542,C001879,Savings,24900.73,2024-12-07,Active
A0002543,C001880,Savings,45381.68,2021-12-06,Active
A0002544,C001881,Savings,75958.29,2021-07-02,Active
A0002545,C001882,Savings,7271.15,2024-11-25,Active
A0002546,C001883,Current,288273.09,2024-12-07,Active
A0002547,C001884,Savings,23449.44,2020-05-23,Active
A0002548,C001885,Savings,41657.83,2018-03-13,Active
A0002549,C001886,Salary,5649.22,2024-05-31,Active
A0002550,C001887,Savings,22372.21,2018-03-23,Active
A0002551,C001888,Salary,16221.57,2018-01-08,Active
A0002552,C001889,Savings,27291.66,2024-12-15,Active
A0002553,C001890,Savings,18339.4,2019-03-21,Dormant
A0002554,C001891,Savings,76468.43,2018-03-04,Active
A0002555,C001892,Savings,129319.12,2025-01-14,Active
A0002556,C001892,Savings,17014.48,2020-11-26,Active
A0002557,C001893,Savings,79392.8,2022-05-04,Active
A0002558,C001894,Current,4605.79,2018-03-13,Active
A0002559,C001895,Savings,13307.17,2020-10-05,Active
A0002560,C001896,Fixed Deposit,706586.51,2020-10-01,Dormant
A0002561,C001896,Salary,29026.04,2025-01-15,Active
A0002562,C001897,Fixed Deposit,76295.76,2019-07-13,Active
A0002563,C001898,Salary,55733.07,2019-08-17,Active
A0002564,C001899,Current,10677.97,2018-07-09,Active
A0002565,C001900,Savings,27942.48,2022-04-08,Active
A0002566,C001900,Savings,17582.74,2018-04-18,Active
A0002567,C001901,Savings,18459.93,2025-03-11,Active
A0002568,C001902,Salary,30354.3,2019-08-28,Active
A0002569,C001903,Fixed Deposit,116757.79,2019-08-26,Active
A0002570,C001904,Fixed Deposit,84658.28,2023-03-28,Active
A0002571,C001905,Savings,5785.69,2025-02-17,Active
A0002572,C001905,Savings,11317.73,2021-12-23,Active
A0002573,C001906,Fixed Deposit,289841.62,2024-05-24,Active
A0002574,C001906,Savings,15165.01,2020-11-02,Active
A0002575,C001907,Salary,10093.17,2021-04-12,Active
A0002576,C001908,Savings,10727.5,2025-04-23,Active
A0002577,C001908,Current,59036.85,2023-05-17,Active
A0002578,C001909,Savings,26863.31,2023-02-01,Active
A0002579,C001910,Salary,44774.96,2021-09-17,Active
A0002580,C001911,Current,51182.46,2022-11-23,Active
A0002581,C001912,Salary,6423.89,2022-02-23,Active
A0002582,C001912,Fixed Deposit,102849.56,2019-04-23,Active
A0002583,C001913,Savings,21822.27,2021-12-19,Active
A0002584,C001914,Savings,20714.17,2019-12-28,Active
A0002585,C001914,Savings,37621.4,2024-07-25,Active
A0002586,C001915,Current,142862.75,2023-09-15,Active
A0002587,C001916,Current,18405.14,2023-10-07,Dormant
A0002588,C001917,Savings,110020.77,2018-06-28,Active
A0002589,C001918,Savings,2778.16,2018-06-21,Active
A0002590,C001918,Fixed Deposit,85124.95,2024-12-03,Active
A0002591,C001919,Savings,49857.49,2022-07-05,Active
A0002592,C001920,Salary,12873.34,2019-03-30,Active
A0002593,C001921,Savings,62146.11,2022-11-23,Active
A0002594,C001922,Savings,18643.64,2021-12-27,Active
A0002595,C001923,Salary,6487.66,2022-06-26,Active
A0002596,C001924,Savings,11789.39,2020-11-03,Active
A0002597,C001925,Savings,1865.88,2022-10-05,Active
A0002598,C001926,Savings,64284.58,2023-06-20,Active
A0002599,C001927,Savings,16083.61,2018-07-04,Active
A0002600,C001928,Savings,15464.79,2018-07-20,Active
A0002601,C001929,Savings,46175.66,2020-04-01,Active
A0002602,C001930,Savings,36858.38,2023-01-30,Active
A0002603,C001931,Savings,20326.3,2019-08-20,Active
A0002604,C001932,Fixed Deposit,358847.17,2018-02-01,Active
A0002605,C001933,Savings,7337.91,2020-06-04,Active
A0002606,C001934,Fixed Deposit,114199.95,2021-04-08,Active
A0002607,C001934,Fixed Deposit,71178.12,2023-07-05,Active
A0002608,C001934,Current,17613.05,2020-05-30,Active
A0002609,C001935,Savings,50165.63,2023-07-04,Active
A0002610,C001936,Fixed Deposit,117896.65,2022-05-06,Active
A0002611,C001937,Salary,44044.91,2021-03-21,Active
A0002612,C001938,Fixed Deposit,624351.71,2024-11-13,Active
A0002613,C001938,Fixed Deposit,410200.18,2020-03-31,Active
A0002614,C001939,Salary,22960.89,2023-01-28,Active
A0002615,C001940,Fixed Deposit,604724.16,2022-01-01,Active
A0002616,C001940,Fixed Deposit,226940.39,2019-02-03,Active
A0002617,C001941,Savings,8432.35,2024-07-02,Active
A0002618,C001942,Salary,21182.56,2019-10-21,Active
A0002619,C001942,Current,330711.46,2024-05-26,Active
A0002620,C001943,Salary,12619.45,2022-05-14,Active
A0002621,C001943,Savings,42574.56,2020-07-13,Active
A0002622,C001943,Salary,3401.28,2018-02-15,Active
A0002623,C001944,Fixed Deposit,55179.36,2024-12-13,Active
A0002624,C001945,Salary,56937.75,2020-04-07,Active
A0002625,C001945,Savings,25634.86,2021-04-01,Active
A0002626,C001946,Fixed Deposit,599536.79,2021-10-03,Active
A0002627,C001947,Savings,6208.17,2024-11-27,Active
A0002628,C001947,Savings,76992.9,2024-01-02,Dormant
A0002629,C001948,Savings,34952.63,2021-11-14,Active
A0002630,C001948,Savings,51973.03,2020-01-04,Active
A0002631,C001949,Current,13416.71,2019-01-22,Active
A0002632,C001949,Savings,26376.4,2021-11-24,Active
A0002633,C001950,Savings,29782.59,2024-09-28,Active
A0002634,C001951,Fixed Deposit,589503.3,2020-05-24,Active
A0002635,C001951,Savings,80742.93,2021-02-01,Active
A0002636,C001952,Salary,61580.6,2018-05-28,Active
A0002637,C001953,Savings,66151.71,2023-05-07,Active
A0002638,C001954,Salary,36747.37,2020-12-08,Active
A0002639,C001954,Current,10384.15,2020-08-08,Active
A0002640,C001955,Savings,12184.8,2019-07-24,Active
A0002641,C001956,Current,106856.59,2020-07-14,Active
A0002642,C001957,Savings,140738.15,2022-03-11,Active
A0002643,C001958,Salary,5762.96,2025-01-10,Active
A0002644,C001958,Savings,58486.97,2023-01-28,Active
A0002645,C001959,Savings,5437.3,2018-09-12,Active
A0002646,C001960,Salary,32299.32,2024-03-23,Active
A0002647,C001960,Savings,13731.03,2025-02-26,Active
A0002648,C001961,Fixed Deposit,198575.61,2018-05-02,Active
A0002649,C001962,Savings,14199.95,2018-09-27,Active
A0002650,C001963,Savings,29761.41,2018-06-27,Active
A0002651,C001964,Savings,30696.42,2024-09-27,Active
A0002652,C001965,Salary,52991.48,2021-03-19,Active
A0002653,C001966,Savings,22074.3,2019-07-13,Active
A0002654,C001966,Current,5551.49,2025-05-18,Active
A0002655,C001967,Savings,8744.15,2021-05-21,Active
A0002656,C001967,Current,12854.3,2023-08-28,Active
A0002657,C001968,Salary,40769.51,2019-12-06,Active
A0002658,C001969,Savings,18909.42,2023-11-09,Active
A0002659,C001969,Salary,4286.91,2021-12-26,Active
A0002660,C001969,Fixed Deposit,106312.16,2020-02-22,Active
A0002661,C001970,Fixed Deposit,285926.87,2025-02-26,Active
A0002662,C001971,Salary,24999.86,2024-03-22,Active
A0002663,C001972,Savings,33757.36,2021-10-02,Active
A0002664,C001973,Fixed Deposit,36894.82,2019-02-23,Active
A0002665,C001974,Fixed Deposit,91031.67,2022-10-09,Active
A0002666,C001974,Fixed Deposit,108607.21,2018-07-05,Active
A0002667,C001974,Savings,27372.92,2019-08-30,Active
A0002668,C001975,Fixed Deposit,418030.87,2019-01-01,Active
A0002669,C001975,Fixed Deposit,369352.91,2025-02-21,Active
A0002670,C001976,Salary,66763.89,2021-12-15,Active
A0002671,C001976,Current,7902.71,2025-04-27,Active
A0002672,C001977,Salary,82935.66,2019-08-14,Active
A0002673,C001978,Savings,43792.74,2022-11-20,Active
A0002674,C001979,Salary,11698.68,2022-09-29,Active
A0002675,C001980,Salary,18885.16,2018-12-08,Active
A0002676,C001981,Savings,24915.83,2022-01-10,Active
A0002677,C001982,Fixed Deposit,322531.77,2020-02-22,Active
A0002678,C001983,Fixed Deposit,561312.46,2020-06-30,Active
A0002679,C001984,Savings,31497.81,2023-07-10,Active
A0002680,C001985,Savings,9201.82,2023-03-08,Active
A0002681,C001986,Current,24872.68,2019-07-01,Active
A0002682,C001986,Savings,16366.51,2024-06-27,Active
A0002683,C001987,Salary,26695.61,2025-05-11,Active
A0002684,C001988,Fixed Deposit,64970.64,2023-10-10,Active
A0002685,C001988,Savings,59018.23,2023-07-30,Active
A0002686,C001988,Salary,32524.32,2018-06-10,Dormant
A0002687,C001989,Salary,42102.14,2023-04-12,Active
A0002688,C001990,Savings,38312.84,2021-03-11,Active
A0002689,C001990,Fixed Deposit,122357.12,2019-06-28,Active
A0002690,C001991,Savings,51343.15,2021-09-16,Active
A0002691,C001992,Current,10687.46,2019-03-06,Active
A0002692,C001992,Savings,12938.93,2018-10-03,Active
A0002693,C001993,Savings,64048.59,2022-05-22,Active
A0002694,C001994,Savings,10263.75,2019-11-17,Active
A0002695,C001995,Savings,30571.59,2019-02-07,Active
A0002696,C001995,Savings,39204.87,2018-07-30,Active
A0002697,C001996,Fixed Deposit,90750.87,2021-02-20,Active
A0002698,C001996,Current,6015.04,2020-04-27,Active
A0002699,C001997,Savings,10230.62,2021-10-29,Active
A0002700,C001997,Current,24470.9,2020-06-26,Active
A0002701,C001998,Current,6671.21,2023-07-26,Active
A0002702,C001998,Savings,2924.95,2018-06-23,Active
A0002703,C001999,Savings,10691.61,2022-03-24,Active
A0002704,C002000,Savings,37189.61,2024-04-28,Active
A0002705,C002001,Savings,41767.79,2023-05-14,Active
A0002706,C002002,Current,30563.48,2020-01-01,Active
A0002707,C002003,Current,11141.37,2021-03-11,Dormant
A0002708,C002004,Savings,6732.02,2020-03-30,Active
A0002709,C002005,Fixed Deposit,77100.82,2018-11-24,Active
A0002710,C002006,Current,9272.86,2020-02-23,Active
A0002711,C002007,Savings,189179.06,2020-11-19,Active
A0002712,C002007,Savings,71820.57,2023-08-05,Active
A0002713,C002008,Savings,16440.81,2021-12-18,Active
A0002714,C002008,Savings,10473.33,2023-04-21,Active
A0002715,C002009,Fixed Deposit,377026.99,2019-04-04,Active
A0002716,C002009,Savings,16552.64,2021-03-16,Active
A0002717,C002010,Savings,33396.35,2022-08-16,Active
A0002718,C002010,Fixed Deposit,46090.37,2019-01-31,Active
A0002719,C002011,Savings,9121.7,2018-02-22,Active
A0002720,C002012,Savings,19042.22,2018-10-06,Active
A0002721,C002012,Savings,19533.28,2024-05-30,Active
A0002722,C002013,Current,30840.23,2021-08-30,Active
A0002723,C002013,Savings,12732.89,2021-03-08,Active
A0002724,C002014,Savings,19421.94,2020-03-16,Active
A0002725,C002015,Savings,23029.13,2022-10-04,Active
A0002726,C002016,Fixed Deposit,336313.71,2023-02-17,Active
A0002727,C002016,Fixed Deposit,39866.36,2024-10-14,Active
A0002728,C002017,Savings,36854.78,2018-07-18,Active
A0002729,C002018,Savings,13538.73,2018-01-09,Active
A0002730,C002018,Savings,60415.21,2020-08-01,Active
A0002731,C002018,Savings,30073.51,2023-04-25,Active
A0002732,C002019,Fixed Deposit,98221.77,2020-07-18,Active
A0002733,C002020,Savings,31439.34,2019-02-02,Dormant
A0002734,C002021,Savings,12267.3,2024-10-12,Active
A0002735,C002021,Savings,114004.9,2023-11-14,Active
A0002736,C002022,Current,74334.27,2021-03-27,Active
A0002737,C002022,Salary,49071.41,2021-01-14,Active
A0002738,C002022,Fixed Deposit,87306.27,2021-06-07,Active
A0002739,C002023,Salary,56696.09,2021-01-09,Active
A0002740,C002024,Current,28900.73,2024-07-27,Active
A0002741,C002024,Current,20294.6,2018-12-15,Active
A0002742,C002024,Fixed Deposit,220906.48,2020-06-25,Active
A0002743,C002025,Fixed Deposit,79136.69,2024-09-27,Active
A0002744,C002026,Salary,17397.67,2023-01-16,Active
A0002745,C002027,Savings,50717.86,2019-06-03,Active
A0002746,C002028,Salary,7060.24,2019-11-23,Active
A0002747,C002029,Savings,8312.63,2019-11-01,Active
A0002748,C002030,Fixed Deposit,98560.89,2019-02-15,Active
A0002749,C002031,Savings,8293.97,2023-08-29,Active
A0002750,C002031,Savings,38428.91,2020-05-04,Active
A0002751,C002032,Current,9303.21,2022-02-03,Active
A0002752,C002033,Savings,9559.18,2020-12-02,Dormant
A0002753,C002034,Current,10291.35,2020-06-12,Active
A0002754,C002035,Savings,5339.99,2023-11-13,Active
A0002755,C002035,Salary,15552.31,2024-07-08,Dormant
A0002756,C002036,Current,18013.35,2018-10-19,Active
A0002757,C002037,Savings,6584.03,2019-03-08,Active
A0002758,C002038,Current,25411.39,2021-03-01,Active
A0002759,C002039,Savings,28110.94,2019-08-06,Active
A0002760,C002040,Savings,91150.31,2018-12-14,Active
A0002761,C002040,Salary,8474.55,2022-11-26,Active
A0002762,C002041,Salary,27714.68,2025-04-09,Active
A0002763,C002042,Savings,69834.14,2020-07-04,Active
A0002764,C002043,Fixed Deposit,175655.37,2019-03-13,Active
A0002765,C002043,Savings,34154.1,2025-02-11,Active
A0002766,C002044,Savings,10918.78,2022-12-16,Active
A0002767,C002045,Savings,25953.13,2024-09-03,Active
A0002768,C002046,Fixed Deposit,27602.8,2022-12-11,Active
A0002769,C002047,Savings,26552.66,2021-05-06,Active
A0002770,C002047,Savings,4436.99,2021-04-06,Active
A0002771,C002048,Current,63708.62,2019-11-20,Active
A0002772,C002048,Savings,8244.93,2019-08-19,Active
A0002773,C002049,Savings,4538.41,2018-12-07,Active
A0002774,C002050,Savings,38909.3,2021-12-26,Active
A0002775,C002051,Current,41558.4,2019-11-20,Active
A0002776,C002051,Current,9851.49,2019-06-19,Active
A0002777,C002052,Savings,50437.58,2022-08-22,Active
A0002778,C002052,Fixed Deposit,75346.91,2018-09-02,Active
A0002779,C002052,Fixed Deposit,301757.73,2018-09-26,Active
A0002780,C002053,Savings,17479.53,2023-08-20,Active
A0002781,C002054,Savings,2086.29,2019-10-02,Active
A0002782,C002055,Fixed Deposit,111584.2,2019-07-17,Active
A0002783,C002056,Savings,5137.45,2019-06-13,Active
A0002784,C002057,Salary,91803.2,2025-03-03,Active
A0002785,C002058,Salary,9927.13,2019-02-27,Active
A0002786,C002058,Savings,8484.04,2018-01-14,Active
A0002787,C002059,Current,18493.88,2020-02-01,Active
A0002788,C002059,Current,24147.78,2019-09-30,Active
A0002789,C002059,Savings,22170.96,2019-05-23,Active
A0002790,C002060,Savings,6071.81,2023-09-20,Active
A0002791,C002060,Savings,11443.76,2023-12-22,Active
A0002792,C002060,Current,32173.17,2023-10-09,Active
A0002793,C002061,Savings,22430.92,2019-09-27,Active
A0002794,C002062,Salary,7678.3,2024-01-07,Active
A0002795,C002063,Fixed Deposit,152557.27,2018-12-18,Active
A0002796,C002064,Salary,12281.16,2023-01-11,Active
A0002797,C002064,Fixed Deposit,81923.0,2018-09-16,Active
A0002798,C002065,Savings,46745.34,2018-12-23,Active
A0002799,C002066,Salary,118343.86,2022-02-21,Active
A0002800,C002067,Savings,10368.63,2018-01-30,Dormant
A0002801,C002067,Salary,267955.65,2020-07-06,Active
A0002802,C002068,Savings,24554.88,2019-05-12,Active
A0002803,C002069,Savings,29849.85,2023-10-14,Active
A0002804,C002070,Current,94684.8,2019-04-11,Active
A0002805,C002071,Savings,21029.65,2018-01-28,Active
A0002806,C002072,Current,12656.12,2023-04-15,Active
A0002807,C002073,Current,42395.55,2023-09-09,Active
A0002808,C002074,Savings,114735.08,2023-07-10,Active
A0002809,C002074,Savings,23816.68,2021-01-04,Active
A0002810,C002075,Savings,23315.11,2019-01-08,Active
A0002811,C002076,Current,124888.76,2022-03-15,Active
A0002812,C002077,Savings,42458.83,2022-07-02,Active
A0002813,C002078,Savings,19297.62,2018-07-24,Active
A0002814,C002079,Salary,40122.88,2018-09-18,Active
A0002815,C002080,Salary,14458.6,2018-10-06,Active
A0002816,C002081,Fixed Deposit,96473.31,2023-02-10,Dormant
A0002817,C002082,Savings,18348.97,2021-04-11,Active
A0002818,C002083,Savings,20457.15,2025-03-02,Active
A0002819,C002084,Current,34750.47,2021-09-09,Active
A0002820,C002085,Salary,12003.56,2021-09-30,Active
A0002821,C002086,Savings,23830.73,2022-01-23,Active
A0002822,C002086,Salary,22234.97,2019-06-21,Active
A0002823,C002087,Fixed Deposit,29195.67,2021-02-04,Active
A0002824,C002088,Current,13532.41,2023-07-06,Active
A0002825,C002089,Fixed Deposit,68465.07,2021-07-30,Active
A0002826,C002089,Fixed Deposit,71670.71,2023-11-26,Active
A0002827,C002090,Fixed Deposit,179559.96,2025-06-22,Active
A0002828,C002091,Savings,19914.23,2022-08-18,Active
A0002829,C002091,Current,18774.7,2025-04-21,Active
A0002830,C002092,Savings,35797.98,2024-02-17,Active
A0002831,C002093,Fixed Deposit,173760.59,2025-03-31,Active
A0002832,C002094,Savings,82018.79,2019-08-19,Active
A0002833,C002095,Savings,38258.42,2022-01-28,Active
A0002834,C002096,Current,35603.58,2025-05-07,Active
A0002835,C002097,Savings,7842.81,2022-02-08,Active
A0002836,C002098,Salary,7785.28,2025-02-16,Active
A0002837,C002099,Savings,16087.89,2024-05-12,Active
A0002838,C002100,Fixed Deposit,378580.33,2018-05-10,Active
A0002839,C002101,Savings,10119.4,2024-11-12,Active
A0002840,C002102,Savings,8903.47,2025-04-04,Active
A0002841,C002103,Fixed Deposit,8297.07,2024-12-08,Active
A0002842,C002103,Savings,2694.75,2019-06-29,Active
A0002843,C002104,Fixed Deposit,36499.09,2020-02-20,Active
A0002844,C002105,Current,86991.33,2024-04-02,Dormant
A0002845,C002106,Fixed Deposit,113997.16,2023-02-12,Active
A0002846,C002106,Savings,75351.44,2019-05-27,Active
A0002847,C002107,Current,51615.98,2022-06-02,Active
A0002848,C002108,Savings,88283.27,2024-10-10,Active
A0002849,C002108,Savings,5193.01,2019-09-24,Active
A0002850,C002109,Current,50603.29,2023-01-31,Active
A0002851,C002110,Current,15110.72,2019-02-06,Active
A0002852,C002110,Savings,44379.3,2021-01-10,Active
A0002853,C002111,Current,20190.11,2020-11-26,Active
A0002854,C002112,Salary,14058.22,2020-07-02,Active
A0002855,C002113,Savings,20662.7,2018-07-02,Active
A0002856,C002114,Salary,73506.94,2022-04-11,Active
A0002857,C002115,Savings,9904.14,2020-08-13,Active
A0002858,C002116,Fixed Deposit,128270.89,2025-06-12,Active
A0002859,C002116,Savings,17168.38,2023-09-11,Active
A0002860,C002117,Current,24546.07,2022-10-24,Active
A0002861,C002118,Savings,10821.46,2020-05-08,Active
A0002862,C002119,Fixed Deposit,58425.4,2020-12-24,Active
A0002863,C002120,Salary,20995.72,2025-04-24,Active
A0002864,C002120,Current,22343.23,2024-12-03,Active
A0002865,C002121,Savings,40813.85,2019-05-12,Active
A0002866,C002122,Savings,8695.62,2024-06-19,Active
A0002867,C002123,Savings,2671.22,2021-05-15,Active
A0002868,C002124,Fixed Deposit,127078.89,2019-07-07,Active
A0002869,C002125,Current,41386.2,2019-09-19,Active
A0002870,C002125,Savings,11373.74,2023-08-25,Active
A0002871,C002126,Salary,42761.37,2024-05-22,Active
A0002872,C002126,Savings,23071.37,2024-12-20,Dormant
A0002873,C002127,Savings,26139.28,2021-05-09,Active
A0002874,C002127,Savings,38618.35,2020-02-05,Active
A0002875,C002128,Salary,5983.64,2025-05-05,Active
A0002876,C002129,Savings,40626.94,2019-02-25,Active
A0002877,C002130,Savings,43438.22,2023-04-04,Dormant
A0002878,C002130,Current,31316.21,2023-06-04,Active
A0002879,C002131,Current,19844.07,2024-03-13,Active
A0002880,C002132,Savings,27652.39,2025-01-19,Active
A0002881,C002133,Salary,14114.17,2019-05-31,Active
A0002882,C002134,Current,30473.86,2024-05-02,Active
A0002883,C002135,Fixed Deposit,624498.79,2020-03-12,Active
A0002884,C002136,Fixed Deposit,229067.45,2018-01-15,Active
A0002885,C002137,Current,190990.94,2018-06-11,Active
A0002886,C002138,Current,16201.67,2020-07-19,Active
A0002887,C002139,Savings,25997.56,2020-09-06,Active
A0002888,C002140,Savings,8338.35,2019-06-15,Dormant
A0002889,C002141,Savings,56284.19,2022-12-19,Dormant
A0002890,C002142,Fixed Deposit,208617.27,2020-04-14,Active
A0002891,C002143,Savings,68467.78,2022-06-27,Active
A0002892,C002144,Savings,11917.24,2018-11-13,Active
A0002893,C002144,Savings,21215.62,2019-06-12,Active
A0002894,C002145,Savings,125499.34,2024-08-06,Active
A0002895,C002146,Savings,15023.94,2020-01-07,Active
A0002896,C002146,Savings,28831.63,2024-02-13,Active
A0002897,C002147,Current,25744.6,2024-10-13,Active
A0002898,C002148,Salary,13625.46,2022-01-22,Active
A0002899,C002149,Savings,274115.02,2022-01-05,Active
A0002900,C002150,Salary,11138.76,2020-08-04,Active
A0002901,C002150,Salary,49922.63,2024-06-29,Active
A0002902,C002151,Savings,21221.24,2018-05-09,Active
A0002903,C002152,Salary,10256.19,2021-10-18,Active
A0002904,C002153,Savings,8997.54,2022-05-17,Active
A0002905,C002154,Fixed Deposit,250402.93,2020-02-15,Active
A0002906,C002154,Salary,8297.92,2019-11-07,Active
A0002907,C002155,Savings,29040.02,2025-06-04,Active
A0002908,C002156,Current,48402.52,2020-07-14,Active
A0002909,C002157,Savings,26174.35,2021-07-02,Active
A0002910,C002158,Savings,46750.88,2018-04-25,Active
A0002911,C002159,Savings,47622.03,2024-08-15,Active
A0002912,C002160,Savings,9518.85,2019-04-16,Active
A0002913,C002161,Salary,9539.34,2025-02-14,Active
A0002914,C002162,Current,6709.92,2021-05-11,Active
A0002915,C002163,Savings,12315.69,2019-08-01,Active
A0002916,C002163,Savings,10207.51,2018-05-13,Dormant
A0002917,C002164,Salary,20534.79,2024-05-16,Active
A0002918,C002165,Savings,10393.55,2022-11-24,Active
A0002919,C002165,Savings,11663.71,2021-05-02,Active
A0002920,C002166,Salary,13698.01,2022-01-02,Active
A0002921,C002167,Fixed Deposit,146165.62,2021-12-07,Active
A0002922,C002167,Salary,89330.34,2022-11-10,Active
A0002923,C002168,Savings,10114.64,2023-08-19,Active
A0002924,C002169,Savings,6239.72,2020-12-14,Active
A0002925,C002169,Savings,11477.11,2022-11-01,Active
A0002926,C002170,Savings,44658.83,2024-10-08,Active
A0002927,C002171,Savings,15157.8,2024-01-26,Active
A0002928,C002172,Fixed Deposit,172518.53,2021-09-08,Active
A0002929,C002172,Fixed Deposit,227099.62,2018-05-31,Active
A0002930,C002173,Salary,29776.77,2023-10-09,Active
A0002931,C002173,Fixed Deposit,227803.17,2023-01-06,Active
A0002932,C002174,Fixed Deposit,286307.02,2025-06-01,Active
A0002933,C002175,Current,16720.41,2024-01-16,Active
A0002934,C002176,Salary,30331.91,2020-11-01,Active
A0002935,C002177,Savings,111547.78,2020-12-06,Active
A0002936,C002177,Savings,14596.69,2018-03-24,Active
A0002937,C002178,Savings,45767.23,2021-01-02,Active
A0002938,C002178,Salary,67796.85,2018-06-16,Active
A0002939,C002179,Savings,1759.62,2025-02-22,Active
A0002940,C002180,Salary,7168.59,2019-11-21,Active
A0002941,C002181,Savings,32269.98,2021-01-18,Active
A0002942,C002182,Current,44732.15,2018-12-15,Active
A0002943,C002183,Current,23142.73,2023-10-17,Active
A0002944,C002184,Savings,97121.58,2019-09-27,Active
A0002945,C002185,Savings,18742.45,2023-04-17,Active
A0002946,C002186,Current,19403.15,2020-02-09,Active
A0002947,C002187,Savings,22788.17,2020-08-04,Active
A0002948,C002188,Savings,30510.59,2021-04-20,Active
A0002949,C002189,Fixed Deposit,304101.45,2021-01-04,Active
A0002950,C002190,Savings,21153.59,2023-12-22,Active
A0002951,C002190,Savings,15094.4,2022-12-01,Active
A0002952,C002190,Current,36977.07,2020-03-31,Active
A0002953,C002191,Savings,87618.35,2021-07-29,Active
A0002954,C002191,Salary,5786.3,2024-09-30,Dormant
A0002955,C002192,Savings,2985.78,2023-07-03,Active
A0002956,C002192,Salary,6422.65,2020-02-24,Active
A0002957,C002192,Savings,14800.89,2023-07-14,Active
A0002958,C002193,Salary,45468.33,2020-07-30,Active
A0002959,C002193,Savings,44761.21,2025-04-25,Active
A0002960,C002193,Salary,9796.02,2018-01-30,Active
A0002961,C002194,Current,47956.02,2022-06-26,Active
A0002962,C002194,Savings,38699.64,2023-07-26,Active
A0002963,C002195,Savings,19484.2,2020-11-08,Active
A0002964,C002196,Savings,9749.36,2019-06-08,Active
A0002965,C002196,Savings,18996.5,2023-10-07,Active
A0002966,C002196,Savings,32195.26,2020-07-23,Active
A0002967,C002197,Salary,29138.37,2018-02-10,Active
A0002968,C002198,Fixed Deposit,479898.18,2024-09-22,Active
A0002969,C002199,Savings,35728.92,2020-03-05,Active
A0002970,C002200,Current,18028.74,2021-04-09,Active
A0002971,C002201,Savings,23208.17,2018-12-08,Active
A0002972,C002202,Savings,33496.62,2021-09-14,Active
A0002973,C002203,Savings,14869.21,2024-08-09,Dormant
A0002974,C002203,Savings,21063.28,2024-03-17,Active
A0002975,C002204,Fixed Deposit,76681.22,2021-02-04,Active
A0002976,C002205,Savings,2868.04,2023-03-08,Active
A0002977,C002206,Savings,5102.52,2023-08-29,Active
A0002978,C002207,Savings,13753.04,2018-12-03,Active
A0002979,C002208,Current,27134.68,2022-07-12,Active
A0002980,C002208,Savings,12205.67,2019-10-09,Active
A0002981,C002209,Current,27025.58,2024-08-29,Active
A0002982,C002210,Savings,33644.28,2021-12-15,Active
A0002983,C002210,Salary,67358.99,2023-09-22,Active
A0002984,C002210,Salary,54178.22,2020-05-26,Active
A0002985,C002211,Savings,7644.21,2018-12-19,Active
A0002986,C002211,Savings,43240.53,2018-07-16,Active
A0002987,C002212,Fixed Deposit,327578.64,2025-03-14,Active
A0002988,C002213,Salary,11435.55,2025-05-14,Active
A0002989,C002214,Current,55955.27,2022-07-01,Active
A0002990,C002215,Savings,25002.63,2023-01-28,Active
A0002991,C002216,Savings,26045.71,2022-12-29,Active
A0002992,C002216,Current,21344.97,2021-01-16,Active
A0002993,C002216,Fixed Deposit,149645.06,2019-04-03,Active
A0002994,C002217,Savings,24375.36,2018-05-16,Dormant
A0002995,C002218,Fixed Deposit,240703.33,2021-07-09,Active
A0002996,C002218,Fixed Deposit,67512.5,2018-03-02,Active
A0002997,C002219,Salary,111991.86,2024-12-21,Active
A0002998,C002220,Savings,25503.45,2024-07-30,Active
A0002999,C002221,Savings,26017.7,2021-07-18,Active
A0003000,C002221,Savings,45100.05,2024-12-03,Active
A0003001,C002222,Salary,31559.58,2020-11-18,Active
A0003002,C002222,Fixed Deposit,710129.24,2020-11-05,Active
A0003003,C002223,Savings,10689.53,2021-12-30,Active
A0003004,C002224,Savings,29138.7,2023-07-07,Active
A0003005,C002225,Savings,46062.36,2020-04-06,Active
A0003006,C002225,Savings,40520.93,2023-08-20,Active
A0003007,C002226,Salary,24751.41,2019-06-17,Active
A0003008,C002227,Savings,75238.53,2021-11-11,Active
A0003009,C002228,Savings,23207.95,2019-12-27,Active
A0003010,C002228,Savings,19350.6,2023-03-22,Active
A0003011,C002229,Savings,25161.31,2024-11-24,Active
A0003012,C002229,Salary,17333.62,2022-05-04,Active
A0003013,C002230,Savings,47335.59,2024-07-05,Active
A0003014,C002230,Salary,3529.96,2019-07-23,Active
A0003015,C002231,Salary,6257.07,2020-04-05,Active
A0003016,C002232,Salary,56094.97,2021-04-04,Active
A0003017,C002233,Savings,15377.84,2020-06-06,Active
A0003018,C002234,Salary,19111.81,2022-09-07,Active
A0003019,C002235,Fixed Deposit,177926.69,2023-11-24,Active
A0003020,C002236,Savings,32340.91,2020-02-13,Active
A0003021,C002237,Current,7699.85,2020-01-01,Active
A0003022,C002237,Savings,19077.31,2019-08-27,Active
A0003023,C002238,Fixed Deposit,106968.95,2022-08-27,Active
A0003024,C002238,Savings,76717.26,2019-04-27,Dormant
A0003025,C002239,Savings,50717.88,2021-05-28,Active
A0003026,C002239,Savings,47580.34,2018-06-19,Active
A0003027,C002239,Savings,61170.31,2018-08-09,Active
A0003028,C002240,Savings,5303.22,2020-08-15,Active
A0003029,C002241,Savings,114595.51,2019-08-14,Active
A0003030,C002241,Salary,5615.61,2018-11-11,Active
A0003031,C002241,Fixed Deposit,158668.18,2022-03-24,Active
A0003032,C002242,Fixed Deposit,28982.22,2020-11-22,Active
A0003033,C002243,Savings,45479.34,2018-08-10,Active
A0003034,C002244,Salary,31077.54,2019-05-15,Active
A0003035,C002245,Savings,68959.11,2020-04-16,Active
A0003036,C002245,Current,70399.09,2022-11-14,Active
A0003037,C002245,Savings,19660.62,2020-03-06,Active
A0003038,C002246,Savings,20018.45,2020-10-23,Active
A0003039,C002247,Fixed Deposit,321963.17,2023-06-06,Active
A0003040,C002248,Savings,53175.69,2024-05-26,Active
A0003041,C002249,Current,18366.48,2021-10-31,Active
A0003042,C002250,Current,14266.27,2021-09-05,Active
A0003043,C002251,Salary,30571.81,2023-06-13,Active
A0003044,C002251,Fixed Deposit,94327.87,2023-06-11,Active
A0003045,C002252,Savings,52183.41,2020-10-08,Active
A0003046,C002253,Current,19132.61,2020-12-02,Active
A0003047,C002254,Savings,8077.06,2022-01-16,Active
A0003048,C002255,Current,16059.39,2020-07-02,Active
A0003049,C002256,Salary,3601.29,2023-10-26,Active
A0003050,C002257,Savings,17687.44,2024-09-11,Active
A0003051,C002257,Salary,15665.33,2019-12-18,Active
A0003052,C002258,Fixed Deposit,1027623.7,2018-07-04,Active
A0003053,C002258,Salary,20616.05,2018-01-12,Active
A0003054,C002258,Savings,8230.45,2025-01-18,Active
A0003055,C002259,Current,50631.58,2022-03-11,Active
A0003056,C002260,Fixed Deposit,107604.87,2024-05-13,Active
A0003057,C002261,Current,20126.74,2024-07-26,Active
A0003058,C002261,Savings,11565.35,2018-09-30,Active
A0003059,C002262,Savings,16669.53,2019-08-27,Active
A0003060,C002263,Savings,51431.42,2023-06-05,Active
A0003061,C002264,Savings,21818.63,2023-07-19,Active
A0003062,C002265,Salary,60903.32,2019-07-11,Active
A0003063,C002266,Savings,23399.87,2023-05-23,Active
A0003064,C002267,Current,60078.13,2018-07-09,Active
A0003065,C002267,Savings,11446.91,2020-08-11,Active
A0003066,C002267,Savings,4158.82,2019-04-29,Active
A0003067,C002268,Savings,20101.23,2024-12-02,Active
A0003068,C002269,Savings,3956.86,2018-05-01,Active
A0003069,C002269,Savings,30757.19,2022-11-11,Active
A0003070,C002270,Salary,35241.11,2024-08-20,Active
A0003071,C002271,Savings,78228.5,2023-07-04,Active
A0003072,C002272,Savings,66969.01,2024-05-13,Active
A0003073,C002273,Salary,18481.26,2020-09-01,Active
A0003074,C002273,Savings,83788.69,2022-12-09,Active
A0003075,C002274,Current,36950.62,2025-05-27,Active
A0003076,C002275,Savings,26492.05,2023-11-12,Active
A0003077,C002276,Savings,46387.52,2021-12-22,Active
A0003078,C002276,Salary,80527.93,2024-05-28,Active
A0003079,C002277,Savings,33326.19,2020-12-01,Active
A0003080,C002278,Current,16917.55,2024-12-17,Active
A0003081,C002279,Savings,96197.43,2024-01-30,Active
A0003082,C002280,Savings,123892.4,2022-09-14,Active
A0003083,C002281,Salary,4195.62,2025-05-14,Active
A0003084,C002282,Savings,17182.08,2018-07-13,Active
A0003085,C002283,Fixed Deposit,1082998.92,2018-04-21,Active
A0003086,C002284,Salary,46127.84,2024-10-16,Active
A0003087,C002285,Fixed Deposit,56381.89,2022-09-29,Active
A0003088,C002286,Salary,13602.36,2024-02-13,Active
A0003089,C002287,Current,19793.7,2022-06-25,Active
A0003090,C002288,Current,8788.04,2025-05-17,Active
A0003091,C002289,Savings,40104.86,2024-08-11,Active
A0003092,C002290,Savings,23511.05,2023-02-07,Active
A0003093,C002290,Savings,7171.52,2018-09-09,Active
A0003094,C002291,Savings,17803.19,2019-10-28,Active
A0003095,C002292,Salary,23297.51,2022-07-13,Active
A0003096,C002293,Fixed Deposit,138516.87,2024-01-05,Active
A0003097,C002294,Current,86510.39,2022-08-03,Active
A0003098,C002295,Fixed Deposit,61415.03,2022-07-14,Active
A0003099,C002296,Savings,42197.42,2021-05-29,Active
A0003100,C002297,Savings,19496.68,2019-03-21,Active
A0003101,C002298,Current,16083.7,2020-08-04,Active
A0003102,C002299,Current,10642.55,2018-01-06,Active
A0003103,C002300,Savings,14872.51,2024-08-10,Active
A0003104,C002301,Salary,29901.07,2020-11-10,Active
A0003105,C002301,Salary,6157.75,2023-01-27,Active
A0003106,C002302,Fixed Deposit,122293.7,2022-04-28,Dormant
A0003107,C002303,Savings,17655.4,2023-04-24,Active
A0003108,C002304,Savings,13731.89,2024-07-10,Active
A0003109,C002305,Salary,70420.32,2018-06-17,Active
A0003110,C002306,Current,41111.28,2024-07-20,Active
A0003111,C002307,Savings,10309.45,2020-07-12,Active
A0003112,C002308,Savings,216996.37,2018-07-25,Active
A0003113,C002308,Savings,19530.81,2020-10-01,Active
A0003114,C002308,Fixed Deposit,201583.0,2020-02-22,Active
A0003115,C002309,Salary,61426.69,2020-03-02,Active
A0003116,C002310,Salary,34802.74,2018-12-17,Active
A0003117,C002311,Salary,9902.54,2022-01-04,Active
A0003118,C002312,Savings,17821.6,2019-07-23,Active
A0003119,C002312,Current,21177.8,2025-03-01,Active
A0003120,C002313,Savings,21826.18,2019-02-13,Dormant
A0003121,C002313,Savings,86243.19,2023-11-10,Active
A0003122,C002314,Savings,42292.14,2021-05-03,Active
A0003123,C002315,Fixed Deposit,86861.77,2020-04-19,Active
A0003124,C002316,Savings,23272.16,2021-12-05,Active
A0003125,C002316,Savings,55363.08,2020-03-25,Active
A0003126,C002317,Savings,17607.38,2019-10-14,Active
A0003127,C002318,Fixed Deposit,62249.27,2019-03-01,Active
A0003128,C002319,Savings,23330.2,2023-01-17,Active
A0003129,C002320,Savings,79094.06,2024-09-30,Active
A0003130,C002320,Salary,19447.77,2023-04-04,Active
A0003131,C002321,Savings,10858.27,2023-03-07,Active
A0003132,C002321,Salary,4684.64,2024-03-13,Active
A0003133,C002322,Current,16537.99,2022-12-31,Active
A0003134,C002323,Fixed Deposit,56415.23,2018-04-24,Active
A0003135,C002324,Savings,34214.75,2021-02-16,Active
A0003136,C002324,Fixed Deposit,108663.63,2018-02-01,Active
A0003137,C002324,Current,12012.2,2019-02-20,Active
A0003138,C002325,Savings,162619.32,2019-03-19,Active
A0003139,C002325,Fixed Deposit,496892.29,2021-09-18,Active
A0003140,C002326,Savings,59953.33,2020-12-15,Active
A0003141,C002327,Savings,17441.49,2022-07-05,Dormant
A0003142,C002328,Savings,89827.23,2024-03-27,Dormant
A0003143,C002328,Savings,3210.92,2020-12-24,Active
A0003144,C002329,Current,28964.3,2023-10-11,Active
A0003145,C002330,Current,38426.65,2023-05-23,Active
A0003146,C002331,Salary,52952.28,2021-08-12,Active
A0003147,C002332,Fixed Deposit,373412.9,2025-06-08,Active
A0003148,C002332,Savings,53782.04,2024-06-12,Active
A0003149,C002333,Savings,39762.86,2022-12-04,Active
A0003150,C002333,Salary,1726.36,2018-02-05,Active
A0003151,C002334,Savings,10279.18,2021-12-01,Active
A0003152,C002334,Savings,24729.08,2019-04-29,Active
A0003153,C002335,Fixed Deposit,55875.1,2019-01-17,Active
A0003154,C002336,Current,90075.72,2019-02-04,Active
A0003155,C002337,Savings,30491.34,2021-04-04,Active
A0003156,C002338,Current,83202.42,2021-02-13,Active
A0003157,C002338,Salary,6727.91,2018-04-15,Active
A0003158,C002339,Current,84245.23,2021-11-03,Active
A0003159,C002340,Current,6567.24,2021-11-17,Active
A0003160,C002341,Salary,17400.78,2021-03-08,Active
A0003161,C002341,Current,10770.73,2019-09-10,Active
A0003162,C002342,Savings,11132.63,2020-07-10,Active
A0003163,C002342,Salary,54605.64,2021-01-19,Active
A0003164,C002343,Current,23848.65,2019-10-29,Active
A0003165,C002344,Savings,25338.88,2020-01-03,Active
A0003166,C002345,Fixed Deposit,155131.34,2025-02-09,Active
A0003167,C002346,Savings,61165.23,2025-03-12,Active
A0003168,C002346,Current,53008.27,2021-12-09,Active
A0003169,C002347,Current,25653.89,2019-01-30,Active
A0003170,C002348,Savings,43210.89,2023-01-19,Active
A0003171,C002348,Fixed Deposit,51340.72,2018-08-31,Active
A0003172,C002348,Current,14489.3,2021-04-01,Active
A0003173,C002349,Savings,25989.04,2020-01-25,Dormant
A0003174,C002350,Current,75721.24,2024-10-06,Active
A0003175,C002351,Savings,14343.62,2022-09-21,Active
A0003176,C002351,Salary,11117.42,2023-02-02,Active
A0003177,C002352,Savings,35221.46,2024-01-24,Active
A0003178,C002353,Savings,19094.93,2019-11-08,Active
A0003179,C002354,Fixed Deposit,88906.48,2023-03-02,Active
A0003180,C002355,Savings,26789.43,2018-11-27,Active
A0003181,C002356,Savings,5691.13,2020-04-07,Active
A0003182,C002357,Salary,37226.45,2022-11-29,Active
A0003183,C002358,Salary,18166.33,2020-05-10,Active
A0003184,C002359,Current,12155.73,2020-04-24,Active
A0003185,C002360,Savings,13040.31,2021-08-25,Active
A0003186,C002360,Current,31978.39,2021-10-04,Active
A0003187,C002361,Savings,24933.53,2025-05-08,Active
A0003188,C002362,Savings,12895.39,2021-05-01,Dormant
A0003189,C002363,Current,17960.67,2022-03-12,Active
A0003190,C002363,Salary,21690.02,2024-10-23,Active
A0003191,C002363,Savings,11235.99,2021-04-24,Active
A0003192,C002364,Fixed Deposit,237838.65,2022-06-01,Active
A0003193,C002365,Salary,59194.84,2023-08-28,Active
A0003194,C002366,Fixed Deposit,166066.63,2024-04-30,Active
A0003195,C002367,Fixed Deposit,249484.59,2020-05-19,Active
A0003196,C002367,Salary,17115.89,2022-07-15,Active
A0003197,C002368,Savings,22977.22,2024-04-03,Active
A0003198,C002369,Savings,9769.85,2024-04-11,Active
A0003199,C002369,Fixed Deposit,42138.12,2025-05-25,Active
A0003200,C002370,Fixed Deposit,211142.13,2019-02-19,Active
A0003201,C002371,Savings,24304.07,2018-01-12,Active
A0003202,C002372,Fixed Deposit,79433.67,2022-12-14,Active
A0003203,C002373,Salary,47646.98,2020-10-14,Active
A0003204,C002373,Savings,7227.5,2021-05-25,Active
A0003205,C002374,Current,57368.16,2023-11-22,Active
A0003206,C002374,Salary,19372.63,2020-05-06,Active
A0003207,C002375,Savings,6302.43,2019-04-02,Active
A0003208,C002376,Salary,156171.74,2023-10-15,Active
A0003209,C002377,Savings,38993.53,2021-10-23,Active
A0003210,C002377,Savings,20969.43,2019-03-16,Active
A0003211,C002378,Savings,17968.27,2021-11-15,Active
A0003212,C002379,Current,8174.29,2024-02-08,Active
A0003213,C002380,Current,44847.86,2025-02-19,Active
A0003214,C002381,Savings,9774.88,2022-01-06,Active
A0003215,C002381,Savings,9645.0,2022-09-16,Active
A0003216,C002382,Salary,13072.15,2021-07-08,Active
A0003217,C002382,Savings,130988.34,2019-04-26,Active
A0003218,C002383,Savings,11467.97,2020-02-17,Active
A0003219,C002383,Savings,11507.32,2020-06-09,Active
A0003220,C002383,Current,8647.9,2021-08-07,Active
A0003221,C002384,Current,13290.07,2024-11-04,Active
A0003222,C002385,Salary,5711.41,2023-07-24,Active
A0003223,C002385,Savings,25210.16,2019-12-19,Active
A0003224,C002386,Current,66214.16,2024-05-28,Active
A0003225,C002387,Savings,3353.08,2023-06-11,Active
A0003226,C002388,Current,10273.71,2022-05-08,Active
A0003227,C002389,Savings,12575.15,2021-10-06,Active
A0003228,C002390,Salary,2502.93,2018-11-27,Active
A0003229,C002391,Salary,28215.06,2021-12-27,Active
A0003230,C002392,Savings,10695.39,2025-05-09,Active
A0003231,C002393,Savings,27231.48,2022-04-04,Active
A0003232,C002394,Current,65846.06,2023-02-03,Active
A0003233,C002394,Fixed Deposit,94576.78,2020-02-13,Active
A0003234,C002395,Current,25629.5,2021-10-17,Active
A0003235,C002395,Savings,10210.46,2018-08-26,Active
A0003236,C002396,Savings,11252.11,2024-08-26,Active
A0003237,C002397,Fixed Deposit,128737.52,2021-11-23,Active
A0003238,C002398,Fixed Deposit,204133.63,2019-05-29,Active
A0003239,C002399,Savings,17934.88,2018-04-16,Active
A0003240,C002400,Savings,51128.06,2023-12-30,Active
A0003241,C002401,Fixed Deposit,46447.46,2019-06-08,Active
A0003242,C002402,Salary,10101.78,2023-02-05,Active
A0003243,C002403,Savings,27249.42,2018-03-24,Active
A0003244,C002403,Savings,19323.51,2024-05-26,Dormant
A0003245,C002404,Savings,55750.8,2023-04-13,Active
A0003246,C002404,Savings,19610.1,2025-05-13,Active
A0003247,C002405,Fixed Deposit,134404.66,2020-03-14,Active
A0003248,C002406,Salary,64081.52,2023-08-12,Active
A0003249,C002406,Savings,31230.79,2024-02-12,Active
A0003250,C002407,Savings,49756.42,2025-06-14,Active
A0003251,C002408,Current,9369.33,2021-11-18,Active
A0003252,C002408,Savings,13654.8,2024-04-14,Active
A0003253,C002408,Savings,14968.61,2018-05-19,Active
A0003254,C002409,Fixed Deposit,209988.84,2023-07-09,Active
A0003255,C002410,Savings,12660.76,2021-10-19,Active
A0003256,C002411,Savings,6591.02,2021-12-26,Active
A0003257,C002412,Savings,11169.7,2023-06-14,Dormant
A0003258,C002413,Current,57020.35,2023-07-08,Active
A0003259,C002413,Savings,57185.86,2019-07-13,Active
A0003260,C002414,Savings,44769.62,2023-06-20,Active
A0003261,C002415,Salary,11432.93,2021-11-11,Active
A0003262,C002416,Savings,28017.89,2023-08-02,Active
A0003263,C002417,Current,24674.1,2022-11-25,Active
A0003264,C002418,Savings,142673.01,2021-09-21,Active
A0003265,C002418,Current,37192.09,2025-05-17,Active
A0003266,C002419,Fixed Deposit,628638.3,2019-09-18,Active
A0003267,C002420,Savings,15744.95,2022-04-09,Active
A0003268,C002420,Savings,10123.97,2021-04-15,Dormant
A0003269,C002421,Savings,11135.1,2023-07-07,Active
A0003270,C002422,Savings,19759.94,2021-08-26,Active
A0003271,C002423,Savings,4211.1,2021-02-28,Active
A0003272,C002424,Current,90063.51,2020-02-23,Dormant
A0003273,C002424,Savings,3342.76,2019-04-09,Active
A0003274,C002425,Savings,30860.78,2019-03-20,Active
A0003275,C002425,Current,31033.45,2023-08-08,Active
A0003276,C002426,Savings,11382.27,2023-07-11,Active
A0003277,C002427,Savings,10768.43,2024-06-25,Active
A0003278,C002427,Savings,22514.54,2021-10-19,Active
A0003279,C002428,Savings,13430.15,2025-04-26,Active
A0003280,C002428,Savings,14264.43,2023-08-16,Active
A0003281,C002429,Current,36833.44,2019-08-16,Active
A0003282,C002429,Current,22872.87,2023-05-29,Active
A0003283,C002430,Savings,14290.01,2023-10-01,Active
A0003284,C002431,Savings,6636.45,2019-08-13,Active
A0003285,C002432,Fixed Deposit,115552.55,2023-01-05,Active
A0003286,C002432,Fixed Deposit,69325.71,2020-03-15,Active
A0003287,C002433,Fixed Deposit,90215.45,2025-03-01,Active
A0003288,C002433,Savings,90161.27,2019-02-27,Active
A0003289,C002434,Savings,11267.54,2020-09-13,Active
A0003290,C002435,Current,133262.06,2018-12-17,Active
A0003291,C002436,Savings,4400.17,2019-11-13,Active
A0003292,C002436,Savings,3214.62,2018-11-16,Active
A0003293,C002437,Salary,39303.6,2022-11-19,Active
A0003294,C002438,Salary,55499.55,2020-06-17,Active
A0003295,C002439,Salary,26746.91,2020-12-13,Active
A0003296,C002440,Salary,14710.95,2020-10-03,Active
A0003297,C002441,Savings,213279.57,2019-12-24,Active
A0003298,C002442,Fixed Deposit,113064.13,2024-08-25,Active
A0003299,C002442,Savings,21641.61,2021-09-11,Active
A0003300,C002443,Salary,13261.49,2020-08-29,Active
A0003301,C002444,Savings,188642.51,2021-12-29,Active
A0003302,C002444,Savings,14893.19,2018-08-21,Active
A0003303,C002445,Savings,22700.32,2023-07-25,Active
A0003304,C002446,Salary,13005.26,2024-02-11,Active
A0003305,C002447,Salary,9583.52,2020-09-03,Active
A0003306,C002448,Salary,4428.15,2022-03-10,Active
A0003307,C002449,Current,14184.34,2019-08-22,Active
A0003308,C002449,Current,40074.8,2025-04-10,Active
A0003309,C002449,Salary,4599.88,2021-01-11,Active
A0003310,C002450,Savings,48318.66,2019-06-29,Active
A0003311,C002451,Current,26419.36,2024-03-20,Active
A0003312,C002452,Savings,35086.01,2023-12-20,Active
A0003313,C002453,Salary,40743.32,2024-08-14,Active
A0003314,C002453,Salary,9895.81,2022-05-14,Active
A0003315,C002454,Salary,7795.86,2019-03-31,Active
A0003316,C002454,Savings,69491.92,2020-02-12,Active
A0003317,C002455,Savings,10554.0,2019-10-02,Active
A0003318,C002456,Savings,27080.22,2021-03-11,Active
A0003319,C002456,Savings,186011.11,2025-01-30,Active
A0003320,C002457,Savings,29260.17,2023-11-09,Active
A0003321,C002458,Savings,3912.48,2020-09-24,Active
A0003322,C002459,Current,16139.91,2018-12-22,Active
A0003323,C002460,Savings,10455.39,2018-10-20,Active
A0003324,C002461,Savings,9146.85,2018-11-06,Active
A0003325,C002462,Current,13910.94,2019-05-26,Active
A0003326,C002463,Fixed Deposit,1318926.52,2019-12-09,Active
A0003327,C002464,Salary,17746.96,2019-06-20,Active
A0003328,C002464,Savings,4335.52,2021-10-26,Dormant
A0003329,C002465,Salary,26834.52,2018-12-30,Active
A0003330,C002466,Savings,152927.09,2022-01-12,Active
A0003331,C002466,Savings,13940.22,2022-05-06,Active
A0003332,C002466,Savings,48000.2,2024-02-13,Active
A0003333,C002467,Current,22977.93,2022-02-04,Active
A0003334,C002468,Savings,82050.27,2022-06-17,Active
A0003335,C002468,Current,56493.19,2022-02-19,Active
A0003336,C002469,Fixed Deposit,80297.99,2024-06-27,Active
A0003337,C002470,Savings,1891.43,2018-11-30,Active
A0003338,C002471,Savings,14359.99,2021-03-21,Active
A0003339,C002472,Fixed Deposit,219818.32,2018-06-27,Active
A0003340,C002473,Fixed Deposit,688509.26,2018-02-06,Active
A0003341,C002474,Savings,26130.47,2025-06-08,Active
A0003342,C002474,Savings,38037.57,2018-09-29,Active
A0003343,C002475,Salary,16544.78,2021-02-12,Active
A0003344,C002476,Current,49164.35,2019-03-11,Active
A0003345,C002477,Savings,14396.27,2024-10-10,Active
A0003346,C002477,Current,40617.6,2018-08-19,Active
A0003347,C002478,Savings,24541.15,2022-08-14,Active
A0003348,C002479,Savings,106525.04,2019-06-03,Active
A0003349,C002479,Current,13595.93,2019-02-18,Active
A0003350,C002480,Savings,18502.73,2024-05-26,Active
A0003351,C002481,Savings,30778.6,2025-01-04,Active
A0003352,C002482,Savings,11602.19,2024-02-17,Active
A0003353,C002482,Current,22471.51,2024-08-26,Active
A0003354,C002482,Current,70770.46,2025-06-30,Active
A0003355,C002483,Savings,25766.06,2023-07-06,Active
A0003356,C002484,Current,28001.98,2021-08-01,Active
A0003357,C002485,Fixed Deposit,161129.3,2022-07-25,Active
A0003358,C002485,Savings,64782.99,2024-04-07,Active
A0003359,C002486,Fixed Deposit,29601.13,2018-12-24,Active
A0003360,C002487,Current,54341.65,2019-09-15,Active
A0003361,C002488,Savings,21977.72,2021-01-22,Active
A0003362,C002488,Savings,19275.41,2020-01-02,Active
A0003363,C002489,Fixed Deposit,232033.25,2018-02-18,Active
A0003364,C002490,Savings,23211.71,2019-09-10,Active
A0003365,C002491,Current,35114.33,2024-11-09,Active
A0003366,C002492,Savings,31616.03,2023-12-28,Active
A0003367,C002493,Fixed Deposit,77111.94,2020-04-25,Active
A0003368,C002493,Savings,29283.18,2020-06-17,Active
A0003369,C002494,Current,32410.61,2020-06-30,Active
A0003370,C002494,Savings,13930.63,2022-07-10,Active
A0003371,C002495,Savings,12485.74,2022-05-16,Active
A0003372,C002496,Salary,13529.1,2023-04-07,Active
A0003373,C002496,Savings,24009.0,2019-11-02,Active
A0003374,C002496,Salary,11390.74,2024-01-07,Active
A0003375,C002497,Savings,11893.52,2024-04-21,Active
A0003376,C002498,Salary,18280.85,2019-06-20,Active
A0003377,C002499,Salary,36430.82,2023-11-02,Active
A0003378,C002499,Fixed Deposit,295531.16,2024-05-22,Active
A0003379,C002500,Salary,11997.73,2024-12-13,Active
A0003380,C002501,Savings,27212.73,2025-06-06,Active
A0003381,C002501,Savings,48876.03,2018-03-30,Active
A0003382,C002502,Savings,22546.49,2020-10-12,Active
A0003383,C002502,Savings,27365.67,2021-08-01,Active
A0003384,C002502,Salary,42199.42,2023-01-22,Active
A0003385,C002503,Salary,8878.01,2022-04-19,Active
A0003386,C002503,Salary,45246.2,2018-06-03,Dormant
A0003387,C002504,Salary,27139.19,2020-06-13,Active
A0003388,C002505,Salary,28705.7,2021-02-19,Active
A0003389,C002506,Savings,28945.93,2018-10-06,Dormant
A0003390,C002507,Savings,9413.03,2018-08-11,Active
A0003391,C002508,Current,3653.89,2022-02-24,Active
A0003392,C002509,Savings,4499.85,2018-07-27,Active
A0003393,C002510,Salary,10721.06,2021-12-15,Active
A0003394,C002510,Savings,156819.05,2025-03-08,Active
A0003395,C002511,Fixed Deposit,126969.68,2021-09-14,Active
A0003396,C002512,Savings,86750.87,2022-11-22,Active
A0003397,C002513,Fixed Deposit,431545.74,2022-01-27,Active
A0003398,C002514,Savings,7691.26,2022-08-27,Dormant
A0003399,C002514,Savings,2841.5,2025-05-15,Active
A0003400,C002515,Current,14310.47,2020-01-26,Active
A0003401,C002516,Salary,60144.01,2021-12-07,Active
A0003402,C002516,Salary,63633.37,2022-03-19,Active
A0003403,C002516,Current,15381.1,2019-08-15,Active
A0003404,C002517,Savings,55494.22,2025-06-30,Active
A0003405,C002518,Current,10118.08,2022-09-25,Active
A0003406,C002518,Savings,46807.98,2021-10-25,Active
A0003407,C002519,Fixed Deposit,155880.7,2020-09-27,Active
A0003408,C002520,Savings,27717.17,2023-11-16,Active
A0003409,C002521,Savings,27985.73,2022-06-19,Active
A0003410,C002522,Savings,42286.5,2023-12-29,Active
A0003411,C002522,Savings,27027.22,2018-09-20,Dormant
A0003412,C002522,Fixed Deposit,268810.15,2019-11-29,Active
A0003413,C002523,Savings,63311.04,2020-04-29,Dormant
A0003414,C002524,Savings,3500.61,2018-07-05,Active
A0003415,C002525,Savings,23315.47,2024-10-21,Active
A0003416,C002525,Savings,118383.47,2020-11-19,Active
A0003417,C002526,Savings,70255.11,2019-12-30,Active
A0003418,C002527,Salary,28342.48,2018-01-12,Dormant
A0003419,C002528,Current,23654.0,2025-03-04,Active
A0003420,C002529,Savings,18715.44,2022-10-06,Active
A0003421,C002529,Savings,16682.09,2019-03-29,Dormant
A0003422,C002530,Savings,14964.03,2018-12-30,Active
A0003423,C002531,Current,116090.03,2019-03-23,Active
A0003424,C002532,Fixed Deposit,111823.34,2022-10-15,Active
A0003425,C002533,Salary,89653.44,2024-11-06,Active
A0003426,C002534,Savings,3458.58,2023-05-26,Active
A0003427,C002535,Savings,13887.96,2023-01-19,Active
A0003428,C002536,Current,142950.36,2022-04-03,Active
A0003429,C002537,Current,44779.75,2023-04-18,Active
A0003430,C002538,Current,36878.67,2023-08-02,Dormant
A0003431,C002539,Current,25872.86,2021-03-17,Active
A0003432,C002540,Savings,4415.2,2019-11-21,Active
A0003433,C002541,Savings,8946.89,2019-11-07,Active
A0003434,C002542,Fixed Deposit,50816.0,2018-01-12,Dormant
A0003435,C002543,Current,39337.42,2021-09-23,Active
A0003436,C002544,Savings,31634.56,2018-08-14,Active
A0003437,C002544,Savings,68348.3,2022-12-09,Active
A0003438,C002545,Salary,15466.95,2019-06-09,Active
A0003439,C002545,Fixed Deposit,306799.84,2021-10-10,Active
A0003440,C002546,Savings,7077.88,2022-07-25,Active
A0003441,C002547,Savings,14866.54,2023-07-22,Active
A0003442,C002547,Fixed Deposit,118180.96,2025-03-22,Active
A0003443,C002548,Current,40628.69,2022-01-21,Active
A0003444,C002549,Fixed Deposit,135933.88,2023-08-16,Active
A0003445,C002550,Fixed Deposit,361479.68,2020-03-19,Active
A0003446,C002550,Fixed Deposit,152086.71,2018-01-31,Active
A0003447,C002551,Savings,28160.33,2019-09-16,Active
A0003448,C002551,Savings,31156.58,2021-08-14,Active
A0003449,C002552,Current,128854.77,2023-07-24,Active
A0003450,C002553,Savings,25514.56,2022-08-14,Active
A0003451,C002554,Savings,19076.94,2022-01-04,Active
A0003452,C002554,Salary,20848.48,2020-04-24,Active
A0003453,C002555,Current,32952.63,2020-06-10,Active
A0003454,C002555,Salary,46237.19,2024-10-10,Active
A0003455,C002556,Savings,7680.65,2024-10-28,Active
A0003456,C002557,Savings,33344.58,2025-01-11,Active
A0003457,C002558,Salary,4136.92,2022-06-28,Active
A0003458,C002558,Salary,5994.4,2024-01-09,Active
A0003459,C002558,Fixed Deposit,241300.27,2021-03-20,Active
A0003460,C002559,Savings,3473.92,2022-10-12,Active
A0003461,C002560,Salary,129478.69,2024-03-30,Active
A0003462,C002561,Salary,38123.15,2022-07-20,Active
A0003463,C002561,Savings,23557.0,2024-10-24,Active
A0003464,C002562,Fixed Deposit,179704.11,2025-04-24,Active
A0003465,C002563,Savings,22800.39,2020-08-12,Active
A0003466,C002564,Savings,58401.1,2020-02-01,Active
A0003467,C002565,Savings,15673.65,2019-12-08,Active
A0003468,C002565,Fixed Deposit,277398.54,2021-02-25,Dormant
A0003469,C002566,Current,24584.99,2024-09-17,Active
A0003470,C002567,Savings,42230.97,2020-12-14,Active
A0003471,C002568,Savings,5520.68,2018-08-26,Active
A0003472,C002568,Fixed Deposit,206558.58,2019-10-04,Active
A0003473,C002569,Fixed Deposit,217141.57,2018-07-03,Active
A0003474,C002570,Current,15231.04,2024-06-17,Active
A0003475,C002571,Savings,39396.69,2023-06-12,Active
A0003476,C002572,Savings,37817.42,2019-11-12,Active
A0003477,C002572,Current,13613.48,2018-07-16,Active
A0003478,C002573,Salary,14035.21,2019-12-18,Active
A0003479,C002574,Savings,14825.16,2022-05-03,Active
A0003480,C002575,Fixed Deposit,45316.84,2020-09-07,Active
A0003481,C002576,Fixed Deposit,59449.26,2021-09-02,Active
A0003482,C002577,Savings,104223.03,2025-01-12,Active
A0003483,C002577,Fixed Deposit,204787.92,2024-02-23,Dormant
A0003484,C002578,Salary,64626.54,2022-03-11,Active
A0003485,C002579,Savings,50870.35,2019-02-20,Active
A0003486,C002580,Salary,44188.25,2025-01-22,Active
A0003487,C002580,Current,167307.99,2018-07-12,Active
A0003488,C002581,Fixed Deposit,176476.26,2022-05-26,Active
A0003489,C002582,Current,13746.69,2025-05-03,Active
A0003490,C002583,Salary,15420.17,2024-12-13,Dormant
A0003491,C002584,Savings,19545.56,2022-12-03,Active
A0003492,C002584,Savings,1935.09,2024-03-26,Active
A0003493,C002585,Salary,9566.8,2020-08-30,Active
A0003494,C002586,Savings,22385.11,2018-07-11,Active
A0003495,C002586,Current,23691.73,2024-10-27,Active
A0003496,C002587,Salary,32912.92,2022-07-13,Active
A0003497,C002587,Current,13985.08,2021-12-11,Active
A0003498,C002588,Savings,48471.42,2021-06-12,Active
A0003499,C002589,Savings,18900.86,2018-06-11,Active
A0003500,C002589,Savings,12694.69,2021-05-08,Active
A0003501,C002590,Salary,26414.3,2019-10-17,Active
A0003502,C002591,Current,26513.58,2019-08-11,Active
A0003503,C002592,Salary,48368.51,2020-03-02,Active
A0003504,C002593,Savings,27080.04,2019-08-03,Active
A0003505,C002594,Savings,32936.08,2019-07-31,Active
A0003506,C002595,Savings,6924.65,2020-07-09,Active
A0003507,C002596,Fixed Deposit,81278.47,2019-11-21,Active
A0003508,C002597,Savings,104624.78,2018-02-21,Active
A0003509,C002597,Salary,21874.94,2021-05-31,Active
A0003510,C002598,Savings,31207.06,2018-06-06,Active
A0003511,C002598,Savings,45016.53,2020-07-05,Active
A0003512,C002599,Savings,6296.49,2024-01-02,Active
A0003513,C002600,Savings,16084.74,2019-11-17,Active
A0003514,C002601,Savings,12159.13,2024-08-27,Active
A0003515,C002602,Current,77588.5,2024-10-23,Active
A0003516,C002603,Salary,20142.7,2021-08-10,Active
A0003517,C002603,Salary,42395.43,2021-10-24,Active
A0003518,C002604,Salary,10652.07,2024-07-17,Active
A0003519,C002605,Savings,59434.07,2022-12-01,Active
A0003520,C002606,Current,2439.29,2023-12-01,Active
A0003521,C002607,Savings,18253.0,2023-04-04,Active
A0003522,C002608,Savings,13157.1,2024-08-21,Active
A0003523,C002609,Savings,17345.54,2019-01-04,Active
A0003524,C002610,Current,26995.42,2023-07-27,Active
A0003525,C002611,Savings,64317.11,2021-02-24,Active
A0003526,C002612,Fixed Deposit,163476.61,2018-08-03,Active
A0003527,C002613,Salary,5589.66,2019-01-20,Active
A0003528,C002614,Fixed Deposit,313059.27,2019-12-03,Active
A0003529,C002614,Fixed Deposit,158542.57,2025-06-29,Active
A0003530,C002615,Savings,6972.41,2019-12-19,Active
A0003531,C002616,Savings,8800.49,2018-04-05,Active
A0003532,C002617,Current,205100.73,2024-09-04,Active
A0003533,C002618,Savings,19599.73,2022-04-11,Active
A0003534,C002618,Savings,21721.52,2025-06-13,Active
A0003535,C002619,Salary,25782.77,2025-01-08,Active
A0003536,C002620,Savings,20987.3,2023-10-12,Active
A0003537,C002621,Savings,15685.59,2024-10-27,Active
A0003538,C002621,Savings,42431.44,2019-12-20,Dormant
A0003539,C002622,Savings,30910.78,2020-03-12,Active
A0003540,C002622,Salary,23810.88,2022-03-08,Active
A0003541,C002623,Current,34015.05,2019-03-23,Active
A0003542,C002624,Savings,29495.85,2025-01-11,Active
A0003543,C002624,Salary,43580.48,2024-08-17,Active
A0003544,C002625,Salary,25279.75,2021-09-08,Active
A0003545,C002626,Savings,19188.03,2023-07-15,Active
A0003546,C002627,Salary,33671.51,2025-02-07,Active
A0003547,C002628,Salary,34711.69,2024-02-08,Active
A0003548,C002628,Savings,110325.08,2022-12-02,Dormant
A0003549,C002629,Current,11147.56,2025-04-19,Active
A0003550,C002629,Salary,15357.36,2020-04-03,Active
A0003551,C002630,Savings,8749.68,2021-02-02,Active
A0003552,C002630,Fixed Deposit,142698.47,2024-01-22,Active
A0003553,C002631,Fixed Deposit,235148.16,2019-08-31,Active
A0003554,C002631,Salary,8458.18,2022-10-16,Active
A0003555,C002632,Savings,9088.5,2022-12-04,Active
A0003556,C002633,Savings,9109.62,2024-05-24,Active
A0003557,C002634,Current,26036.17,2022-10-01,Active
A0003558,C002635,Savings,32383.31,2019-08-30,Active
A0003559,C002635,Savings,68031.6,2023-05-29,Active
A0003560,C002636,Fixed Deposit,207992.27,2021-05-17,Active
A0003561,C002636,Savings,9710.28,2018-03-18,Dormant
A0003562,C002637,Fixed Deposit,258613.92,2020-07-04,Active
A0003563,C002638,Savings,6453.02,2024-12-06,Active
A0003564,C002639,Salary,26521.67,2021-06-06,Active
A0003565,C002640,Savings,17899.4,2018-11-28,Active
A0003566,C002641,Salary,25105.74,2018-07-15,Active
A0003567,C002642,Savings,14492.34,2020-01-16,Active
A0003568,C002642,Savings,174056.38,2022-11-15,Active
A0003569,C002643,Savings,23633.7,2025-03-10,Active
A0003570,C002644,Fixed Deposit,268981.24,2021-02-22,Active
A0003571,C002645,Fixed Deposit,165249.01,2024-11-17,Active
A0003572,C002646,Savings,23640.66,2019-12-04,Active
A0003573,C002647,Savings,11966.09,2023-10-10,Active
A0003574,C002648,Salary,55633.69,2024-05-31,Active
A0003575,C002648,Savings,24711.47,2020-05-23,Active
A0003576,C002649,Savings,17470.73,2021-02-02,Active
A0003577,C002650,Salary,6020.3,2024-02-19,Active
A0003578,C002651,Savings,19981.92,2018-04-10,Active
A0003579,C002652,Current,10874.01,2019-03-05,Active
A0003580,C002653,Savings,35595.9,2021-02-07,Active
A0003581,C002653,Current,39653.22,2024-02-07,Active
A0003582,C002654,Savings,3600.84,2018-11-27,Active
A0003583,C002655,Fixed Deposit,88937.47,2020-02-09,Active
A0003584,C002656,Savings,14498.47,2019-08-01,Dormant
A0003585,C002657,Current,10929.73,2021-08-19,Active
A0003586,C002658,Salary,33010.57,2023-11-30,Active
A0003587,C002659,Fixed Deposit,1151668.96,2019-06-27,Active
A0003588,C002660,Fixed Deposit,240467.88,2023-08-17,Active
A0003589,C002660,Current,33363.2,2018-11-13,Active
A0003590,C002661,Salary,62474.39,2018-07-05,Active
A0003591,C002661,Fixed Deposit,166495.82,2020-08-18,Active
A0003592,C002662,Salary,17170.29,2024-10-04,Active
A0003593,C002663,Fixed Deposit,285661.14,2022-02-15,Active
A0003594,C002663,Current,12398.76,2023-11-20,Active
A0003595,C002664,Savings,13530.35,2024-12-08,Active
A0003596,C002665,Salary,48226.49,2022-06-05,Active
A0003597,C002666,Fixed Deposit,141954.15,2021-05-21,Active
A0003598,C002667,Salary,7565.61,2023-03-11,Active
A0003599,C002668,Current,5766.9,2019-09-20,Active
A0003600,C002669,Savings,21008.66,2025-04-09,Active
A0003601,C002670,Current,18265.65,2023-05-16,Active
A0003602,C002671,Fixed Deposit,97438.52,2024-09-14,Active
A0003603,C002672,Current,23628.22,2021-10-22,Active
A0003604,C002673,Savings,60207.41,2021-09-08,Active
A0003605,C002674,Savings,35188.19,2022-03-17,Dormant
A0003606,C002675,Savings,33965.08,2021-04-23,Active
A0003607,C002676,Fixed Deposit,57351.16,2021-11-25,Active
A0003608,C002677,Savings,10052.17,2020-09-07,Active
A0003609,C002678,Salary,12357.74,2025-04-16,Active
A0003610,C002678,Current,66556.8,2023-06-08,Active
A0003611,C002679,Fixed Deposit,250374.53,2024-10-04,Active
A0003612,C002680,Savings,6331.73,2022-05-10,Active
A0003613,C002681,Current,25384.16,2023-04-21,Active
A0003614,C002682,Savings,36650.29,2024-09-23,Active
A0003615,C002683,Savings,15052.54,2020-11-26,Active
A0003616,C002684,Savings,21884.02,2021-11-03,Active
A0003617,C002685,Savings,23831.7,2023-05-17,Active
A0003618,C002686,Savings,47663.12,2019-04-16,Active
A0003619,C002687,Fixed Deposit,61108.24,2022-04-20,Active
A0003620,C002688,Savings,30810.88,2022-07-30,Dormant
A0003621,C002689,Salary,19773.89,2025-05-12,Active
A0003622,C002689,Savings,47075.52,2018-06-17,Active
A0003623,C002690,Savings,14428.08,2023-09-18,Active
A0003624,C002690,Savings,23307.4,2022-03-19,Active
A0003625,C002691,Current,11424.36,2020-07-10,Active
A0003626,C002691,Salary,73600.67,2022-08-01,Active
A0003627,C002692,Savings,25942.69,2020-02-25,Active
A0003628,C002693,Savings,23214.25,2019-11-01,Active
A0003629,C002694,Salary,41651.94,2023-04-12,Active
A0003630,C002695,Current,38735.48,2018-05-22,Dormant
A0003631,C002695,Savings,60875.56,2024-02-04,Active
A0003632,C002696,Fixed Deposit,119703.87,2020-09-12,Active
A0003633,C002697,Savings,13002.23,2023-07-03,Active
A0003634,C002698,Savings,21653.93,2019-02-12,Active
A0003635,C002699,Savings,25110.88,2021-09-27,Dormant
A0003636,C002700,Savings,18079.47,2023-05-08,Active
A0003637,C002701,Salary,69605.12,2023-01-02,Active
A0003638,C002701,Fixed Deposit,90004.76,2023-09-07,Dormant
A0003639,C002702,Savings,44613.7,2021-07-17,Active
A0003640,C002702,Savings,23121.77,2022-03-01,Active
A0003641,C002702,Savings,11792.85,2020-01-31,Active
A0003642,C002703,Savings,21575.71,2024-09-01,Active
A0003643,C002704,Savings,6486.49,2022-10-30,Active
A0003644,C002705,Savings,5848.08,2021-07-17,Active
A0003645,C002706,Savings,9456.2,2023-05-05,Active
A0003646,C002706,Savings,20666.81,2018-07-09,Active
A0003647,C002707,Salary,15555.49,2023-01-25,Active
A0003648,C002708,Savings,3322.24,2023-10-22,Active
A0003649,C002709,Fixed Deposit,240309.82,2024-04-15,Active
A0003650,C002709,Savings,20292.5,2019-02-10,Active
A0003651,C002710,Savings,27386.93,2023-03-25,Active
A0003652,C002711,Salary,17821.4,2018-08-18,Active
A0003653,C002712,Savings,46258.61,2022-10-03,Active
A0003654,C002713,Fixed Deposit,105259.89,2022-03-23,Active
A0003655,C002714,Savings,15877.63,2023-08-01,Active
A0003656,C002714,Current,47878.05,2019-02-07,Active
A0003657,C002715,Savings,27854.42,2024-01-08,Active
A0003658,C002715,Fixed Deposit,119817.3,2022-03-23,Active
A0003659,C002716,Savings,46571.93,2020-12-24,Active
A0003660,C002717,Savings,2818.48,2025-05-04,Active
A0003661,C002717,Current,33832.35,2022-05-15,Active
A0003662,C002718,Savings,7092.27,2022-05-14,Active
A0003663,C002719,Salary,14336.08,2023-09-21,Active
A0003664,C002720,Current,9214.59,2025-05-26,Active
A0003665,C002721,Savings,55263.86,2025-05-11,Active
A0003666,C002722,Savings,38119.5,2025-02-25,Active
A0003667,C002723,Savings,16018.48,2019-04-13,Active
A0003668,C002723,Fixed Deposit,174599.9,2018-09-14,Active
A0003669,C002723,Savings,5287.71,2018-12-07,Active
A0003670,C002724,Salary,10337.64,2021-04-13,Active
A0003671,C002725,Savings,12998.63,2025-06-18,Active
A0003672,C002726,Savings,31325.38,2018-12-15,Active
A0003673,C002727,Savings,31077.18,2023-12-03,Active
A0003674,C002728,Fixed Deposit,259156.25,2019-01-23,Active
A0003675,C002729,Savings,25182.07,2021-02-24,Active
A0003676,C002730,Fixed Deposit,236261.37,2023-06-05,Active
A0003677,C002731,Current,3521.59,2022-04-01,Active
A0003678,C002731,Salary,15100.6,2021-08-18,Dormant
A0003679,C002732,Savings,71180.16,2019-03-13,Active
A0003680,C002733,Salary,15050.75,2021-03-15,Active
A0003681,C002734,Fixed Deposit,113368.35,2019-04-01,Active
A0003682,C002735,Savings,32019.11,2022-01-29,Active
A0003683,C002735,Savings,36750.31,2022-11-02,Active
A0003684,C002736,Savings,30547.96,2019-11-22,Active
A0003685,C002736,Savings,64691.38,2025-04-26,Active
A0003686,C002736,Fixed Deposit,79708.9,2023-09-26,Active
A0003687,C002737,Savings,22653.59,2020-01-31,Active
A0003688,C002737,Salary,63933.39,2020-11-13,Active
A0003689,C002738,Savings,6972.58,2021-05-05,Active
A0003690,C002738,Savings,10970.11,2024-02-18,Active
A0003691,C002739,Savings,2816.82,2018-02-15,Active
A0003692,C002740,Savings,19861.24,2022-01-10,Active
A0003693,C002741,Fixed Deposit,121720.54,2021-10-26,Active
A0003694,C002742,Savings,5363.78,2020-05-11,Dormant
A0003695,C002743,Savings,1761.55,2018-01-23,Active
A0003696,C002744,Savings,33841.91,2025-06-16,Active
A0003697,C002745,Savings,6897.01,2018-01-24,Active
A0003698,C002746,Savings,9141.48,2025-04-28,Active
A0003699,C002747,Savings,41493.89,2019-12-01,Active
A0003700,C002748,Salary,42168.94,2019-09-08,Active
A0003701,C002749,Savings,51356.83,2021-05-18,Active
A0003702,C002750,Fixed Deposit,285684.68,2022-04-24,Active
A0003703,C002751,Fixed Deposit,143063.69,2022-08-13,Active
A0003704,C002752,Savings,6032.91,2023-08-25,Dormant
A0003705,C002753,Savings,22358.08,2024-12-18,Active
A0003706,C002754,Savings,10029.72,2021-04-22,Active
A0003707,C002755,Current,18191.93,2024-06-20,Active
A0003708,C002755,Current,13904.77,2022-10-06,Active
A0003709,C002755,Savings,9688.22,2019-06-20,Active
A0003710,C002756,Savings,20076.12,2018-07-06,Active
A0003711,C002757,Salary,20105.09,2021-01-09,Active
A0003712,C002758,Savings,20799.94,2024-03-09,Active
A0003713,C002758,Savings,22256.43,2021-10-20,Active
A0003714,C002759,Savings,15937.15,2020-05-29,Active
A0003715,C002759,Savings,37948.82,2025-01-04,Active
A0003716,C002760,Savings,12690.88,2023-01-20,Dormant
A0003717,C002761,Salary,23938.59,2024-07-23,Active
A0003718,C002762,Savings,27890.07,2020-01-30,Active
A0003719,C002763,Savings,30952.58,2018-03-29,Active
A0003720,C002764,Savings,18994.82,2023-04-06,Active
A0003721,C002764,Savings,11808.76,2022-10-14,Active
A0003722,C002764,Savings,28751.97,2023-02-27,Active
A0003723,C002765,Salary,43854.5,2018-10-20,Dormant
A0003724,C002765,Savings,27560.84,2020-06-24,Active
A0003725,C002766,Savings,46453.82,2018-05-09,Active
A0003726,C002767,Salary,28907.52,2025-06-26,Active
A0003727,C002768,Fixed Deposit,214458.87,2025-01-03,Active
A0003728,C002769,Salary,10434.08,2022-03-16,Active
A0003729,C002769,Savings,80845.08,2024-12-18,Active
A0003730,C002770,Fixed Deposit,111736.2,2024-08-24,Active
A0003731,C002770,Savings,89641.38,2020-05-28,Active
A0003732,C002771,Savings,20635.99,2020-12-18,Active
A0003733,C002771,Salary,20208.22,2024-11-12,Active
A0003734,C002772,Savings,5437.37,2020-11-13,Active
A0003735,C002772,Current,307739.83,2023-03-27,Active
A0003736,C002773,Current,15880.17,2023-12-05,Active
A0003737,C002774,Fixed Deposit,611334.92,2020-10-30,Active
A0003738,C002775,Savings,12578.18,2022-05-12,Active
A0003739,C002776,Savings,20988.17,2023-06-02,Active
A0003740,C002776,Salary,84285.09,2019-02-04,Active
A0003741,C002777,Savings,2662.05,2019-08-01,Active
A0003742,C002777,Savings,17023.69,2023-01-11,Active
A0003743,C002778,Savings,12255.14,2022-07-13,Active
A0003744,C002779,Current,12269.99,2019-03-24,Active
A0003745,C002780,Salary,14088.78,2019-08-11,Active
A0003746,C002781,Fixed Deposit,217856.18,2023-03-08,Active
A0003747,C002782,Savings,8122.28,2018-04-16,Active
A0003748,C002782,Salary,10208.45,2019-07-31,Active
A0003749,C002783,Current,22984.32,2020-04-09,Active
A0003750,C002784,Current,3157.38,2025-05-24,Active
A0003751,C002785,Savings,3636.7,2024-02-23,Active
A0003752,C002786,Savings,25587.79,2019-09-10,Active
A0003753,C002787,Current,60162.45,2024-08-23,Active
A0003754,C002788,Savings,9932.52,2024-01-27,Active
A0003755,C002789,Current,9594.69,2021-02-28,Active
A0003756,C002790,Fixed Deposit,621071.95,2021-09-07,Active
A0003757,C002791,Savings,16405.73,2019-04-03,Active
A0003758,C002792,Salary,85576.59,2023-03-06,Active
A0003759,C002793,Salary,10577.95,2021-02-05,Active
A0003760,C002794,Fixed Deposit,105663.72,2023-04-07,Active
A0003761,C002795,Savings,69837.18,2020-11-18,Active
A0003762,C002795,Savings,17502.52,2023-09-13,Active
A0003763,C002796,Savings,17003.48,2024-07-17,Active
A0003764,C002797,Savings,59943.17,2019-07-23,Active
A0003765,C002797,Savings,45553.84,2021-03-16,Active
A0003766,C002798,Savings,9679.17,2024-04-28,Active
A0003767,C002799,Savings,6126.93,2019-08-11,Active
A0003768,C002799,Savings,35759.03,2020-07-22,Active
A0003769,C002800,Fixed Deposit,373855.42,2020-01-29,Active
A0003770,C002801,Savings,17872.02,2023-04-16,Dormant
A0003771,C002801,Savings,18462.84,2020-07-15,Active
A0003772,C002801,Savings,22767.66,2022-09-02,Active
A0003773,C002802,Current,8906.63,2025-04-03,Active
A0003774,C002803,Savings,7878.7,2019-02-15,Active
A0003775,C002804,Salary,47204.14,2024-01-20,Active
A0003776,C002805,Savings,19763.39,2022-08-03,Active
A0003777,C002806,Current,33075.38,2019-12-07,Active
A0003778,C002806,Fixed Deposit,120300.8,2023-03-16,Active
A0003779,C002807,Current,15728.12,2024-04-08,Active
A0003780,C002808,Savings,9177.34,2019-07-06,Active
A0003781,C002809,Salary,25291.61,2018-11-06,Active
A0003782,C002810,Fixed Deposit,109688.13,2021-03-30,Active
A0003783,C002810,Salary,36592.55,2020-05-03,Active
A0003784,C002810,Savings,21795.06,2021-07-21,Active
A0003785,C002811,Fixed Deposit,327097.02,2019-05-23,Active
A0003786,C002811,Savings,14379.48,2019-08-19,Active
A0003787,C002812,Savings,25788.8,2019-10-03,Active
A0003788,C002812,Savings,17365.53,2022-09-25,Active
A0003789,C002813,Fixed Deposit,178434.78,2022-12-21,Active
A0003790,C002813,Savings,11991.61,2021-10-27,Active
A0003791,C002814,Fixed Deposit,90095.3,2018-08-20,Active
A0003792,C002814,Savings,9231.08,2019-01-15,Active
A0003793,C002815,Salary,30408.15,2020-06-22,Dormant
A0003794,C002816,Fixed Deposit,127463.43,2022-10-07,Active
A0003795,C002816,Savings,25616.02,2024-06-05,Active
A0003796,C002817,Savings,38018.15,2019-11-10,Active
A0003797,C002818,Savings,11050.96,2022-07-30,Active
A0003798,C002819,Savings,33330.42,2018-05-03,Active
A0003799,C002820,Current,17423.24,2021-09-12,Active
A0003800,C002820,Salary,15788.99,2018-05-09,Active
A0003801,C002821,Savings,45424.49,2022-06-27,Active
A0003802,C002822,Savings,32911.72,2022-06-12,Active
A0003803,C002823,Savings,55280.62,2020-10-14,Active
A0003804,C002824,Salary,5100.68,2025-06-15,Active
A0003805,C002825,Fixed Deposit,365921.37,2020-10-21,Active
A0003806,C002825,Fixed Deposit,332851.27,2020-11-09,Active
A0003807,C002826,Savings,117767.02,2019-02-18,Active
A0003808,C002826,Current,67419.12,2024-07-01,Dormant
A0003809,C002827,Fixed Deposit,381519.28,2021-10-08,Active
A0003810,C002827,Salary,20042.68,2022-04-10,Active
A0003811,C002828,Salary,17718.76,2020-10-21,Active
A0003812,C002829,Salary,17222.9,2019-07-19,Active
A0003813,C002830,Current,44056.4,2021-11-28,Active
A0003814,C002830,Savings,27005.54,2019-05-04,Active
A0003815,C002830,Salary,39706.04,2025-05-21,Active
A0003816,C002831,Salary,21049.23,2021-03-03,Active
A0003817,C002831,Savings,7692.09,2022-04-04,Active
A0003818,C002832,Salary,18450.62,2018-04-07,Active
A0003819,C002832,Savings,56025.99,2023-12-12,Active
A0003820,C002832,Savings,45772.78,2025-02-09,Active
A0003821,C002833,Current,16712.22,2025-04-17,Active
A0003822,C002834,Savings,13132.75,2023-09-29,Active
A0003823,C002835,Savings,10845.57,2023-08-11,Active
A0003824,C002835,Savings,350843.2,2018-05-17,Active
A0003825,C002836,Salary,16659.3,2019-12-05,Active
A0003826,C002836,Salary,62106.19,2019-11-13,Active
A0003827,C002837,Fixed Deposit,232263.63,2024-09-10,Active
A0003828,C002838,Savings,31671.66,2018-04-16,Active
A0003829,C002839,Salary,76198.82,2024-12-16,Active
A0003830,C002840,Savings,22613.07,2022-02-11,Active
A0003831,C002841,Salary,9778.64,2022-10-31,Active
A0003832,C002842,Fixed Deposit,82824.45,2024-08-30,Active
A0003833,C002843,Savings,8422.36,2019-09-19,Active
A0003834,C002843,Salary,3754.42,2020-06-10,Active
A0003835,C002843,Salary,8504.93,2018-12-15,Active
A0003836,C002844,Salary,18266.35,2018-11-12,Active
A0003837,C002845,Savings,6420.11,2023-06-06,Active
A0003838,C002846,Savings,8661.98,2021-02-21,Active
A0003839,C002846,Fixed Deposit,120761.12,2019-03-29,Active
A0003840,C002847,Current,28178.03,2021-07-18,Active
A0003841,C002848,Savings,31093.47,2025-01-29,Active
A0003842,C002849,Salary,16292.97,2018-01-29,Active
A0003843,C002850,Savings,48609.48,2021-01-28,Active
A0003844,C002851,Savings,52594.73,2023-10-13,Active
A0003845,C002851,Salary,26326.75,2018-07-19,Active
A0003846,C002852,Salary,13318.99,2020-11-30,Active
A0003847,C002853,Savings,20800.03,2025-04-21,Active
A0003848,C002853,Savings,7249.19,2025-04-18,Active
A0003849,C002854,Savings,12548.8,2020-01-21,Active
A0003850,C002855,Savings,21905.92,2022-01-12,Active
A0003851,C002856,Current,20300.89,2024-01-03,Dormant
A0003852,C002857,Savings,26198.32,2020-03-03,Dormant
A0003853,C002858,Current,21877.53,2023-05-01,Active
A0003854,C002859,Salary,17803.5,2018-02-20,Active
A0003855,C002860,Savings,8740.94,2024-12-02,Dormant
A0003856,C002860,Current,30026.58,2024-03-25,Active
A0003857,C002861,Savings,8041.9,2021-05-07,Active
A0003858,C002861,Savings,23743.29,2023-12-05,Active
A0003859,C002861,Salary,24842.93,2022-07-29,Active
A0003860,C002862,Savings,16645.98,2019-08-15,Active
A0003861,C002863,Savings,10913.07,2019-04-26,Active
A0003862,C002864,Salary,43109.7,2021-04-14,Active
A0003863,C002864,Savings,13311.73,2019-02-09,Active
A0003864,C002865,Salary,16425.13,2018-06-13,Active
A0003865,C002866,Savings,27533.43,2019-07-03,Active
A0003866,C002867,Salary,8014.15,2018-03-08,Active
A0003867,C002868,Savings,13555.02,2022-05-05,Active
A0003868,C002869,Salary,68045.72,2020-08-22,Dormant
A0003869,C002870,Savings,77911.99,2023-11-15,Active
A0003870,C002871,Savings,49158.28,2020-10-24,Active
A0003871,C002872,Salary,17045.75,2019-12-01,Active
A0003872,C002873,Savings,6915.04,2023-02-18,Active
A0003873,C002873,Fixed Deposit,72364.7,2021-12-13,Active
A0003874,C002873,Fixed Deposit,175953.89,2018-04-08,Active
A0003875,C002874,Savings,62991.87,2024-01-27,Active
A0003876,C002875,Current,8085.54,2025-04-07,Active
A0003877,C002875,Savings,21296.01,2024-05-03,Active
A0003878,C002875,Savings,46648.09,2023-03-30,Active
A0003879,C002876,Savings,17460.59,2020-10-03,Active
A0003880,C002876,Salary,36127.32,2021-02-09,Active
A0003881,C002877,Savings,19688.1,2024-08-17,Active
A0003882,C002878,Savings,12632.99,2020-01-21,Active
A0003883,C002879,Savings,26556.76,2020-06-04,Active
A0003884,C002880,Savings,64812.87,2023-09-06,Active
A0003885,C002881,Fixed Deposit,52820.66,2022-09-28,Active
A0003886,C002882,Fixed Deposit,228303.33,2019-05-14,Active
A0003887,C002883,Current,70091.17,2022-01-13,Active
A0003888,C002884,Savings,20381.54,2022-05-28,Active
A0003889,C002885,Current,67741.35,2023-04-21,Active
A0003890,C002886,Savings,46800.0,2023-05-16,Active
A0003891,C002887,Savings,23643.34,2023-03-03,Active
A0003892,C002888,Salary,33365.13,2025-05-23,Active
A0003893,C002889,Savings,6006.63,2022-12-06,Active
A0003894,C002889,Fixed Deposit,223889.28,2018-04-20,Active
A0003895,C002890,Savings,20852.96,2023-11-21,Dormant
A0003896,C002891,Salary,8659.9,2022-06-02,Active
A0003897,C002892,Savings,27729.17,2021-08-30,Active
A0003898,C002893,Fixed Deposit,316848.95,2020-06-08,Active
A0003899,C002893,Savings,37511.3,2023-06-21,Active
A0003900,C002894,Savings,30822.74,2022-07-26,Active
A0003901,C002895,Current,44475.54,2024-03-24,Active
A0003902,C002895,Savings,25257.41,2021-12-01,Active
A0003903,C002896,Savings,39019.47,2023-12-28,Active
A0003904,C002897,Savings,57870.64,2025-02-04,Active
A0003905,C002898,Savings,6583.89,2022-06-27,Active
A0003906,C002899,Savings,33259.0,2024-06-14,Active
A0003907,C002900,Savings,7832.06,2019-12-16,Active
A0003908,C002900,Current,22659.79,2024-08-15,Active
A0003909,C002901,Savings,10219.29,2022-04-15,Active
A0003910,C002901,Fixed Deposit,179998.59,2019-06-15,Active
A0003911,C002902,Current,14861.48,2018-05-30,Dormant
A0003912,C002902,Savings,6883.81,2018-05-26,Active
A0003913,C002903,Savings,14375.24,2019-12-24,Active
A0003914,C002904,Savings,46576.47,2023-02-27,Active
A0003915,C002905,Fixed Deposit,225873.76,2023-12-09,Active
A0003916,C002906,Savings,17591.74,2022-07-13,Active
A0003917,C002907,Current,76284.04,2019-12-21,Active
A0003918,C002908,Fixed Deposit,214791.06,2023-05-16,Active
A0003919,C002908,Current,56964.47,2019-01-29,Active
A0003920,C002909,Savings,18432.36,2020-04-01,Active
A0003921,C002909,Savings,7466.22,2025-02-06,Active
A0003922,C002910,Savings,2964.82,2023-08-16,Active
A0003923,C002911,Savings,59934.8,2019-07-25,Active
A0003924,C002912,Savings,18514.25,2024-02-09,Active
A0003925,C002913,Savings,41480.72,2018-05-30,Active
A0003926,C002914,Savings,37363.14,2020-05-18,Active
A0003927,C002915,Savings,10627.05,2021-09-08,Active
A0003928,C002916,Savings,28506.32,2020-03-07,Active
A0003929,C002917,Savings,9445.85,2024-10-06,Active
A0003930,C002918,Current,29248.63,2022-08-11,Active
A0003931,C002919,Savings,68568.74,2018-08-26,Active
A0003932,C002920,Savings,24090.47,2019-09-19,Active
A0003933,C002921,Current,75998.26,2024-12-09,Active
A0003934,C002921,Savings,8886.99,2023-01-27,Active
A0003935,C002922,Fixed Deposit,337654.97,2018-04-24,Active
A0003936,C002923,Savings,7054.02,2020-12-05,Active
A0003937,C002923,Savings,17019.92,2022-01-29,Active
A0003938,C002924,Savings,19472.69,2025-06-16,Active
A0003939,C002924,Savings,8957.5,2022-09-20,Active
A0003940,C002925,Salary,65243.86,2019-01-30,Active
A0003941,C002926,Current,42992.79,2025-03-09,Active
A0003942,C002927,Savings,19414.74,2022-08-29,Active
A0003943,C002928,Savings,2716.35,2019-03-22,Active
A0003944,C002928,Current,32131.94,2018-10-11,Active
A0003945,C002929,Fixed Deposit,184497.87,2022-06-30,Active
A0003946,C002930,Current,8382.32,2021-02-05,Active
A0003947,C002931,Savings,14901.68,2019-01-22,Active
A0003948,C002932,Savings,3931.04,2023-06-01,Active
A0003949,C002932,Salary,31106.89,2022-12-29,Active
A0003950,C002933,Savings,37569.96,2023-05-31,Active
A0003951,C002934,Savings,27755.23,2022-12-23,Active
A0003952,C002935,Current,7730.41,2025-04-09,Active
A0003953,C002936,Savings,16970.37,2020-03-29,Active
A0003954,C002937,Savings,4000.72,2023-07-21,Active
A0003955,C002938,Savings,100277.19,2022-01-04,Active
A0003956,C002939,Savings,15856.12,2023-09-18,Active
A0003957,C002940,Salary,13813.93,2023-03-13,Active
A0003958,C002941,Savings,33193.59,2019-08-29,Active
A0003959,C002941,Fixed Deposit,1012119.47,2025-04-30,Active
A0003960,C002942,Current,11559.62,2021-04-07,Active
A0003961,C002942,Salary,11352.55,2021-02-20,Active
A0003962,C002942,Savings,53164.85,2022-04-14,Active
A0003963,C002943,Savings,20807.36,2022-01-16,Active
A0003964,C002944,Salary,6254.45,2023-08-01,Active
A0003965,C002945,Savings,7935.43,2022-12-21,Active
A0003966,C002945,Savings,18942.16,2025-04-12,Active
A0003967,C002946,Savings,112308.53,2024-07-30,Active
A0003968,C002947,Savings,18444.43,2023-07-06,Dormant
A0003969,C002948,Savings,28153.17,2024-06-22,Active
A0003970,C002948,Fixed Deposit,83639.14,2023-05-10,Active
A0003971,C002949,Current,10165.53,2019-03-30,Active
A0003972,C002950,Salary,25884.43,2022-03-26,Active
A0003973,C002951,Savings,73201.36,2021-08-14,Active
A0003974,C002951,Savings,75170.24,2019-02-26,Active
A0003975,C002952,Savings,59844.27,2022-02-26,Active
A0003976,C002953,Salary,22436.85,2019-12-25,Active
A0003977,C002954,Current,75413.58,2021-06-28,Active
A0003978,C002955,Savings,44883.76,2020-05-18,Active
A0003979,C002956,Savings,42403.51,2025-04-27,Active
A0003980,C002957,Savings,3894.22,2020-05-24,Active
A0003981,C002958,Current,50848.12,2025-06-08,Active
A0003982,C002959,Salary,58539.45,2023-04-10,Active
A0003983,C002960,Current,44978.2,2022-08-02,Active
A0003984,C002960,Savings,38775.86,2023-02-22,Active
A0003985,C002961,Savings,11277.93,2024-08-22,Active
A0003986,C002962,Savings,32140.08,2018-02-19,Active
A0003987,C002963,Fixed Deposit,19772.18,2022-11-30,Active
A0003988,C002964,Current,12531.49,2019-05-06,Active
A0003989,C002965,Savings,28600.44,2019-08-13,Active
A0003990,C002965,Savings,18117.65,2018-11-07,Active
A0003991,C002966,Fixed Deposit,784248.95,2023-03-25,Active
A0003992,C002967,Savings,74739.84,2025-06-13,Active
A0003993,C002967,Savings,22442.61,2022-04-23,Active
A0003994,C002968,Savings,80121.24,2023-01-09,Active
A0003995,C002969,Salary,23353.17,2022-01-30,Active
A0003996,C002970,Savings,6032.87,2024-06-14,Active
A0003997,C002971,Current,43001.82,2021-09-01,Dormant
A0003998,C002971,Fixed Deposit,318323.02,2025-03-05,Active
A0003999,C002972,Salary,87001.87,2018-11-23,Active
A0004000,C002973,Savings,3243.65,2020-08-25,Active
A0004001,C002973,Savings,34359.2,2021-07-06,Active
A0004002,C002974,Savings,35917.55,2022-08-16,Active
A0004003,C002975,Savings,15616.94,2019-08-09,Active
A0004004,C002976,Current,84110.65,2023-06-25,Active
A0004005,C002977,Current,17423.48,2024-10-18,Dormant
A0004006,C002978,Fixed Deposit,241983.5,2021-10-27,Active
A0004007,C002979,Savings,8938.58,2019-07-23,Dormant
A0004008,C002979,Current,4397.6,2024-06-01,Active
A0004009,C002980,Savings,67364.62,2019-07-12,Dormant
A0004010,C002980,Savings,14762.07,2022-07-10,Active
A0004011,C002981,Current,16275.76,2022-08-21,Active
A0004012,C002982,Savings,27102.41,2018-08-12,Active
A0004013,C002983,Savings,34687.96,2018-12-25,Active
A0004014,C002983,Savings,33044.92,2018-03-04,Active
A0004015,C002984,Current,32905.62,2025-05-04,Active
A0004016,C002985,Savings,42502.87,2022-09-13,Active
A0004017,C002985,Savings,7576.4,2018-06-21,Active
A0004018,C002986,Current,2935.51,2021-05-02,Active
A0004019,C002987,Savings,20897.85,2019-07-09,Active
A0004020,C002988,Current,41348.59,2019-04-05,Active
A0004021,C002989,Savings,21874.32,2024-05-12,Active
A0004022,C002989,Fixed Deposit,162936.73,2024-01-27,Active
A0004023,C002990,Savings,5476.07,2021-11-29,Active
A0004024,C002991,Savings,7239.51,2023-04-02,Dormant
A0004025,C002992,Savings,35108.84,2022-02-21,Active
A0004026,C002993,Salary,41776.11,2025-06-25,Active
A0004027,C002993,Salary,27468.48,2022-12-14,Active
A0004028,C002994,Savings,43294.58,2021-05-03,Active
A0004029,C002995,Savings,32123.61,2024-12-08,Active
A0004030,C002996,Savings,37971.19,2024-03-15,Active
A0004031,C002996,Savings,78244.87,2020-04-26,Active
A0004032,C002997,Savings,5804.92,2018-04-03,Dormant
A0004033,C002997,Savings,27372.01,2019-07-17,Active
A0004034,C002998,Fixed Deposit,59016.59,2023-12-28,Active
A0004035,C002999,Fixed Deposit,135355.93,2021-09-12,Active
A0004036,C003000,Savings,26611.91,2024-10-13,Active
A0004037,C003000,Savings,47905.41,2021-10-13,Active
A0004038,C003001,Current,4797.44,2020-05-10,Active
A0004039,C003002,Salary,20035.8,2025-01-31,Active
A0004040,C003003,Savings,15319.25,2020-02-06,Active
A0004041,C003004,Current,45501.81,2020-05-01,Active
A0004042,C003004,Salary,10351.64,2020-12-12,Active
A0004043,C003005,Salary,13328.03,2019-02-10,Active
A0004044,C003006,Salary,9895.48,2023-06-02,Dormant
A0004045,C003006,Current,44098.25,2023-04-09,Active
A0004046,C003006,Current,164031.18,2019-12-27,Active
A0004047,C003007,Savings,8542.21,2020-08-29,Active
A0004048,C003008,Fixed Deposit,100061.49,2019-03-16,Active
A0004049,C003008,Savings,27393.41,2018-01-20,Active
A0004050,C003009,Savings,161887.15,2021-11-25,Active
A0004051,C003010,Salary,10157.7,2024-02-02,Active
A0004052,C003011,Current,33562.48,2019-04-05,Active
A0004053,C003012,Savings,45588.46,2025-06-03,Active
A0004054,C003013,Savings,3938.4,2022-10-17,Active
A0004055,C003014,Fixed Deposit,131989.16,2024-09-28,Active
A0004056,C003014,Savings,11376.61,2024-05-04,Active
A0004057,C003014,Savings,151346.17,2024-11-08,Active
A0004058,C003015,Fixed Deposit,457518.38,2023-03-31,Active
A0004059,C003015,Savings,11534.29,2024-06-22,Active
A0004060,C003016,Fixed Deposit,65593.01,2018-01-04,Active
A0004061,C003016,Salary,9300.45,2019-10-28,Active
A0004062,C003017,Savings,39055.77,2021-11-21,Active
A0004063,C003018,Savings,23436.98,2023-04-08,Active
A0004064,C003018,Salary,21735.5,2023-06-26,Active
A0004065,C003019,Current,13439.91,2020-07-08,Active
A0004066,C003019,Current,13052.39,2019-10-31,Active
A0004067,C003020,Savings,85942.71,2018-01-24,Active
A0004068,C003021,Savings,2624.91,2018-02-20,Active
A0004069,C003022,Savings,25951.37,2024-03-10,Active
A0004070,C003023,Salary,45377.34,2020-05-27,Active
A0004071,C003024,Fixed Deposit,245085.05,2021-08-10,Active
A0004072,C003024,Salary,2234.29,2019-07-21,Active
A0004073,C003025,Savings,31587.92,2020-06-04,Active
A0004074,C003026,Salary,61340.01,2024-11-22,Active
A0004075,C003026,Savings,10130.65,2019-12-30,Active
A0004076,C003027,Current,11461.32,2023-11-04,Active
A0004077,C003028,Savings,37295.69,2020-12-31,Active
A0004078,C003029,Current,45948.69,2025-04-13,Active
A0004079,C003030,Fixed Deposit,134393.07,2024-06-05,Active
A0004080,C003031,Savings,19881.02,2024-02-25,Active
A0004081,C003031,Salary,6597.8,2018-03-26,Active
A0004082,C003032,Salary,28003.22,2021-11-24,Active
A0004083,C003033,Current,73010.02,2020-11-05,Active
A0004084,C003034,Savings,6608.61,2024-04-29,Active
A0004085,C003035,Fixed Deposit,517838.2,2020-05-21,Active
A0004086,C003036,Fixed Deposit,196000.99,2022-12-17,Active
A0004087,C003037,Savings,24569.94,2024-08-29,Active
A0004088,C003038,Fixed Deposit,282527.1,2024-02-17,Active
A0004089,C003038,Salary,14243.8,2024-12-19,Active
A0004090,C003039,Fixed Deposit,191679.38,2019-10-05,Active
A0004091,C003040,Current,11415.98,2021-05-07,Active
A0004092,C003041,Fixed Deposit,114678.31,2020-11-13,Dormant
A0004093,C003042,Current,68285.41,2022-09-29,Active
A0004094,C003043,Savings,4591.06,2019-12-17,Active
A0004095,C003044,Savings,132178.57,2019-03-14,Active
A0004096,C003045,Current,202302.21,2023-06-29,Active
A0004097,C003046,Fixed Deposit,191464.29,2023-10-15,Active
A0004098,C003047,Fixed Deposit,107044.47,2020-08-14,Active
A0004099,C003048,Savings,10301.52,2018-02-25,Active
A0004100,C003049,Savings,126177.57,2025-06-17,Active
A0004101,C003050,Savings,17801.94,2020-11-07,Active
A0004102,C003051,Savings,15118.52,2018-08-23,Active
A0004103,C003052,Savings,15439.38,2019-04-19,Active
A0004104,C003052,Savings,4185.02,2023-06-16,Active
A0004105,C003053,Savings,12574.52,2021-12-22,Active
A0004106,C003054,Savings,28604.17,2021-04-04,Active
A0004107,C003055,Savings,9457.88,2022-03-02,Active
A0004108,C003056,Savings,68575.0,2025-05-15,Active
A0004109,C003056,Fixed Deposit,229228.92,2021-12-14,Active
A0004110,C003057,Savings,28844.94,2020-04-26,Active
A0004111,C003057,Savings,46499.52,2019-07-10,Active
A0004112,C003057,Fixed Deposit,334284.59,2025-02-22,Active
A0004113,C003058,Savings,40271.14,2023-11-21,Active
A0004114,C003058,Savings,1780.94,2020-08-16,Active
A0004115,C003058,Current,35584.76,2023-09-01,Active
A0004116,C003059,Savings,30282.22,2021-05-22,Active
A0004117,C003060,Savings,134782.45,2022-05-26,Active
A0004118,C003061,Savings,54875.47,2023-07-04,Active
A0004119,C003061,Current,29519.12,2020-03-04,Active
A0004120,C003062,Savings,7380.11,2019-07-05,Active
A0004121,C003062,Salary,11326.19,2020-05-16,Active
A0004122,C003063,Savings,7790.84,2019-09-16,Active
A0004123,C003064,Savings,46579.93,2024-07-23,Active
A0004124,C003065,Salary,57171.28,2020-09-15,Active
A0004125,C003066,Savings,7142.04,2019-10-23,Active
A0004126,C003067,Salary,9893.65,2020-08-01,Dormant
A0004127,C003068,Savings,5224.33,2025-02-24,Active
A0004128,C003069,Fixed Deposit,90109.18,2023-07-14,Active
A0004129,C003070,Salary,9143.18,2020-11-03,Active
A0004130,C003071,Salary,77030.15,2021-12-04,Active
A0004131,C003071,Savings,55711.92,2021-02-07,Active
A0004132,C003072,Savings,77655.32,2021-08-28,Active
A0004133,C003073,Fixed Deposit,184950.8,2022-06-20,Active
A0004134,C003074,Fixed Deposit,119986.02,2019-11-05,Active
A0004135,C003075,Savings,24130.87,2023-04-07,Active
A0004136,C003075,Savings,14137.1,2022-03-29,Active
A0004137,C003076,Savings,14487.56,2023-06-24,Active
A0004138,C003077,Savings,89864.66,2023-02-07,Active
A0004139,C003077,Salary,19970.24,2023-12-24,Active
A0004140,C003078,Savings,20285.05,2019-03-27,Active
A0004141,C003078,Fixed Deposit,100443.39,2021-08-02,Active
A0004142,C003079,Current,2718.93,2018-08-11,Active
A0004143,C003080,Fixed Deposit,64256.11,2018-03-18,Active
A0004144,C003081,Savings,27139.98,2023-02-13,Active
A0004145,C003082,Savings,102228.43,2018-08-18,Active
A0004146,C003082,Savings,73138.82,2018-04-22,Active
A0004147,C003083,Salary,2351.74,2022-02-04,Active
A0004148,C003083,Savings,22900.17,2023-10-29,Active
A0004149,C003084,Fixed Deposit,136745.22,2025-03-20,Active
A0004150,C003084,Savings,50960.65,2025-06-13,Active
A0004151,C003084,Salary,32935.99,2022-07-07,Active
A0004152,C003085,Savings,19267.76,2024-08-09,Active
A0004153,C003085,Savings,13463.38,2019-02-05,Active
A0004154,C003085,Current,7270.91,2023-09-03,Active
A0004155,C003086,Salary,19657.48,2019-12-30,Active
A0004156,C003086,Savings,120669.65,2018-04-13,Active
A0004157,C003087,Savings,16054.28,2025-03-09,Active
A0004158,C003088,Fixed Deposit,598394.23,2023-02-12,Active
A0004159,C003089,Savings,13641.7,2024-05-27,Active
A0004160,C003089,Fixed Deposit,187606.68,2020-09-19,Active
A0004161,C003090,Savings,5054.35,2020-09-18,Active
A0004162,C003091,Savings,14794.11,2021-03-04,Active
A0004163,C003092,Salary,10784.7,2023-07-26,Active
A0004164,C003093,Savings,25782.62,2022-01-23,Active
A0004165,C003094,Salary,11418.37,2020-05-22,Active
A0004166,C003095,Savings,13149.08,2025-02-14,Dormant
A0004167,C003095,Savings,18034.94,2021-09-23,Active
A0004168,C003096,Savings,38347.27,2021-05-28,Active
A0004169,C003097,Savings,47176.15,2018-12-13,Active
A0004170,C003098,Current,19029.41,2021-01-29,Active
A0004171,C003099,Fixed Deposit,140792.16,2020-02-14,Active
A0004172,C003100,Savings,31470.73,2024-11-27,Active
A0004173,C003101,Savings,31733.09,2023-01-22,Active
A0004174,C003101,Savings,10677.85,2025-05-17,Active
A0004175,C003101,Salary,11245.97,2022-04-21,Active
A0004176,C003102,Savings,19122.96,2022-08-05,Active
A0004177,C003103,Savings,25609.55,2023-07-29,Active
A0004178,C003104,Savings,27256.66,2024-05-31,Active
A0004179,C003105,Savings,19605.29,2021-07-07,Active
A0004180,C003106,Savings,17506.13,2022-07-27,Dormant
A0004181,C003107,Salary,59226.8,2018-11-12,Active
A0004182,C003108,Current,15734.33,2020-06-21,Active
A0004183,C003109,Fixed Deposit,80256.52,2019-03-11,Active
A0004184,C003110,Salary,32496.05,2022-10-21,Active
A0004185,C003111,Savings,34849.49,2018-08-15,Active
A0004186,C003112,Savings,14498.29,2022-07-30,Active
A0004187,C003113,Savings,36920.88,2023-08-18,Active
A0004188,C003114,Fixed Deposit,19962.69,2024-04-02,Active
A0004189,C003115,Salary,16663.89,2021-09-23,Active
A0004190,C003115,Current,31456.28,2023-04-11,Active
A0004191,C003116,Current,23568.64,2024-05-18,Active
A0004192,C003117,Savings,11866.2,2020-06-10,Active
A0004193,C003118,Fixed Deposit,125659.2,2020-09-16,Active
A0004194,C003118,Current,13636.63,2021-05-30,Active
A0004195,C003119,Savings,14456.65,2020-02-08,Active
A0004196,C003119,Savings,33673.0,2024-03-07,Active
A0004197,C003120,Salary,82724.79,2024-02-22,Active
A0004198,C003120,Savings,28659.63,2021-04-19,Active
A0004199,C003121,Savings,69351.8,2022-08-28,Active
A0004200,C003122,Savings,14069.53,2018-06-04,Active
A0004201,C003123,Savings,77571.11,2022-02-27,Active
A0004202,C003123,Savings,26185.59,2024-05-10,Dormant
A0004203,C003124,Savings,21182.36,2021-12-03,Active
A0004204,C003124,Current,5091.63,2019-02-08,Active
A0004205,C003125,Salary,104103.11,2021-01-28,Active
A0004206,C003125,Savings,21399.78,2019-11-08,Active
A0004207,C003126,Savings,31136.95,2020-11-23,Active
A0004208,C003127,Savings,8763.71,2023-12-02,Active
A0004209,C003128,Fixed Deposit,766576.47,2022-10-11,Active
A0004210,C003129,Salary,18248.47,2023-09-02,Active
A0004211,C003129,Savings,9859.76,2023-11-09,Active
A0004212,C003129,Savings,50069.24,2024-06-15,Active
A0004213,C003130,Savings,25546.89,2023-08-16,Active
A0004214,C003131,Fixed Deposit,61048.97,2021-10-14,Active
A0004215,C003131,Savings,71548.04,2023-05-03,Active
A0004216,C003132,Fixed Deposit,93241.12,2021-04-06,Active
A0004217,C003133,Fixed Deposit,171647.35,2024-02-23,Active
A0004218,C003133,Current,14221.99,2018-08-08,Active
A0004219,C003134,Fixed Deposit,388003.07,2025-04-07,Active
A0004220,C003135,Fixed Deposit,340175.81,2023-12-18,Active
A0004221,C003136,Salary,115205.96,2021-05-08,Active
A0004222,C003136,Savings,24225.6,2019-05-09,Active
A0004223,C003137,Fixed Deposit,103517.0,2019-03-11,Active
A0004224,C003137,Savings,27407.77,2018-10-23,Active
A0004225,C003137,Savings,129083.09,2025-03-01,Active
A0004226,C003138,Salary,8091.56,2022-10-08,Active
A0004227,C003139,Current,16266.11,2018-05-28,Active
A0004228,C003140,Savings,21922.57,2022-05-07,Active
A0004229,C003141,Fixed Deposit,170968.69,2019-08-31,Active
A0004230,C003141,Savings,52449.08,2022-10-09,Active
A0004231,C003142,Salary,6075.09,2020-12-21,Active
A0004232,C003142,Fixed Deposit,272537.74,2023-03-15,Active
A0004233,C003143,Savings,7221.36,2018-01-30,Active
A0004234,C003144,Salary,11794.58,2021-05-14,Active
A0004235,C003145,Savings,21357.07,2020-02-26,Active
A0004236,C003146,Fixed Deposit,99672.29,2018-04-14,Active
A0004237,C003146,Fixed Deposit,164758.04,2024-11-23,Active
A0004238,C003146,Savings,40644.1,2018-11-25,Active
A0004239,C003147,Fixed Deposit,155107.7,2025-02-17,Active
A0004240,C003148,Fixed Deposit,220739.35,2021-06-07,Active
A0004241,C003149,Salary,136908.57,2022-10-26,Active
A0004242,C003150,Savings,81290.52,2024-06-09,Dormant
A0004243,C003151,Current,86673.53,2024-06-23,Active
A0004244,C003152,Fixed Deposit,93568.16,2019-03-29,Active
A0004245,C003153,Savings,40980.88,2025-05-26,Active
A0004246,C003154,Savings,116495.06,2021-11-14,Active
A0004247,C003155,Fixed Deposit,33745.76,2023-07-25,Active
A0004248,C003155,Salary,12955.11,2022-02-10,Active
A0004249,C003156,Savings,80869.69,2023-05-29,Active
A0004250,C003156,Savings,95649.66,2022-06-16,Active
A0004251,C003157,Fixed Deposit,352975.2,2020-06-18,Active
A0004252,C003158,Salary,3290.12,2024-03-20,Active
A0004253,C003159,Current,31647.51,2022-03-18,Active
A0004254,C003160,Current,20186.47,2021-07-28,Dormant
A0004255,C003160,Savings,17801.0,2025-02-04,Active
A0004256,C003161,Current,52293.51,2019-08-06,Active
A0004257,C003161,Current,12920.59,2020-03-31,Active
A0004258,C003162,Current,11590.77,2024-12-06,Active
A0004259,C003162,Savings,55291.18,2018-01-08,Active
A0004260,C003163,Current,25851.13,2022-01-04,Active
A0004261,C003163,Savings,23340.17,2024-10-15,Active
A0004262,C003164,Savings,55222.19,2021-05-13,Active
A0004263,C003165,Savings,14060.18,2020-01-16,Active
A0004264,C003166,Current,36549.34,2025-06-03,Active
A0004265,C003167,Savings,46842.11,2020-07-09,Active
A0004266,C003168,Savings,23401.9,2019-07-20,Active
A0004267,C003168,Savings,43709.88,2022-10-19,Active
A0004268,C003169,Savings,13358.69,2018-12-04,Active
A0004269,C003169,Salary,43557.68,2022-03-25,Active
A0004270,C003169,Savings,29018.34,2020-02-23,Active
A0004271,C003170,Current,40464.88,2025-01-29,Active
A0004272,C003171,Savings,21751.26,2024-03-25,Active
A0004273,C003171,Fixed Deposit,320274.43,2020-09-14,Dormant
A0004274,C003172,Savings,7023.53,2025-03-15,Active
A0004275,C003173,Savings,11294.09,2019-06-29,Active
A0004276,C003174,Salary,33916.26,2020-04-27,Active
A0004277,C003175,Salary,5982.34,2022-05-13,Active
A0004278,C003176,Savings,157837.38,2021-11-15,Active
A0004279,C003176,Savings,11587.8,2020-10-01,Active
A0004280,C003176,Savings,13886.58,2021-02-05,Active
A0004281,C003177,Current,12880.78,2024-02-11,Active
A0004282,C003177,Savings,9219.6,2025-06-28,Dormant
A0004283,C003178,Salary,3785.41,2021-09-24,Active
A0004284,C003178,Salary,10699.6,2020-11-27,Active
A0004285,C003179,Fixed Deposit,168191.31,2020-11-15,Active
A0004286,C003179,Fixed Deposit,273482.14,2023-01-25,Active
A0004287,C003180,Savings,2799.07,2022-04-11,Active
A0004288,C003181,Salary,9088.04,2021-01-20,Active
A0004289,C003182,Savings,27104.75,2022-07-12,Active
A0004290,C003183,Salary,39502.31,2024-04-11,Active
A0004291,C003183,Savings,46963.01,2023-05-22,Active
A0004292,C003184,Savings,21056.14,2020-05-30,Active
A0004293,C003185,Savings,40807.97,2023-08-11,Active
A0004294,C003185,Savings,31479.9,2023-11-22,Active
A0004295,C003186,Fixed Deposit,134736.91,2021-02-12,Active
A0004296,C003186,Savings,16460.56,2018-07-09,Active
A0004297,C003187,Fixed Deposit,782752.93,2025-04-14,Active
A0004298,C003188,Salary,53680.68,2024-03-15,Active
A0004299,C003189,Savings,48779.48,2025-06-12,Active
A0004300,C003190,Savings,43849.76,2022-12-26,Active
A0004301,C003191,Savings,21740.9,2019-03-29,Active
A0004302,C003192,Savings,13139.07,2022-03-21,Active
A0004303,C003192,Savings,4482.85,2018-11-23,Active
A0004304,C003193,Savings,20300.9,2020-11-13,Active
A0004305,C003194,Savings,25418.7,2019-12-28,Active
A0004306,C003195,Fixed Deposit,316932.33,2024-05-28,Active
A0004307,C003196,Savings,97499.76,2023-06-18,Active
A0004308,C003197,Fixed Deposit,29651.25,2019-05-11,Active
A0004309,C003197,Fixed Deposit,673359.34,2019-09-03,Active
A0004310,C003198,Savings,11804.21,2020-07-27,Active
A0004311,C003199,Salary,13234.03,2021-06-19,Active
A0004312,C003200,Fixed Deposit,231298.57,2020-02-17,Active
A0004313,C003201,Salary,64709.78,2018-07-05,Active
A0004314,C003201,Fixed Deposit,355632.24,2020-07-21,Dormant
A0004315,C003202,Savings,19242.54,2021-11-22,Active
A0004316,C003202,Fixed Deposit,195373.0,2021-02-25,Active
A0004317,C003203,Savings,1316.32,2019-05-29,Active
A0004318,C003204,Savings,14968.61,2019-11-07,Active
A0004319,C003204,Savings,5062.15,2022-04-02,Active
A0004320,C003205,Savings,16675.2,2021-09-10,Active
A0004321,C003206,Savings,21399.13,2019-01-14,Active
A0004322,C003207,Salary,18776.73,2018-12-01,Active
A0004323,C003207,Savings,17318.06,2025-01-10,Active
A0004324,C003208,Savings,41800.35,2023-03-19,Active
A0004325,C003209,Savings,9282.04,2024-11-22,Dormant
A0004326,C003209,Salary,11871.67,2024-08-05,Active
A0004327,C003210,Savings,29673.6,2020-05-03,Active
A0004328,C003210,Salary,48619.61,2024-02-17,Active
A0004329,C003211,Savings,68552.79,2022-04-16,Active
A0004330,C003212,Savings,40358.43,2022-12-01,Active
A0004331,C003213,Salary,23574.18,2022-08-05,Active
A0004332,C003214,Savings,7163.01,2023-11-19,Active
A0004333,C003215,Current,50607.84,2021-09-14,Active
A0004334,C003216,Savings,13158.73,2020-05-06,Active
A0004335,C003217,Savings,37647.41,2021-07-26,Active
A0004336,C003218,Savings,21232.94,2021-09-19,Active
A0004337,C003218,Savings,7343.37,2018-10-26,Active
A0004338,C003219,Savings,28989.99,2021-11-28,Active
A0004339,C003220,Current,15305.22,2023-09-21,Active
A0004340,C003221,Savings,23065.19,2022-08-15,Active
A0004341,C003222,Savings,8028.55,2020-10-29,Active
A0004342,C003222,Salary,24236.49,2021-02-28,Active
A0004343,C003223,Salary,9270.62,2024-02-03,Active
A0004344,C003224,Savings,68355.93,2024-07-11,Active
A0004345,C003224,Savings,60127.13,2021-01-24,Active
A0004346,C003225,Savings,78638.07,2020-07-21,Active
A0004347,C003226,Savings,12717.09,2018-04-05,Active
A0004348,C003227,Salary,11006.91,2018-10-27,Active
A0004349,C003228,Savings,34878.02,2023-01-07,Active
A0004350,C003228,Savings,31559.23,2024-11-23,Active
A0004351,C003229,Savings,17984.32,2021-03-06,Active
A0004352,C003230,Savings,23551.41,2020-07-21,Active
A0004353,C003230,Savings,28797.35,2023-06-13,Active
A0004354,C003231,Savings,10497.21,2020-06-30,Active
A0004355,C003232,Salary,57944.45,2023-05-13,Active
A0004356,C003233,Savings,33780.57,2021-03-14,Active
A0004357,C003234,Current,51446.22,2024-03-10,Active
A0004358,C003235,Fixed Deposit,793604.77,2021-08-07,Active
A0004359,C003235,Savings,69819.38,2024-08-05,Active
A0004360,C003236,Current,16536.19,2023-08-28,Active
A0004361,C003237,Savings,18171.15,2023-09-20,Active
A0004362,C003238,Savings,44122.77,2022-05-13,Active
A0004363,C003239,Savings,20501.13,2018-10-04,Active
A0004364,C003240,Savings,56267.64,2018-01-21,Active
A0004365,C003241,Salary,11325.06,2020-03-13,Active
A0004366,C003242,Savings,21000.96,2023-11-19,Active
A0004367,C003243,Savings,26806.1,2022-11-09,Active
A0004368,C003243,Salary,39613.75,2021-04-15,Active
A0004369,C003244,Salary,9887.36,2018-01-31,Active
A0004370,C003245,Savings,15458.78,2020-04-02,Active
A0004371,C003245,Savings,11626.34,2025-04-12,Active
A0004372,C003246,Savings,26790.45,2024-07-14,Active
A0004373,C003247,Salary,73918.83,2024-09-22,Active
A0004374,C003248,Savings,58348.65,2018-05-30,Active
A0004375,C003249,Fixed Deposit,277442.62,2019-04-17,Active
A0004376,C003250,Savings,7035.54,2020-01-19,Active
A0004377,C003251,Current,52624.55,2025-01-05,Active
A0004378,C003252,Current,15001.31,2018-11-10,Active
A0004379,C003252,Savings,6953.81,2024-12-31,Active
A0004380,C003252,Savings,8630.87,2020-02-14,Active
A0004381,C003253,Fixed Deposit,97635.73,2018-11-06,Active
A0004382,C003254,Current,52442.3,2020-12-27,Active
A0004383,C003255,Salary,155614.32,2020-12-22,Active
A0004384,C003256,Savings,47220.26,2024-08-16,Active
A0004385,C003256,Savings,1521.37,2023-05-03,Active
A0004386,C003257,Current,11604.14,2020-06-12,Active
A0004387,C003258,Fixed Deposit,414538.58,2024-02-27,Active
A0004388,C003259,Fixed Deposit,205368.89,2019-12-18,Active
A0004389,C003260,Savings,26821.41,2025-06-14,Active
A0004390,C003260,Current,7062.46,2025-01-22,Active
A0004391,C003261,Current,30467.54,2024-06-29,Active
A0004392,C003262,Fixed Deposit,92826.46,2021-05-02,Active
A0004393,C003262,Current,2643.55,2024-05-22,Active
A0004394,C003262,Fixed Deposit,243473.58,2024-05-26,Active
A0004395,C003263,Fixed Deposit,169972.99,2025-04-01,Active
A0004396,C003264,Salary,10900.31,2019-07-20,Active
A0004397,C003265,Fixed Deposit,259525.31,2024-09-17,Active
A0004398,C003266,Salary,14218.25,2021-01-31,Active
A0004399,C003267,Salary,23111.41,2020-05-25,Active
A0004400,C003268,Salary,21452.92,2024-12-23,Active
A0004401,C003269,Savings,21433.68,2021-03-16,Active
A0004402,C003269,Salary,17932.71,2024-10-22,Active
A0004403,C003270,Savings,11239.05,2018-12-21,Active
A0004404,C003271,Savings,21230.31,2018-08-25,Dormant
A0004405,C003272,Current,19947.12,2020-03-01,Active
A0004406,C003273,Fixed Deposit,178014.78,2019-08-06,Active
A0004407,C003274,Current,37791.72,2023-05-12,Active
A0004408,C003274,Savings,69729.73,2018-07-20,Active
A0004409,C003275,Savings,13173.02,2025-01-25,Active
A0004410,C003276,Savings,20808.49,2021-07-20,Active
A0004411,C003277,Savings,23847.26,2020-06-20,Active
A0004412,C003278,Salary,30706.65,2022-12-15,Active
A0004413,C003279,Savings,26745.36,2020-07-22,Active
A0004414,C003280,Fixed Deposit,84596.69,2019-07-04,Active
A0004415,C003281,Savings,40658.1,2022-12-29,Active
A0004416,C003282,Salary,10036.84,2018-07-27,Active
A0004417,C003282,Current,51812.39,2023-03-04,Active
A0004418,C003282,Savings,66105.15,2023-06-13,Active
A0004419,C003283,Savings,37076.22,2023-02-24,Active
A0004420,C003283,Savings,34420.27,2018-01-08,Active
A0004421,C003284,Current,43806.75,2021-07-04,Active
A0004422,C003285,Fixed Deposit,56962.0,2023-10-19,Active
A0004423,C003286,Salary,17069.11,2018-02-21,Active
A0004424,C003287,Salary,20284.61,2019-09-29,Active
A0004425,C003288,Savings,146024.91,2025-03-30,Active
A0004426,C003289,Fixed Deposit,76245.35,2024-09-14,Active
A0004427,C003289,Savings,88917.02,2023-02-20,Active
A0004428,C003290,Salary,90983.88,2021-05-15,Active
A0004429,C003291,Fixed Deposit,95152.59,2023-08-04,Active
A0004430,C003292,Salary,22347.49,2019-06-17,Active
A0004431,C003293,Current,45191.15,2020-04-20,Active
A0004432,C003294,Current,131534.88,2021-07-02,Active
A0004433,C003295,Current,33547.76,2021-02-08,Active
A0004434,C003295,Current,53285.43,2024-04-09,Active
A0004435,C003296,Savings,51450.06,2022-10-12,Dormant
A0004436,C003296,Savings,20291.8,2019-10-17,Active
A0004437,C003297,Savings,16548.39,2022-01-30,Active
A0004438,C003298,Fixed Deposit,265471.16,2020-10-07,Active
A0004439,C003299,Salary,77690.16,2020-09-15,Active
A0004440,C003300,Salary,147068.61,2021-10-29,Active
A0004441,C003301,Savings,15137.73,2021-01-07,Active
A0004442,C003301,Salary,7872.21,2022-12-24,Active
A0004443,C003302,Savings,232241.59,2025-06-27,Active
A0004444,C003303,Savings,118159.29,2021-03-26,Active
A0004445,C003304,Salary,47134.2,2022-03-14,Active
A0004446,C003304,Current,133408.6,2021-12-25,Active
A0004447,C003305,Salary,39858.07,2023-05-31,Dormant
A0004448,C003306,Savings,27086.68,2023-03-10,Active
A0004449,C003307,Savings,27860.58,2023-03-25,Dormant
A0004450,C003308,Fixed Deposit,105433.3,2022-06-22,Active
A0004451,C003309,Fixed Deposit,245425.92,2018-10-24,Active
A0004452,C003309,Current,40129.77,2020-10-13,Active
A0004453,C003309,Current,9892.03,2022-06-25,Active
A0004454,C003310,Savings,14180.7,2019-03-11,Active
A0004455,C003311,Savings,68508.13,2021-08-21,Active
A0004456,C003311,Savings,24188.99,2021-04-01,Active
A0004457,C003312,Savings,19887.25,2021-09-11,Active
A0004458,C003313,Current,20574.39,2018-07-17,Active
A0004459,C003314,Savings,2712.91,2024-09-20,Active
A0004460,C003315,Savings,28949.0,2020-02-29,Active
A0004461,C003316,Savings,4350.03,2018-03-25,Active
A0004462,C003317,Savings,19972.62,2022-07-13,Active
A0004463,C003317,Savings,12122.01,2024-09-09,Active
A0004464,C003318,Savings,12353.56,2023-07-21,Active
A0004465,C003319,Current,20248.55,2022-11-26,Active
A0004466,C003320,Savings,24190.51,2022-09-27,Active
A0004467,C003320,Fixed Deposit,189532.3,2022-07-08,Active
A0004468,C003321,Salary,54088.93,2022-07-20,Active
A0004469,C003322,Current,109061.87,2023-12-12,Active
A0004470,C003323,Current,9812.14,2019-03-03,Active
A0004471,C003324,Savings,55643.98,2019-12-23,Active
A0004472,C003325,Fixed Deposit,89289.3,2023-03-30,Active
A0004473,C003325,Savings,106809.88,2022-11-16,Active
A0004474,C003326,Salary,40742.03,2024-07-29,Active
A0004475,C003326,Savings,1000.0,2023-10-06,Active
A0004476,C003326,Savings,47552.07,2024-06-07,Active
A0004477,C003327,Savings,29062.48,2024-05-04,Active
A0004478,C003328,Fixed Deposit,260426.56,2022-03-16,Active
A0004479,C003328,Savings,30888.1,2025-05-16,Active
A0004480,C003329,Savings,10198.13,2025-06-04,Active
A0004481,C003330,Savings,41987.88,2022-05-14,Active
A0004482,C003331,Savings,25988.13,2023-04-16,Active
A0004483,C003332,Savings,161851.87,2025-05-10,Active
A0004484,C003332,Savings,20043.01,2024-03-17,Active
A0004485,C003333,Savings,34034.37,2023-03-08,Active
A0004486,C003333,Current,14015.06,2024-07-23,Active
A0004487,C003334,Savings,52293.53,2024-08-28,Active
A0004488,C003335,Salary,39262.45,2023-11-01,Active
A0004489,C003335,Savings,9168.72,2018-02-01,Active
A0004490,C003336,Savings,2608.82,2019-10-20,Active
A0004491,C003337,Savings,45592.42,2022-11-06,Active
A0004492,C003338,Current,13257.27,2021-05-25,Active
A0004493,C003339,Savings,20889.99,2020-06-20,Active
A0004494,C003340,Savings,4545.58,2018-02-09,Active
A0004495,C003341,Current,40779.49,2021-04-13,Active
A0004496,C003341,Savings,29236.93,2025-05-05,Active
A0004497,C003342,Savings,13237.34,2025-01-20,Active
A0004498,C003342,Salary,73994.04,2022-09-29,Active
A0004499,C003342,Savings,66497.78,2018-01-13,Active
A0004500,C003343,Fixed Deposit,801742.39,2018-08-27,Active
A0004501,C003344,Salary,8191.37,2021-12-08,Active
A0004502,C003345,Savings,19682.41,2019-04-25,Active
A0004503,C003346,Savings,48826.57,2021-05-27,Active
A0004504,C003346,Savings,11013.36,2023-06-26,Active
A0004505,C003347,Savings,43997.97,2022-12-09,Active
A0004506,C003348,Fixed Deposit,91194.98,2023-10-20,Active
A0004507,C003349,Salary,56844.32,2018-06-11,Active
A0004508,C003349,Savings,15485.05,2022-07-02,Active
A0004509,C003350,Savings,119844.97,2019-03-05,Active
A0004510,C003351,Savings,6887.32,2024-07-30,Active
A0004511,C003352,Current,39019.3,2024-06-05,Active
A0004512,C003353,Savings,17630.08,2020-11-07,Active
A0004513,C003354,Salary,18878.86,2023-06-01,Active
A0004514,C003355,Savings,41237.47,2019-06-07,Active
A0004515,C003356,Current,14070.89,2019-11-24,Active
A0004516,C003357,Savings,46737.73,2018-12-28,Active
A0004517,C003358,Salary,9255.19,2022-07-23,Active
A0004518,C003359,Salary,40620.85,2020-08-26,Active
A0004519,C003359,Current,40960.35,2019-10-21,Dormant
A0004520,C003360,Fixed Deposit,142892.64,2020-04-30,Active
A0004521,C003361,Fixed Deposit,684702.63,2022-09-17,Active
A0004522,C003362,Current,53274.97,2018-03-05,Active
A0004523,C003363,Savings,65466.78,2021-06-23,Active
A0004524,C003364,Fixed Deposit,169749.88,2022-03-03,Active
A0004525,C003364,Current,29431.22,2020-01-16,Active
A0004526,C003365,Savings,12566.08,2019-05-13,Active
A0004527,C003366,Salary,18979.2,2021-07-03,Active
A0004528,C003367,Savings,24281.83,2021-11-18,Active
A0004529,C003367,Savings,30154.92,2018-07-27,Active
A0004530,C003368,Salary,14802.25,2022-07-01,Active
A0004531,C003369,Salary,46586.96,2023-12-18,Active
A0004532,C003370,Fixed Deposit,484326.68,2022-09-01,Active
A0004533,C003371,Savings,30296.26,2018-05-24,Active
A0004534,C003371,Savings,16881.61,2022-06-27,Active
A0004535,C003372,Savings,76788.99,2022-05-15,Active
A0004536,C003373,Savings,25348.13,2018-04-01,Active
A0004537,C003374,Savings,3569.7,2023-08-04,Dormant
A0004538,C003374,Salary,17036.89,2018-11-18,Active
A0004539,C003375,Salary,6001.72,2023-12-04,Active
A0004540,C003376,Savings,35843.09,2023-08-16,Active
A0004541,C003377,Savings,40838.18,2018-03-05,Active
A0004542,C003378,Fixed Deposit,178514.0,2025-03-27,Active
A0004543,C003379,Fixed Deposit,62499.43,2019-06-04,Active
A0004544,C003380,Savings,25844.82,2020-01-20,Active
A0004545,C003381,Savings,23097.12,2021-07-27,Active
A0004546,C003382,Savings,21970.52,2019-06-28,Active
A0004547,C003382,Savings,24133.91,2024-06-12,Active
A0004548,C003383,Salary,16839.38,2020-11-27,Active
A0004549,C003383,Savings,41451.51,2020-01-10,Active
A0004550,C003384,Salary,5409.56,2021-12-06,Active
A0004551,C003384,Savings,3022.83,2022-08-09,Active
A0004552,C003384,Salary,81853.99,2020-03-01,Active
A0004553,C003385,Savings,14354.24,2021-10-18,Active
A0004554,C003386,Savings,43460.3,2024-08-23,Dormant
A0004555,C003386,Savings,7760.0,2021-05-24,Active
A0004556,C003387,Current,19013.12,2021-11-07,Active
A0004557,C003388,Savings,187840.54,2023-04-30,Active
A0004558,C003389,Savings,9411.26,2022-11-27,Active
A0004559,C003389,Current,4362.01,2022-10-10,Active
A0004560,C003390,Salary,74058.36,2018-01-04,Active
A0004561,C003391,Savings,26713.84,2022-12-24,Active
A0004562,C003391,Savings,65315.72,2021-05-06,Active
A0004563,C003392,Savings,21141.11,2018-04-27,Active
A0004564,C003393,Savings,22965.94,2019-10-18,Dormant
A0004565,C003393,Savings,39385.92,2021-06-23,Active
A0004566,C003394,Savings,14561.15,2022-05-18,Active
A0004567,C003395,Savings,20799.94,2023-09-16,Active
A0004568,C003396,Savings,118788.32,2025-01-15,Active
A0004569,C003397,Salary,68956.06,2018-06-10,Active
A0004570,C003398,Savings,19251.37,2024-09-26,Active
A0004571,C003399,Savings,87348.34,2022-12-27,Active
A0004572,C003400,Salary,93392.56,2022-12-26,Active
A0004573,C003401,Savings,8706.03,2024-08-07,Active
A0004574,C003402,Savings,56254.04,2025-04-23,Active
A0004575,C003403,Savings,5545.85,2022-04-29,Active
A0004576,C003403,Current,10907.44,2022-12-18,Active
A0004577,C003404,Savings,8843.57,2018-03-21,Active
A0004578,C003405,Savings,95583.26,2023-12-11,Active
A0004579,C003405,Current,16555.28,2018-06-04,Active
A0004580,C003406,Salary,27523.38,2022-10-17,Active
A0004581,C003406,Salary,26531.16,2024-08-15,Active
A0004582,C003407,Salary,99664.26,2019-10-16,Active
A0004583,C003408,Savings,58137.8,2021-12-11,Active
A0004584,C003408,Savings,58238.38,2023-05-20,Active
A0004585,C003409,Savings,21866.19,2021-04-12,Active
A0004586,C003409,Savings,35736.1,2019-07-08,Active
A0004587,C003410,Salary,12893.56,2021-02-06,Active
A0004588,C003411,Savings,31382.72,2018-04-26,Active
A0004589,C003411,Salary,16731.53,2023-11-30,Active
A0004590,C003412,Savings,48849.15,2023-03-17,Active
A0004591,C003413,Salary,14141.09,2019-03-13,Active
A0004592,C003414,Savings,6003.3,2022-02-04,Active
A0004593,C003414,Savings,7407.36,2019-10-04,Active
A0004594,C003415,Savings,40860.8,2019-08-20,Active
A0004595,C003416,Fixed Deposit,236689.57,2022-04-02,Active
A0004596,C003417,Salary,6933.87,2024-09-06,Active
A0004597,C003417,Fixed Deposit,345273.77,2021-02-16,Active
A0004598,C003418,Current,2953.28,2022-03-17,Active
A0004599,C003419,Current,13130.05,2023-10-09,Active
A0004600,C003419,Fixed Deposit,105959.67,2019-08-15,Active
A0004601,C003420,Fixed Deposit,119016.69,2025-06-17,Dormant
A0004602,C003421,Salary,6946.78,2024-06-26,Active
A0004603,C003422,Savings,11800.09,2020-10-18,Active
A0004604,C003422,Salary,8331.4,2022-05-10,Active
A0004605,C003423,Fixed Deposit,88271.48,2020-10-18,Active
A0004606,C003423,Savings,36850.48,2020-05-22,Active
A0004607,C003424,Savings,10143.13,2019-06-20,Active
A0004608,C003424,Savings,10003.44,2018-03-09,Active
A0004609,C003425,Savings,67634.23,2018-10-25,Active
A0004610,C003426,Current,11599.4,2018-06-06,Dormant
A0004611,C003427,Fixed Deposit,345478.26,2018-10-28,Active
A0004612,C003428,Savings,63265.5,2018-03-18,Active
A0004613,C003428,Savings,100227.02,2023-04-24,Active
A0004614,C003429,Savings,28794.18,2020-10-12,Active
A0004615,C003430,Current,23140.86,2020-12-12,Active
A0004616,C003430,Current,3523.11,2018-06-16,Dormant
A0004617,C003430,Current,57294.67,2018-12-10,Active
A0004618,C003431,Savings,24521.81,2018-05-16,Active
A0004619,C003431,Current,17371.22,2024-07-24,Active
A0004620,C003432,Savings,6865.66,2019-09-08,Active
A0004621,C003432,Current,7043.21,2021-03-13,Active
A0004622,C003433,Fixed Deposit,110031.47,2024-11-24,Active
A0004623,C003434,Savings,12136.84,2021-05-03,Active
A0004624,C003435,Savings,57649.72,2024-07-27,Active
A0004625,C003436,Fixed Deposit,91052.96,2019-05-19,Active
A0004626,C003436,Savings,10275.24,2024-11-25,Active
A0004627,C003437,Savings,28329.37,2022-07-06,Active
A0004628,C003437,Savings,15311.53,2022-07-06,Active
A0004629,C003438,Savings,50394.03,2023-11-03,Active
A0004630,C003438,Fixed Deposit,49628.97,2024-05-30,Active
A0004631,C003438,Current,23572.74,2018-01-14,Active
A0004632,C003439,Savings,26989.02,2019-01-21,Active
A0004633,C003440,Current,40433.95,2022-10-27,Active
A0004634,C003440,Salary,18961.0,2021-11-15,Active
A0004635,C003441,Salary,16977.04,2019-02-20,Active
A0004636,C003442,Savings,14827.36,2019-10-23,Active
A0004637,C003443,Current,4252.56,2020-05-25,Active
A0004638,C003444,Current,12734.25,2018-07-10,Active
A0004639,C003444,Savings,68681.29,2021-01-27,Active
A0004640,C003445,Current,101972.22,2020-09-25,Active
A0004641,C003446,Savings,11390.74,2018-03-11,Active
A0004642,C003447,Savings,31510.85,2022-04-29,Active
A0004643,C003448,Savings,24939.4,2024-03-08,Active
A0004644,C003448,Savings,58777.38,2020-03-13,Active
A0004645,C003449,Savings,15464.78,2019-12-12,Active
A0004646,C003449,Fixed Deposit,257000.23,2025-04-25,Active
A0004647,C003450,Savings,18610.27,2023-08-10,Active
A0004648,C003451,Salary,86511.38,2022-12-12,Active
A0004649,C003452,Savings,11724.37,2021-10-03,Active
A0004650,C003453,Current,2090.2,2022-04-06,Active
A0004651,C003454,Savings,33551.95,2023-08-11,Active
A0004652,C003455,Savings,15182.68,2024-10-13,Active
A0004653,C003455,Savings,14083.44,2024-06-29,Active
A0004654,C003456,Salary,4188.85,2023-08-08,Active
A0004655,C003457,Savings,80515.9,2022-10-12,Active
A0004656,C003458,Savings,16936.85,2024-07-09,Active
A0004657,C003459,Fixed Deposit,500736.89,2023-05-29,Active
A0004658,C003459,Fixed Deposit,137256.5,2024-03-15,Active
A0004659,C003460,Salary,6234.17,2023-07-31,Active
A0004660,C003460,Salary,14961.67,2022-02-16,Active
A0004661,C003461,Current,24049.15,2024-07-25,Active
A0004662,C003462,Salary,32731.08,2022-03-13,Active
A0004663,C003463,Savings,65029.77,2022-06-24,Active
A0004664,C003464,Fixed Deposit,293940.53,2018-02-06,Active
A0004665,C003465,Savings,61556.67,2021-12-08,Active
A0004666,C003466,Salary,18398.33,2019-03-20,Dormant
A0004667,C003467,Savings,97808.09,2020-10-21,Active
A0004668,C003467,Current,18021.64,2019-12-27,Active
A0004669,C003468,Fixed Deposit,653843.36,2018-10-20,Active
A0004670,C003469,Current,18527.81,2021-03-30,Active
A0004671,C003469,Salary,20961.67,2024-03-06,Active
A0004672,C003470,Savings,13599.42,2025-01-14,Active
A0004673,C003471,Fixed Deposit,103287.44,2018-02-17,Active
A0004674,C003472,Current,10348.21,2020-09-18,Active
A0004675,C003473,Savings,3645.15,2021-12-23,Active
A0004676,C003474,Fixed Deposit,623060.78,2023-09-01,Active
A0004677,C003475,Current,12739.25,2018-12-14,Active
A0004678,C003475,Current,94737.38,2025-03-15,Active
A0004679,C003476,Current,35184.82,2019-08-22,Active
A0004680,C003477,Savings,134560.74,2020-07-25,Active
A0004681,C003478,Savings,19972.12,2018-03-03,Active
A0004682,C003479,Salary,21741.28,2024-09-20,Active
A0004683,C003480,Savings,135428.07,2023-05-02,Active
A0004684,C003481,Savings,22271.04,2019-08-01,Active
A0004685,C003482,Savings,31281.83,2022-10-03,Active
A0004686,C003482,Savings,5966.86,2018-01-08,Active
A0004687,C003483,Savings,221494.57,2021-06-01,Active
A0004688,C003484,Savings,7042.33,2024-09-15,Active
A0004689,C003485,Savings,43821.62,2025-05-16,Active
A0004690,C003486,Savings,20038.94,2018-10-18,Active
A0004691,C003486,Salary,38553.42,2023-01-30,Active
A0004692,C003487,Savings,11355.68,2024-12-01,Active
A0004693,C003487,Salary,18244.04,2024-05-10,Active
A0004694,C003488,Savings,9421.4,2020-08-01,Active
A0004695,C003488,Savings,5221.99,2023-09-14,Active
A0004696,C003489,Current,34617.46,2024-06-02,Active
A0004697,C003490,Savings,14575.77,2021-12-20,Active
A0004698,C003491,Savings,16088.48,2019-10-02,Active
A0004699,C003492,Savings,11660.69,2020-11-29,Active
A0004700,C003493,Fixed Deposit,228889.58,2018-09-23,Active
A0004701,C003494,Savings,15271.66,2019-10-01,Active
A0004702,C003495,Fixed Deposit,267594.12,2018-09-23,Active
A0004703,C003496,Savings,27067.46,2019-08-27,Active
A0004704,C003497,Savings,67047.6,2021-07-04,Active
A0004705,C003498,Current,45256.69,2020-05-23,Active
A0004706,C003499,Savings,42750.62,2021-07-15,Active
A0004707,C003500,Salary,22190.8,2020-06-24,Active
A0004708,C003500,Savings,18799.04,2024-02-12,Active
A0004709,C003501,Savings,50702.11,2022-08-03,Active
A0004710,C003502,Salary,5614.47,2024-11-29,Active
A0004711,C003503,Savings,41997.48,2024-09-28,Active
A0004712,C003504,Savings,4849.22,2022-02-27,Active
A0004713,C003505,Fixed Deposit,209071.23,2020-07-01,Dormant
A0004714,C003505,Current,36831.47,2022-11-05,Active
A0004715,C003506,Current,10160.23,2018-08-07,Dormant
A0004716,C003507,Salary,28310.66,2023-09-07,Active
A0004717,C003507,Current,53802.37,2020-03-02,Active
A0004718,C003508,Savings,24455.35,2020-03-10,Active
A0004719,C003508,Salary,17314.42,2021-12-06,Active
A0004720,C003509,Savings,22062.95,2023-05-22,Active
A0004721,C003510,Savings,101468.14,2020-10-30,Active
A0004722,C003510,Fixed Deposit,714282.31,2021-07-10,Active
A0004723,C003511,Savings,46779.32,2023-05-15,Active
A0004724,C003512,Savings,11284.38,2024-06-26,Active
A0004725,C003513,Savings,12861.84,2024-09-15,Active
A0004726,C003514,Fixed Deposit,332194.66,2020-04-29,Active
A0004727,C003515,Savings,17787.76,2021-04-08,Active
A0004728,C003516,Salary,7209.26,2020-09-14,Active
A0004729,C003517,Fixed Deposit,196128.6,2019-12-30,Dormant
A0004730,C003518,Current,21968.59,2020-07-31,Active
A0004731,C003519,Savings,21957.63,2019-01-25,Active
A0004732,C003519,Savings,145917.74,2019-12-06,Active
A0004733,C003520,Savings,11920.73,2025-06-27,Active
A0004734,C003521,Salary,48940.57,2024-09-24,Dormant
A0004735,C003522,Current,17046.58,2018-06-05,Active
A0004736,C003522,Savings,97991.3,2025-06-23,Active
A0004737,C003522,Fixed Deposit,166315.33,2024-06-14,Active
A0004738,C003523,Salary,23300.37,2023-03-09,Active
A0004739,C003523,Fixed Deposit,183571.68,2023-12-09,Active
A0004740,C003524,Current,12377.56,2023-02-11,Active
A0004741,C003525,Fixed Deposit,181485.81,2025-02-12,Active
A0004742,C003526,Savings,9903.46,2019-11-16,Active
A0004743,C003527,Savings,25118.45,2023-11-21,Active
A0004744,C003527,Savings,6055.76,2022-03-09,Active
A0004745,C003528,Current,13776.42,2018-07-19,Active
A0004746,C003528,Current,10013.25,2022-01-27,Active
A0004747,C003528,Fixed Deposit,870269.28,2021-03-30,Active
A0004748,C003529,Salary,21181.66,2022-11-05,Active
A0004749,C003530,Savings,14687.9,2022-02-27,Active
A0004750,C003531,Fixed Deposit,184103.41,2018-11-21,Active
A0004751,C003532,Savings,10077.58,2024-09-30,Active
A0004752,C003532,Savings,16177.36,2020-09-08,Active
A0004753,C003532,Savings,25736.94,2025-04-02,Active
A0004754,C003533,Fixed Deposit,308678.5,2019-02-05,Active
A0004755,C003534,Savings,56504.74,2021-12-05,Active
A0004756,C003535,Savings,22942.16,2020-09-04,Active
A0004757,C003535,Savings,85559.42,2024-01-25,Active
A0004758,C003536,Fixed Deposit,193322.11,2020-03-15,Active
A0004759,C003537,Savings,148358.3,2025-01-01,Active
A0004760,C003537,Savings,4505.97,2024-03-13,Active
A0004761,C003538,Fixed Deposit,105542.43,2022-05-18,Active
A0004762,C003539,Salary,12617.08,2024-12-06,Active
A0004763,C003540,Savings,221033.45,2025-03-21,Active
A0004764,C003541,Current,27220.14,2021-10-02,Active
A0004765,C003542,Savings,35400.65,2024-07-13,Active
A0004766,C003542,Current,25307.47,2023-08-23,Active
A0004767,C003543,Savings,19908.16,2022-02-06,Active
A0004768,C003543,Current,32694.36,2020-07-20,Active
A0004769,C003544,Savings,20335.56,2023-09-24,Active
A0004770,C003545,Savings,67595.56,2019-09-11,Active
A0004771,C003546,Current,25892.74,2019-03-03,Active
A0004772,C003547,Savings,12762.23,2023-05-04,Active
A0004773,C003547,Current,17652.59,2020-11-27,Active
A0004774,C003547,Savings,14162.54,2021-10-23,Active
A0004775,C003548,Salary,33968.63,2024-10-04,Active
A0004776,C003549,Fixed Deposit,313988.58,2024-12-04,Active
A0004777,C003550,Current,24805.69,2019-07-17,Active
A0004778,C003551,Fixed Deposit,656243.87,2022-01-31,Active
A0004779,C003552,Current,14915.18,2024-08-31,Active
A0004780,C003553,Current,13692.0,2024-04-01,Active
A0004781,C003553,Current,21279.3,2025-06-16,Active
A0004782,C003554,Fixed Deposit,215321.97,2018-06-13,Active
A0004783,C003554,Savings,19549.87,2021-04-25,Active
A0004784,C003555,Current,25486.9,2018-11-02,Active
A0004785,C003555,Salary,19432.43,2021-11-16,Active
A0004786,C003555,Savings,19199.55,2024-10-26,Active
A0004787,C003556,Savings,14876.19,2024-07-26,Active
A0004788,C003557,Savings,22972.31,2023-01-12,Active
A0004789,C003558,Fixed Deposit,128627.58,2024-04-27,Active
A0004790,C003558,Fixed Deposit,71066.65,2023-08-29,Active
A0004791,C003559,Current,71167.29,2018-02-18,Active
A0004792,C003560,Savings,51860.79,2023-01-15,Active
A0004793,C003560,Savings,22484.02,2025-02-23,Active
A0004794,C003561,Fixed Deposit,298594.0,2024-05-07,Dormant
A0004795,C003562,Fixed Deposit,577652.78,2021-08-31,Active
A0004796,C003562,Salary,20380.66,2024-06-20,Active
A0004797,C003563,Savings,43977.07,2021-07-11,Active
A0004798,C003564,Savings,22916.59,2023-06-20,Active
A0004799,C003564,Current,8405.03,2018-10-15,Active
A0004800,C003565,Salary,18428.58,2025-05-21,Active
A0004801,C003566,Savings,59565.22,2022-12-19,Active
A0004802,C003567,Savings,38961.91,2024-05-10,Active
A0004803,C003568,Fixed Deposit,370620.43,2018-06-23,Active
A0004804,C003568,Savings,24351.05,2023-09-21,Active
A0004805,C003569,Salary,26611.49,2024-03-21,Active
A0004806,C003570,Fixed Deposit,615868.16,2025-02-17,Active
A0004807,C003571,Savings,48050.49,2024-08-04,Active
A0004808,C003572,Savings,14469.91,2023-06-18,Active
A0004809,C003573,Fixed Deposit,241823.51,2020-08-15,Active
A0004810,C003573,Savings,5844.87,2022-09-12,Active
A0004811,C003574,Current,16994.1,2023-01-19,Active
A0004812,C003575,Fixed Deposit,161182.99,2018-03-15,Active
A0004813,C003576,Savings,29378.69,2020-08-27,Active
A0004814,C003576,Fixed Deposit,108166.87,2024-01-11,Active
A0004815,C003577,Savings,8708.69,2023-10-30,Active
A0004816,C003577,Salary,200350.96,2022-03-14,Active
A0004817,C003578,Savings,43219.29,2025-04-05,Active
A0004818,C003579,Salary,49163.9,2018-10-29,Active
A0004819,C003580,Current,26582.25,2022-11-10,Active
A0004820,C003581,Savings,24146.24,2018-08-26,Active
A0004821,C003581,Savings,5046.88,2024-12-26,Active
A0004822,C003582,Savings,27962.13,2024-06-13,Active
A0004823,C003582,Savings,18169.17,2025-01-04,Active
A0004824,C003583,Savings,63262.19,2019-01-29,Active
A0004825,C003583,Savings,21589.28,2019-10-18,Active
A0004826,C003584,Savings,132170.76,2024-10-05,Active
A0004827,C003585,Fixed Deposit,87268.21,2023-09-28,Active
A0004828,C003586,Salary,31248.68,2021-12-10,Active
A0004829,C003587,Savings,50305.68,2024-04-30,Active
A0004830,C003588,Current,29441.5,2025-03-16,Active
A0004831,C003589,Savings,16275.48,2023-09-12,Active
A0004832,C003589,Savings,34144.31,2024-06-19,Active
A0004833,C003590,Fixed Deposit,307790.63,2019-02-20,Active
A0004834,C003590,Current,12057.33,2022-02-10,Active
A0004835,C003591,Savings,65335.5,2020-11-04,Active
A0004836,C003592,Savings,27716.37,2020-10-20,Active
A0004837,C003592,Savings,65985.81,2025-02-05,Active
A0004838,C003593,Salary,32838.94,2019-08-02,Active
A0004839,C003594,Savings,6823.82,2021-10-02,Active
A0004840,C003595,Fixed Deposit,111433.94,2023-12-30,Active
A0004841,C003595,Savings,6515.42,2021-05-18,Active
A0004842,C003595,Savings,8296.77,2020-02-01,Active
A0004843,C003596,Savings,39021.57,2021-08-06,Active
A0004844,C003597,Savings,7101.86,2019-10-24,Dormant
A0004845,C003598,Current,4562.93,2023-07-05,Active
A0004846,C003598,Fixed Deposit,136812.69,2018-05-14,Active
A0004847,C003599,Savings,19626.55,2022-09-01,Active
A0004848,C003600,Current,14781.27,2023-06-16,Active
A0004849,C003600,Savings,39395.56,2018-03-30,Active
A0004850,C003601,Savings,10118.45,2018-08-20,Active
A0004851,C003602,Savings,60477.24,2018-06-26,Active
A0004852,C003603,Savings,72981.3,2018-09-14,Active
A0004853,C003604,Savings,31702.52,2022-07-02,Active
A0004854,C003605,Savings,10396.35,2021-10-28,Active
A0004855,C003605,Savings,23953.31,2021-01-22,Active
A0004856,C003606,Salary,3057.32,2020-10-30,Active
A0004857,C003607,Current,41416.63,2024-06-03,Active
A0004858,C003608,Fixed Deposit,115611.0,2023-07-27,Active
A0004859,C003609,Savings,36709.38,2024-05-28,Active
A0004860,C003609,Savings,43905.05,2024-01-07,Dormant
A0004861,C003610,Salary,14530.48,2024-07-22,Active
A0004862,C003610,Savings,106195.01,2020-05-21,Active
A0004863,C003611,Savings,14722.15,2022-05-28,Active
A0004864,C003612,Salary,9779.88,2022-02-11,Dormant
A0004865,C003613,Savings,6403.18,2020-11-07,Active
A0004866,C003614,Salary,65245.07,2019-03-06,Active
A0004867,C003614,Savings,10165.46,2018-03-01,Active
A0004868,C003615,Fixed Deposit,145250.78,2023-09-18,Active
A0004869,C003615,Fixed Deposit,198535.66,2018-11-10,Active
A0004870,C003615,Fixed Deposit,340376.38,2022-07-25,Active
A0004871,C003616,Salary,2432.25,2018-03-19,Active
A0004872,C003616,Savings,6685.29,2020-11-16,Active
A0004873,C003617,Fixed Deposit,54795.09,2019-05-16,Active
A0004874,C003618,Savings,39011.33,2020-05-17,Active
A0004875,C003619,Salary,79144.68,2021-07-11,Active
A0004876,C003620,Salary,49939.36,2024-12-17,Active
A0004877,C003621,Savings,26434.41,2023-09-15,Active
A0004878,C003622,Savings,60912.61,2019-07-21,Active
A0004879,C003623,Salary,10478.05,2019-07-14,Active
A0004880,C003624,Salary,77576.07,2019-02-03,Active
A0004881,C003624,Current,26783.99,2022-12-07,Active
A0004882,C003625,Savings,9740.25,2025-01-07,Active
A0004883,C003625,Fixed Deposit,93653.64,2024-04-09,Active
A0004884,C003625,Savings,25399.52,2023-08-04,Active
A0004885,C003626,Salary,158625.12,2024-01-27,Active
A0004886,C003627,Current,10103.86,2020-12-25,Active
A0004887,C003627,Savings,137289.68,2018-06-03,Active
A0004888,C003628,Salary,23170.58,2024-04-14,Active
A0004889,C003629,Current,7570.58,2023-11-12,Active
A0004890,C003630,Salary,29457.66,2019-08-10,Active
A0004891,C003630,Salary,26492.51,2023-04-03,Dormant
A0004892,C003631,Savings,10736.66,2025-04-18,Active
A0004893,C003631,Fixed Deposit,231554.64,2023-03-12,Active
A0004894,C003632,Savings,26608.59,2024-03-17,Active
A0004895,C003633,Current,8633.98,2018-04-13,Active
A0004896,C003633,Savings,5958.84,2018-05-07,Active
A0004897,C003634,Salary,14304.9,2025-01-17,Active
A0004898,C003635,Salary,37248.2,2023-01-10,Active
A0004899,C003636,Savings,11030.74,2024-10-16,Active
A0004900,C003637,Salary,7560.91,2021-01-09,Active
A0004901,C003637,Current,6195.41,2022-09-16,Active
A0004902,C003638,Savings,11964.0,2023-03-24,Active
A0004903,C003639,Savings,114982.57,2022-04-15,Active
A0004904,C003639,Savings,15618.83,2021-01-31,Active
A0004905,C003640,Current,13296.74,2019-07-08,Active
A0004906,C003641,Savings,22323.24,2025-01-22,Active
A0004907,C003642,Savings,39401.72,2023-09-02,Active
A0004908,C003642,Savings,11964.29,2019-03-31,Active
A0004909,C003643,Current,28356.54,2019-01-12,Active
A0004910,C003644,Savings,8075.98,2020-11-23,Active
A0004911,C003645,Salary,12793.41,2023-01-16,Active
A0004912,C003645,Fixed Deposit,431174.25,2024-06-06,Active
A0004913,C003646,Fixed Deposit,347724.14,2025-04-29,Active
A0004914,C003646,Savings,12501.37,2018-11-08,Active
A0004915,C003646,Savings,16591.68,2022-01-29,Active
A0004916,C003647,Savings,3371.22,2020-07-04,Active
A0004917,C003648,Savings,4600.79,2018-10-25,Active
A0004918,C003648,Current,62327.17,2020-06-17,Active
A0004919,C003649,Savings,63850.65,2021-06-18,Active
A0004920,C003650,Current,17851.38,2024-06-12,Active
A0004921,C003651,Current,15706.36,2023-03-03,Active
A0004922,C003652,Savings,71173.9,2025-02-25,Active
A0004923,C003653,Salary,18500.85,2021-01-14,Active
A0004924,C003654,Savings,46910.2,2022-07-05,Active
A0004925,C003654,Savings,8771.65,2020-09-30,Active
A0004926,C003655,Fixed Deposit,180819.57,2018-07-29,Active
A0004927,C003656,Current,37892.29,2018-10-09,Active
A0004928,C003657,Savings,6803.83,2022-02-17,Active
A0004929,C003658,Salary,16258.86,2020-08-12,Active
A0004930,C003658,Salary,24899.9,2024-10-23,Active
A0004931,C003659,Current,17408.24,2019-04-09,Active
A0004932,C003659,Savings,11703.59,2024-03-20,Active
A0004933,C003660,Savings,18059.78,2021-01-27,Active
A0004934,C003661,Savings,3722.11,2018-08-01,Dormant
A0004935,C003661,Savings,19642.94,2019-12-07,Active
A0004936,C003662,Savings,14582.18,2021-04-26,Active
A0004937,C003663,Current,14621.24,2024-04-25,Active
A0004938,C003663,Salary,4816.38,2021-11-30,Active
A0004939,C003663,Current,29055.19,2019-09-26,Active
A0004940,C003664,Savings,39860.35,2022-02-21,Active
A0004941,C003665,Current,21126.41,2022-01-30,Active
A0004942,C003666,Savings,101419.86,2022-09-23,Active
A0004943,C003666,Savings,4047.83,2019-05-07,Active
A0004944,C003667,Current,8627.86,2019-11-17,Active
A0004945,C003667,Savings,10683.69,2018-04-17,Active
A0004946,C003668,Savings,12209.43,2019-07-09,Active
A0004947,C003668,Current,65126.53,2020-02-25,Active
A0004948,C003669,Current,15174.73,2024-11-27,Active
A0004949,C003669,Fixed Deposit,156701.54,2025-03-15,Active
A0004950,C003670,Fixed Deposit,335285.56,2022-06-14,Active
A0004951,C003671,Savings,50281.76,2018-10-16,Active
A0004952,C003672,Savings,41123.57,2021-12-28,Active
A0004953,C003672,Savings,281642.09,2020-08-15,Active
A0004954,C003673,Salary,22515.5,2025-01-08,Active
A0004955,C003673,Savings,15305.91,2018-09-04,Active
A0004956,C003674,Savings,12501.02,2019-06-06,Active
A0004957,C003675,Savings,33294.61,2019-05-10,Active
A0004958,C003675,Savings,92856.49,2024-12-19,Active
A0004959,C003676,Savings,7435.69,2024-06-02,Active
A0004960,C003677,Savings,21448.06,2024-10-10,Active
A0004961,C003678,Salary,169646.35,2022-10-14,Active
A0004962,C003679,Savings,33374.48,2024-03-26,Active
A0004963,C003679,Salary,22860.6,2024-11-26,Active
A0004964,C003680,Savings,38659.89,2023-02-08,Active
A0004965,C003681,Savings,52955.3,2021-12-23,Active
A0004966,C003682,Fixed Deposit,1055561.88,2020-12-04,Active
A0004967,C003683,Fixed Deposit,55171.64,2024-10-07,Active
A0004968,C003683,Savings,12017.57,2024-03-29,Active
A0004969,C003684,Savings,11804.51,2021-02-08,Active
A0004970,C003684,Fixed Deposit,144965.55,2018-12-07,Active
A0004971,C003684,Fixed Deposit,287191.11,2023-01-23,Active
A0004972,C003685,Salary,23722.29,2022-12-31,Active
A0004973,C003686,Current,4412.11,2023-07-12,Active
A0004974,C003686,Salary,3546.53,2018-06-07,Active
A0004975,C003687,Savings,9840.06,2023-11-27,Active
A0004976,C003688,Fixed Deposit,225774.74,2021-06-19,Active
A0004977,C003689,Savings,46910.65,2024-11-04,Active
A0004978,C003690,Savings,64619.23,2018-10-31,Active
A0004979,C003691,Savings,4371.72,2023-02-27,Active
A0004980,C003692,Savings,88871.21,2022-11-16,Active
A0004981,C003692,Savings,19171.2,2019-06-12,Active
A0004982,C003693,Fixed Deposit,416026.19,2021-11-26,Active
A0004983,C003693,Salary,64349.3,2019-12-19,Active
A0004984,C003694,Salary,11696.33,2021-07-27,Active
A0004985,C003695,Fixed Deposit,328038.37,2022-09-26,Dormant
A0004986,C003696,Savings,2981.5,2020-01-01,Active
A0004987,C003696,Savings,31624.13,2023-04-16,Active
A0004988,C003697,Savings,117494.05,2025-04-21,Active
A0004989,C003698,Salary,28442.03,2018-10-31,Active
A0004990,C003699,Savings,12855.28,2019-06-06,Dormant
A0004991,C003700,Current,13025.45,2019-07-07,Active
A0004992,C003700,Savings,28621.54,2018-05-21,Active
A0004993,C003701,Fixed Deposit,31483.7,2019-04-25,Active
A0004994,C003701,Fixed Deposit,238916.27,2022-06-24,Active
A0004995,C003702,Current,36123.84,2018-07-25,Active
A0004996,C003702,Current,6576.06,2018-02-13,Active
A0004997,C003703,Savings,12069.24,2022-02-20,Active
A0004998,C003704,Salary,13931.48,2022-06-25,Active
A0004999,C003704,Salary,14794.77,2024-01-15,Active
A0005000,C003705,Savings,16075.56,2022-09-25,Active
A0005001,C003706,Savings,17759.97,2019-02-28,Active
A0005002,C003706,Savings,7498.31,2021-03-04,Active
A0005003,C003707,Savings,74254.19,2022-03-16,Active
A0005004,C003708,Current,165533.72,2019-11-24,Active
A0005005,C003708,Fixed Deposit,103562.8,2020-03-04,Active
A0005006,C003709,Savings,94167.76,2023-10-16,Active
A0005007,C003710,Savings,21168.3,2019-02-24,Active
A0005008,C003710,Savings,40200.99,2023-12-18,Active
A0005009,C003710,Current,11590.51,2020-09-22,Dormant
A0005010,C003711,Savings,3583.66,2023-07-15,Active
A0005011,C003712,Salary,33338.8,2022-10-26,Active
A0005012,C003713,Savings,32697.86,2021-03-09,Active
A0005013,C003714,Current,23552.76,2025-02-24,Active
A0005014,C003715,Savings,34310.74,2023-05-10,Active
A0005015,C003716,Savings,28348.85,2025-05-24,Active
A0005016,C003717,Savings,67596.14,2019-01-28,Active
A0005017,C003717,Savings,19125.78,2024-02-06,Active
A0005018,C003717,Salary,34818.16,2020-03-05,Active
A0005019,C003718,Savings,20158.89,2022-02-12,Active
A0005020,C003719,Savings,78087.17,2024-10-24,Active
A0005021,C003720,Savings,8819.75,2024-05-03,Active
A0005022,C003720,Current,17912.34,2022-08-07,Active
A0005023,C003720,Salary,63584.11,2018-06-21,Active
A0005024,C003721,Current,5567.83,2025-01-27,Active
A0005025,C003722,Current,15157.29,2021-08-21,Active
A0005026,C003723,Salary,30674.02,2020-12-12,Dormant
A0005027,C003724,Savings,4315.21,2022-10-14,Active
A0005028,C003724,Salary,8486.17,2018-06-01,Active
A0005029,C003725,Fixed Deposit,158051.62,2020-07-28,Active
A0005030,C003726,Fixed Deposit,127784.57,2019-05-25,Active
A0005031,C003727,Savings,4935.25,2019-11-16,Active
A0005032,C003727,Salary,37110.79,2018-10-04,Active
A0005033,C003728,Savings,19422.27,2024-07-23,Active
A0005034,C003729,Savings,19534.98,2023-06-26,Active
A0005035,C003730,Current,8462.4,2021-04-16,Active
A0005036,C003731,Salary,65794.5,2018-10-13,Active
A0005037,C003731,Savings,2532.93,2023-09-05,Active
A0005038,C003731,Current,7432.33,2022-02-17,Active
A0005039,C003732,Savings,15943.63,2020-07-22,Active
A0005040,C003733,Savings,25240.13,2024-04-30,Active
A0005041,C003734,Fixed Deposit,193550.04,2023-12-11,Active
A0005042,C003734,Fixed Deposit,274304.44,2018-06-14,Active
A0005043,C003735,Savings,18019.97,2022-04-17,Active
A0005044,C003736,Savings,61668.55,2020-01-18,Active
A0005045,C003737,Savings,12113.16,2018-01-23,Active
A0005046,C003737,Savings,33814.83,2022-05-11,Active
A0005047,C003737,Savings,34572.04,2018-06-25,Active
A0005048,C003738,Savings,12638.96,2020-08-24,Active
A0005049,C003739,Salary,8546.04,2023-12-20,Active
A0005050,C003739,Fixed Deposit,554441.99,2018-02-28,Active
A0005051,C003740,Salary,10952.33,2023-12-27,Dormant
A0005052,C003741,Savings,11639.62,2021-04-11,Active
A0005053,C003742,Savings,18607.1,2020-04-26,Active
A0005054,C003743,Current,27263.68,2020-10-11,Active
A0005055,C003743,Fixed Deposit,120638.06,2023-12-25,Active
A0005056,C003744,Savings,9109.0,2020-02-29,Active
A0005057,C003745,Current,12502.55,2021-10-09,Active
A0005058,C003745,Salary,14197.09,2023-02-01,Active
A0005059,C003745,Fixed Deposit,2438734.81,2020-09-27,Active
A0005060,C003746,Fixed Deposit,210867.55,2021-11-14,Active
A0005061,C003746,Savings,20197.71,2024-07-20,Active
A0005062,C003747,Savings,8841.17,2022-07-23,Active
A0005063,C003748,Savings,25501.57,2018-09-26,Active
A0005064,C003748,Current,7919.41,2024-01-23,Active
A0005065,C003749,Savings,15450.36,2021-05-16,Active
A0005066,C003749,Savings,2921.65,2020-07-20,Active
A0005067,C003750,Savings,12110.99,2022-10-04,Active
A0005068,C003751,Fixed Deposit,254886.31,2020-12-02,Active
A0005069,C003751,Salary,7995.33,2022-02-18,Active
A0005070,C003752,Savings,6534.64,2024-07-31,Active
A0005071,C003753,Fixed Deposit,90262.57,2025-04-30,Active
A0005072,C003753,Savings,37097.84,2021-06-04,Active
A0005073,C003754,Savings,4855.05,2022-06-30,Active
A0005074,C003755,Savings,10097.02,2018-07-31,Active
A0005075,C003755,Savings,31185.02,2024-09-23,Active
A0005076,C003755,Fixed Deposit,667659.61,2020-11-26,Active
A0005077,C003756,Salary,62124.11,2022-09-08,Active
A0005078,C003756,Savings,17960.64,2022-10-10,Active
A0005079,C003756,Savings,48974.91,2020-08-02,Active
A0005080,C003757,Savings,30000.15,2018-03-19,Active
A0005081,C003757,Savings,28362.56,2021-03-13,Active
A0005082,C003758,Fixed Deposit,84643.71,2025-04-09,Active
A0005083,C003759,Fixed Deposit,560490.14,2023-09-08,Active
A0005084,C003760,Current,10050.63,2024-06-12,Active
A0005085,C003761,Savings,24706.11,2024-06-01,Active
A0005086,C003762,Savings,24632.13,2018-08-27,Active
A0005087,C003763,Savings,18035.17,2022-10-19,Active
A0005088,C003763,Current,1293.56,2023-07-18,Active
A0005089,C003764,Fixed Deposit,260835.4,2022-11-12,Active
A0005090,C003764,Savings,20614.18,2020-06-27,Dormant
A0005091,C003765,Savings,18344.31,2019-02-20,Active
A0005092,C003766,Savings,7243.17,2024-02-02,Active
A0005093,C003766,Savings,20319.48,2025-04-11,Active
A0005094,C003767,Savings,81737.98,2023-06-21,Active
A0005095,C003767,Current,31176.51,2021-01-15,Active
A0005096,C003768,Fixed Deposit,140282.56,2020-11-12,Active
A0005097,C003769,Savings,11773.86,2018-08-12,Active
A0005098,C003769,Savings,110894.16,2021-01-31,Active
A0005099,C003770,Savings,3235.41,2020-11-29,Active
A0005100,C003771,Current,8346.97,2023-03-16,Active
A0005101,C003771,Salary,76350.9,2020-03-23,Active
A0005102,C003772,Savings,9222.06,2020-09-06,Active
A0005103,C003773,Current,26729.7,2023-04-17,Active
A0005104,C003774,Savings,38287.57,2022-01-14,Active
A0005105,C003775,Savings,24453.77,2020-01-23,Active
A0005106,C003776,Salary,33645.05,2023-09-17,Active
A0005107,C003776,Salary,11030.81,2019-02-23,Active
A0005108,C003777,Savings,27697.18,2022-10-07,Active
A0005109,C003778,Current,3591.82,2020-06-20,Active
A0005110,C003779,Fixed Deposit,814683.05,2021-10-09,Active
A0005111,C003780,Current,22123.72,2024-04-01,Active
A0005112,C003780,Salary,20835.7,2024-12-01,Active
A0005113,C003781,Savings,12234.58,2019-10-28,Active
A0005114,C003781,Savings,13885.2,2018-03-27,Active
A0005115,C003782,Fixed Deposit,440613.4,2019-09-06,Active
A0005116,C003783,Savings,130681.06,2022-07-25,Active
A0005117,C003784,Fixed Deposit,310056.61,2022-11-07,Active
A0005118,C003785,Savings,24932.19,2020-12-19,Active
A0005119,C003786,Savings,3975.09,2024-07-17,Active
A0005120,C003787,Savings,24285.25,2022-02-07,Active
A0005121,C003787,Fixed Deposit,132761.49,2024-08-30,Active
A0005122,C003788,Salary,29406.74,2024-12-16,Active
A0005123,C003789,Salary,31730.36,2025-05-05,Active
A0005124,C003790,Fixed Deposit,173071.34,2022-01-30,Active
A0005125,C003791,Current,63515.91,2021-02-19,Active
A0005126,C003792,Current,14541.5,2018-04-30,Active
A0005127,C003793,Fixed Deposit,225702.52,2018-01-29,Active
A0005128,C003793,Salary,76183.94,2019-06-25,Active
A0005129,C003794,Salary,24050.75,2019-09-07,Active
A0005130,C003794,Savings,21417.72,2021-01-10,Active
A0005131,C003795,Savings,14029.11,2024-08-28,Active
A0005132,C003796,Savings,12723.52,2018-10-16,Dormant
A0005133,C003797,Current,19650.58,2020-12-10,Active
A0005134,C003797,Fixed Deposit,69492.09,2020-07-02,Active
A0005135,C003798,Fixed Deposit,330896.49,2019-04-08,Active
A0005136,C003799,Fixed Deposit,118529.15,2021-09-28,Active
A0005137,C003800,Current,5058.37,2019-05-08,Active
A0005138,C003801,Savings,71904.56,2022-07-30,Active
A0005139,C003802,Current,204832.68,2019-11-22,Active
A0005140,C003803,Savings,30112.87,2024-06-03,Active
A0005141,C003804,Savings,25310.29,2023-05-16,Active
A0005142,C003804,Savings,49970.94,2019-09-20,Dormant
A0005143,C003805,Fixed Deposit,161093.67,2019-01-10,Active
A0005144,C003805,Current,99397.29,2021-07-05,Active
A0005145,C003806,Salary,43356.29,2024-06-25,Active
A0005146,C003807,Salary,30523.29,2023-08-28,Active
A0005147,C003808,Salary,143977.64,2021-02-12,Active
A0005148,C003809,Savings,26249.33,2023-08-19,Active
A0005149,C003809,Fixed Deposit,39807.45,2018-03-24,Active
A0005150,C003810,Savings,2053.1,2023-01-02,Active
A0005151,C003810,Fixed Deposit,145265.81,2020-09-15,Active
A0005152,C003810,Savings,6357.3,2022-07-13,Active
A0005153,C003811,Salary,27180.16,2022-11-15,Active
A0005154,C003812,Current,74947.52,2021-05-31,Active
A0005155,C003812,Savings,171144.45,2021-02-05,Active
A0005156,C003813,Savings,15424.2,2020-12-17,Active
A0005157,C003814,Salary,10462.19,2019-05-25,Active
A0005158,C003814,Savings,22713.82,2024-10-22,Active
A0005159,C003815,Savings,1122.54,2019-08-24,Active
A0005160,C003816,Fixed Deposit,25016.52,2025-05-27,Active
A0005161,C003816,Fixed Deposit,101581.84,2021-06-15,Active
A0005162,C003817,Savings,9191.95,2020-12-04,Active
A0005163,C003818,Salary,25188.3,2019-02-05,Active
A0005164,C003819,Fixed Deposit,59190.21,2020-03-12,Active
A0005165,C003819,Savings,73788.99,2018-06-22,Active
A0005166,C003820,Salary,113214.05,2018-04-15,Active
A0005167,C003820,Fixed Deposit,129593.14,2019-05-27,Active
A0005168,C003821,Savings,13813.82,2021-08-31,Dormant
A0005169,C003822,Salary,14105.5,2024-02-02,Active
A0005170,C003823,Savings,46381.5,2019-09-24,Active
A0005171,C003824,Current,19254.18,2018-12-02,Active
A0005172,C003824,Fixed Deposit,217992.67,2019-02-07,Active
A0005173,C003825,Savings,4461.83,2021-02-01,Active
A0005174,C003826,Salary,10646.92,2020-09-13,Active
A0005175,C003827,Savings,111522.44,2025-04-27,Active
A0005176,C003828,Savings,41095.52,2020-06-11,Active
A0005177,C003828,Savings,22412.94,2018-05-04,Active
A0005178,C003828,Fixed Deposit,238841.28,2023-06-27,Active
A0005179,C003829,Savings,81169.54,2020-10-21,Active
A0005180,C003830,Savings,19647.58,2023-06-10,Active
A0005181,C003831,Savings,38722.23,2019-08-19,Active
A0005182,C003831,Salary,17188.69,2023-12-08,Active
A0005183,C003831,Savings,53954.09,2021-07-15,Active
A0005184,C003832,Savings,52040.63,2021-11-14,Active
A0005185,C003832,Savings,8404.83,2021-03-17,Active
A0005186,C003833,Savings,23406.14,2024-03-05,Active
A0005187,C003834,Savings,8280.87,2025-01-08,Active
A0005188,C003835,Savings,42046.69,2023-03-25,Active
A0005189,C003836,Savings,19637.04,2018-05-09,Dormant
A0005190,C003836,Savings,74143.84,2020-03-26,Active
A0005191,C003836,Savings,14999.37,2023-12-28,Active
A0005192,C003837,Savings,45120.41,2021-04-12,Active
A0005193,C003838,Fixed Deposit,273457.57,2018-05-15,Active
A0005194,C003839,Savings,22241.14,2022-05-09,Active
A0005195,C003839,Savings,12768.16,2021-07-21,Active
A0005196,C003840,Fixed Deposit,60007.34,2024-01-05,Active
A0005197,C003840,Current,30991.5,2022-11-10,Active
A0005198,C003841,Savings,9635.51,2020-04-03,Active
A0005199,C003842,Savings,18718.27,2024-10-12,Active
A0005200,C003842,Savings,24248.41,2024-10-31,Active
A0005201,C003843,Savings,30406.92,2021-10-26,Active
A0005202,C003844,Fixed Deposit,271095.21,2024-07-30,Active
A0005203,C003845,Salary,77879.48,2023-01-15,Dormant
A0005204,C003846,Fixed Deposit,140002.32,2022-06-26,Active
A0005205,C003847,Savings,21246.46,2019-11-28,Active
A0005206,C003848,Savings,134891.82,2020-09-11,Active
A0005207,C003849,Savings,7358.12,2024-09-16,Dormant
A0005208,C003850,Savings,5337.17,2020-05-21,Active
A0005209,C003851,Savings,7543.22,2020-09-24,Active
A0005210,C003852,Fixed Deposit,58757.66,2019-04-09,Active
A0005211,C003852,Current,16750.72,2020-10-02,Active
A0005212,C003853,Savings,7523.72,2024-10-18,Active
A0005213,C003854,Salary,28868.85,2018-09-30,Active
A0005214,C003855,Fixed Deposit,166828.38,2020-10-12,Active
A0005215,C003856,Current,14030.73,2024-12-11,Active
A0005216,C003857,Salary,19279.52,2022-10-03,Dormant
A0005217,C003858,Savings,39773.76,2021-01-19,Active
A0005218,C003859,Salary,11868.95,2020-04-02,Active
A0005219,C003860,Savings,14556.35,2019-08-31,Active
A0005220,C003860,Fixed Deposit,99042.69,2019-07-06,Active
A0005221,C003860,Fixed Deposit,548022.48,2018-01-11,Active
A0005222,C003861,Savings,4694.36,2024-09-27,Active
A0005223,C003862,Savings,86030.6,2022-05-19,Active
A0005224,C003863,Savings,25048.47,2022-05-31,Active
A0005225,C003864,Fixed Deposit,200533.53,2022-08-11,Active
A0005226,C003864,Current,44590.63,2021-03-24,Active
A0005227,C003865,Salary,320018.62,2022-06-17,Active
A0005228,C003865,Current,3205.98,2023-12-04,Active
A0005229,C003866,Savings,75069.39,2019-09-10,Active
A0005230,C003867,Savings,23661.5,2022-08-05,Active
A0005231,C003868,Current,23282.62,2025-01-13,Active
A0005232,C003869,Current,6068.29,2024-07-28,Active
A0005233,C003870,Salary,32528.38,2023-01-16,Active
A0005234,C003871,Salary,39218.79,2021-10-12,Active
A0005235,C003871,Savings,36038.83,2024-06-29,Active
A0005236,C003872,Savings,22563.11,2025-05-06,Active
A0005237,C003873,Savings,17594.81,2021-03-01,Active
A0005238,C003873,Fixed Deposit,116460.5,2025-02-03,Active
A0005239,C003874,Fixed Deposit,546180.97,2018-09-25,Active
A0005240,C003875,Savings,57060.65,2019-09-30,Active
A0005241,C003875,Savings,15541.81,2021-05-04,Active
A0005242,C003876,Current,13818.89,2021-07-09,Active
A0005243,C003877,Savings,40923.79,2018-12-05,Active
A0005244,C003878,Fixed Deposit,419879.76,2020-01-22,Active
A0005245,C003879,Savings,29595.96,2019-09-10,Active
A0005246,C003880,Current,40669.28,2024-09-14,Active
A0005247,C003881,Salary,16640.41,2018-04-10,Active
A0005248,C003882,Savings,39016.7,2022-05-29,Active
A0005249,C003883,Salary,123473.3,2018-08-22,Active
A0005250,C003883,Current,61004.11,2021-02-19,Active
A0005251,C003884,Salary,100000.63,2019-02-04,Active
A0005252,C003885,Current,46980.18,2022-03-20,Active
A0005253,C003886,Savings,16708.79,2022-05-10,Active
A0005254,C003887,Savings,19917.45,2022-07-25,Active
A0005255,C003888,Savings,27890.47,2023-10-28,Active
A0005256,C003888,Savings,22068.11,2021-07-01,Active
A0005257,C003889,Fixed Deposit,203631.18,2022-03-24,Active
A0005258,C003889,Current,39616.32,2021-08-27,Active
A0005259,C003890,Savings,38300.31,2019-02-25,Active
A0005260,C003891,Savings,5551.25,2018-03-26,Active
A0005261,C003892,Savings,68533.89,2023-10-10,Active
A0005262,C003893,Fixed Deposit,220286.92,2021-01-19,Active
A0005263,C003894,Fixed Deposit,200243.94,2018-12-01,Active
A0005264,C003894,Salary,28669.19,2018-12-19,Active
A0005265,C003895,Savings,101359.06,2022-08-30,Active
A0005266,C003895,Fixed Deposit,75148.81,2018-11-25,Active
A0005267,C003895,Current,19533.67,2022-03-18,Active
A0005268,C003896,Salary,9773.75,2022-02-27,Active
A0005269,C003897,Savings,11120.68,2023-08-30,Active
A0005270,C003897,Savings,48108.43,2024-06-29,Active
A0005271,C003897,Current,24273.97,2020-10-16,Active
A0005272,C003898,Savings,16851.17,2019-09-17,Active
A0005273,C003899,Current,6693.73,2021-01-13,Active
A0005274,C003899,Fixed Deposit,216473.6,2024-10-22,Active
A0005275,C003900,Savings,14652.5,2023-04-06,Active
A0005276,C003901,Salary,28064.57,2021-08-20,Active
A0005277,C003902,Savings,8941.43,2020-06-10,Active
A0005278,C003903,Fixed Deposit,276356.12,2021-07-30,Active
A0005279,C003903,Current,9175.58,2024-10-22,Active
A0005280,C003904,Fixed Deposit,106182.0,2022-05-23,Active
A0005281,C003905,Fixed Deposit,131373.73,2024-04-17,Active
A0005282,C003905,Savings,67056.53,2025-06-22,Active
A0005283,C003905,Fixed Deposit,189460.4,2019-07-19,Active
A0005284,C003906,Savings,30966.75,2023-06-03,Active
A0005285,C003907,Fixed Deposit,102535.92,2023-02-06,Active
A0005286,C003908,Savings,83595.46,2022-07-10,Active
A0005287,C003908,Fixed Deposit,40865.15,2019-11-28,Active
A0005288,C003909,Savings,89558.56,2021-07-21,Dormant
A0005289,C003910,Current,26201.35,2020-03-17,Active
A0005290,C003911,Salary,18855.21,2024-12-04,Active
A0005291,C003911,Salary,23027.94,2021-06-28,Active
A0005292,C003912,Savings,12008.27,2018-06-02,Active
A0005293,C003912,Savings,29576.08,2021-02-23,Active
A0005294,C003913,Savings,35046.97,2025-06-20,Active
A0005295,C003914,Salary,19009.25,2023-05-08,Active
A0005296,C003914,Salary,7552.14,2023-01-01,Active
A0005297,C003915,Current,78185.59,2025-03-21,Active
A0005298,C003916,Savings,71432.3,2019-02-07,Active
A0005299,C003917,Savings,76118.88,2021-10-04,Active
A0005300,C003918,Fixed Deposit,180977.35,2023-10-10,Active
A0005301,C003919,Savings,43114.74,2018-05-06,Active
A0005302,C003919,Fixed Deposit,115771.53,2023-11-14,Active
A0005303,C003919,Savings,98016.67,2020-09-12,Active
A0005304,C003920,Current,14656.4,2019-12-06,Active
A0005305,C003921,Fixed Deposit,149760.52,2019-10-09,Active
A0005306,C003922,Savings,25162.68,2025-01-18,Active
A0005307,C003923,Salary,23275.39,2024-04-04,Active
A0005308,C003923,Savings,11637.75,2024-08-08,Active
A0005309,C003924,Salary,5981.88,2018-03-20,Active
A0005310,C003925,Salary,13573.72,2018-04-15,Active
A0005311,C003925,Savings,4093.89,2021-06-29,Active
A0005312,C003926,Salary,32241.97,2020-02-17,Active
A0005313,C003927,Current,12900.81,2020-02-04,Active
A0005314,C003928,Savings,50731.51,2018-01-01,Active
A0005315,C003928,Current,201683.91,2019-10-30,Active
A0005316,C003929,Savings,17205.03,2024-07-18,Dormant
A0005317,C003930,Savings,6655.31,2024-08-09,Active
A0005318,C003931,Savings,91605.42,2018-03-16,Active
A0005319,C003932,Current,19187.41,2021-07-24,Active
A0005320,C003933,Savings,66820.76,2020-01-04,Active
A0005321,C003934,Savings,22696.93,2018-11-08,Active
A0005322,C003934,Savings,33194.06,2024-08-22,Active
A0005323,C003934,Current,5830.72,2021-08-10,Active
A0005324,C003935,Savings,8190.82,2021-01-19,Active
A0005325,C003935,Fixed Deposit,78829.88,2024-07-29,Active
A0005326,C003936,Current,24249.15,2018-04-16,Dormant
A0005327,C003937,Salary,6524.68,2024-11-13,Active
A0005328,C003937,Savings,8983.02,2024-11-20,Active
A0005329,C003938,Savings,36115.33,2023-02-25,Active
A0005330,C003939,Salary,32012.58,2024-11-21,Active
A0005331,C003940,Savings,22498.24,2023-05-28,Active
A0005332,C003941,Salary,51614.45,2023-11-04,Active
A0005333,C003942,Fixed Deposit,212354.92,2020-05-05,Active
A0005334,C003943,Fixed Deposit,149699.76,2022-04-17,Active
A0005335,C003943,Current,15095.68,2018-05-14,Active
A0005336,C003944,Savings,13744.65,2020-12-30,Active
A0005337,C003945,Savings,19040.5,2023-02-09,Active
A0005338,C003946,Salary,3221.67,2021-11-16,Active
A0005339,C003947,Savings,43201.28,2023-04-11,Active
A0005340,C003947,Savings,14180.53,2023-07-02,Active
A0005341,C003947,Savings,40626.47,2023-12-01,Active
A0005342,C003948,Savings,6597.57,2024-02-16,Active
A0005343,C003949,Current,93377.58,2022-02-01,Active
A0005344,C003950,Salary,22604.93,2024-11-07,Active
A0005345,C003951,Fixed Deposit,51779.81,2025-02-05,Active
A0005346,C003951,Savings,83020.89,2021-04-02,Active
A0005347,C003951,Savings,19837.62,2022-07-05,Active
A0005348,C003952,Fixed Deposit,80252.05,2024-08-03,Active
A0005349,C003953,Fixed Deposit,68364.02,2019-04-06,Active
A0005350,C003954,Savings,24201.96,2022-02-17,Active
A0005351,C003954,Salary,81060.08,2024-01-20,Active
A0005352,C003955,Savings,7955.58,2022-10-20,Active
A0005353,C003955,Salary,43570.81,2025-05-21,Active
A0005354,C003956,Fixed Deposit,102338.76,2021-07-22,Active
A0005355,C003957,Savings,23160.9,2018-08-21,Active
A0005356,C003958,Fixed Deposit,121990.66,2023-04-19,Active
A0005357,C003958,Savings,5685.83,2023-07-17,Active
A0005358,C003959,Salary,55255.88,2018-06-03,Active
A0005359,C003959,Savings,59212.34,2019-04-07,Active
A0005360,C003959,Current,8260.37,2024-07-08,Active
A0005361,C003960,Fixed Deposit,143287.14,2024-11-04,Active
A0005362,C003961,Savings,31802.41,2021-08-29,Active
A0005363,C003962,Current,27764.64,2025-03-16,Active
A0005364,C003963,Fixed Deposit,87150.56,2019-09-08,Active
A0005365,C003963,Savings,41370.25,2024-08-04,Active
A0005366,C003963,Savings,12694.05,2020-06-13,Active
A0005367,C003964,Savings,17685.96,2023-11-15,Active
A0005368,C003965,Savings,84611.52,2020-09-19,Active
A0005369,C003966,Salary,384392.25,2021-08-04,Active
A0005370,C003966,Salary,30796.47,2022-10-10,Active
A0005371,C003967,Current,31186.24,2020-04-12,Active
A0005372,C003968,Savings,13122.55,2018-03-18,Active
A0005373,C003969,Savings,49350.69,2018-09-10,Active
A0005374,C003970,Fixed Deposit,108939.73,2023-08-15,Active
A0005375,C003971,Current,9227.18,2019-08-02,Active
A0005376,C003971,Salary,51198.4,2019-04-29,Active
A0005377,C003972,Current,17886.78,2019-10-12,Active
A0005378,C003972,Salary,12171.29,2023-02-28,Active
A0005379,C003973,Salary,22212.86,2018-09-12,Active
A0005380,C003973,Fixed Deposit,129833.42,2020-06-22,Active
A0005381,C003973,Savings,36185.2,2018-12-19,Active
A0005382,C003974,Savings,42267.0,2022-09-01,Active
A0005383,C003974,Savings,7330.39,2025-05-06,Active
A0005384,C003975,Salary,41681.13,2023-03-21,Active
A0005385,C003975,Fixed Deposit,148170.0,2022-09-05,Active
A0005386,C003975,Savings,9230.38,2021-01-14,Active
A0005387,C003976,Savings,79336.21,2022-04-15,Active
A0005388,C003977,Savings,33969.14,2022-06-22,Dormant
A0005389,C003977,Current,28515.36,2019-02-18,Active
A0005390,C003978,Savings,86050.37,2020-04-11,Active
A0005391,C003979,Fixed Deposit,312751.84,2022-01-26,Active
A0005392,C003980,Savings,24477.53,2018-08-12,Active
A0005393,C003981,Savings,14219.21,2021-02-25,Active
A0005394,C003982,Savings,33854.3,2019-04-15,Active
A0005395,C003982,Current,23273.11,2025-05-05,Active
A0005396,C003983,Salary,77999.46,2020-09-10,Active
A0005397,C003984,Savings,29508.87,2020-09-25,Active
A0005398,C003985,Savings,17670.06,2019-11-21,Active
A0005399,C003986,Savings,48406.39,2021-10-20,Active
A0005400,C003987,Savings,19794.74,2023-06-22,Active
A0005401,C003988,Salary,70909.24,2021-04-16,Active
A0005402,C003988,Salary,13270.15,2019-01-18,Active
A0005403,C003989,Salary,38263.55,2025-04-23,Active
A0005404,C003989,Current,29490.85,2018-11-30,Active
A0005405,C003990,Salary,7678.94,2022-10-30,Active
A0005406,C003990,Savings,24137.08,2024-06-18,Active
A0005407,C003990,Salary,37094.03,2020-03-14,Active
A0005408,C003991,Savings,5591.46,2024-10-25,Active
A0005409,C003992,Fixed Deposit,85532.41,2021-06-15,Active
A0005410,C003993,Current,12294.81,2021-05-03,Dormant
A0005411,C003994,Savings,7515.82,2023-01-14,Active
A0005412,C003995,Current,27875.27,2020-11-03,Active
A0005413,C003996,Salary,30107.83,2021-09-11,Active
A0005414,C003997,Salary,7037.04,2024-11-27,Active
A0005415,C003998,Savings,5499.58,2023-01-04,Active
A0005416,C003998,Fixed Deposit,62413.94,2024-05-07,Active
A0005417,C003999,Savings,34310.5,2025-02-17,Active
A0005418,C004000,Savings,23790.02,2023-06-06,Active
A0005419,C004000,Savings,19256.05,2022-03-06,Active
A0005420,C004001,Current,41897.37,2018-06-03,Active
A0005421,C004002,Current,16570.2,2024-12-04,Active
A0005422,C004003,Savings,126639.33,2023-10-27,Active
A0005423,C004004,Salary,18628.5,2021-10-08,Active
A0005424,C004004,Savings,17336.48,2024-05-19,Active
A0005425,C004005,Savings,4528.37,2023-06-20,Active
A0005426,C004005,Savings,256985.71,2022-08-08,Active
A0005427,C004006,Fixed Deposit,208214.52,2019-07-08,Active
A0005428,C004007,Savings,62584.51,2019-09-19,Active
A0005429,C004008,Savings,34662.64,2022-07-01,Active
A0005430,C004009,Savings,9861.46,2021-07-02,Active
A0005431,C004010,Salary,17702.95,2021-05-06,Active
A0005432,C004011,Savings,13458.42,2022-01-07,Active
A0005433,C004012,Fixed Deposit,102696.32,2020-07-22,Active
A0005434,C004013,Savings,8892.63,2022-11-06,Active
A0005435,C004014,Savings,209559.1,2020-03-03,Active
A0005436,C004014,Fixed Deposit,69974.58,2022-02-12,Active
A0005437,C004015,Savings,55753.38,2021-07-04,Active
A0005438,C004015,Current,4698.04,2019-11-11,Active
A0005439,C004015,Salary,31117.52,2021-01-07,Active
A0005440,C004016,Fixed Deposit,67642.99,2022-10-16,Active
A0005441,C004017,Savings,19228.6,2023-12-05,Active
A0005442,C004018,Current,26498.51,2019-12-17,Active
A0005443,C004019,Salary,19504.64,2021-03-13,Active
A0005444,C004020,Fixed Deposit,208228.06,2025-04-28,Active
A0005445,C004021,Salary,19024.9,2024-07-20,Active
A0005446,C004022,Current,285725.2,2021-02-17,Active
A0005447,C004023,Savings,113134.17,2024-02-01,Active
A0005448,C004024,Fixed Deposit,320162.34,2022-12-07,Active
A0005449,C004025,Fixed Deposit,477374.32,2021-03-06,Active
A0005450,C004025,Savings,7259.18,2024-07-18,Active
A0005451,C004026,Savings,151238.55,2023-02-04,Active
A0005452,C004027,Savings,19629.81,2022-05-14,Active
A0005453,C004027,Savings,16300.69,2022-06-05,Active
A0005454,C004028,Savings,20842.41,2018-06-09,Active
A0005455,C004029,Salary,22888.14,2024-07-14,Active
A0005456,C004029,Savings,294901.38,2018-03-07,Active
A0005457,C004030,Savings,29455.18,2021-10-26,Active
A0005458,C004030,Savings,30917.09,2025-05-27,Active
A0005459,C004031,Savings,23277.72,2020-08-21,Active
A0005460,C004032,Savings,26337.2,2021-03-08,Active
A0005461,C004033,Savings,21543.92,2019-11-21,Active
A0005462,C004034,Fixed Deposit,522182.06,2025-06-21,Active
A0005463,C004035,Current,19166.73,2019-01-05,Active
A0005464,C004036,Savings,18443.67,2023-12-02,Active
A0005465,C004037,Savings,135153.44,2023-08-25,Active
A0005466,C004038,Savings,8935.21,2021-03-05,Active
A0005467,C004039,Salary,22561.08,2020-09-16,Active
A0005468,C004040,Savings,5779.29,2022-04-04,Active
A0005469,C004040,Savings,18453.2,2019-02-09,Active
A0005470,C004041,Savings,12842.45,2020-03-10,Active
A0005471,C004042,Savings,15308.26,2018-04-25,Active
A0005472,C004043,Savings,3795.22,2020-08-09,Active
A0005473,C004043,Savings,3569.71,2021-12-20,Active
A0005474,C004044,Savings,24607.13,2025-02-27,Active
A0005475,C004045,Savings,7465.39,2020-02-02,Active
A0005476,C004046,Savings,49135.57,2020-01-12,Active
A0005477,C004047,Fixed Deposit,261641.46,2020-02-13,Active
A0005478,C004047,Current,16745.68,2023-08-01,Active
A0005479,C004047,Savings,20215.35,2018-11-21,Active
A0005480,C004048,Current,8936.29,2022-06-22,Active
A0005481,C004048,Fixed Deposit,126866.57,2021-03-30,Dormant
A0005482,C004049,Current,31745.02,2020-10-13,Active
A0005483,C004050,Savings,21859.0,2023-10-07,Active
A0005484,C004050,Salary,38115.99,2025-06-28,Active
A0005485,C004051,Savings,2784.2,2018-08-09,Active
A0005486,C004052,Fixed Deposit,87655.25,2020-03-11,Active
A0005487,C004052,Savings,16915.45,2023-11-05,Active
A0005488,C004053,Salary,4408.09,2019-05-24,Active
A0005489,C004053,Savings,34330.96,2018-02-08,Active
A0005490,C004054,Savings,35304.96,2020-07-14,Active
A0005491,C004055,Salary,43673.91,2023-02-01,Active
A0005492,C004055,Current,21864.36,2025-03-06,Dormant
A0005493,C004055,Savings,16702.84,2023-06-29,Active
A0005494,C004056,Savings,31527.4,2019-10-16,Active
A0005495,C004057,Savings,33850.12,2020-02-13,Active
A0005496,C004058,Current,10045.94,2024-03-28,Active
A0005497,C004059,Savings,39199.89,2021-08-25,Active
A0005498,C004059,Savings,2049.25,2018-07-16,Active
A0005499,C004060,Savings,105160.86,2024-09-02,Active
A0005500,C004061,Savings,140200.09,2020-09-14,Active
A0005501,C004062,Savings,7861.72,2018-02-27,Active
A0005502,C004063,Savings,4291.47,2020-12-20,Active
A0005503,C004063,Savings,3977.1,2023-07-23,Active
A0005504,C004064,Savings,33293.64,2025-04-01,Active
A0005505,C004065,Savings,18327.81,2025-03-01,Active
A0005506,C004066,Fixed Deposit,30136.98,2018-11-30,Active
A0005507,C004067,Savings,4074.27,2021-12-11,Active
A0005508,C004068,Savings,32138.05,2018-10-13,Active
A0005509,C004069,Fixed Deposit,210920.18,2018-03-11,Active
A0005510,C004070,Fixed Deposit,262487.35,2019-01-16,Active
A0005511,C004070,Savings,10039.17,2018-05-16,Active
A0005512,C004071,Savings,98918.26,2021-05-08,Active
A0005513,C004071,Savings,28668.16,2022-12-29,Active
A0005514,C004072,Fixed Deposit,190691.74,2018-07-31,Active
A0005515,C004073,Savings,131139.21,2025-05-24,Active
A0005516,C004074,Savings,11661.66,2021-06-17,Active
A0005517,C004075,Salary,14303.28,2025-05-10,Active
A0005518,C004076,Current,18077.92,2019-01-23,Active
A0005519,C004077,Savings,6957.76,2024-12-29,Active
A0005520,C004078,Savings,69663.38,2022-03-14,Active
A0005521,C004079,Savings,23257.24,2022-07-09,Active
A0005522,C004080,Savings,17572.03,2023-03-11,Active
A0005523,C004081,Savings,11568.02,2018-06-02,Dormant
A0005524,C004081,Salary,197287.06,2025-04-09,Active
A0005525,C004082,Current,46335.65,2019-07-20,Active
A0005526,C004082,Savings,47293.54,2021-07-17,Active
A0005527,C004083,Fixed Deposit,126453.66,2018-04-09,Dormant
A0005528,C004084,Current,18324.02,2023-07-17,Active
A0005529,C004085,Salary,10211.67,2025-01-04,Active
A0005530,C004085,Salary,55079.25,2022-10-12,Active
A0005531,C004086,Salary,10854.74,2019-12-04,Active
A0005532,C004087,Savings,28919.14,2018-08-07,Active
A0005533,C004088,Savings,23120.22,2024-10-04,Active
A0005534,C004089,Savings,48426.53,2023-09-29,Active
A0005535,C004089,Savings,23169.01,2019-09-02,Active
A0005536,C004090,Fixed Deposit,550796.0,2019-04-30,Active
A0005537,C004091,Savings,9398.7,2023-11-13,Active
A0005538,C004092,Savings,28557.04,2018-09-05,Active
A0005539,C004093,Savings,16046.34,2024-05-25,Active
A0005540,C004093,Savings,15031.37,2023-01-09,Active
A0005541,C004094,Fixed Deposit,124645.27,2018-10-12,Active
A0005542,C004094,Savings,4236.43,2021-08-10,Active
A0005543,C004095,Salary,10275.77,2019-05-31,Active
A0005544,C004096,Savings,21662.41,2023-01-16,Active
A0005545,C004097,Salary,58583.81,2019-12-22,Active
A0005546,C004098,Fixed Deposit,504019.73,2023-01-20,Active
A0005547,C004099,Current,37001.09,2019-04-25,Active
A0005548,C004100,Current,71732.87,2021-03-28,Active
A0005549,C004100,Salary,19737.5,2023-06-12,Active
A0005550,C004101,Savings,4540.9,2024-06-06,Active
A0005551,C004102,Savings,101225.12,2021-10-28,Active
A0005552,C004103,Savings,24731.15,2020-03-01,Active
A0005553,C004104,Savings,26211.23,2018-05-22,Dormant
A0005554,C004105,Current,6403.22,2021-01-31,Active
A0005555,C004106,Salary,72225.25,2021-05-17,Active
A0005556,C004107,Savings,40747.52,2019-11-24,Active
A0005557,C004108,Salary,31439.82,2018-07-12,Active
A0005558,C004109,Savings,16239.49,2025-06-09,Active
A0005559,C004109,Current,21567.99,2022-03-25,Active
A0005560,C004110,Fixed Deposit,255878.38,2018-07-02,Active
A0005561,C004111,Current,12903.0,2024-04-14,Active
A0005562,C004112,Fixed Deposit,155555.12,2022-01-29,Active
A0005563,C004112,Current,46832.96,2018-03-10,Active
A0005564,C004113,Fixed Deposit,189078.14,2019-09-19,Active
A0005565,C004113,Savings,5778.48,2025-06-16,Active
A0005566,C004113,Current,31787.87,2018-01-09,Active
A0005567,C004114,Savings,44480.34,2025-03-21,Active
A0005568,C004114,Salary,4507.19,2024-07-18,Active
A0005569,C004115,Savings,157407.42,2018-10-18,Active
A0005570,C004116,Salary,28731.88,2019-08-11,Active
A0005571,C004117,Savings,3911.93,2022-04-13,Active
A0005572,C004118,Salary,148065.4,2019-05-07,Active
A0005573,C004119,Savings,11954.33,2022-04-27,Active
A0005574,C004120,Salary,27089.94,2022-05-23,Active
A0005575,C004121,Savings,8810.19,2018-04-23,Active
A0005576,C004122,Fixed Deposit,88043.94,2019-02-04,Active
A0005577,C004123,Savings,12093.21,2022-07-19,Active
A0005578,C004124,Savings,54257.98,2023-10-29,Active
A0005579,C004124,Savings,42499.86,2025-03-17,Active
A0005580,C004124,Savings,39816.1,2024-01-11,Active
A0005581,C004125,Savings,14037.68,2022-08-13,Active
A0005582,C004125,Current,10699.8,2025-05-23,Active
A0005583,C004125,Salary,31245.84,2020-05-27,Active
A0005584,C004126,Savings,8715.33,2024-08-17,Active
A0005585,C004127,Fixed Deposit,208024.14,2020-04-02,Active
A0005586,C004128,Fixed Deposit,48302.33,2021-03-02,Active
A0005587,C004128,Savings,31437.8,2019-05-21,Active
A0005588,C004129,Savings,22224.29,2024-12-25,Active
A0005589,C004129,Fixed Deposit,75131.44,2022-04-24,Active
A0005590,C004130,Salary,68954.12,2019-02-02,Active
A0005591,C004131,Current,10361.8,2020-10-09,Active
A0005592,C004131,Savings,34704.81,2021-05-15,Active
A0005593,C004132,Savings,15060.71,2020-07-14,Active
A0005594,C004133,Fixed Deposit,151698.97,2020-06-24,Active
A0005595,C004134,Fixed Deposit,140949.57,2024-09-30,Active
A0005596,C004135,Savings,25758.81,2018-01-24,Active
A0005597,C004136,Savings,19376.27,2018-08-02,Active
A0005598,C004137,Savings,58747.18,2020-01-05,Active
A0005599,C004138,Savings,37408.83,2024-10-09,Active
A0005600,C004139,Fixed Deposit,119546.14,2021-10-06,Active
A0005601,C004139,Salary,7576.17,2019-02-06,Active
A0005602,C004139,Salary,21315.97,2020-04-09,Active
A0005603,C004140,Savings,12604.1,2021-04-24,Active
A0005604,C004140,Savings,28575.14,2025-05-17,Active
A0005605,C004141,Savings,29770.57,2019-05-31,Active
A0005606,C004141,Salary,81289.45,2020-11-10,Active
A0005607,C004142,Fixed Deposit,175830.33,2021-11-13,Active
A0005608,C004143,Savings,61292.44,2020-06-27,Active
A0005609,C004144,Savings,5921.32,2019-02-23,Active
A0005610,C004144,Salary,29200.62,2018-07-06,Active
A0005611,C004145,Current,29454.69,2024-12-04,Active
A0005612,C004145,Salary,62565.78,2018-05-19,Active
A0005613,C004146,Salary,48219.5,2019-11-16,Active
A0005614,C004147,Savings,35785.64,2018-05-14,Active
A0005615,C004148,Savings,30884.76,2022-09-30,Active
A0005616,C004148,Savings,14235.43,2021-04-21,Active
A0005617,C004149,Fixed Deposit,98504.63,2020-09-27,Active
A0005618,C004150,Savings,7553.55,2023-07-14,Active
A0005619,C004151,Salary,15748.96,2018-03-19,Active
A0005620,C004152,Savings,47486.0,2020-03-06,Active
A0005621,C004153,Savings,3329.88,2020-12-16,Active
A0005622,C004154,Savings,81011.15,2019-10-11,Active
A0005623,C004155,Savings,29392.58,2025-06-02,Active
A0005624,C004156,Savings,30251.22,2020-06-27,Active
A0005625,C004157,Current,76109.36,2024-05-09,Active
A0005626,C004158,Current,37167.71,2019-07-15,Active
A0005627,C004158,Savings,13054.73,2023-01-27,Active
A0005628,C004159,Savings,24772.06,2023-05-11,Active
A0005629,C004160,Savings,177449.53,2024-10-13,Active
A0005630,C004161,Savings,18567.53,2024-10-08,Active
A0005631,C004162,Salary,19292.68,2021-10-18,Active
A0005632,C004163,Fixed Deposit,135905.76,2021-09-02,Active
A0005633,C004164,Current,97598.38,2022-05-18,Active
A0005634,C004165,Savings,31292.01,2021-06-14,Active
A0005635,C004166,Salary,18802.57,2018-05-11,Active
A0005636,C004166,Current,17074.36,2022-06-06,Active
A0005637,C004167,Fixed Deposit,87884.06,2023-11-26,Active
A0005638,C004168,Savings,9070.79,2020-05-10,Active
A0005639,C004168,Salary,1275.12,2020-07-09,Active
A0005640,C004169,Savings,13482.55,2020-04-17,Active
A0005641,C004170,Savings,16877.19,2020-04-10,Active
A0005642,C004171,Savings,11261.43,2023-02-01,Dormant
A0005643,C004172,Fixed Deposit,816565.12,2021-12-09,Active
A0005644,C004172,Fixed Deposit,134138.27,2023-02-15,Active
A0005645,C004173,Savings,30859.0,2024-07-31,Active
A0005646,C004173,Current,59201.99,2019-10-10,Active
A0005647,C004174,Fixed Deposit,106396.29,2020-10-02,Active
A0005648,C004175,Savings,10775.4,2022-01-25,Active
A0005649,C004176,Savings,19044.64,2019-02-23,Active
A0005650,C004176,Savings,70889.55,2022-01-29,Active
A0005651,C004177,Salary,5797.47,2023-12-30,Active
A0005652,C004177,Salary,17045.21,2024-09-21,Active
A0005653,C004178,Savings,19604.69,2021-09-25,Active
A0005654,C004179,Fixed Deposit,84443.23,2020-10-22,Active
A0005655,C004179,Salary,38380.83,2020-08-28,Active
A0005656,C004180,Salary,54986.18,2019-12-31,Active
A0005657,C004181,Savings,46645.12,2021-05-11,Active
A0005658,C004182,Savings,36189.28,2023-03-16,Active
A0005659,C004182,Fixed Deposit,66906.81,2024-06-03,Active
A0005660,C004183,Savings,8497.92,2019-08-17,Active
A0005661,C004184,Savings,126845.1,2022-09-20,Active
A0005662,C004185,Savings,9966.81,2018-09-05,Active
A0005663,C004186,Savings,31511.08,2023-08-13,Dormant
A0005664,C004187,Salary,10502.96,2024-02-20,Active
A0005665,C004188,Savings,176213.52,2021-09-07,Active
A0005666,C004189,Savings,25268.13,2022-08-17,Active
A0005667,C004190,Salary,13064.24,2023-06-03,Active
A0005668,C004191,Savings,36158.9,2024-01-22,Active
A0005669,C004191,Savings,31888.57,2021-02-17,Active
A0005670,C004192,Fixed Deposit,142385.89,2022-12-15,Active
A0005671,C004193,Fixed Deposit,378621.31,2021-07-29,Active
A0005672,C004194,Salary,6924.54,2023-09-22,Active
A0005673,C004195,Savings,48615.33,2023-06-05,Active
A0005674,C004196,Savings,57717.84,2025-05-20,Active
A0005675,C004196,Savings,26215.52,2023-07-28,Active
A0005676,C004197,Savings,90307.31,2023-03-07,Active
A0005677,C004198,Current,17955.59,2021-01-10,Active
A0005678,C004198,Savings,14102.34,2018-03-18,Active
A0005679,C004199,Savings,49962.29,2019-01-01,Active
A0005680,C004199,Fixed Deposit,111693.0,2023-06-07,Active
A0005681,C004200,Savings,4546.95,2023-03-08,Active
A0005682,C004201,Savings,28862.31,2018-06-08,Dormant
A0005683,C004202,Savings,4079.71,2023-05-27,Active
A0005684,C004203,Fixed Deposit,161019.21,2022-06-08,Active
A0005685,C004204,Current,6264.6,2022-07-30,Active
A0005686,C004205,Savings,10171.89,2021-05-06,Active
A0005687,C004205,Savings,38377.16,2023-09-20,Active
A0005688,C004205,Current,27281.33,2018-11-25,Active
A0005689,C004206,Current,7596.66,2024-11-11,Active
A0005690,C004206,Savings,26381.39,2018-06-21,Active
A0005691,C004207,Savings,36989.05,2021-08-02,Active
A0005692,C004208,Savings,19085.14,2022-07-19,Active
A0005693,C004208,Savings,12379.92,2020-02-21,Active
A0005694,C004209,Fixed Deposit,42227.93,2018-12-02,Active
A0005695,C004210,Salary,17227.26,2020-06-12,Active
A0005696,C004211,Fixed Deposit,32963.1,2020-04-27,Active
A0005697,C004212,Savings,45382.77,2021-08-04,Active
A0005698,C004213,Savings,88355.99,2022-12-18,Active
A0005699,C004213,Current,5437.52,2024-08-09,Active
A0005700,C004213,Savings,12887.73,2024-03-14,Active
A0005701,C004214,Salary,34339.96,2022-09-30,Active
A0005702,C004215,Savings,23491.69,2022-04-03,Active
A0005703,C004216,Savings,32135.41,2024-11-06,Active
A0005704,C004217,Savings,8725.41,2021-09-10,Active
A0005705,C004217,Salary,51946.96,2018-11-14,Active
A0005706,C004217,Current,12751.56,2020-12-17,Active
A0005707,C004218,Savings,12469.47,2018-06-03,Active
A0005708,C004218,Savings,1000.0,2023-11-30,Active
A0005709,C004219,Current,13570.08,2023-09-09,Active
A0005710,C004219,Savings,113315.92,2023-09-09,Active
A0005711,C004220,Salary,14454.98,2018-06-02,Active
A0005712,C004220,Current,43900.3,2023-01-03,Active
A0005713,C004221,Savings,38939.01,2024-07-29,Active
A0005714,C004222,Fixed Deposit,132936.53,2024-10-06,Active
A0005715,C004223,Savings,68672.5,2019-12-21,Active
A0005716,C004223,Savings,169529.0,2024-07-25,Active
A0005717,C004223,Current,5016.08,2018-11-11,Active
A0005718,C004224,Current,23795.8,2021-09-07,Active
A0005719,C004224,Savings,117756.68,2023-06-02,Active
A0005720,C004225,Savings,12029.56,2019-04-07,Active
A0005721,C004226,Salary,38726.45,2022-11-01,Active
A0005722,C004227,Fixed Deposit,652602.6,2019-08-31,Active
A0005723,C004228,Savings,34377.43,2022-10-18,Active
A0005724,C004229,Fixed Deposit,615891.39,2025-05-05,Active
A0005725,C004230,Current,21286.13,2024-04-05,Active
A0005726,C004231,Current,10416.81,2020-01-15,Active
A0005727,C004232,Fixed Deposit,130096.36,2023-11-24,Active
A0005728,C004233,Salary,23152.13,2022-11-23,Active
A0005729,C004234,Salary,34921.81,2024-06-19,Active
A0005730,C004235,Savings,24700.5,2023-05-29,Active
A0005731,C004236,Savings,40882.43,2022-06-03,Active
A0005732,C004237,Savings,90229.15,2023-12-19,Active
A0005733,C004238,Current,20044.27,2018-03-06,Active
A0005734,C004238,Savings,22996.55,2021-08-14,Active
A0005735,C004239,Savings,8991.95,2020-07-12,Active
A0005736,C004239,Fixed Deposit,62633.67,2022-01-08,Active
A0005737,C004239,Savings,119446.26,2020-10-31,Active
A0005738,C004240,Savings,15893.85,2024-11-17,Active
A0005739,C004240,Current,4604.52,2022-07-23,Active
A0005740,C004241,Savings,17903.95,2020-10-13,Active
A0005741,C004242,Salary,40458.86,2024-02-27,Active
A0005742,C004243,Savings,7090.15,2020-02-13,Dormant
A0005743,C004244,Current,12629.19,2019-02-19,Active
A0005744,C004245,Savings,13095.54,2024-07-30,Active
A0005745,C004246,Fixed Deposit,123840.27,2020-11-27,Active
A0005746,C004247,Savings,18989.34,2024-06-28,Active
A0005747,C004248,Current,41034.33,2019-02-12,Active
A0005748,C004249,Fixed Deposit,51199.25,2022-09-10,Active
A0005749,C004249,Salary,14971.22,2024-03-09,Active
A0005750,C004250,Salary,8055.11,2018-10-17,Active
A0005751,C004251,Savings,8052.69,2022-10-01,Active
A0005752,C004251,Savings,24413.57,2018-12-29,Active
A0005753,C004252,Fixed Deposit,288097.98,2021-03-25,Active
A0005754,C004253,Savings,42917.75,2019-04-30,Active
A0005755,C004254,Savings,36396.29,2025-02-26,Active
A0005756,C004254,Savings,27330.6,2022-02-15,Active
A0005757,C004255,Savings,16975.96,2018-06-14,Active
A0005758,C004256,Savings,25971.8,2020-07-07,Active
A0005759,C004257,Current,3796.17,2022-05-13,Active
A0005760,C004257,Savings,12829.37,2020-08-21,Active
A0005761,C004258,Savings,23082.87,2022-10-18,Active
A0005762,C004258,Current,14547.35,2018-10-29,Active
A0005763,C004259,Savings,20109.89,2021-02-07,Active
A0005764,C004260,Salary,11361.83,2024-02-09,Active
A0005765,C004261,Savings,4115.05,2020-09-26,Active
A0005766,C004261,Fixed Deposit,216880.64,2023-01-30,Active
A0005767,C004262,Savings,7926.93,2019-06-28,Active
A0005768,C004263,Salary,4851.11,2020-04-18,Active
A0005769,C004263,Fixed Deposit,771052.66,2021-10-25,Active
A0005770,C004264,Fixed Deposit,537758.02,2019-02-09,Active
A0005771,C004265,Savings,35520.55,2023-09-17,Active
A0005772,C004265,Current,13872.84,2019-03-17,Active
A0005773,C004266,Salary,23424.56,2022-05-12,Active
A0005774,C004266,Savings,6607.18,2022-09-06,Active
A0005775,C004267,Current,37836.45,2020-11-12,Active
A0005776,C004267,Savings,11831.03,2025-06-15,Active
A0005777,C004267,Savings,57855.31,2022-11-05,Active
A0005778,C004268,Fixed Deposit,79924.14,2018-05-08,Active
A0005779,C004269,Savings,6380.16,2018-11-26,Active
A0005780,C004270,Savings,6934.44,2021-10-05,Active
A0005781,C004271,Current,13749.21,2019-09-28,Active
A0005782,C004272,Fixed Deposit,312140.06,2025-04-27,Active
A0005783,C004273,Salary,232632.93,2021-07-20,Active
A0005784,C004274,Savings,28163.12,2024-03-14,Active
A0005785,C004274,Salary,11758.45,2024-06-21,Dormant
A0005786,C004274,Current,110890.28,2023-10-13,Dormant
A0005787,C004275,Savings,46290.83,2024-07-18,Active
A0005788,C004276,Salary,73855.11,2024-12-14,Active
A0005789,C004277,Current,73848.09,2023-10-26,Active
A0005790,C004277,Savings,25984.69,2022-07-04,Active
A0005791,C004278,Savings,32802.83,2018-01-13,Active
A0005792,C004279,Fixed Deposit,242088.95,2023-11-17,Active
A0005793,C004280,Savings,11897.45,2024-08-05,Active
A0005794,C004280,Salary,11663.32,2021-12-20,Active
A0005795,C004281,Savings,31468.08,2024-08-21,Active
A0005796,C004282,Savings,61807.11,2018-03-26,Active
A0005797,C004283,Salary,10673.39,2018-07-13,Active
A0005798,C004283,Savings,8163.38,2020-06-17,Dormant
A0005799,C004284,Current,10845.21,2024-12-12,Dormant
A0005800,C004284,Salary,35270.0,2021-03-03,Active
A0005801,C004285,Salary,43853.77,2021-08-14,Active
A0005802,C004285,Salary,46795.31,2022-07-27,Active
A0005803,C004286,Salary,22159.72,2022-06-29,Active
A0005804,C004287,Savings,29760.69,2018-11-25,Active
A0005805,C004288,Savings,30234.74,2022-06-06,Active
A0005806,C004289,Fixed Deposit,66790.63,2019-04-25,Active
A0005807,C004290,Savings,2817.14,2024-07-11,Active
A0005808,C004291,Savings,7133.38,2020-12-02,Active
A0005809,C004291,Salary,29285.94,2023-12-13,Active
A0005810,C004292,Savings,15964.18,2022-04-29,Active
A0005811,C004293,Salary,42599.04,2020-12-02,Active
A0005812,C004294,Fixed Deposit,49407.49,2022-11-21,Active
A0005813,C004294,Salary,9579.17,2018-10-11,Active
A0005814,C004295,Savings,55256.6,2022-07-29,Active
A0005815,C004295,Savings,23210.69,2019-05-31,Active
A0005816,C004295,Salary,126783.66,2024-12-05,Active
A0005817,C004296,Savings,101479.07,2025-05-19,Active
A0005818,C004296,Savings,9776.02,2019-10-04,Active
A0005819,C004297,Savings,20846.88,2022-04-07,Active
A0005820,C004297,Savings,57902.71,2021-09-10,Active
A0005821,C004298,Savings,20022.9,2018-01-26,Active
A0005822,C004298,Fixed Deposit,180995.3,2024-08-16,Active
A0005823,C004298,Fixed Deposit,126549.5,2024-06-11,Active
A0005824,C004299,Savings,70888.24,2023-11-15,Active
A0005825,C004300,Savings,22009.65,2023-11-23,Active
A0005826,C004301,Savings,8537.99,2024-12-08,Active
A0005827,C004301,Fixed Deposit,30681.63,2019-12-23,Active
A0005828,C004301,Current,15552.62,2024-11-02,Active
A0005829,C004302,Savings,36383.52,2019-03-30,Active
A0005830,C004303,Savings,22644.16,2025-04-06,Active
A0005831,C004304,Current,38752.64,2022-04-04,Active
A0005832,C004305,Savings,33192.36,2019-04-04,Active
A0005833,C004306,Salary,19466.02,2020-07-02,Active
A0005834,C004307,Savings,82473.9,2023-02-12,Active
A0005835,C004308,Salary,43522.67,2021-01-17,Active
A0005836,C004309,Savings,15931.71,2021-01-09,Active
A0005837,C004310,Savings,13545.29,2018-09-16,Active
A0005838,C004311,Savings,5740.25,2019-04-14,Active
A0005839,C004312,Savings,34830.48,2020-01-20,Active
A0005840,C004312,Salary,63794.07,2019-10-15,Active
A0005841,C004313,Current,30390.96,2023-06-10,Active
A0005842,C004314,Savings,15260.19,2022-04-05,Active
A0005843,C004314,Savings,24449.42,2020-05-03,Active
A0005844,C004315,Salary,13897.77,2020-01-24,Active
A0005845,C004316,Savings,11732.49,2024-01-07,Active
A0005846,C004317,Salary,79018.79,2020-11-09,Active
A0005847,C004317,Savings,14941.08,2021-11-04,Active
A0005848,C004317,Fixed Deposit,355381.08,2020-06-26,Active
A0005849,C004318,Salary,32378.26,2020-05-23,Active
A0005850,C004318,Savings,14335.2,2023-07-29,Active
A0005851,C004319,Salary,11278.27,2023-06-10,Active
A0005852,C004319,Savings,12876.59,2018-04-18,Active
A0005853,C004320,Fixed Deposit,377748.21,2020-07-21,Active
A0005854,C004321,Salary,25515.35,2023-10-03,Active
A0005855,C004321,Fixed Deposit,355174.32,2024-09-13,Active
A0005856,C004321,Savings,99691.8,2018-04-01,Active
A0005857,C004322,Savings,19077.92,2025-03-16,Active
A0005858,C004323,Savings,26494.65,2020-05-14,Active
A0005859,C004323,Current,37462.96,2024-03-14,Active
A0005860,C004323,Savings,10668.91,2021-02-28,Active
A0005861,C004324,Savings,25849.27,2023-07-15,Active
A0005862,C004324,Savings,185108.41,2025-01-24,Dormant
A0005863,C004325,Fixed Deposit,287015.11,2023-09-16,Dormant
A0005864,C004326,Savings,9096.67,2018-11-19,Active
A0005865,C004327,Fixed Deposit,82243.34,2021-10-25,Active
A0005866,C004328,Current,26770.03,2023-03-21,Active
A0005867,C004329,Fixed Deposit,175906.37,2023-03-18,Active
A0005868,C004330,Salary,108336.77,2024-07-14,Active
A0005869,C004331,Savings,35125.67,2021-02-21,Active
A0005870,C004331,Salary,7825.17,2018-07-04,Active
A0005871,C004332,Savings,77324.48,2020-11-25,Active
A0005872,C004333,Current,13891.8,2024-12-23,Active
A0005873,C004333,Savings,6140.67,2021-01-13,Active
A0005874,C004333,Savings,10031.15,2018-12-04,Active
A0005875,C004334,Current,65732.92,2025-04-25,Active
A0005876,C004334,Current,4484.03,2020-10-05,Active
A0005877,C004335,Salary,38841.23,2018-02-12,Active
A0005878,C004336,Salary,44234.07,2020-01-01,Active
A0005879,C004336,Savings,7240.69,2023-12-01,Active
A0005880,C004337,Salary,42068.01,2022-02-25,Active
A0005881,C004337,Salary,64211.06,2022-07-13,Active
A0005882,C004338,Fixed Deposit,49517.78,2020-06-07,Active
A0005883,C004339,Salary,8048.93,2024-07-05,Active
A0005884,C004340,Current,15999.36,2021-03-27,Active
A0005885,C004340,Savings,33210.62,2018-10-17,Active
A0005886,C004340,Fixed Deposit,59788.12,2018-11-23,Active
A0005887,C004341,Savings,21362.27,2021-09-23,Active
A0005888,C004341,Fixed Deposit,143049.59,2019-06-27,Active
A0005889,C004341,Current,33270.19,2018-04-21,Active
A0005890,C004342,Salary,66456.98,2021-04-05,Active
A0005891,C004342,Savings,49313.79,2021-03-08,Active
A0005892,C004343,Savings,12833.86,2025-04-13,Active
A0005893,C004343,Savings,45041.19,2019-12-07,Active
A0005894,C004344,Savings,20910.47,2022-01-29,Active
A0005895,C004345,Fixed Deposit,52164.5,2020-09-13,Active
A0005896,C004346,Fixed Deposit,166728.43,2021-01-13,Active
A0005897,C004346,Savings,24466.98,2025-06-14,Active
A0005898,C004346,Savings,81112.14,2025-01-11,Active
A0005899,C004347,Fixed Deposit,95912.04,2022-07-07,Active
A0005900,C004348,Savings,75400.2,2020-05-05,Dormant
A0005901,C004349,Salary,17006.05,2024-01-26,Active
A0005902,C004349,Fixed Deposit,97421.12,2018-11-12,Active
A0005903,C004350,Savings,40052.19,2019-04-04,Active
A0005904,C004350,Savings,194698.19,2019-01-19,Active
A0005905,C004351,Current,12147.87,2021-07-05,Active
A0005906,C004352,Savings,16365.86,2021-02-21,Active
A0005907,C004353,Savings,38739.41,2020-05-03,Active
A0005908,C004354,Salary,16477.74,2021-05-01,Active
A0005909,C004354,Savings,13899.63,2019-02-22,Active
A0005910,C004355,Savings,54781.63,2018-10-05,Active
A0005911,C004356,Savings,17764.96,2024-02-20,Active
A0005912,C004357,Fixed Deposit,111263.33,2024-04-19,Active
A0005913,C004357,Savings,29924.81,2022-12-25,Active
A0005914,C004358,Savings,43342.32,2020-02-04,Active
A0005915,C004358,Savings,13629.27,2021-12-09,Active
A0005916,C004359,Salary,37194.14,2019-09-09,Active
A0005917,C004360,Salary,19921.17,2025-06-10,Active
A0005918,C004361,Salary,49906.09,2018-10-11,Active
A0005919,C004362,Fixed Deposit,122242.97,2018-05-07,Active
A0005920,C004363,Savings,47967.86,2024-10-26,Active
A0005921,C004364,Savings,56350.01,2020-07-24,Active
A0005922,C004365,Current,59717.36,2023-09-07,Active
A0005923,C004366,Savings,47024.98,2022-09-14,Active
A0005924,C004366,Savings,21799.51,2023-09-24,Active
A0005925,C004367,Fixed Deposit,330494.14,2024-04-05,Active
A0005926,C004367,Salary,12876.06,2019-10-23,Active
A0005927,C004368,Current,30932.02,2019-05-21,Active
A0005928,C004369,Savings,3985.09,2018-12-26,Active
A0005929,C004370,Savings,20586.92,2023-06-26,Active
A0005930,C004371,Savings,11622.16,2020-10-16,Active
A0005931,C004371,Salary,24498.65,2024-09-22,Active
A0005932,C004372,Fixed Deposit,69784.66,2021-08-02,Active
A0005933,C004372,Savings,9863.06,2025-01-09,Active
A0005934,C004373,Savings,2551.15,2024-10-20,Active
A0005935,C004373,Savings,11344.12,2024-02-18,Active
A0005936,C004374,Current,54300.06,2024-10-26,Active
A0005937,C004375,Salary,55015.89,2025-01-08,Active
A0005938,C004375,Salary,16163.38,2018-03-03,Active
A0005939,C004376,Salary,8721.29,2025-06-04,Active
A0005940,C004377,Salary,17579.06,2019-09-06,Active
A0005941,C004378,Savings,9692.76,2022-06-21,Active
A0005942,C004379,Salary,49339.67,2018-02-15,Active
A0005943,C004380,Fixed Deposit,197717.88,2020-07-13,Active
A0005944,C004381,Salary,12415.13,2018-01-17,Active
A0005945,C004382,Current,31808.42,2019-05-08,Active
A0005946,C004383,Savings,178670.26,2018-10-05,Active
A0005947,C004384,Savings,12199.43,2022-01-29,Active
A0005948,C004385,Fixed Deposit,188169.23,2021-09-18,Active
A0005949,C004386,Salary,30851.92,2020-08-26,Active
A0005950,C004386,Salary,3498.99,2022-05-26,Active
A0005951,C004387,Salary,19004.82,2021-08-20,Active
A0005952,C004388,Salary,10803.03,2020-01-20,Active
A0005953,C004388,Savings,27799.5,2021-08-01,Active
A0005954,C004389,Savings,7532.71,2019-12-17,Active
A0005955,C004390,Savings,6807.58,2024-07-06,Active
A0005956,C004390,Savings,13899.32,2022-12-21,Active
A0005957,C004391,Savings,36368.58,2023-05-23,Active
A0005958,C004391,Fixed Deposit,828125.58,2024-03-06,Active
A0005959,C004392,Savings,24369.61,2022-02-11,Active
A0005960,C004392,Fixed Deposit,350316.15,2020-04-18,Active
A0005961,C004393,Salary,5372.56,2023-01-06,Active
A0005962,C004394,Salary,94437.52,2021-04-20,Active
A0005963,C004395,Savings,40659.47,2024-12-22,Active
A0005964,C004396,Current,39262.13,2019-04-04,Active
A0005965,C004397,Savings,26027.44,2023-01-12,Active
A0005966,C004398,Salary,29291.32,2020-10-15,Active
A0005967,C004399,Savings,6128.58,2018-09-17,Active
A0005968,C004399,Fixed Deposit,51042.38,2023-08-25,Active
A0005969,C004400,Savings,12996.72,2025-02-26,Active
A0005970,C004401,Savings,3790.25,2022-12-04,Active
A0005971,C004402,Fixed Deposit,128374.79,2018-07-23,Active
A0005972,C004403,Current,29633.5,2020-01-03,Active
A0005973,C004404,Salary,17279.37,2018-08-23,Active
A0005974,C004404,Fixed Deposit,519285.61,2019-01-15,Active
A0005975,C004405,Current,102774.88,2023-04-13,Active
A0005976,C004405,Savings,15979.24,2019-10-11,Active
A0005977,C004406,Fixed Deposit,317565.25,2020-09-21,Active
A0005978,C004406,Savings,38853.55,2024-10-17,Active
A0005979,C004407,Savings,18619.13,2021-12-27,Active
A0005980,C004407,Savings,44103.95,2025-05-02,Active
A0005981,C004408,Fixed Deposit,57495.11,2021-09-01,Dormant
A0005982,C004409,Savings,20006.97,2024-12-03,Active
A0005983,C004410,Salary,51933.06,2019-10-16,Active
A0005984,C004411,Salary,11170.9,2022-10-07,Active
A0005985,C004412,Savings,10753.25,2018-02-15,Active
A0005986,C004413,Savings,33907.83,2019-11-08,Active
A0005987,C004414,Savings,25498.36,2021-07-20,Dormant
A0005988,C004415,Savings,7968.22,2023-03-01,Active
A0005989,C004415,Salary,5455.07,2025-03-22,Active
A0005990,C004416,Savings,12521.34,2019-03-29,Active
A0005991,C004416,Savings,10255.36,2019-01-30,Active
A0005992,C004417,Savings,54958.93,2019-08-21,Active
A0005993,C004418,Fixed Deposit,498981.01,2019-10-15,Active
A0005994,C004418,Fixed Deposit,171787.65,2021-05-05,Active
A0005995,C004419,Salary,34930.43,2024-11-24,Active
A0005996,C004420,Current,21230.36,2021-01-23,Active
A0005997,C004421,Savings,15965.84,2025-02-14,Active
A0005998,C004421,Fixed Deposit,481676.48,2023-11-09,Active
A0005999,C004422,Current,15810.74,2020-08-23,Active
A0006000,C004423,Savings,7674.27,2024-05-28,Active
A0006001,C004424,Savings,28565.47,2021-12-16,Active
A0006002,C004425,Savings,60185.77,2024-04-11,Dormant
A0006003,C004426,Salary,16255.12,2022-07-28,Active
A0006004,C004426,Current,26047.69,2020-02-01,Active
A0006005,C004427,Salary,24877.57,2019-02-08,Active
A0006006,C004428,Salary,18571.78,2022-01-27,Active
A0006007,C004429,Current,17473.66,2022-09-04,Active
A0006008,C004430,Current,14348.65,2024-08-23,Active
A0006009,C004431,Salary,9833.88,2022-11-02,Active
A0006010,C004432,Savings,3850.88,2025-05-15,Active
A0006011,C004433,Savings,12404.48,2023-05-06,Active
A0006012,C004434,Savings,78468.73,2023-02-19,Active
A0006013,C004435,Savings,31025.96,2018-03-09,Active
A0006014,C004436,Savings,11454.37,2022-09-09,Active
A0006015,C004436,Savings,12153.65,2021-10-03,Active
A0006016,C004436,Savings,14161.18,2023-03-31,Active
A0006017,C004437,Fixed Deposit,170761.97,2018-06-21,Active
A0006018,C004437,Fixed Deposit,96207.65,2021-09-20,Active
A0006019,C004438,Savings,51340.17,2023-04-27,Active
A0006020,C004439,Salary,25554.54,2023-12-12,Active
A0006021,C004440,Savings,2138.92,2018-11-17,Active
A0006022,C004440,Salary,71580.43,2024-09-09,Active
A0006023,C004441,Salary,18480.78,2023-12-13,Active
A0006024,C004442,Salary,19554.98,2024-04-25,Active
A0006025,C004443,Fixed Deposit,42366.66,2019-11-04,Active
A0006026,C004443,Salary,29001.68,2022-03-13,Active
A0006027,C004444,Fixed Deposit,93788.34,2020-12-01,Active
A0006028,C004444,Savings,14142.8,2020-01-25,Active
A0006029,C004445,Salary,83717.68,2022-08-07,Active
A0006030,C004445,Current,39473.67,2019-12-26,Active
A0006031,C004446,Fixed Deposit,469577.42,2023-11-27,Active
A0006032,C004447,Salary,98936.2,2022-12-14,Active
A0006033,C004448,Salary,16173.1,2020-06-23,Active
A0006034,C004449,Fixed Deposit,47461.39,2023-08-21,Active
A0006035,C004450,Current,4410.91,2018-01-11,Active
A0006036,C004451,Savings,23850.11,2021-12-23,Active
A0006037,C004452,Fixed Deposit,343405.46,2020-08-28,Active
A0006038,C004453,Savings,25325.17,2023-04-20,Active
A0006039,C004454,Savings,118941.9,2022-04-02,Active
A0006040,C004455,Current,10513.16,2023-04-20,Active
A0006041,C004456,Fixed Deposit,169326.67,2022-07-23,Active
A0006042,C004457,Fixed Deposit,200876.01,2020-01-11,Active
A0006043,C004457,Salary,21067.37,2020-11-09,Active
A0006044,C004458,Savings,27776.19,2024-06-03,Active
A0006045,C004459,Current,17527.6,2018-06-10,Active
A0006046,C004460,Salary,7192.11,2024-10-28,Active
A0006047,C004460,Savings,6066.84,2019-04-15,Active
A0006048,C004461,Current,50664.81,2020-05-23,Active
A0006049,C004462,Fixed Deposit,53160.77,2024-12-31,Active
A0006050,C004463,Savings,195040.47,2024-05-18,Active
A0006051,C004464,Salary,15792.08,2018-11-22,Active
A0006052,C004465,Fixed Deposit,114878.26,2021-06-19,Active
A0006053,C004465,Salary,15878.59,2025-01-13,Active
A0006054,C004465,Fixed Deposit,638798.28,2023-03-22,Active
A0006055,C004466,Savings,77962.88,2023-01-08,Active
A0006056,C004466,Salary,12933.08,2024-01-13,Active
A0006057,C004467,Fixed Deposit,43900.21,2024-05-19,Active
A0006058,C004468,Savings,10852.17,2023-11-01,Active
A0006059,C004469,Savings,41411.57,2021-08-16,Active
A0006060,C004469,Current,53350.66,2022-09-18,Active
A0006061,C004470,Current,24940.0,2024-12-25,Active
A0006062,C004471,Salary,13178.78,2023-09-27,Active
A0006063,C004471,Current,24904.05,2019-04-30,Active
A0006064,C004472,Savings,11998.98,2023-11-07,Active
A0006065,C004472,Savings,38704.0,2025-01-20,Active
A0006066,C004473,Savings,40903.56,2024-06-13,Active
A0006067,C004474,Savings,15837.64,2021-05-19,Active
A0006068,C004474,Savings,6468.28,2019-10-17,Active
A0006069,C004475,Savings,8085.08,2024-11-17,Active
A0006070,C004475,Savings,17514.95,2018-12-08,Active
A0006071,C004476,Savings,19340.53,2024-06-16,Active
A0006072,C004476,Salary,72772.29,2020-10-28,Active
A0006073,C004477,Savings,119260.27,2022-01-21,Active
A0006074,C004478,Salary,15928.19,2020-01-20,Active
A0006075,C004478,Fixed Deposit,166668.9,2018-04-11,Active
A0006076,C004479,Savings,3400.56,2020-07-17,Active
A0006077,C004480,Salary,9802.07,2023-08-27,Active
A0006078,C004481,Current,33483.43,2018-04-10,Active
A0006079,C004482,Savings,6554.41,2018-09-06,Active
A0006080,C004482,Savings,48124.0,2020-01-25,Dormant
A0006081,C004483,Salary,32716.76,2024-09-23,Active
A0006082,C004483,Fixed Deposit,267747.31,2018-10-15,Active
A0006083,C004484,Current,35435.71,2022-03-05,Active
A0006084,C004484,Current,22605.36,2018-03-07,Active
A0006085,C004485,Fixed Deposit,221990.75,2018-01-25,Active
A0006086,C004486,Savings,11559.88,2022-08-10,Active
A0006087,C004487,Savings,26951.26,2019-02-14,Active
A0006088,C004487,Salary,37448.38,2018-07-18,Active
A0006089,C004487,Current,69750.0,2023-09-15,Active
A0006090,C004488,Salary,3592.89,2024-04-19,Active
A0006091,C004489,Fixed Deposit,259497.44,2021-11-15,Active
A0006092,C004490,Savings,12266.6,2025-02-26,Active
A0006093,C004491,Savings,68286.27,2022-03-31,Active
A0006094,C004492,Savings,7927.19,2024-09-29,Active
A0006095,C004493,Savings,6981.13,2019-04-29,Active
A0006096,C004494,Savings,52249.58,2021-07-03,Active
A0006097,C004494,Savings,42626.94,2022-10-11,Active
A0006098,C004494,Savings,89131.18,2022-02-01,Active
A0006099,C004495,Salary,32979.85,2025-06-29,Active
A0006100,C004495,Salary,40323.06,2025-03-07,Active
A0006101,C004496,Savings,21659.84,2018-08-08,Active
A0006102,C004497,Savings,14871.57,2024-08-30,Active
A0006103,C004497,Savings,29931.56,2024-12-04,Active
A0006104,C004498,Salary,40187.44,2023-06-25,Active
A0006105,C004499,Savings,7369.68,2021-02-10,Active
A0006106,C004500,Savings,49079.1,2022-05-23,Active
A0006107,C004501,Fixed Deposit,95592.31,2025-02-18,Active
A0006108,C004502,Current,56015.91,2023-12-21,Active
A0006109,C004503,Salary,14982.7,2024-08-27,Active
A0006110,C004504,Savings,27821.09,2021-01-30,Active
A0006111,C004505,Savings,40492.66,2022-01-02,Active
A0006112,C004506,Salary,58771.29,2018-04-26,Active
A0006113,C004506,Salary,25628.1,2020-09-16,Active
A0006114,C004507,Savings,17142.33,2019-06-18,Active
A0006115,C004508,Current,30066.21,2022-03-28,Active
A0006116,C004508,Savings,111086.94,2021-07-31,Active
A0006117,C004508,Salary,22256.68,2021-05-04,Active
A0006118,C004509,Savings,33908.18,2018-12-06,Active
A0006119,C004510,Salary,91681.02,2024-06-01,Active
A0006120,C004511,Savings,14661.38,2023-07-23,Active
A0006121,C004511,Savings,73097.39,2023-05-12,Active
A0006122,C004512,Savings,8694.6,2023-09-20,Active
A0006123,C004513,Fixed Deposit,318626.13,2020-01-05,Active
A0006124,C004514,Salary,9507.75,2021-08-27,Active
A0006125,C004515,Salary,33255.21,2023-09-17,Active
A0006126,C004516,Savings,6785.9,2024-10-03,Active
A0006127,C004517,Current,7334.93,2023-09-21,Active
A0006128,C004517,Fixed Deposit,150411.12,2022-10-09,Active
A0006129,C004518,Fixed Deposit,256795.87,2021-05-04,Active
A0006130,C004519,Current,6704.78,2023-08-12,Active
A0006131,C004519,Savings,18659.52,2023-12-20,Active
A0006132,C004520,Savings,61930.33,2018-03-18,Active
A0006133,C004521,Savings,9872.55,2018-05-21,Active
A0006134,C004521,Savings,16698.95,2025-05-03,Active
A0006135,C004522,Salary,11741.98,2020-10-21,Dormant
A0006136,C004523,Fixed Deposit,39964.25,2018-03-11,Active
A0006137,C004524,Savings,19925.22,2018-08-22,Active
A0006138,C004524,Savings,76596.03,2018-04-30,Active
A0006139,C004525,Savings,99378.53,2023-11-12,Active
A0006140,C004526,Salary,21746.57,2020-02-05,Active
A0006141,C004527,Fixed Deposit,68809.44,2022-09-03,Active
A0006142,C004528,Savings,48193.9,2024-01-05,Active
A0006143,C004529,Fixed Deposit,215555.33,2019-07-14,Active
A0006144,C004530,Fixed Deposit,69633.76,2025-03-31,Active
A0006145,C004531,Current,20091.22,2018-02-02,Active
A0006146,C004531,Savings,4271.21,2023-04-20,Active
A0006147,C004532,Savings,19532.21,2025-01-07,Dormant
A0006148,C004533,Savings,17996.05,2023-12-02,Active
A0006149,C004533,Savings,26194.34,2022-02-15,Active
A0006150,C004534,Current,9778.18,2024-01-11,Active
A0006151,C004535,Fixed Deposit,177776.02,2020-09-28,Active
A0006152,C004536,Savings,29921.88,2018-10-03,Active
A0006153,C004537,Savings,41834.29,2025-04-15,Active
A0006154,C004538,Savings,23797.95,2019-10-21,Active
A0006155,C004539,Salary,39806.13,2021-05-08,Active
A0006156,C004540,Savings,68193.41,2018-02-04,Active
A0006157,C004541,Savings,3834.89,2024-09-15,Active
A0006158,C004542,Fixed Deposit,56396.04,2023-09-18,Active
A0006159,C004542,Savings,62339.73,2024-07-12,Active
A0006160,C004543,Current,22864.15,2022-08-17,Active
A0006161,C004544,Savings,77375.0,2021-03-16,Active
A0006162,C004545,Salary,54850.53,2022-08-21,Dormant
A0006163,C004546,Savings,8426.85,2025-02-24,Active
A0006164,C004546,Fixed Deposit,27567.81,2025-02-14,Active
A0006165,C004547,Savings,12171.92,2018-09-05,Active
A0006166,C004547,Savings,26494.96,2019-09-04,Active
A0006167,C004548,Savings,49306.3,2022-03-03,Active
A0006168,C004549,Savings,66920.82,2020-03-22,Active
A0006169,C004549,Fixed Deposit,188828.32,2019-12-06,Active
A0006170,C004550,Current,25253.77,2025-02-07,Active
A0006171,C004551,Fixed Deposit,195826.39,2020-10-04,Active
A0006172,C004551,Fixed Deposit,168133.41,2018-03-02,Active
A0006173,C004552,Current,24220.21,2019-04-17,Active
A0006174,C004553,Savings,34351.81,2020-11-18,Active
A0006175,C004554,Current,41309.84,2023-12-01,Active
A0006176,C004555,Salary,11868.4,2024-11-06,Active
A0006177,C004556,Salary,32021.95,2023-01-29,Active
A0006178,C004557,Fixed Deposit,105809.79,2022-09-27,Active
A0006179,C004558,Savings,10406.2,2021-11-07,Dormant
A0006180,C004558,Salary,9026.97,2021-02-07,Active
A0006181,C004558,Savings,55451.73,2019-01-30,Active
A0006182,C004559,Fixed Deposit,347878.09,2018-12-26,Active
A0006183,C004560,Savings,23823.71,2018-03-30,Active
A0006184,C004561,Savings,34460.38,2018-03-26,Active
A0006185,C004562,Savings,20721.07,2023-10-31,Active
A0006186,C004562,Savings,13242.66,2018-07-17,Active
A0006187,C004563,Savings,29676.66,2021-06-04,Active
A0006188,C004564,Savings,138976.14,2020-12-03,Active
A0006189,C004565,Fixed Deposit,145902.65,2021-10-08,Active
A0006190,C004566,Fixed Deposit,80045.89,2018-01-22,Active
A0006191,C004567,Salary,14426.11,2021-01-05,Active
A0006192,C004568,Savings,12524.68,2019-07-11,Active
A0006193,C004569,Fixed Deposit,189197.34,2020-03-01,Active
A0006194,C004570,Fixed Deposit,236079.7,2020-07-11,Active
A0006195,C004571,Savings,11291.9,2019-09-23,Active
A0006196,C004571,Savings,16842.45,2021-11-04,Active
A0006197,C004572,Savings,43193.2,2021-02-12,Active
A0006198,C004573,Salary,23361.32,2022-01-10,Active
A0006199,C004573,Current,11720.17,2019-04-03,Active
A0006200,C004574,Savings,59597.47,2020-12-09,Active
A0006201,C004575,Current,30243.07,2022-08-13,Active
A0006202,C004576,Savings,22212.55,2019-02-19,Active
A0006203,C004577,Savings,45157.23,2022-07-26,Active
A0006204,C004578,Savings,13482.79,2020-08-06,Active
A0006205,C004579,Savings,45165.33,2019-04-26,Active
A0006206,C004580,Savings,34905.4,2023-10-14,Active
A0006207,C004581,Savings,32340.65,2019-04-01,Active
A0006208,C004582,Salary,24784.64,2019-10-08,Active
A0006209,C004583,Current,6218.72,2025-04-10,Active
A0006210,C004584,Fixed Deposit,409517.86,2018-05-01,Active
A0006211,C004584,Salary,34655.9,2020-03-14,Active
A0006212,C004584,Current,110060.34,2020-08-08,Active
A0006213,C004585,Savings,76677.8,2018-09-07,Active
A0006214,C004585,Savings,12892.74,2018-03-08,Active
A0006215,C004586,Savings,85711.72,2023-07-03,Active
A0006216,C004586,Fixed Deposit,50705.32,2019-03-26,Active
A0006217,C004587,Savings,45016.62,2021-03-02,Active
A0006218,C004588,Savings,38519.28,2021-08-23,Active
A0006219,C004588,Fixed Deposit,301488.21,2020-12-18,Active
A0006220,C004589,Current,13985.95,2024-12-27,Active
A0006221,C004590,Fixed Deposit,95982.3,2020-01-26,Active
A0006222,C004590,Savings,52253.39,2025-03-08,Active
A0006223,C004591,Savings,15733.4,2019-08-24,Active
A0006224,C004591,Fixed Deposit,258530.28,2024-07-01,Active
A0006225,C004592,Fixed Deposit,78545.22,2022-10-09,Active
A0006226,C004592,Salary,62067.67,2018-10-16,Active
A0006227,C004593,Savings,28199.14,2020-04-28,Active
A0006228,C004594,Fixed Deposit,49709.26,2021-01-17,Active
A0006229,C004595,Salary,77589.89,2018-08-02,Active
A0006230,C004595,Fixed Deposit,60002.03,2023-02-20,Active
A0006231,C004596,Savings,42079.5,2021-02-27,Active
A0006232,C004597,Savings,75961.94,2021-04-06,Active
A0006233,C004598,Savings,16193.6,2020-11-26,Active
A0006234,C004598,Current,28144.46,2021-03-29,Active
A0006235,C004598,Salary,9063.67,2018-07-13,Active
A0006236,C004599,Salary,43884.79,2024-03-26,Active
A0006237,C004600,Savings,12394.78,2020-11-12,Active
A0006238,C004601,Savings,38400.34,2023-06-14,Active
A0006239,C004602,Salary,4030.56,2023-08-04,Active
A0006240,C004603,Savings,42061.99,2018-11-25,Active
A0006241,C004603,Salary,15893.39,2019-09-06,Active
A0006242,C004604,Savings,9690.17,2018-12-30,Active
A0006243,C004605,Salary,89175.23,2024-01-11,Active
A0006244,C004606,Current,21433.64,2021-02-11,Active
A0006245,C004606,Salary,3973.26,2021-12-02,Active
A0006246,C004607,Savings,53975.66,2019-04-09,Active
A0006247,C004607,Salary,12040.63,2021-06-12,Active
A0006248,C004608,Fixed Deposit,72473.89,2024-12-18,Active
A0006249,C004608,Savings,68563.19,2023-12-20,Active
A0006250,C004608,Fixed Deposit,139144.77,2022-09-24,Active
A0006251,C004609,Current,17913.09,2020-07-03,Active
A0006252,C004610,Salary,28940.73,2018-10-06,Active
A0006253,C004611,Savings,3814.5,2022-03-29,Active
A0006254,C004612,Savings,52976.71,2022-09-30,Active
A0006255,C004613,Savings,9595.2,2018-08-18,Active
A0006256,C004614,Savings,15689.72,2018-05-28,Active
A0006257,C004615,Salary,10979.78,2022-04-07,Active
A0006258,C004616,Savings,19440.33,2019-12-01,Active
A0006259,C004616,Savings,11919.19,2018-03-22,Active
A0006260,C004617,Current,75300.24,2020-08-02,Active
A0006261,C004617,Savings,15817.46,2023-05-23,Active
A0006262,C004617,Fixed Deposit,166991.84,2022-12-28,Active
A0006263,C004618,Savings,11524.1,2020-03-08,Active
A0006264,C004619,Fixed Deposit,117303.47,2023-08-15,Active
A0006265,C004620,Fixed Deposit,76238.37,2018-12-06,Active
A0006266,C004621,Savings,26138.75,2024-04-27,Active
A0006267,C004622,Savings,73570.84,2018-02-23,Active
A0006268,C004623,Savings,39102.46,2023-05-08,Active
A0006269,C004624,Savings,7334.02,2022-01-27,Dormant
A0006270,C004625,Salary,17525.42,2018-04-01,Active
A0006271,C004626,Fixed Deposit,64586.54,2024-01-21,Active
A0006272,C004626,Savings,14255.9,2019-01-12,Dormant
A0006273,C004627,Savings,39226.5,2023-06-02,Active
A0006274,C004628,Savings,80396.57,2023-12-26,Active
A0006275,C004628,Savings,18479.59,2023-10-10,Active
A0006276,C004629,Savings,32656.5,2025-01-09,Active
A0006277,C004630,Savings,18411.49,2020-04-21,Active
A0006278,C004631,Current,22737.62,2018-10-08,Active
A0006279,C004632,Salary,11423.6,2022-09-19,Active
A0006280,C004633,Current,11657.41,2019-02-21,Active
A0006281,C004634,Salary,10904.48,2020-07-24,Active
A0006282,C004634,Savings,16659.41,2024-09-11,Active
A0006283,C004635,Salary,75758.82,2019-05-08,Active
A0006284,C004636,Fixed Deposit,188841.91,2025-04-16,Active
A0006285,C004637,Fixed Deposit,181127.22,2019-01-21,Active
A0006286,C004637,Savings,61415.7,2018-05-03,Active
A0006287,C004638,Salary,28784.71,2024-04-15,Active
A0006288,C004639,Savings,65701.27,2018-01-26,Active
A0006289,C004640,Fixed Deposit,79592.9,2022-03-12,Active
A0006290,C004641,Fixed Deposit,213065.53,2024-07-14,Active
A0006291,C004641,Salary,77283.6,2020-10-16,Active
A0006292,C004642,Savings,19444.82,2024-07-29,Active
A0006293,C004642,Savings,27409.99,2019-11-10,Active
A0006294,C004643,Savings,53334.15,2021-11-04,Active
A0006295,C004644,Savings,24690.92,2024-11-12,Active
A0006296,C004644,Savings,6915.14,2019-10-17,Active
A0006297,C004645,Current,43117.61,2020-09-17,Active
A0006298,C004645,Savings,28382.24,2020-11-19,Active
A0006299,C004645,Current,7437.63,2018-10-05,Active
A0006300,C004646,Fixed Deposit,205981.97,2019-10-19,Active
A0006301,C004646,Current,48894.08,2019-12-29,Active
A0006302,C004647,Savings,39914.7,2020-09-08,Active
A0006303,C004647,Savings,93744.84,2025-02-13,Active
A0006304,C004648,Fixed Deposit,262495.83,2018-02-25,Active
A0006305,C004649,Fixed Deposit,486788.45,2022-06-07,Active
A0006306,C004650,Savings,19096.38,2023-03-31,Active
A0006307,C004651,Current,5777.77,2020-09-21,Dormant
A0006308,C004652,Current,15558.94,2019-06-16,Active
A0006309,C004653,Fixed Deposit,326588.48,2019-07-27,Active
A0006310,C004654,Salary,17291.0,2018-12-23,Active
A0006311,C004655,Savings,6390.35,2019-02-21,Active
A0006312,C004656,Current,14532.45,2019-11-27,Active
A0006313,C004656,Savings,83159.92,2020-04-03,Active
A0006314,C004657,Savings,7243.46,2020-01-25,Active
A0006315,C004658,Savings,17396.58,2022-10-28,Active
A0006316,C004658,Savings,30513.02,2020-05-28,Active
A0006317,C004659,Savings,19492.81,2025-02-16,Active
A0006318,C004660,Current,33977.15,2024-07-09,Active
A0006319,C004661,Savings,17337.38,2022-05-11,Active
A0006320,C004662,Fixed Deposit,183229.32,2020-12-27,Active
A0006321,C004663,Current,10798.1,2024-10-31,Active
A0006322,C004664,Current,63853.21,2020-03-30,Active
A0006323,C004664,Savings,29578.16,2018-12-29,Dormant
A0006324,C004665,Savings,101981.97,2022-03-14,Active
A0006325,C004666,Salary,37778.22,2018-06-03,Active
A0006326,C004667,Savings,5517.6,2023-10-04,Active
A0006327,C004668,Salary,28916.86,2019-11-29,Active
A0006328,C004669,Savings,15783.86,2021-02-27,Active
A0006329,C004669,Current,46915.08,2024-03-12,Active
A0006330,C004670,Savings,14102.64,2018-07-10,Active
A0006331,C004670,Current,43989.54,2020-11-03,Active
A0006332,C004671,Savings,17597.04,2018-04-07,Active
A0006333,C004672,Savings,19754.8,2024-06-28,Active
A0006334,C004673,Savings,20232.18,2025-02-26,Active
A0006335,C004673,Current,32882.72,2024-07-18,Active
A0006336,C004674,Savings,5310.29,2018-07-29,Active
A0006337,C004674,Current,42565.11,2021-08-30,Active
A0006338,C004675,Current,55909.96,2020-11-06,Active
A0006339,C004676,Current,14909.14,2019-05-10,Active
A0006340,C004677,Savings,46206.73,2019-05-01,Active
A0006341,C004678,Fixed Deposit,200249.07,2018-05-01,Active
A0006342,C004679,Salary,8113.92,2018-10-02,Active
A0006343,C004680,Savings,10690.97,2020-12-07,Active
A0006344,C004681,Savings,36451.13,2019-06-29,Active
A0006345,C004681,Savings,22902.39,2024-06-11,Active
A0006346,C004682,Savings,6695.11,2019-01-12,Active
A0006347,C004683,Savings,17846.15,2021-07-08,Active
A0006348,C004684,Savings,18897.0,2021-07-04,Active
A0006349,C004685,Savings,7575.53,2022-05-28,Active
A0006350,C004686,Savings,32361.84,2019-11-03,Active
A0006351,C004686,Fixed Deposit,179807.25,2018-09-05,Active
A0006352,C004687,Savings,20739.98,2024-04-25,Active
A0006353,C004688,Current,24368.85,2020-05-27,Active
A0006354,C004689,Savings,24005.31,2018-06-14,Active
A0006355,C004689,Savings,3582.01,2022-12-29,Active
A0006356,C004690,Fixed Deposit,330068.6,2022-09-01,Active
A0006357,C004690,Salary,10874.66,2019-11-28,Active
A0006358,C004690,Current,47029.6,2020-10-27,Dormant
A0006359,C004691,Fixed Deposit,294813.19,2019-04-24,Active
A0006360,C004692,Salary,31876.83,2023-07-01,Active
A0006361,C004692,Savings,17331.29,2018-12-26,Active
A0006362,C004693,Current,98548.32,2021-08-14,Active
A0006363,C004694,Savings,7426.31,2018-11-05,Active
A0006364,C004694,Savings,87839.75,2019-03-04,Active
A0006365,C004695,Fixed Deposit,94994.76,2024-09-25,Active
A0006366,C004695,Current,109985.79,2019-05-06,Active
A0006367,C004696,Savings,20384.0,2020-04-28,Active
A0006368,C004697,Current,9932.76,2021-03-24,Active
A0006369,C004698,Current,110052.62,2022-03-10,Active
A0006370,C004699,Current,17967.36,2021-03-29,Active
A0006371,C004700,Savings,11253.04,2019-10-18,Active
A0006372,C004701,Fixed Deposit,42862.1,2019-09-19,Active
A0006373,C004701,Savings,30746.7,2024-05-31,Dormant
A0006374,C004702,Fixed Deposit,157403.27,2019-05-11,Active
A0006375,C004703,Current,23244.22,2018-12-25,Active
A0006376,C004703,Savings,42273.32,2025-01-01,Active
A0006377,C004704,Salary,10470.44,2020-06-08,Active
A0006378,C004705,Salary,36490.99,2022-10-16,Active
A0006379,C004706,Savings,25531.18,2024-07-29,Active
A0006380,C004707,Savings,7901.61,2018-09-10,Dormant
A0006381,C004707,Fixed Deposit,293513.52,2019-08-16,Active
A0006382,C004707,Savings,5194.66,2020-10-29,Active
A0006383,C004708,Current,4795.27,2024-01-15,Active
A0006384,C004708,Savings,117172.89,2024-04-22,Active
A0006385,C004709,Fixed Deposit,74299.5,2020-10-04,Dormant
A0006386,C004709,Savings,11577.7,2019-07-05,Active
A0006387,C004710,Savings,43130.15,2023-07-04,Active
A0006388,C004711,Savings,13137.74,2022-09-07,Dormant
A0006389,C004711,Savings,6661.76,2024-11-25,Active
A0006390,C004712,Savings,5005.45,2022-09-15,Active
A0006391,C004713,Salary,42104.94,2024-12-26,Active
A0006392,C004713,Fixed Deposit,167233.42,2020-10-01,Active
A0006393,C004714,Savings,10119.32,2020-02-04,Active
A0006394,C004715,Fixed Deposit,114161.54,2018-09-29,Active
A0006395,C004716,Current,94975.88,2025-03-13,Active
A0006396,C004717,Fixed Deposit,169072.09,2019-01-01,Active
A0006397,C004718,Savings,66143.28,2020-09-07,Active
A0006398,C004718,Savings,13539.66,2024-01-25,Active
A0006399,C004718,Savings,9870.75,2022-10-02,Active
A0006400,C004719,Savings,16255.7,2018-05-06,Active
A0006401,C004719,Fixed Deposit,73762.86,2018-07-21,Active
A0006402,C004720,Current,32406.84,2025-03-03,Active
A0006403,C004721,Savings,12479.94,2024-08-09,Active
A0006404,C004722,Savings,3255.19,2024-12-04,Active
A0006405,C004722,Salary,31786.55,2022-04-16,Active
A0006406,C004723,Savings,40217.01,2023-03-17,Active
A0006407,C004724,Savings,33298.51,2020-11-06,Active
A0006408,C004724,Salary,16424.53,2019-05-23,Active
A0006409,C004725,Current,92549.85,2020-05-30,Active
A0006410,C004726,Savings,47523.13,2024-08-19,Active
A0006411,C004726,Salary,89333.17,2018-09-10,Active
A0006412,C004727,Salary,21707.79,2021-04-22,Active
A0006413,C004728,Fixed Deposit,77344.46,2023-12-21,Active
A0006414,C004728,Fixed Deposit,57795.72,2024-01-17,Active
A0006415,C004729,Current,47604.12,2022-09-16,Active
A0006416,C004730,Savings,17302.44,2020-03-01,Active
A0006417,C004731,Savings,20229.69,2020-05-19,Active
A0006418,C004732,Savings,28180.28,2023-12-21,Active
A0006419,C004732,Savings,22348.87,2021-07-26,Active
A0006420,C004733,Current,25423.58,2021-12-18,Active
A0006421,C004733,Fixed Deposit,98940.06,2020-06-05,Active
A0006422,C004734,Savings,17803.57,2024-08-22,Active
A0006423,C004735,Fixed Deposit,271569.67,2021-02-24,Active
A0006424,C004736,Savings,4038.12,2018-09-17,Active
A0006425,C004737,Savings,4431.95,2023-09-04,Active
A0006426,C004738,Salary,4037.11,2021-04-05,Active
A0006427,C004739,Fixed Deposit,251588.64,2022-09-29,Active
A0006428,C004740,Salary,25951.11,2023-10-18,Active
A0006429,C004741,Salary,18810.11,2021-05-15,Active
A0006430,C004741,Savings,49999.49,2018-06-03,Active
A0006431,C004742,Current,25173.51,2025-02-06,Active
A0006432,C004743,Savings,94935.99,2022-08-02,Active
A0006433,C004744,Salary,176063.71,2024-10-05,Active
A0006434,C004745,Salary,88902.42,2021-10-14,Active
A0006435,C004746,Savings,36508.01,2022-02-11,Active
A0006436,C004746,Fixed Deposit,194923.05,2022-06-10,Active
A0006437,C004747,Savings,9120.13,2021-06-03,Active
A0006438,C004747,Savings,47725.75,2021-09-17,Active
A0006439,C004748,Savings,12297.51,2021-07-14,Active
A0006440,C004749,Salary,2381.66,2023-03-22,Active
A0006441,C004750,Savings,37242.39,2020-02-12,Active
A0006442,C004750,Savings,9812.65,2020-09-14,Active
A0006443,C004751,Savings,10944.17,2020-04-30,Active
A0006444,C004752,Savings,13106.9,2021-02-14,Active
A0006445,C004753,Savings,26514.06,2022-10-07,Active
A0006446,C004754,Savings,38828.03,2020-06-16,Active
A0006447,C004755,Salary,9543.09,2018-11-21,Active
A0006448,C004755,Fixed Deposit,165130.42,2018-09-29,Active
A0006449,C004756,Current,10946.84,2023-07-15,Active
A0006450,C004756,Salary,71994.27,2020-09-23,Active
A0006451,C004757,Salary,15722.76,2024-02-18,Active
A0006452,C004758,Fixed Deposit,269803.16,2019-11-17,Active
A0006453,C004759,Salary,30066.27,2022-04-24,Active
A0006454,C004760,Savings,52337.64,2022-08-21,Active
A0006455,C004760,Salary,14633.19,2021-01-13,Active
A0006456,C004760,Salary,15876.49,2019-04-24,Active
A0006457,C004761,Savings,13094.06,2022-10-11,Dormant
A0006458,C004762,Fixed Deposit,33015.17,2020-03-18,Active
A0006459,C004763,Salary,19311.85,2025-05-24,Active
A0006460,C004764,Salary,19465.49,2023-07-26,Active
A0006461,C004764,Salary,40630.63,2021-01-13,Active
A0006462,C004765,Current,65679.74,2019-10-19,Active
A0006463,C004766,Current,12872.9,2018-01-11,Active
A0006464,C004767,Savings,12584.1,2024-10-19,Active
A0006465,C004768,Savings,3363.19,2024-12-26,Active
A0006466,C004768,Savings,21322.59,2022-10-19,Dormant
A0006467,C004769,Savings,9400.85,2019-12-15,Active
A0006468,C004770,Current,3165.53,2021-07-04,Active
A0006469,C004770,Savings,12064.49,2020-10-15,Active
A0006470,C004771,Savings,13719.57,2021-07-28,Active
A0006471,C004771,Savings,9850.17,2025-05-04,Active
A0006472,C004772,Savings,28473.69,2025-03-04,Active
A0006473,C004773,Savings,10243.41,2020-10-23,Active
A0006474,C004774,Fixed Deposit,143164.34,2023-07-05,Active
A0006475,C004774,Savings,36065.25,2020-06-16,Active
A0006476,C004775,Savings,37606.24,2022-05-06,Active
A0006477,C004775,Savings,53764.04,2019-05-07,Active
A0006478,C004775,Savings,12201.38,2021-11-12,Active
A0006479,C004776,Current,27606.82,2020-12-11,Active
A0006480,C004777,Savings,18263.47,2024-10-07,Active
A0006481,C004778,Salary,3036.27,2020-03-09,Active
A0006482,C004779,Salary,17209.31,2020-06-03,Active
A0006483,C004780,Fixed Deposit,90608.38,2020-07-09,Active
A0006484,C004781,Salary,13333.33,2021-12-22,Active
A0006485,C004782,Savings,51409.82,2024-06-18,Active
A0006486,C004783,Fixed Deposit,456758.66,2020-07-05,Active
A0006487,C004783,Savings,27513.16,2018-08-30,Active
A0006488,C004784,Salary,12217.09,2018-02-14,Active
A0006489,C004785,Savings,8884.65,2020-11-16,Active
A0006490,C004786,Salary,17553.58,2022-06-04,Active
A0006491,C004787,Salary,11936.68,2018-07-19,Active
A0006492,C004788,Savings,3932.52,2020-09-26,Active
A0006493,C004789,Savings,104438.73,2023-01-28,Dormant
A0006494,C004790,Fixed Deposit,92886.49,2019-07-05,Active
A0006495,C004791,Savings,19423.49,2021-04-15,Active
A0006496,C004792,Savings,5418.75,2022-03-09,Active
A0006497,C004792,Savings,5576.53,2019-12-21,Dormant
A0006498,C004793,Salary,25635.67,2020-09-03,Active
A0006499,C004793,Fixed Deposit,106187.73,2025-03-15,Active
A0006500,C004794,Savings,7904.47,2023-08-12,Active
A0006501,C004795,Salary,15369.5,2022-02-15,Active
A0006502,C004796,Savings,29404.83,2024-05-09,Active
A0006503,C004796,Fixed Deposit,164976.91,2020-02-16,Active
A0006504,C004797,Salary,3941.47,2021-02-18,Active
A0006505,C004798,Savings,7717.8,2024-01-31,Active
A0006506,C004799,Current,21673.04,2024-08-03,Active
A0006507,C004800,Savings,25255.89,2024-11-10,Active
A0006508,C004801,Savings,10172.29,2020-04-25,Dormant
A0006509,C004802,Savings,13339.54,2023-02-19,Active
A0006510,C004803,Savings,77366.72,2019-12-24,Active
A0006511,C004804,Savings,12582.31,2024-09-19,Active
A0006512,C004805,Salary,15229.46,2022-05-31,Active
A0006513,C004806,Savings,54307.9,2023-03-13,Active
A0006514,C004807,Savings,11490.72,2019-09-13,Active
A0006515,C004808,Savings,7282.84,2022-04-15,Active
A0006516,C004808,Current,17780.51,2024-06-28,Active
A0006517,C004809,Savings,22445.21,2023-05-01,Active
A0006518,C004810,Current,25078.1,2022-08-01,Active
A0006519,C004811,Fixed Deposit,49437.83,2018-07-07,Active
A0006520,C004812,Salary,16735.28,2019-04-28,Active
A0006521,C004813,Savings,19794.4,2023-10-18,Active
A0006522,C004814,Savings,19171.56,2021-10-04,Active
A0006523,C004815,Savings,56460.24,2021-11-11,Active
A0006524,C004815,Salary,11707.94,2024-05-23,Active
A0006525,C004815,Salary,14268.45,2018-01-26,Active
A0006526,C004816,Fixed Deposit,74357.05,2018-12-29,Active
A0006527,C004816,Current,16025.36,2024-11-15,Active
A0006528,C004817,Savings,4410.04,2018-04-08,Dormant
A0006529,C004817,Savings,20421.2,2020-12-30,Active
A0006530,C004818,Savings,86199.86,2018-11-21,Active
A0006531,C004819,Salary,27569.08,2019-03-02,Active
A0006532,C004820,Salary,5399.92,2018-03-18,Dormant
A0006533,C004821,Savings,8569.95,2018-09-23,Active
A0006534,C004822,Salary,38287.92,2022-04-26,Dormant
A0006535,C004822,Current,21986.18,2018-06-28,Active
A0006536,C004822,Savings,8727.95,2023-10-14,Active
A0006537,C004823,Savings,57697.06,2024-09-29,Active
A0006538,C004824,Current,25740.91,2022-10-23,Active
A0006539,C004825,Savings,38118.42,2020-10-16,Active
A0006540,C004826,Savings,2314.1,2022-10-05,Active
A0006541,C004827,Current,26288.6,2019-10-27,Active
A0006542,C004828,Salary,16335.45,2020-04-22,Active
A0006543,C004828,Salary,55101.22,2021-08-28,Active
A0006544,C004829,Fixed Deposit,196191.89,2022-05-02,Active
A0006545,C004829,Fixed Deposit,351281.42,2024-06-02,Active
A0006546,C004830,Fixed Deposit,148495.46,2023-04-15,Active
A0006547,C004830,Savings,9431.96,2022-05-12,Active
A0006548,C004830,Salary,19339.84,2018-09-15,Dormant
A0006549,C004831,Current,26380.65,2023-01-29,Active
A0006550,C004832,Fixed Deposit,73714.25,2021-11-18,Active
A0006551,C004833,Savings,50960.19,2023-05-15,Active
A0006552,C004834,Fixed Deposit,394895.37,2022-04-06,Active
A0006553,C004834,Fixed Deposit,236241.32,2020-12-14,Active
A0006554,C004834,Salary,19648.52,2020-06-18,Active
A0006555,C004835,Salary,4970.35,2019-01-25,Active
A0006556,C004835,Savings,21631.64,2024-07-07,Active
A0006557,C004836,Savings,24002.81,2018-08-11,Active
A0006558,C004837,Salary,9835.33,2021-04-02,Active
A0006559,C004838,Fixed Deposit,117820.85,2022-01-01,Active
A0006560,C004839,Savings,30976.8,2019-08-19,Active
A0006561,C004840,Fixed Deposit,166786.86,2021-07-24,Active
A0006562,C004841,Savings,17315.6,2018-03-07,Active
A0006563,C004841,Savings,12173.65,2024-11-28,Active
A0006564,C004841,Savings,22697.42,2021-11-11,Active
A0006565,C004842,Savings,7909.87,2022-08-02,Active
A0006566,C004843,Fixed Deposit,38719.67,2019-01-20,Active
A0006567,C004844,Salary,10416.44,2020-10-27,Active
A0006568,C004844,Savings,45122.15,2022-12-30,Active
A0006569,C004845,Salary,13160.23,2020-01-30,Active
A0006570,C004845,Fixed Deposit,73870.72,2024-05-14,Active
A0006571,C004846,Fixed Deposit,202638.96,2025-06-04,Active
A0006572,C004846,Fixed Deposit,66630.05,2018-10-25,Active
A0006573,C004847,Savings,55784.49,2022-09-10,Active
A0006574,C004847,Savings,37214.4,2022-06-05,Active
A0006575,C004848,Savings,7899.22,2025-06-28,Dormant
A0006576,C004849,Savings,24194.33,2021-03-25,Active
A0006577,C004850,Savings,7885.9,2023-10-21,Active
A0006578,C004851,Salary,4653.08,2022-12-09,Active
A0006579,C004851,Savings,31234.38,2021-09-11,Active
A0006580,C004852,Current,9507.52,2020-04-23,Active
A0006581,C004853,Savings,34515.86,2022-05-13,Active
A0006582,C004854,Salary,14539.9,2019-09-16,Active
A0006583,C004855,Fixed Deposit,88767.35,2019-03-16,Active
A0006584,C004856,Fixed Deposit,536149.83,2022-09-05,Active
A0006585,C004857,Current,6345.45,2025-05-15,Active
A0006586,C004858,Current,27799.63,2023-06-12,Active
A0006587,C004858,Salary,18546.27,2024-09-30,Active
A0006588,C004858,Savings,42952.76,2023-03-25,Active
A0006589,C004859,Salary,191128.48,2023-09-19,Active
A0006590,C004860,Savings,12680.57,2018-08-03,Active
A0006591,C004861,Current,21714.45,2021-08-02,Active
A0006592,C004861,Savings,3559.83,2019-06-17,Active
A0006593,C004862,Fixed Deposit,305610.06,2019-05-24,Active
A0006594,C004863,Savings,22801.03,2024-06-19,Active
A0006595,C004864,Salary,21736.64,2022-05-30,Active
A0006596,C004865,Savings,26182.64,2018-07-16,Active
A0006597,C004866,Savings,21520.66,2023-06-04,Active
A0006598,C004866,Savings,59087.53,2020-03-14,Active
A0006599,C004867,Savings,15026.01,2020-07-16,Active
A0006600,C004867,Current,2794.68,2022-03-27,Active
A0006601,C004868,Current,50857.08,2025-04-15,Active
A0006602,C004868,Fixed Deposit,303554.72,2022-08-09,Active
A0006603,C004869,Fixed Deposit,202066.67,2024-07-08,Active
A0006604,C004870,Savings,38968.02,2018-07-25,Active
A0006605,C004870,Salary,22674.69,2019-12-24,Active
A0006606,C004871,Savings,26654.12,2022-07-20,Active
A0006607,C004872,Fixed Deposit,187531.05,2020-05-12,Active
A0006608,C004873,Savings,7940.12,2024-01-19,Active
A0006609,C004873,Savings,7040.69,2022-11-28,Active
A0006610,C004874,Salary,7424.92,2022-10-13,Active
A0006611,C004875,Savings,26824.16,2021-03-01,Active
A0006612,C004876,Savings,72251.59,2021-12-25,Active
A0006613,C004877,Salary,7501.21,2022-09-07,Active
A0006614,C004877,Fixed Deposit,77358.87,2022-04-22,Active
A0006615,C004878,Savings,6693.64,2024-09-07,Active
A0006616,C004879,Salary,11006.68,2021-01-06,Active
A0006617,C004879,Salary,53047.89,2022-08-01,Active
A0006618,C004880,Savings,83949.87,2021-03-03,Active
A0006619,C004881,Savings,9614.63,2018-07-08,Active
A0006620,C004882,Savings,6816.24,2019-07-31,Active
A0006621,C004883,Salary,6316.15,2022-07-09,Active
A0006622,C004884,Savings,17589.95,2022-05-07,Active
A0006623,C004885,Fixed Deposit,414736.94,2019-08-21,Active
A0006624,C004885,Salary,69547.19,2023-03-29,Active
A0006625,C004886,Savings,25229.8,2022-11-12,Active
A0006626,C004887,Savings,36587.98,2020-01-29,Active
A0006627,C004888,Savings,8257.4,2025-05-28,Active
A0006628,C004888,Salary,53137.09,2023-02-19,Active
A0006629,C004889,Savings,53514.9,2025-01-21,Active
A0006630,C004890,Salary,28570.61,2024-10-22,Active
A0006631,C004890,Savings,12737.92,2024-08-07,Active
A0006632,C004891,Salary,13873.71,2018-07-13,Active
A0006633,C004892,Savings,43095.16,2022-10-06,Active
A0006634,C004892,Salary,54112.74,2022-01-23,Active
A0006635,C004893,Salary,6835.61,2019-06-19,Active
A0006636,C004893,Savings,23778.26,2025-06-07,Active
A0006637,C004894,Savings,315083.07,2024-04-24,Active
A0006638,C004894,Current,8507.32,2020-07-15,Active
A0006639,C004895,Fixed Deposit,59115.61,2020-12-19,Active
A0006640,C004896,Current,35705.42,2023-11-14,Dormant
A0006641,C004897,Savings,16665.54,2019-03-04,Active
A0006642,C004897,Fixed Deposit,223954.7,2019-10-31,Active
A0006643,C004898,Salary,70692.33,2021-08-12,Active
A0006644,C004899,Fixed Deposit,294297.84,2020-09-14,Active
A0006645,C004900,Savings,10582.36,2018-10-19,Active
A0006646,C004901,Savings,110969.79,2019-10-11,Active
A0006647,C004902,Savings,49705.73,2024-02-02,Active
A0006648,C004903,Savings,40647.0,2024-11-05,Active
A0006649,C004904,Savings,13411.65,2024-12-28,Active
A0006650,C004905,Savings,13930.01,2023-10-02,Active
A0006651,C004906,Current,74893.8,2021-01-16,Active
A0006652,C004907,Savings,5742.24,2021-05-19,Active
A0006653,C004907,Fixed Deposit,427718.97,2019-07-12,Active
A0006654,C004908,Salary,38095.21,2023-03-24,Active
A0006655,C004909,Savings,26912.96,2020-11-25,Active
A0006656,C004910,Savings,20336.1,2022-01-21,Active
A0006657,C004911,Savings,41284.46,2020-09-09,Active
A0006658,C004911,Savings,50403.94,2022-11-29,Active
A0006659,C004912,Savings,23871.84,2024-05-10,Active
A0006660,C004912,Savings,14007.57,2023-07-02,Active
A0006661,C004913,Fixed Deposit,217715.89,2018-05-24,Active
A0006662,C004914,Fixed Deposit,117146.09,2019-02-04,Active
A0006663,C004915,Savings,33251.12,2023-09-22,Active
A0006664,C004916,Current,25651.84,2021-06-09,Active
A0006665,C004916,Savings,3326.38,2019-11-01,Active
A0006666,C004916,Fixed Deposit,306597.12,2020-08-11,Active
A0006667,C004917,Current,19772.58,2019-05-08,Active
A0006668,C004917,Savings,45627.91,2019-12-30,Active
A0006669,C004918,Current,18284.46,2021-02-12,Active
A0006670,C004918,Savings,8024.44,2019-09-19,Active
A0006671,C004918,Savings,175687.83,2020-06-16,Active
A0006672,C004919,Current,6239.71,2022-08-20,Dormant
A0006673,C004920,Fixed Deposit,250893.19,2023-08-04,Active
A0006674,C004921,Salary,4540.93,2020-01-29,Dormant
A0006675,C004921,Salary,6387.6,2024-05-19,Active
A0006676,C004922,Salary,2704.56,2021-07-13,Active
A0006677,C004922,Savings,26976.5,2021-02-22,Active
A0006678,C004923,Savings,27268.32,2022-09-21,Active
A0006679,C004923,Fixed Deposit,106763.58,2018-05-09,Active
A0006680,C004924,Fixed Deposit,51444.97,2022-11-24,Active
A0006681,C004925,Savings,47278.18,2022-07-14,Active
A0006682,C004926,Savings,8116.72,2024-01-19,Active
A0006683,C004927,Salary,22424.01,2025-03-12,Active
A0006684,C004928,Salary,41193.25,2020-02-20,Active
A0006685,C004928,Salary,62239.92,2024-10-14,Active
A0006686,C004928,Savings,24950.01,2019-03-28,Active
A0006687,C004929,Savings,11163.05,2020-06-06,Active
A0006688,C004929,Fixed Deposit,105980.13,2022-11-30,Active
A0006689,C004930,Savings,14815.92,2022-07-24,Active
A0006690,C004931,Salary,14242.49,2019-11-11,Active
A0006691,C004931,Savings,125717.68,2021-01-21,Active
A0006692,C004931,Fixed Deposit,293418.15,2020-04-20,Active
A0006693,C004932,Savings,3661.93,2019-07-12,Active
A0006694,C004932,Fixed Deposit,269781.74,2020-05-29,Active
A0006695,C004933,Savings,32357.3,2018-01-20,Active
A0006696,C004934,Salary,45858.25,2020-12-06,Active
A0006697,C004934,Savings,4981.61,2024-12-21,Active
A0006698,C004935,Savings,35189.69,2024-04-02,Active
A0006699,C004935,Savings,13454.97,2021-03-24,Active
A0006700,C004936,Current,44087.7,2023-12-23,Active
A0006701,C004936,Savings,35970.78,2024-06-15,Active
A0006702,C004937,Salary,44281.03,2020-07-18,Active
A0006703,C004937,Savings,24496.82,2020-10-22,Active
A0006704,C004937,Savings,10548.61,2020-05-14,Active
A0006705,C004938,Savings,4945.41,2021-06-28,Active
A0006706,C004938,Fixed Deposit,52155.13,2022-08-08,Active
A0006707,C004939,Salary,16602.19,2020-11-26,Active
A0006708,C004939,Salary,48825.1,2022-05-26,Active
A0006709,C004940,Fixed Deposit,34703.6,2025-01-07,Active
A0006710,C004941,Savings,18922.74,2023-10-21,Active
A0006711,C004942,Current,21280.58,2024-05-29,Active
A0006712,C004943,Fixed Deposit,409372.1,2024-08-31,Active
A0006713,C004944,Salary,18386.72,2021-02-23,Active
A0006714,C004945,Current,11846.49,2021-04-17,Active
A0006715,C004946,Salary,18326.59,2021-12-25,Active
A0006716,C004947,Current,167068.96,2023-11-03,Active
A0006717,C004947,Salary,2915.23,2023-10-14,Active
A0006718,C004948,Savings,32423.34,2022-02-01,Active
A0006719,C004949,Savings,31319.43,2025-03-21,Active
A0006720,C004950,Savings,24459.82,2020-11-12,Active
A0006721,C004951,Savings,39087.1,2019-06-17,Active
A0006722,C004952,Savings,17372.85,2019-05-24,Active
A0006723,C004953,Savings,10480.14,2023-07-12,Active
A0006724,C004954,Savings,75295.38,2021-06-17,Dormant
A0006725,C004955,Savings,7056.66,2024-02-05,Active
A0006726,C004956,Current,622510.52,2020-04-25,Active
A0006727,C004957,Savings,20523.01,2020-08-25,Active
A0006728,C004957,Fixed Deposit,57062.23,2021-09-15,Active
A0006729,C004958,Salary,22708.44,2018-08-23,Active
A0006730,C004959,Savings,11890.99,2024-10-13,Active
A0006731,C004960,Savings,16231.33,2022-02-20,Active
A0006732,C004961,Salary,45339.57,2023-08-14,Active
A0006733,C004962,Fixed Deposit,70640.21,2020-08-17,Active
A0006734,C004963,Savings,234042.54,2021-07-21,Active
A0006735,C004963,Current,11298.85,2025-05-26,Active
A0006736,C004964,Fixed Deposit,262865.87,2019-08-26,Active
A0006737,C004964,Fixed Deposit,96103.83,2024-09-03,Active
A0006738,C004964,Salary,26981.39,2020-08-13,Active
A0006739,C004965,Salary,32550.92,2020-08-12,Active
A0006740,C004966,Savings,15944.08,2025-05-17,Active
A0006741,C004967,Fixed Deposit,351061.13,2021-12-03,Active
A0006742,C004968,Savings,15788.42,2024-08-02,Active
A0006743,C004969,Current,49124.14,2018-03-05,Active
A0006744,C004970,Savings,88588.31,2023-07-13,Active
A0006745,C004971,Salary,40221.07,2020-07-02,Active
A0006746,C004971,Savings,45525.92,2024-05-14,Dormant
A0006747,C004972,Savings,22839.94,2024-07-12,Active
A0006748,C004973,Fixed Deposit,86685.05,2020-11-18,Active
A0006749,C004974,Current,9379.21,2022-04-18,Active
A0006750,C004975,Fixed Deposit,68664.25,2023-11-12,Active
A0006751,C004976,Savings,11767.77,2020-12-26,Active
A0006752,C004976,Savings,14035.36,2018-05-20,Active
A0006753,C004977,Savings,15971.86,2023-08-26,Active
A0006754,C004978,Savings,38066.14,2023-09-26,Active
A0006755,C004979,Savings,25364.44,2020-10-16,Active
A0006756,C004980,Savings,35980.72,2024-05-01,Active
A0006757,C004981,Savings,26724.74,2018-08-07,Active
A0006758,C004982,Savings,24269.69,2020-07-10,Active
A0006759,C004982,Salary,24968.28,2022-09-21,Active
A0006760,C004982,Current,18025.09,2024-03-07,Active
A0006761,C004983,Current,15505.64,2021-07-09,Active
A0006762,C004983,Savings,16764.69,2021-11-17,Active
A0006763,C004984,Current,22589.69,2022-08-19,Active
A0006764,C004985,Fixed Deposit,357291.12,2023-10-25,Active
A0006765,C004985,Fixed Deposit,224846.3,2023-10-15,Active
A0006766,C004986,Salary,30384.38,2018-01-22,Active
A0006767,C004987,Savings,66062.54,2022-08-07,Dormant
A0006768,C004988,Savings,17776.62,2022-09-04,Dormant
A0006769,C004989,Savings,80646.36,2024-04-07,Active
A0006770,C004989,Fixed Deposit,98367.65,2024-05-03,Active
A0006771,C004990,Fixed Deposit,67741.53,2022-07-16,Active
A0006772,C004991,Salary,18304.3,2019-10-06,Active
A0006773,C004992,Savings,21979.51,2018-11-30,Active
A0006774,C004993,Savings,21346.98,2022-02-24,Active
A0006775,C004993,Savings,37859.75,2022-04-11,Active
A0006776,C004994,Salary,19677.06,2018-06-09,Active
A0006777,C004994,Savings,27090.05,2021-06-24,Active
A0006778,C004995,Savings,134925.34,2021-09-28,Active
A0006779,C004996,Savings,49593.79,2023-11-19,Active
A0006780,C004997,Fixed Deposit,112817.82,2019-06-03,Active
A0006781,C004998,Current,40471.48,2021-10-08,Active
A0006782,C004999,Savings,52586.42,2023-01-27,Active
A0006783,C004999,Salary,58366.16,2022-12-20,Active
A0006784,C005000,Salary,28087.09,2021-05-21,Active
A0006785,C005001,Fixed Deposit,202340.95,2020-07-24,Active
A0006786,C005001,Salary,7636.98,2019-05-06,Active
A0006787,C005002,Fixed Deposit,434706.49,2019-07-27,Active
A0006788,C005003,Salary,18948.24,2019-08-18,Dormant
A0006789,C005004,Savings,29645.9,2018-03-05,Active
A0006790,C005005,Salary,33565.64,2019-07-07,Active
A0006791,C005006,Savings,71031.13,2023-10-05,Active
A0006792,C005007,Current,13570.58,2018-10-02,Active
A0006793,C005008,Savings,61762.62,2021-09-03,Active
A0006794,C005008,Fixed Deposit,73049.61,2020-09-23,Active
A0006795,C005008,Salary,24953.47,2024-05-21,Active
A0006796,C005009,Salary,29122.47,2020-11-22,Active
A0006797,C005010,Salary,90888.98,2022-05-10,Active
A0006798,C005010,Fixed Deposit,152478.29,2022-06-18,Active
A0006799,C005011,Savings,37830.31,2021-06-14,Active
A0006800,C005011,Savings,21495.74,2021-01-13,Active
A0006801,C005012,Savings,8800.64,2020-05-02,Active
A0006802,C005013,Savings,56101.65,2020-01-29,Active
A0006803,C005013,Savings,30852.45,2018-08-07,Active
A0006804,C005014,Fixed Deposit,419154.56,2024-12-06,Active
A0006805,C005015,Salary,45022.29,2019-07-29,Active
A0006806,C005015,Fixed Deposit,130108.19,2022-12-12,Active
A0006807,C005016,Salary,55299.81,2020-04-15,Active
A0006808,C005017,Savings,28750.21,2021-02-16,Active
A0006809,C005018,Savings,7066.73,2023-05-16,Active
A0006810,C005019,Savings,7352.35,2019-07-27,Active
A0006811,C005020,Salary,15014.51,2019-03-20,Active
A0006812,C005021,Salary,35975.15,2021-01-21,Active
A0006813,C005021,Salary,64086.34,2024-05-10,Active
A0006814,C005022,Current,43534.54,2018-01-05,Dormant
A0006815,C005023,Savings,3379.66,2020-03-06,Active
A0006816,C005024,Current,20486.45,2020-05-19,Active
A0006817,C005025,Savings,15199.85,2021-08-16,Active
A0006818,C005026,Savings,14007.45,2020-12-08,Active
A0006819,C005026,Current,24616.85,2023-09-20,Active
A0006820,C005027,Current,39844.42,2021-10-19,Active
A0006821,C005028,Salary,107160.9,2019-04-29,Active
A0006822,C005029,Salary,26190.18,2018-06-27,Active
A0006823,C005030,Savings,21639.07,2021-12-18,Active
A0006824,C005030,Salary,20674.11,2020-09-21,Active
A0006825,C005030,Savings,18989.36,2024-08-15,Active
A0006826,C005031,Savings,26271.81,2019-01-20,Active
A0006827,C005032,Current,61919.26,2022-05-03,Active
A0006828,C005033,Current,14810.82,2023-03-04,Active
A0006829,C005034,Savings,16201.95,2022-04-07,Active
A0006830,C005034,Salary,6181.99,2018-11-19,Active
A0006831,C005035,Salary,9492.56,2022-10-09,Active
A0006832,C005035,Salary,6210.85,2019-02-27,Active
A0006833,C005036,Fixed Deposit,95788.82,2018-11-02,Active
A0006834,C005037,Current,16364.29,2023-12-31,Active
A0006835,C005038,Savings,1287.72,2020-03-04,Active
A0006836,C005039,Fixed Deposit,249870.03,2023-06-27,Active
A0006837,C005040,Savings,14665.13,2023-02-16,Active
A0006838,C005041,Savings,11043.5,2025-01-31,Active
A0006839,C005041,Current,12555.29,2021-03-26,Active
A0006840,C005042,Salary,52681.02,2021-08-07,Active
A0006841,C005043,Current,17939.27,2023-03-27,Active
A0006842,C005044,Savings,28946.21,2021-04-17,Active
A0006843,C005045,Savings,18283.28,2019-03-11,Active
A0006844,C005045,Savings,46823.78,2021-01-02,Active
A0006845,C005046,Savings,3523.12,2021-05-30,Active
A0006846,C005046,Salary,69271.75,2020-10-23,Active
A0006847,C005046,Savings,41373.71,2018-11-03,Active
A0006848,C005047,Savings,36575.33,2024-10-14,Active
A0006849,C005047,Savings,44892.69,2023-05-28,Active
A0006850,C005048,Savings,5556.58,2022-01-03,Active
A0006851,C005049,Fixed Deposit,363117.4,2019-08-14,Active
A0006852,C005050,Savings,17933.57,2019-03-11,Active
A0006853,C005051,Salary,9092.22,2025-02-16,Active
A0006854,C005051,Salary,41357.51,2019-02-20,Active
A0006855,C005051,Salary,44326.37,2020-05-18,Active
A0006856,C005052,Savings,33121.61,2018-08-22,Active
A0006857,C005053,Savings,158778.21,2022-05-10,Active
A0006858,C005054,Savings,15405.04,2021-01-15,Active
A0006859,C005055,Savings,6205.05,2018-08-28,Active
A0006860,C005056,Fixed Deposit,412648.51,2020-02-21,Active
A0006861,C005057,Salary,7096.31,2018-10-26,Active
A0006862,C005058,Fixed Deposit,319365.87,2024-06-19,Active
A0006863,C005059,Fixed Deposit,618615.08,2018-12-21,Active
A0006864,C005059,Salary,17450.34,2018-04-23,Dormant
A0006865,C005060,Salary,106262.51,2022-02-08,Active
A0006866,C005061,Salary,14922.15,2018-12-29,Active
A0006867,C005061,Salary,4539.37,2023-04-09,Active
A0006868,C005062,Fixed Deposit,97419.53,2018-05-20,Active
A0006869,C005063,Savings,10332.92,2024-02-15,Active
A0006870,C005063,Savings,39066.73,2022-07-30,Active
A0006871,C005064,Savings,65105.75,2024-08-27,Active
A0006872,C005064,Savings,56738.43,2023-12-16,Active
A0006873,C005065,Savings,19467.99,2022-12-19,Active
A0006874,C005066,Savings,84259.91,2021-09-22,Active
A0006875,C005067,Salary,3799.03,2020-02-17,Active
A0006876,C005068,Savings,9446.67,2021-07-22,Active
A0006877,C005069,Savings,31110.48,2023-10-17,Dormant
A0006878,C005070,Fixed Deposit,462643.14,2023-02-02,Active
A0006879,C005071,Current,17685.6,2021-10-12,Active
A0006880,C005072,Savings,3046.24,2021-03-18,Active
A0006881,C005073,Current,182974.5,2019-08-05,Active
A0006882,C005074,Salary,136582.4,2022-05-12,Active
A0006883,C005075,Current,1653.14,2023-02-28,Active
A0006884,C005075,Savings,42565.29,2023-09-06,Active
A0006885,C005076,Savings,53065.04,2023-10-11,Active
A0006886,C005076,Savings,185080.28,2019-12-24,Active
A0006887,C005077,Savings,97591.32,2021-07-31,Active
A0006888,C005077,Current,20043.39,2024-05-24,Active
A0006889,C005077,Savings,51168.97,2022-07-21,Active
A0006890,C005078,Savings,18640.47,2022-01-20,Active
A0006891,C005078,Salary,32748.55,2018-07-09,Active
A0006892,C005079,Savings,20210.22,2018-06-04,Active
A0006893,C005080,Salary,59828.41,2022-11-23,Active
A0006894,C005080,Salary,35859.65,2022-06-06,Active
A0006895,C005081,Fixed Deposit,382654.92,2021-11-11,Active
A0006896,C005082,Fixed Deposit,65645.87,2023-11-07,Active
A0006897,C005082,Fixed Deposit,300260.7,2023-08-05,Active
A0006898,C005083,Savings,30142.92,2023-11-19,Active
A0006899,C005084,Salary,43518.78,2023-12-16,Active
A0006900,C005084,Savings,173874.41,2025-03-01,Active
A0006901,C005085,Savings,21382.78,2023-03-12,Active
A0006902,C005086,Salary,12932.41,2024-12-17,Active
A0006903,C005087,Current,21971.81,2020-01-30,Active
A0006904,C005087,Savings,66338.86,2020-01-14,Active
A0006905,C005088,Savings,11731.19,2024-04-24,Active
A0006906,C005089,Current,9625.09,2024-09-09,Active
A0006907,C005090,Fixed Deposit,292356.22,2023-03-11,Active
A0006908,C005091,Savings,17729.31,2019-06-17,Active
A0006909,C005091,Salary,24803.47,2021-08-05,Active
A0006910,C005092,Savings,52473.28,2023-11-25,Active
A0006911,C005093,Savings,39723.97,2024-09-11,Active
A0006912,C005094,Savings,23229.5,2018-10-25,Active
A0006913,C005094,Savings,58655.61,2019-03-28,Active
A0006914,C005095,Current,11849.44,2020-02-08,Active
A0006915,C005096,Salary,13860.71,2021-10-25,Active
A0006916,C005097,Fixed Deposit,137052.99,2021-03-31,Active
A0006917,C005098,Salary,110333.75,2021-05-05,Active
A0006918,C005099,Current,42476.22,2021-04-05,Active
A0006919,C005100,Savings,5297.74,2020-01-08,Active
A0006920,C005101,Savings,12722.93,2022-04-13,Active
A0006921,C005101,Current,25302.35,2021-10-19,Active
A0006922,C005101,Savings,5939.94,2020-01-03,Active
A0006923,C005102,Savings,25740.81,2024-04-18,Active
A0006924,C005103,Savings,8519.26,2020-03-31,Active
A0006925,C005103,Savings,35370.44,2024-06-18,Active
A0006926,C005103,Fixed Deposit,71048.37,2024-02-05,Active
A0006927,C005104,Savings,32353.25,2024-02-27,Active
A0006928,C005104,Savings,19757.11,2024-04-17,Active
A0006929,C005105,Savings,21018.24,2024-04-24,Active
A0006930,C005106,Savings,135759.52,2025-04-20,Active
A0006931,C005106,Fixed Deposit,212481.34,2020-07-31,Active
A0006932,C005107,Salary,26985.08,2023-09-10,Active
A0006933,C005107,Fixed Deposit,199269.32,2022-07-16,Active
A0006934,C005108,Savings,29012.55,2025-04-15,Active
A0006935,C005108,Salary,262722.56,2018-10-22,Dormant
A0006936,C005109,Savings,95843.6,2022-10-30,Active
A0006937,C005110,Fixed Deposit,113194.83,2019-10-18,Active
A0006938,C005111,Savings,9622.66,2023-12-18,Active
A0006939,C005111,Current,9107.19,2021-08-02,Active
A0006940,C005112,Current,31815.7,2024-11-22,Active
A0006941,C005112,Savings,39325.88,2020-03-24,Active
A0006942,C005113,Savings,14720.11,2021-01-12,Active
A0006943,C005114,Salary,4989.86,2021-10-01,Active
A0006944,C005114,Salary,6187.15,2020-12-27,Active
A0006945,C005114,Salary,105130.89,2024-11-25,Active
A0006946,C005115,Current,16803.02,2023-03-12,Active
A0006947,C005115,Current,271917.54,2020-08-28,Active
A0006948,C005116,Savings,10286.7,2019-09-03,Active
A0006949,C005116,Fixed Deposit,102242.55,2021-08-12,Active
A0006950,C005117,Salary,37742.83,2021-03-15,Active
A0006951,C005117,Savings,17122.48,2020-08-08,Active
A0006952,C005118,Salary,10216.71,2019-06-23,Active
A0006953,C005119,Current,6530.45,2024-08-20,Active
A0006954,C005120,Savings,19228.92,2023-03-30,Active
A0006955,C005120,Fixed Deposit,86384.8,2025-01-16,Active
A0006956,C005121,Savings,2649.77,2021-03-12,Active
A0006957,C005122,Current,18378.97,2018-10-07,Active
A0006958,C005123,Fixed Deposit,420439.79,2021-03-07,Active
A0006959,C005124,Savings,75361.2,2021-05-26,Active
A0006960,C005125,Savings,42722.32,2020-07-25,Active
A0006961,C005126,Savings,45509.45,2025-05-10,Active
A0006962,C005127,Savings,36428.96,2018-10-31,Active
A0006963,C005128,Current,31449.22,2019-08-05,Active
A0006964,C005128,Current,67689.75,2021-02-28,Active
A0006965,C005129,Savings,57487.32,2024-06-10,Active
A0006966,C005130,Current,20235.38,2022-07-10,Active
A0006967,C005131,Savings,99860.74,2020-07-18,Active
A0006968,C005131,Savings,78229.23,2018-04-22,Active
A0006969,C005132,Current,34319.8,2022-06-09,Active
A0006970,C005133,Salary,12850.82,2018-06-08,Active
A0006971,C005134,Salary,3587.06,2020-04-01,Dormant
A0006972,C005135,Savings,10698.21,2018-08-25,Active
A0006973,C005136,Savings,90769.78,2022-11-03,Active
A0006974,C005136,Savings,34015.0,2020-01-28,Active
A0006975,C005136,Savings,31559.18,2024-11-19,Active
A0006976,C005137,Savings,27606.48,2021-10-19,Active
A0006977,C005137,Fixed Deposit,52263.31,2024-04-19,Active
A0006978,C005138,Salary,13962.95,2018-11-26,Active
A0006979,C005139,Savings,20720.84,2019-02-09,Active
A0006980,C005140,Current,47931.78,2024-01-22,Active
A0006981,C005141,Savings,20699.6,2020-01-25,Active
A0006982,C005142,Savings,14220.43,2019-03-31,Active
A0006983,C005142,Savings,9589.05,2022-07-16,Dormant
A0006984,C005143,Savings,15521.54,2022-05-29,Active
A0006985,C005144,Current,18818.08,2024-09-15,Active
A0006986,C005145,Current,24273.41,2018-07-26,Active
A0006987,C005145,Current,21090.85,2024-01-07,Active
A0006988,C005146,Savings,80116.1,2018-08-09,Active
A0006989,C005147,Savings,47106.46,2019-07-12,Active
A0006990,C005148,Savings,68626.23,2018-08-09,Active
A0006991,C005148,Current,17788.4,2018-03-07,Active
A0006992,C005149,Savings,106068.12,2025-02-18,Active
A0006993,C005150,Savings,71556.84,2023-01-16,Active
A0006994,C005151,Savings,20957.33,2024-11-19,Active
A0006995,C005151,Savings,77117.05,2023-01-11,Active
A0006996,C005152,Salary,11118.48,2022-04-15,Active
A0006997,C005153,Fixed Deposit,120568.67,2022-02-16,Active
A0006998,C005154,Salary,7829.51,2024-08-05,Active
A0006999,C005154,Current,15705.85,2021-08-02,Active
A0007000,C005155,Salary,27631.29,2024-05-21,Active
A0007001,C005155,Salary,8625.62,2024-03-26,Active
A0007002,C005156,Savings,16527.0,2020-11-11,Active
A0007003,C005157,Savings,46833.61,2023-08-02,Active
A0007004,C005157,Savings,8100.28,2019-02-12,Active
A0007005,C005158,Savings,16828.47,2021-07-28,Active
A0007006,C005159,Salary,4620.52,2022-03-01,Active
A0007007,C005159,Savings,28154.44,2021-01-12,Active
A0007008,C005160,Savings,26697.87,2021-01-04,Active
A0007009,C005161,Salary,29360.56,2022-05-11,Active
A0007010,C005162,Savings,57686.72,2022-05-31,Active
A0007011,C005163,Savings,10014.57,2019-08-11,Active
A0007012,C005163,Savings,32571.76,2024-02-01,Active
A0007013,C005164,Fixed Deposit,74259.6,2024-08-17,Active
A0007014,C005164,Salary,12307.03,2021-01-07,Active
A0007015,C005165,Savings,58916.29,2018-07-04,Active
A0007016,C005166,Fixed Deposit,75194.9,2019-12-06,Active
A0007017,C005167,Savings,16130.3,2021-12-09,Active
A0007018,C005168,Savings,5282.47,2020-10-27,Active
A0007019,C005168,Current,6715.65,2023-11-04,Active
A0007020,C005169,Savings,59355.88,2018-02-17,Active
A0007021,C005170,Current,5343.05,2023-11-16,Active
A0007022,C005171,Fixed Deposit,299810.55,2024-05-18,Active
A0007023,C005172,Savings,46691.43,2022-08-13,Active
A0007024,C005173,Fixed Deposit,172334.8,2018-04-11,Active
A0007025,C005174,Current,14953.92,2018-01-25,Active
A0007026,C005174,Salary,31760.38,2018-08-13,Active
A0007027,C005175,Salary,24513.11,2025-03-01,Active
A0007028,C005176,Savings,42539.29,2019-12-19,Active
A0007029,C005177,Savings,30150.99,2020-08-20,Active
A0007030,C005178,Savings,21291.47,2024-10-13,Active
A0007031,C005179,Savings,10874.0,2019-11-24,Active
A0007032,C005179,Fixed Deposit,753086.83,2023-05-05,Active
A0007033,C005179,Fixed Deposit,359091.89,2024-02-16,Active
A0007034,C005180,Fixed Deposit,221822.36,2019-06-27,Active
A0007035,C005181,Fixed Deposit,203362.29,2025-03-23,Active
A0007036,C005182,Savings,20616.64,2023-05-05,Active
A0007037,C005183,Salary,11121.82,2018-09-20,Active
A0007038,C005183,Fixed Deposit,149875.48,2021-06-28,Active
A0007039,C005183,Current,26862.11,2020-10-03,Active
A0007040,C005184,Savings,11422.53,2019-03-02,Active
A0007041,C005184,Savings,69267.61,2022-04-18,Active
A0007042,C005185,Fixed Deposit,68870.34,2023-05-24,Active
A0007043,C005186,Savings,8721.82,2022-10-23,Active
A0007044,C005187,Savings,245127.9,2018-09-08,Active
A0007045,C005188,Savings,172848.21,2018-08-22,Active
A0007046,C005188,Savings,22893.0,2018-08-16,Dormant
A0007047,C005189,Savings,25459.88,2020-07-19,Active
A0007048,C005190,Fixed Deposit,131698.01,2023-10-13,Active
A0007049,C005190,Fixed Deposit,376505.58,2019-05-16,Active
A0007050,C005191,Salary,14627.06,2023-07-15,Active
A0007051,C005192,Savings,24695.76,2025-01-19,Active
A0007052,C005193,Savings,10543.65,2020-05-29,Active
A0007053,C005194,Current,30806.99,2023-11-29,Active
A0007054,C005195,Salary,22776.31,2019-07-23,Active
A0007055,C005196,Savings,25143.34,2022-03-18,Active
A0007056,C005197,Savings,26870.14,2018-10-11,Active
A0007057,C005198,Savings,16892.79,2019-03-28,Active
A0007058,C005199,Savings,50147.2,2018-09-25,Active
A0007059,C005200,Savings,122421.12,2022-04-02,Active
A0007060,C005200,Savings,42211.51,2024-03-04,Active
A0007061,C005200,Current,21929.6,2021-11-09,Active
A0007062,C005201,Savings,34203.9,2025-03-29,Active
A0007063,C005202,Savings,12934.8,2019-12-17,Active
A0007064,C005202,Current,4326.05,2024-08-26,Active
A0007065,C005202,Savings,9094.49,2022-08-15,Active
A0007066,C005203,Savings,37883.53,2020-03-27,Active
A0007067,C005204,Savings,91646.22,2024-08-27,Dormant
A0007068,C005205,Fixed Deposit,63719.75,2018-08-24,Active
A0007069,C005205,Savings,28347.8,2019-06-26,Active
A0007070,C005206,Savings,28987.91,2020-02-03,Active
A0007071,C005207,Salary,22563.71,2019-01-28,Active
A0007072,C005208,Salary,104652.41,2019-01-02,Active
A0007073,C005208,Salary,49691.85,2023-08-23,Active
A0007074,C005208,Fixed Deposit,963993.96,2025-05-05,Active
A0007075,C005209,Savings,92745.63,2024-02-25,Active
A0007076,C005210,Current,7438.54,2024-04-04,Active
A0007077,C005210,Savings,23796.8,2023-07-20,Active
A0007078,C005211,Savings,27391.58,2019-11-26,Dormant
A0007079,C005212,Savings,3839.14,2025-06-29,Active
A0007080,C005212,Fixed Deposit,168769.32,2020-11-01,Active
A0007081,C005213,Fixed Deposit,37581.62,2021-09-05,Active
A0007082,C005213,Salary,38474.71,2021-02-03,Active
A0007083,C005214,Current,13739.32,2020-08-27,Active
A0007084,C005215,Savings,92965.95,2021-04-09,Active
A0007085,C005216,Salary,19658.53,2019-02-21,Active
A0007086,C005217,Savings,3706.37,2024-04-08,Active
A0007087,C005218,Savings,12376.56,2018-01-02,Active
A0007088,C005219,Savings,7346.18,2022-09-20,Active
A0007089,C005219,Current,41783.21,2021-05-25,Active
A0007090,C005220,Salary,31744.89,2020-05-02,Active
A0007091,C005220,Savings,16411.45,2023-09-05,Active
A0007092,C005221,Salary,28364.8,2018-08-23,Active
A0007093,C005222,Savings,19812.44,2021-12-08,Active
A0007094,C005223,Savings,36354.68,2019-11-17,Active
A0007095,C005224,Fixed Deposit,74964.0,2018-11-29,Active
A0007096,C005225,Savings,21693.76,2023-02-12,Active
A0007097,C005226,Current,30277.15,2020-04-02,Active
A0007098,C005227,Savings,2199.99,2018-09-18,Active
A0007099,C005228,Savings,23734.69,2024-03-19,Active
A0007100,C005229,Current,41134.84,2021-02-05,Active
A0007101,C005229,Current,181345.24,2023-12-10,Active
A0007102,C005230,Salary,19489.18,2022-09-08,Active
A0007103,C005230,Fixed Deposit,154809.15,2024-06-12,Active
A0007104,C005231,Savings,11440.44,2024-04-24,Active
A0007105,C005231,Savings,23970.14,2020-05-25,Active
A0007106,C005232,Savings,6079.75,2022-06-08,Active
A0007107,C005233,Salary,28918.74,2022-12-22,Active
A0007108,C005234,Fixed Deposit,141797.85,2018-09-20,Active
A0007109,C005234,Salary,25754.1,2025-03-21,Active
A0007110,C005235,Current,23941.29,2020-03-09,Active
A0007111,C005236,Savings,78779.21,2020-05-22,Active
A0007112,C005236,Savings,26809.58,2022-02-04,Active
A0007113,C005237,Salary,14116.97,2020-12-27,Active
A0007114,C005238,Savings,78262.29,2024-08-04,Active
A0007115,C005239,Savings,73742.94,2023-01-10,Active
A0007116,C005239,Salary,7657.6,2022-04-14,Active
A0007117,C005240,Fixed Deposit,401018.78,2022-09-25,Dormant
A0007118,C005241,Current,25014.6,2024-11-20,Active
A0007119,C005241,Fixed Deposit,193331.28,2023-02-17,Dormant
A0007120,C005242,Savings,13690.75,2024-07-11,Active
A0007121,C005243,Fixed Deposit,78060.15,2024-09-20,Active
A0007122,C005243,Salary,7095.8,2023-08-25,Active
A0007123,C005244,Savings,21563.02,2023-06-25,Active
A0007124,C005245,Fixed Deposit,507599.4,2019-04-12,Active
A0007125,C005246,Savings,17340.09,2023-12-07,Active
A0007126,C005247,Savings,43996.63,2023-07-15,Active
A0007127,C005248,Savings,62685.94,2022-03-26,Active
A0007128,C005249,Salary,70359.66,2021-01-04,Active
A0007129,C005249,Fixed Deposit,271471.35,2024-02-20,Active
A0007130,C005250,Salary,60742.44,2024-12-30,Active
A0007131,C005251,Savings,14447.47,2019-06-07,Active
A0007132,C005252,Salary,35540.72,2024-11-17,Active
A0007133,C005252,Savings,40195.65,2020-10-29,Active
A0007134,C005253,Savings,10199.59,2022-04-29,Active
A0007135,C005254,Savings,7698.89,2019-07-04,Active
A0007136,C005255,Savings,16674.34,2023-07-13,Active
A0007137,C005256,Savings,44954.41,2024-12-03,Active
A0007138,C005257,Savings,49441.07,2020-04-15,Active
A0007139,C005257,Fixed Deposit,31217.01,2019-10-15,Active
A0007140,C005258,Current,28221.87,2018-07-03,Active
A0007141,C005259,Fixed Deposit,166190.9,2023-06-17,Active
A0007142,C005259,Savings,6087.2,2020-12-24,Active
A0007143,C005260,Current,12043.08,2020-09-22,Active
A0007144,C005261,Savings,15639.37,2020-06-29,Active
A0007145,C005262,Savings,13507.99,2019-08-20,Active
A0007146,C005262,Current,60677.36,2021-03-18,Active
A0007147,C005263,Salary,7420.25,2022-05-06,Active
A0007148,C005264,Fixed Deposit,185955.36,2021-11-30,Active
A0007149,C005265,Current,13374.79,2023-10-14,Active
A0007150,C005266,Salary,20459.39,2018-02-26,Active
A0007151,C005267,Fixed Deposit,121354.92,2020-08-05,Active
A0007152,C005267,Salary,22208.16,2018-05-25,Active
A0007153,C005268,Salary,90798.69,2021-12-26,Active
A0007154,C005269,Salary,55599.54,2023-02-02,Active
A0007155,C005270,Salary,11690.84,2019-06-15,Active
A0007156,C005271,Savings,12769.88,2023-06-12,Active
A0007157,C005272,Savings,4928.17,2020-06-20,Active
A0007158,C005273,Savings,52353.89,2020-11-24,Dormant
A0007159,C005273,Savings,8104.16,2021-02-23,Active
A0007160,C005274,Savings,12205.46,2019-02-14,Dormant
A0007161,C005275,Savings,42102.31,2019-03-20,Active
A0007162,C005275,Salary,6405.62,2018-02-10,Active
A0007163,C005276,Current,28011.16,2020-03-29,Active
A0007164,C005277,Current,83374.78,2019-08-09,Active
A0007165,C005278,Fixed Deposit,543408.17,2021-06-24,Active
A0007166,C005279,Savings,45821.15,2018-08-11,Active
A0007167,C005279,Salary,152125.48,2022-09-26,Active
A0007168,C005280,Fixed Deposit,156274.34,2021-08-24,Active
A0007169,C005281,Savings,13863.14,2022-07-04,Active
A0007170,C005281,Salary,40878.64,2021-05-29,Active
A0007171,C005282,Salary,80021.15,2023-02-10,Active
A0007172,C005282,Fixed Deposit,213040.73,2021-01-08,Active
A0007173,C005282,Savings,56903.48,2020-01-29,Active
A0007174,C005283,Savings,33758.68,2018-06-15,Active
A0007175,C005283,Current,135507.32,2021-12-14,Active
A0007176,C005284,Savings,29017.33,2024-12-29,Active
A0007177,C005285,Savings,13307.05,2022-09-17,Active
A0007178,C005286,Fixed Deposit,110738.96,2019-01-30,Active
A0007179,C005286,Fixed Deposit,129816.69,2019-04-01,Active
A0007180,C005287,Savings,31460.49,2020-11-24,Active
A0007181,C005287,Savings,28725.59,2023-11-05,Active
A0007182,C005288,Savings,44734.7,2024-02-07,Active
A0007183,C005288,Savings,1503.32,2021-10-18,Active
A0007184,C005289,Current,21246.23,2019-03-28,Active
A0007185,C005290,Current,100361.37,2024-01-09,Active
A0007186,C005291,Salary,4424.6,2024-04-10,Active
A0007187,C005292,Salary,26293.07,2022-11-23,Active
A0007188,C005292,Savings,26738.71,2023-03-12,Active
A0007189,C005293,Savings,41112.02,2025-05-27,Active
A0007190,C005293,Savings,60116.57,2022-05-16,Active
A0007191,C005294,Salary,28909.4,2023-10-23,Active
A0007192,C005295,Fixed Deposit,66476.38,2024-11-05,Active
A0007193,C005296,Current,20150.15,2021-07-28,Active
A0007194,C005297,Savings,178194.1,2019-11-12,Active
A0007195,C005298,Savings,32988.75,2021-04-18,Active
A0007196,C005299,Savings,20753.71,2022-02-28,Active
A0007197,C005300,Savings,160857.12,2024-09-05,Active
A0007198,C005301,Salary,25996.58,2018-06-02,Active
A0007199,C005301,Savings,3169.94,2025-03-26,Active
A0007200,C005302,Fixed Deposit,200221.04,2022-03-18,Active
A0007201,C005303,Savings,48652.52,2022-06-21,Active
A0007202,C005303,Current,47865.27,2020-06-11,Dormant
A0007203,C005304,Savings,60133.18,2022-02-08,Active
A0007204,C005305,Savings,40136.25,2020-06-24,Active
A0007205,C005306,Savings,12445.85,2019-11-11,Active
A0007206,C005307,Salary,72778.83,2022-07-26,Active
A0007207,C005308,Current,19474.91,2023-09-20,Active
A0007208,C005308,Salary,38452.49,2019-02-22,Active
A0007209,C005309,Savings,10400.96,2023-02-19,Active
A0007210,C005310,Fixed Deposit,223278.31,2018-09-08,Active
A0007211,C005311,Savings,11573.1,2025-03-23,Active
A0007212,C005312,Savings,7789.57,2024-05-11,Active
A0007213,C005313,Savings,96757.64,2021-01-09,Active
A0007214,C005314,Savings,4599.09,2021-03-02,Active
A0007215,C005315,Fixed Deposit,20776.92,2021-07-15,Dormant
A0007216,C005316,Salary,53789.92,2024-03-05,Active
A0007217,C005317,Savings,24679.69,2020-01-15,Active
A0007218,C005317,Savings,35251.15,2023-12-21,Active
A0007219,C005317,Current,14356.16,2023-01-14,Active
A0007220,C005318,Salary,84920.44,2018-03-27,Active
A0007221,C005319,Savings,7754.82,2018-06-13,Active
A0007222,C005319,Savings,8591.03,2019-05-19,Active
A0007223,C005320,Savings,12566.66,2024-08-12,Active
A0007224,C005321,Savings,29699.93,2024-08-13,Active
A0007225,C005322,Salary,5203.51,2025-02-20,Active
A0007226,C005323,Salary,98913.97,2020-03-30,Active
A0007227,C005323,Savings,4079.11,2018-11-27,Active
A0007228,C005324,Current,1518.15,2020-03-28,Active
A0007229,C005325,Current,8485.07,2024-07-02,Active
A0007230,C005326,Savings,24168.26,2022-06-10,Active
A0007231,C005327,Savings,18034.66,2019-07-17,Active
A0007232,C005328,Savings,9877.12,2025-03-20,Active
A0007233,C005329,Salary,12779.08,2020-01-26,Active
A0007234,C005330,Savings,28073.07,2022-07-10,Active
A0007235,C005330,Salary,28088.63,2021-04-20,Active
A0007236,C005331,Savings,4840.47,2021-05-03,Active
A0007237,C005332,Fixed Deposit,138750.69,2019-01-17,Active
A0007238,C005333,Savings,10109.69,2021-09-06,Active
A0007239,C005334,Salary,7289.47,2021-07-16,Active
A0007240,C005335,Savings,9808.48,2021-08-23,Active
A0007241,C005335,Savings,22428.19,2021-05-18,Active
A0007242,C005336,Salary,12756.94,2018-08-30,Active
A0007243,C005337,Savings,15508.43,2021-02-15,Active
A0007244,C005337,Current,7440.39,2022-05-26,Active
A0007245,C005337,Savings,11198.23,2019-05-19,Active
A0007246,C005338,Savings,47270.84,2021-06-22,Active
A0007247,C005339,Savings,7784.29,2022-01-04,Active
A0007248,C005339,Salary,89026.74,2023-11-10,Active
A0007249,C005340,Salary,68350.82,2023-04-17,Active
A0007250,C005341,Savings,60779.35,2019-01-03,Active
A0007251,C005342,Salary,13781.84,2024-10-24,Active
A0007252,C005343,Savings,11925.9,2023-11-24,Active
A0007253,C005344,Salary,57300.69,2025-02-07,Active
A0007254,C005345,Savings,8649.62,2018-12-29,Active
A0007255,C005346,Savings,23233.5,2024-11-17,Active
A0007256,C005347,Savings,20220.42,2025-03-06,Active
A0007257,C005347,Current,30309.0,2018-11-16,Active
A0007258,C005348,Savings,34967.48,2018-07-05,Active
A0007259,C005349,Current,9899.32,2020-07-11,Active
A0007260,C005350,Savings,7854.22,2022-12-07,Active
A0007261,C005351,Salary,9443.9,2018-08-16,Active
A0007262,C005352,Current,24966.54,2024-01-07,Active
A0007263,C005352,Savings,4475.69,2024-12-21,Active
A0007264,C005353,Salary,40826.07,2019-06-25,Active
A0007265,C005354,Fixed Deposit,70410.58,2023-02-03,Active
A0007266,C005354,Salary,105329.8,2018-05-22,Active
A0007267,C005355,Savings,60790.08,2021-09-29,Active
A0007268,C005355,Savings,9441.72,2020-06-24,Dormant
A0007269,C005356,Fixed Deposit,155355.22,2024-02-24,Dormant
A0007270,C005357,Savings,79711.44,2022-05-08,Active
A0007271,C005358,Current,27264.29,2021-01-07,Active
A0007272,C005359,Fixed Deposit,222185.65,2018-10-16,Dormant
A0007273,C005359,Savings,64928.35,2020-09-25,Active
A0007274,C005360,Savings,12429.78,2018-03-21,Active
A0007275,C005360,Current,7029.38,2025-03-26,Active
A0007276,C005361,Salary,2940.1,2021-09-07,Active
A0007277,C005362,Savings,8440.78,2022-02-20,Active
A0007278,C005363,Salary,15212.98,2021-05-22,Active
A0007279,C005364,Fixed Deposit,225052.21,2025-02-10,Active
A0007280,C005365,Savings,1326.27,2019-03-24,Active
A0007281,C005365,Salary,35779.78,2020-09-25,Active
A0007282,C005366,Salary,72491.94,2018-07-06,Active
A0007283,C005367,Savings,15069.02,2021-01-07,Active
A0007284,C005368,Current,30148.1,2024-05-18,Active
A0007285,C005369,Savings,41309.99,2022-01-10,Active
A0007286,C005369,Salary,38608.34,2023-01-26,Active
A0007287,C005370,Salary,24742.02,2018-10-22,Active
A0007288,C005371,Salary,35346.77,2024-07-19,Active
A0007289,C005372,Savings,62627.64,2020-10-29,Active
A0007290,C005373,Savings,129363.9,2023-11-10,Active
A0007291,C005374,Fixed Deposit,172098.43,2021-02-13,Active
A0007292,C005375,Savings,172185.18,2019-01-14,Active
A0007293,C005376,Current,46713.83,2023-09-16,Active
A0007294,C005376,Savings,6539.7,2020-11-22,Active
A0007295,C005377,Savings,23892.54,2024-09-19,Active
A0007296,C005378,Savings,75124.05,2024-09-17,Active
A0007297,C005379,Current,93763.75,2024-12-30,Active
A0007298,C005380,Current,18934.47,2018-01-14,Active
A0007299,C005380,Savings,30510.47,2019-10-12,Active
A0007300,C005381,Salary,19266.75,2024-05-05,Active
A0007301,C005381,Savings,10320.9,2021-02-11,Active
A0007302,C005382,Fixed Deposit,492124.69,2025-05-02,Active
A0007303,C005383,Savings,20875.87,2019-06-07,Active
A0007304,C005384,Savings,10453.02,2022-12-05,Active
A0007305,C005385,Fixed Deposit,52969.38,2018-01-03,Active
A0007306,C005386,Fixed Deposit,607935.6,2021-03-25,Active
A0007307,C005387,Savings,82886.63,2020-05-12,Active
A0007308,C005387,Savings,9678.37,2020-03-19,Active
A0007309,C005388,Savings,14876.34,2019-07-13,Dormant
A0007310,C005389,Fixed Deposit,141568.84,2018-09-01,Active
A0007311,C005389,Current,27752.62,2018-07-18,Active
A0007312,C005390,Fixed Deposit,121551.58,2023-10-04,Active
A0007313,C005390,Savings,29695.99,2023-11-17,Active
A0007314,C005391,Savings,65985.88,2024-05-22,Active
A0007315,C005392,Savings,11926.82,2020-09-27,Active
A0007316,C005393,Savings,26784.97,2019-01-22,Active
A0007317,C005393,Fixed Deposit,225245.2,2022-04-29,Active
A0007318,C005394,Savings,35565.27,2020-10-30,Active
A0007319,C005395,Savings,72831.44,2019-11-29,Active
A0007320,C005395,Savings,121328.12,2025-06-23,Active
A0007321,C005396,Fixed Deposit,261760.8,2024-02-20,Active
A0007322,C005397,Savings,12048.98,2019-09-05,Active
A0007323,C005398,Fixed Deposit,615835.81,2021-04-19,Active
A0007324,C005399,Savings,8783.8,2019-07-02,Active
A0007325,C005400,Salary,73336.48,2018-11-22,Active
A0007326,C005401,Savings,20152.32,2024-05-24,Active
A0007327,C005401,Fixed Deposit,263330.12,2019-06-04,Active
A0007328,C005402,Savings,31236.55,2020-11-10,Active
A0007329,C005402,Fixed Deposit,92437.72,2024-08-30,Active
A0007330,C005403,Savings,51940.49,2022-04-30,Active
A0007331,C005404,Fixed Deposit,221792.97,2022-04-19,Active
A0007332,C005405,Savings,7626.47,2021-11-29,Active
A0007333,C005406,Salary,36305.14,2018-01-09,Active
A0007334,C005407,Savings,17381.52,2024-05-24,Active
A0007335,C005407,Savings,37825.85,2019-07-25,Active
A0007336,C005407,Savings,13844.21,2021-02-22,Active
A0007337,C005408,Savings,24329.02,2023-01-17,Active
A0007338,C005409,Savings,10650.69,2018-07-01,Active
A0007339,C005410,Savings,20678.5,2021-02-25,Active
A0007340,C005411,Current,15255.07,2020-06-05,Active
A0007341,C005411,Savings,26400.08,2018-10-14,Active
A0007342,C005412,Savings,28151.45,2021-09-22,Active
A0007343,C005413,Savings,37623.95,2021-02-10,Active
A0007344,C005414,Savings,20566.76,2023-07-31,Active
A0007345,C005415,Fixed Deposit,139422.25,2021-04-07,Active
A0007346,C005416,Salary,6414.73,2021-05-22,Active
A0007347,C005416,Current,24548.08,2023-08-12,Active
A0007348,C005417,Savings,10226.17,2021-12-25,Active
A0007349,C005418,Fixed Deposit,546551.8,2019-07-11,Active
A0007350,C005418,Savings,13835.99,2022-12-20,Active
A0007351,C005419,Fixed Deposit,520913.55,2019-11-13,Active
A0007352,C005420,Savings,25012.69,2025-03-22,Active
A0007353,C005421,Fixed Deposit,206934.28,2022-08-12,Active
A0007354,C005422,Savings,14999.3,2018-11-07,Active
A0007355,C005423,Savings,37483.56,2022-05-20,Active
A0007356,C005424,Savings,27374.22,2025-01-16,Active
A0007357,C005424,Current,11201.52,2018-04-19,Active
A0007358,C005424,Savings,7799.11,2020-09-10,Active
A0007359,C005425,Current,32351.39,2021-02-26,Active
A0007360,C005425,Current,4310.3,2021-09-26,Active
A0007361,C005426,Salary,31448.21,2020-04-24,Active
A0007362,C005427,Savings,31818.28,2019-12-13,Active
A0007363,C005427,Salary,16552.1,2022-09-06,Active
A0007364,C005428,Current,20470.53,2020-02-22,Active
A0007365,C005429,Savings,16701.82,2022-08-25,Active
A0007366,C005429,Current,6647.94,2018-06-20,Active
A0007367,C005430,Savings,50638.38,2020-01-15,Active
A0007368,C005430,Salary,44040.3,2024-03-20,Active
A0007369,C005431,Salary,57274.67,2020-11-09,Active
A0007370,C005431,Salary,29054.88,2022-02-26,Active
A0007371,C005432,Savings,73989.15,2024-07-30,Active
A0007372,C005432,Savings,19574.05,2022-07-06,Active
A0007373,C005433,Savings,61209.82,2019-06-17,Active
A0007374,C005434,Salary,76010.73,2020-12-27,Active
A0007375,C005434,Current,33881.8,2023-08-14,Active
A0007376,C005435,Current,66569.62,2020-11-22,Active
A0007377,C005436,Salary,33693.62,2020-10-01,Active
A0007378,C005437,Savings,9532.43,2023-06-18,Active
A0007379,C005438,Fixed Deposit,214291.62,2021-08-21,Active
A0007380,C005439,Salary,27663.52,2018-06-13,Dormant
A0007381,C005440,Fixed Deposit,114351.4,2018-10-01,Active
A0007382,C005441,Savings,8676.23,2018-07-16,Active
A0007383,C005441,Savings,42340.62,2023-03-26,Active
A0007384,C005442,Savings,10683.16,2022-10-19,Active
A0007385,C005443,Salary,35052.32,2022-07-02,Active
A0007386,C005443,Fixed Deposit,55752.68,2022-10-28,Active
A0007387,C005443,Current,38314.66,2025-05-03,Active
A0007388,C005444,Savings,39254.45,2024-01-07,Active
A0007389,C005445,Salary,14919.41,2021-04-29,Active
A0007390,C005445,Savings,6335.15,2024-07-18,Active
A0007391,C005445,Fixed Deposit,32546.11,2024-12-03,Active
A0007392,C005446,Current,4445.97,2019-05-18,Active
A0007393,C005447,Savings,10568.43,2019-09-18,Active
A0007394,C005448,Savings,15778.49,2023-07-15,Active
A0007395,C005449,Current,5795.86,2023-12-26,Active
A0007396,C005450,Savings,53934.75,2024-06-10,Active
A0007397,C005450,Savings,20117.14,2023-12-25,Active
A0007398,C005451,Savings,22901.06,2022-08-31,Active
A0007399,C005452,Savings,56060.17,2023-12-23,Active
A0007400,C005453,Savings,15229.3,2024-03-16,Active
A0007401,C005454,Fixed Deposit,194451.74,2018-10-16,Active
A0007402,C005454,Salary,7614.7,2019-05-27,Active
A0007403,C005455,Savings,19567.26,2018-03-13,Active
A0007404,C005456,Savings,13463.05,2022-03-05,Active
A0007405,C005456,Savings,24992.91,2024-09-22,Active
A0007406,C005457,Savings,36512.46,2024-03-25,Active
A0007407,C005458,Savings,22347.7,2021-07-18,Active
A0007408,C005459,Savings,10551.74,2023-11-23,Active
A0007409,C005460,Savings,8307.83,2024-08-20,Active
A0007410,C005461,Salary,17310.33,2020-08-29,Dormant
A0007411,C005462,Current,22680.66,2021-07-20,Active
A0007412,C005463,Savings,19126.55,2019-12-11,Dormant
A0007413,C005464,Savings,7920.82,2020-10-13,Active
A0007414,C005465,Fixed Deposit,76082.66,2023-03-11,Active
A0007415,C005465,Salary,83592.2,2023-02-24,Active
A0007416,C005465,Current,21819.02,2019-05-18,Dormant
A0007417,C005466,Savings,29018.48,2021-08-04,Active
A0007418,C005467,Savings,129633.25,2019-04-26,Active
A0007419,C005467,Fixed Deposit,105273.53,2018-03-13,Active
A0007420,C005468,Savings,6806.95,2023-06-23,Active
A0007421,C005468,Savings,118953.46,2023-12-13,Active
A0007422,C005469,Savings,18852.97,2025-06-07,Active
A0007423,C005469,Current,10941.83,2022-08-29,Active
A0007424,C005470,Savings,9838.7,2019-11-25,Active
A0007425,C005471,Fixed Deposit,67417.33,2023-02-01,Active
A0007426,C005472,Savings,17901.08,2023-03-27,Active
A0007427,C005473,Savings,9504.53,2022-06-23,Active
A0007428,C005474,Savings,17829.28,2019-03-27,Active
A0007429,C005475,Fixed Deposit,302316.64,2020-08-20,Active
A0007430,C005476,Fixed Deposit,253862.68,2023-10-19,Dormant
A0007431,C005477,Current,177274.89,2019-10-25,Active
A0007432,C005478,Savings,19276.87,2023-01-16,Active
A0007433,C005478,Salary,16228.1,2024-11-07,Active
A0007434,C005479,Current,32674.77,2021-11-22,Active
A0007435,C005479,Savings,18455.73,2019-12-07,Active
A0007436,C005480,Savings,18154.42,2018-07-26,Active
A0007437,C005481,Savings,64642.3,2024-08-08,Active
A0007438,C005482,Current,22655.47,2023-06-08,Dormant
A0007439,C005482,Savings,14827.08,2018-10-09,Active
A0007440,C005483,Fixed Deposit,88672.74,2019-12-15,Active
A0007441,C005484,Savings,6078.27,2019-02-23,Active
A0007442,C005484,Salary,36435.27,2022-09-17,Active
A0007443,C005485,Current,76479.68,2018-07-02,Active
A0007444,C005486,Savings,18557.13,2024-09-07,Active
A0007445,C005486,Current,159330.51,2018-04-15,Active
A0007446,C005487,Savings,34710.0,2024-03-17,Active
A0007447,C005488,Salary,43072.9,2022-08-05,Active
A0007448,C005489,Fixed Deposit,328863.79,2019-05-17,Active
A0007449,C005489,Savings,19235.78,2022-11-25,Active
A0007450,C005490,Salary,21960.0,2019-08-07,Active
A0007451,C005490,Savings,23174.35,2021-10-23,Active
A0007452,C005491,Savings,9436.73,2020-02-07,Active
A0007453,C005492,Salary,155415.15,2022-04-27,Active
A0007454,C005493,Salary,31701.32,2020-10-27,Active
A0007455,C005494,Current,23742.9,2018-07-02,Active
A0007456,C005495,Savings,16817.17,2022-03-21,Active
A0007457,C005496,Savings,24742.22,2021-01-24,Active
A0007458,C005497,Current,35343.24,2022-06-11,Active
A0007459,C005498,Savings,11503.6,2024-12-24,Active
A0007460,C005499,Savings,24933.43,2023-08-22,Active
A0007461,C005500,Savings,21128.97,2020-05-24,Active
A0007462,C005501,Savings,34066.27,2025-02-15,Active
A0007463,C005502,Savings,21398.86,2021-04-19,Active
A0007464,C005502,Salary,11975.03,2020-02-23,Active
A0007465,C005503,Salary,11044.5,2023-11-26,Active
A0007466,C005504,Savings,42921.32,2024-01-21,Active
A0007467,C005505,Salary,8143.2,2023-03-02,Active
A0007468,C005506,Savings,35421.56,2023-01-25,Active
A0007469,C005507,Salary,5895.12,2025-04-01,Active
A0007470,C005508,Current,43123.31,2020-01-09,Active
A0007471,C005509,Savings,69463.63,2023-05-10,Dormant
A0007472,C005509,Savings,86176.94,2022-03-30,Active
A0007473,C005510,Fixed Deposit,112501.31,2020-05-01,Active
A0007474,C005510,Savings,9986.84,2020-08-07,Active
A0007475,C005511,Current,47253.03,2025-01-21,Active
A0007476,C005511,Fixed Deposit,761948.09,2018-05-02,Active
A0007477,C005512,Salary,113051.07,2018-10-05,Active
A0007478,C005513,Savings,34554.09,2021-12-09,Active
A0007479,C005513,Savings,10882.09,2022-08-30,Active
A0007480,C005514,Savings,14667.39,2023-08-03,Active
A0007481,C005515,Savings,20616.71,2019-04-23,Active
A0007482,C005516,Salary,10313.16,2021-03-04,Active
A0007483,C005516,Fixed Deposit,335361.48,2018-04-30,Active
A0007484,C005517,Fixed Deposit,350202.08,2018-01-22,Active
A0007485,C005517,Savings,59678.74,2024-06-05,Active
A0007486,C005518,Savings,41485.87,2023-01-15,Active
A0007487,C005518,Salary,44673.88,2022-08-31,Active
A0007488,C005519,Savings,11347.79,2020-09-11,Active
A0007489,C005520,Fixed Deposit,385979.04,2018-07-12,Active
A0007490,C005521,Salary,11512.91,2020-10-04,Active
A0007491,C005522,Current,22554.55,2022-02-24,Active
A0007492,C005522,Savings,59011.12,2024-06-21,Active
A0007493,C005523,Savings,32346.19,2022-12-04,Active
A0007494,C005524,Savings,3046.74,2023-10-31,Active
A0007495,C005525,Current,8338.99,2021-09-23,Active
A0007496,C005525,Savings,71399.05,2021-08-02,Active
A0007497,C005526,Current,17190.67,2024-03-28,Active
A0007498,C005527,Savings,30177.95,2023-03-20,Active
A0007499,C005528,Fixed Deposit,149756.55,2023-12-09,Active
A0007500,C005529,Savings,2373.04,2018-11-20,Active
A0007501,C005529,Salary,16154.02,2018-09-24,Active
A0007502,C005530,Savings,35367.45,2022-05-12,Active
A0007503,C005531,Savings,6881.45,2023-01-12,Active
A0007504,C005532,Salary,21811.11,2020-05-25,Active
A0007505,C005533,Savings,27338.13,2021-03-09,Active
A0007506,C005533,Savings,41269.02,2019-10-19,Active
A0007507,C005533,Savings,9494.64,2018-05-20,Active
A0007508,C005534,Current,71608.37,2021-02-18,Active
A0007509,C005535,Savings,98034.93,2020-03-04,Active
A0007510,C005536,Savings,13527.24,2025-03-09,Active
A0007511,C005537,Salary,38714.67,2023-08-08,Active
A0007512,C005538,Salary,75539.98,2021-06-08,Active
A0007513,C005539,Fixed Deposit,386064.26,2023-07-27,Active
A0007514,C005540,Savings,190292.07,2019-07-28,Active
A0007515,C005541,Fixed Deposit,78242.91,2025-01-03,Active
A0007516,C005542,Salary,23093.76,2020-12-19,Active
A0007517,C005543,Savings,10507.38,2019-07-21,Active
A0007518,C005543,Fixed Deposit,112649.37,2018-11-22,Active
A0007519,C005544,Savings,116232.84,2019-11-13,Active
A0007520,C005545,Fixed Deposit,361448.81,2018-08-30,Active
A0007521,C005545,Savings,43167.9,2023-05-21,Active
A0007522,C005546,Savings,3103.91,2024-03-10,Active
A0007523,C005547,Salary,8573.94,2024-02-17,Active
A0007524,C005548,Savings,23462.65,2020-06-20,Active
A0007525,C005548,Fixed Deposit,57899.46,2021-05-12,Active
A0007526,C005549,Savings,22678.53,2025-05-28,Active
A0007527,C005550,Savings,44910.86,2024-10-21,Active
A0007528,C005550,Savings,18705.24,2023-10-20,Active
A0007529,C005551,Current,9931.28,2023-10-27,Active
A0007530,C005551,Savings,33296.07,2018-06-11,Active
A0007531,C005551,Salary,25021.34,2024-04-08,Active
A0007532,C005552,Current,22849.85,2021-05-05,Active
A0007533,C005552,Current,11635.81,2021-02-22,Active
A0007534,C005553,Salary,21437.93,2024-12-04,Active
A0007535,C005553,Salary,12456.1,2023-02-26,Active
A0007536,C005554,Fixed Deposit,158463.67,2018-07-27,Active
A0007537,C005554,Current,22868.8,2018-11-16,Active
A0007538,C005555,Savings,9951.29,2022-04-01,Active
A0007539,C005556,Savings,25630.96,2019-07-04,Active
A0007540,C005556,Current,12040.76,2019-07-21,Active
A0007541,C005557,Current,14218.6,2021-12-22,Dormant
A0007542,C005558,Savings,4596.23,2024-03-01,Active
A0007543,C005558,Fixed Deposit,133887.86,2022-08-02,Active
A0007544,C005558,Savings,31139.28,2019-12-25,Dormant
A0007545,C005559,Current,13889.98,2022-02-01,Active
A0007546,C005560,Salary,30381.67,2024-02-15,Active
A0007547,C005560,Salary,68567.24,2021-10-15,Active
A0007548,C005561,Savings,22176.27,2020-04-22,Active
A0007549,C005561,Savings,26410.53,2022-10-15,Active
A0007550,C005561,Current,35396.67,2024-12-31,Active
A0007551,C005562,Savings,152603.5,2025-03-14,Active
A0007552,C005563,Savings,13265.58,2019-05-24,Active
A0007553,C005564,Fixed Deposit,166821.83,2018-05-14,Dormant
A0007554,C005564,Savings,41861.61,2025-01-19,Active
A0007555,C005565,Fixed Deposit,274014.45,2021-03-07,Active
A0007556,C005566,Savings,42952.15,2022-10-08,Active
A0007557,C005567,Savings,51697.66,2018-05-16,Active
A0007558,C005568,Savings,14342.68,2022-08-29,Active
A0007559,C005568,Savings,27189.17,2025-03-18,Active
A0007560,C005569,Fixed Deposit,105785.2,2018-01-27,Active
A0007561,C005570,Fixed Deposit,110622.24,2021-10-15,Active
A0007562,C005570,Salary,17648.41,2020-09-09,Active
A0007563,C005571,Savings,3702.56,2022-01-06,Active
A0007564,C005572,Savings,51206.03,2025-03-13,Active
A0007565,C005573,Savings,9854.94,2023-09-08,Active
A0007566,C005573,Savings,282145.43,2019-10-04,Active
A0007567,C005574,Salary,31281.57,2018-02-02,Active
A0007568,C005574,Savings,14484.82,2025-03-06,Active
A0007569,C005575,Savings,11827.82,2024-06-16,Active
A0007570,C005576,Current,9639.76,2018-05-26,Active
A0007571,C005577,Salary,12475.91,2021-10-06,Active
A0007572,C005578,Salary,55608.97,2023-11-30,Active
A0007573,C005579,Savings,97961.75,2022-12-31,Active
A0007574,C005580,Salary,6644.73,2020-01-10,Active
A0007575,C005581,Current,30204.6,2019-07-18,Active
A0007576,C005581,Salary,47614.28,2020-07-10,Active
A0007577,C005582,Salary,52195.47,2019-09-08,Active
A0007578,C005583,Savings,14931.56,2024-08-24,Active
A0007579,C005584,Savings,14235.67,2020-06-01,Active
A0007580,C005584,Savings,13929.26,2024-05-03,Active
A0007581,C005585,Current,31167.67,2023-04-20,Active
A0007582,C005586,Salary,7563.11,2018-05-17,Active
A0007583,C005587,Salary,6986.9,2024-04-12,Active
A0007584,C005588,Fixed Deposit,705341.28,2022-04-28,Active
A0007585,C005589,Savings,25447.01,2024-06-01,Active
A0007586,C005590,Savings,21261.13,2021-01-01,Active
A0007587,C005590,Current,53675.6,2023-11-27,Active
A0007588,C005591,Savings,55015.0,2020-09-17,Active
A0007589,C005592,Savings,25172.14,2018-05-21,Active
A0007590,C005593,Current,48191.85,2019-11-02,Active
A0007591,C005594,Current,70906.06,2021-05-01,Active
A0007592,C005595,Savings,55343.76,2019-08-14,Active
A0007593,C005596,Current,8070.92,2023-06-12,Active
A0007594,C005597,Savings,45688.83,2021-02-03,Active
A0007595,C005597,Savings,13229.9,2018-12-02,Active
A0007596,C005598,Salary,12941.68,2024-05-22,Active
A0007597,C005598,Current,23822.92,2019-09-08,Active
A0007598,C005599,Savings,27710.44,2019-06-30,Active
A0007599,C005599,Salary,19828.83,2021-07-22,Active
A0007600,C005600,Savings,32380.04,2022-03-23,Active
A0007601,C005601,Savings,100126.59,2023-08-18,Active
A0007602,C005602,Current,9107.28,2023-02-04,Active
A0007603,C005602,Savings,92298.45,2025-01-26,Active
A0007604,C005603,Savings,18757.94,2024-03-04,Active
A0007605,C005604,Current,4186.87,2019-10-04,Active
A0007606,C005605,Fixed Deposit,242684.34,2021-02-02,Active
A0007607,C005606,Salary,23333.85,2018-10-27,Active
A0007608,C005607,Savings,28525.82,2023-12-24,Active
A0007609,C005607,Savings,12997.78,2022-08-26,Active
A0007610,C005608,Current,21275.07,2019-07-28,Active
A0007611,C005608,Savings,47545.27,2025-04-30,Active
A0007612,C005609,Savings,42873.96,2022-03-18,Active
A0007613,C005609,Salary,15145.68,2022-12-12,Active
A0007614,C005610,Savings,23991.32,2024-03-16,Active
A0007615,C005611,Savings,32873.44,2024-09-21,Active
A0007616,C005612,Fixed Deposit,400263.27,2019-10-14,Active
A0007617,C005613,Current,44917.46,2023-07-11,Active
A0007618,C005614,Savings,29323.18,2024-12-21,Active
A0007619,C005615,Savings,26111.89,2021-02-17,Active
A0007620,C005616,Current,8111.19,2018-02-27,Active
A0007621,C005617,Salary,537973.65,2021-07-28,Active
A0007622,C005618,Savings,20258.92,2021-02-06,Dormant
A0007623,C005619,Savings,24702.04,2024-11-02,Active
A0007624,C005620,Fixed Deposit,544492.14,2023-07-16,Active
A0007625,C005621,Current,19169.07,2018-10-06,Active
A0007626,C005622,Salary,16060.97,2022-05-10,Active
A0007627,C005623,Savings,6510.87,2024-04-27,Active
A0007628,C005624,Savings,14712.9,2024-02-06,Dormant
A0007629,C005625,Fixed Deposit,21927.09,2021-02-17,Dormant
A0007630,C005626,Salary,23671.01,2022-03-23,Active
A0007631,C005627,Current,55593.18,2023-07-12,Active
A0007632,C005628,Savings,19135.4,2019-02-09,Active
A0007633,C005629,Savings,3040.19,2018-12-29,Active
A0007634,C005629,Savings,8602.95,2021-03-31,Active
A0007635,C005630,Salary,20277.1,2021-08-16,Active
A0007636,C005630,Current,10297.74,2019-05-24,Dormant
A0007637,C005631,Salary,2334.5,2020-10-18,Active
A0007638,C005631,Savings,25956.67,2020-03-31,Active
A0007639,C005632,Savings,26648.64,2023-10-14,Active
A0007640,C005633,Savings,17452.92,2024-04-25,Active
A0007641,C005634,Fixed Deposit,111891.05,2025-03-19,Active
A0007642,C005635,Current,15420.21,2018-08-08,Active
A0007643,C005635,Current,4587.68,2020-05-16,Active
A0007644,C005636,Current,53835.18,2023-10-24,Active
A0007645,C005636,Current,5841.81,2022-12-02,Dormant
A0007646,C005637,Savings,3094.9,2018-01-27,Dormant
A0007647,C005638,Savings,10653.02,2018-04-19,Active
A0007648,C005638,Savings,33434.55,2024-12-03,Active
A0007649,C005639,Savings,12768.89,2024-02-26,Active
A0007650,C005640,Current,41239.49,2023-06-14,Active
A0007651,C005641,Savings,55188.48,2018-12-18,Active
A0007652,C005641,Fixed Deposit,44685.19,2021-04-03,Active
A0007653,C005642,Salary,28353.27,2023-02-08,Active
A0007654,C005642,Salary,11369.58,2025-06-09,Active
A0007655,C005643,Savings,9851.21,2022-02-16,Active
A0007656,C005644,Savings,21192.4,2019-11-06,Active
A0007657,C005645,Savings,75256.65,2024-02-13,Active
A0007658,C005646,Savings,17530.78,2022-01-25,Active
A0007659,C005646,Savings,87329.0,2018-05-05,Active
A0007660,C005647,Savings,18391.71,2021-11-14,Active
A0007661,C005648,Fixed Deposit,286312.21,2018-08-28,Active
A0007662,C005648,Fixed Deposit,148449.14,2022-02-06,Active
A0007663,C005649,Salary,32955.35,2021-06-03,Active
A0007664,C005650,Fixed Deposit,326824.55,2024-09-18,Active
A0007665,C005651,Savings,134703.34,2024-03-15,Active
A0007666,C005652,Current,6962.41,2019-04-01,Active
A0007667,C005652,Savings,41482.6,2025-01-31,Active
A0007668,C005653,Fixed Deposit,143930.41,2018-01-10,Active
A0007669,C005654,Salary,24304.62,2025-01-11,Active
A0007670,C005654,Current,89707.24,2025-05-18,Active
A0007671,C005655,Salary,12098.31,2018-08-14,Active
A0007672,C005655,Salary,20244.96,2020-10-05,Active
A0007673,C005656,Salary,4123.47,2023-10-10,Active
A0007674,C005657,Salary,16402.81,2020-09-19,Active
A0007675,C005657,Current,3475.71,2018-02-20,Active
A0007676,C005658,Savings,13355.58,2022-07-29,Active
A0007677,C005659,Savings,32406.07,2021-07-01,Active
A0007678,C005660,Fixed Deposit,445518.87,2024-05-27,Active
A0007679,C005660,Savings,158054.52,2024-07-17,Active
A0007680,C005660,Current,16651.91,2019-09-09,Active
A0007681,C005661,Fixed Deposit,223630.9,2022-08-20,Active
A0007682,C005662,Savings,27667.27,2022-01-15,Active
A0007683,C005663,Fixed Deposit,151020.51,2021-11-14,Active
A0007684,C005664,Current,24483.46,2019-10-12,Active
A0007685,C005665,Savings,12169.58,2019-07-13,Active
A0007686,C005665,Salary,15172.53,2023-03-30,Active
A0007687,C005666,Savings,9423.38,2024-01-29,Active
A0007688,C005667,Current,25318.88,2019-09-04,Active
A0007689,C005668,Current,12681.27,2021-06-11,Active
A0007690,C005669,Current,18507.66,2025-05-04,Active
A0007691,C005670,Salary,2862.94,2018-04-11,Active
A0007692,C005671,Savings,48371.24,2024-05-18,Active
A0007693,C005672,Savings,67653.2,2019-03-13,Active
A0007694,C005673,Savings,27896.94,2023-06-30,Active
A0007695,C005674,Current,39774.36,2022-12-11,Active
A0007696,C005675,Fixed Deposit,494179.12,2023-10-27,Active
A0007697,C005675,Fixed Deposit,116944.37,2023-05-24,Active
A0007698,C005676,Current,8346.03,2021-11-25,Active
A0007699,C005677,Salary,11815.2,2023-10-04,Active
A0007700,C005678,Fixed Deposit,313922.86,2021-04-02,Active
A0007701,C005678,Salary,9756.61,2024-01-23,Active
A0007702,C005678,Salary,52437.7,2021-12-30,Active
A0007703,C005679,Salary,65649.11,2020-01-03,Active
A0007704,C005680,Savings,31851.29,2024-06-07,Active
A0007705,C005680,Savings,26167.03,2021-04-23,Active
A0007706,C005681,Savings,145207.01,2020-08-23,Active
A0007707,C005682,Savings,8972.57,2018-04-28,Active
A0007708,C005682,Savings,18974.17,2023-03-01,Active
A0007709,C005683,Savings,55721.44,2019-03-25,Active
A0007710,C005684,Savings,25790.08,2021-08-05,Active
A0007711,C005685,Fixed Deposit,207483.02,2019-03-17,Active
A0007712,C005686,Salary,105829.87,2019-06-17,Active
A0007713,C005686,Savings,16443.74,2025-06-16,Active
A0007714,C005687,Fixed Deposit,37780.69,2021-06-20,Dormant
A0007715,C005688,Savings,7077.34,2022-09-12,Active
A0007716,C005689,Fixed Deposit,136055.63,2021-05-26,Active
A0007717,C005689,Fixed Deposit,260766.39,2023-10-25,Active
A0007718,C005689,Fixed Deposit,407521.85,2022-03-10,Active
A0007719,C005690,Savings,162616.53,2023-12-27,Active
A0007720,C005691,Savings,21093.64,2023-11-06,Active
A0007721,C005691,Savings,58090.63,2022-04-25,Active
A0007722,C005692,Current,24937.26,2019-05-02,Active
A0007723,C005693,Fixed Deposit,327030.52,2023-02-24,Active
A0007724,C005694,Savings,6368.22,2021-03-18,Active
A0007725,C005694,Salary,30119.85,2024-07-19,Active
A0007726,C005695,Savings,17903.68,2021-12-27,Active
A0007727,C005695,Fixed Deposit,145461.93,2018-05-31,Active
A0007728,C005696,Savings,16906.85,2024-06-06,Active
A0007729,C005697,Savings,57785.53,2023-07-21,Active
A0007730,C005698,Salary,6850.44,2023-12-23,Active
A0007731,C005698,Savings,35398.08,2021-12-04,Active
A0007732,C005698,Salary,26479.64,2019-09-07,Active
A0007733,C005699,Current,18808.9,2018-03-06,Active
A0007734,C005700,Salary,40507.45,2024-08-17,Active
A0007735,C005700,Current,21849.15,2023-09-05,Active
A0007736,C005701,Savings,13931.09,2024-05-24,Dormant
A0007737,C005701,Fixed Deposit,781885.29,2021-05-13,Active
A0007738,C005701,Current,11512.51,2023-11-12,Active
A0007739,C005702,Savings,17335.96,2022-11-20,Active
A0007740,C005703,Fixed Deposit,117807.12,2018-10-24,Active
A0007741,C005704,Fixed Deposit,559051.39,2019-12-27,Active
A0007742,C005705,Current,1121.35,2024-09-26,Active
A0007743,C005706,Fixed Deposit,172415.01,2019-04-29,Active
A0007744,C005707,Salary,49459.3,2025-03-27,Active
A0007745,C005708,Savings,16075.18,2018-11-21,Active
A0007746,C005709,Current,21612.31,2021-10-13,Active
A0007747,C005710,Salary,23524.13,2020-05-13,Active
A0007748,C005710,Savings,62073.23,2019-03-20,Active
A0007749,C005710,Savings,13372.71,2024-02-26,Active
A0007750,C005711,Savings,5151.45,2025-05-16,Active
A0007751,C005712,Fixed Deposit,242991.2,2018-08-19,Active
A0007752,C005712,Salary,62645.84,2018-10-30,Active
A0007753,C005713,Savings,2977.05,2022-07-29,Active
A0007754,C005713,Salary,1657.57,2021-11-20,Active
A0007755,C005714,Current,41149.17,2023-07-20,Active
A0007756,C005715,Savings,30490.02,2022-11-19,Active
A0007757,C005716,Fixed Deposit,57268.85,2025-02-25,Active
A0007758,C005717,Savings,134914.56,2021-01-08,Active
A0007759,C005718,Salary,22692.55,2024-03-02,Active
A0007760,C005719,Savings,12231.48,2024-08-05,Active
A0007761,C005719,Salary,39445.71,2018-10-05,Active
A0007762,C005720,Current,28077.29,2022-03-27,Active
A0007763,C005721,Current,16539.31,2020-12-27,Active
A0007764,C005722,Savings,28550.8,2019-06-21,Active
A0007765,C005722,Salary,27590.93,2021-12-02,Active
A0007766,C005722,Savings,6492.97,2019-11-16,Active
A0007767,C005723,Salary,61100.51,2019-09-18,Active
A0007768,C005724,Fixed Deposit,407176.0,2021-05-31,Active
A0007769,C005725,Salary,25477.35,2022-09-15,Active
A0007770,C005726,Savings,105171.4,2021-07-19,Active
A0007771,C005726,Salary,26201.57,2018-02-23,Active
A0007772,C005727,Savings,13454.79,2024-08-02,Dormant
A0007773,C005728,Savings,8705.66,2022-08-06,Active
A0007774,C005729,Fixed Deposit,274708.59,2021-04-24,Active
A0007775,C005729,Salary,15448.29,2018-04-21,Active
A0007776,C005730,Savings,18268.42,2021-02-10,Active
A0007777,C005731,Savings,18392.61,2020-09-13,Active
A0007778,C005732,Savings,8324.75,2021-01-27,Active
A0007779,C005733,Savings,52582.13,2022-06-21,Active
A0007780,C005734,Current,26860.24,2018-05-04,Active
A0007781,C005735,Current,73036.56,2022-05-16,Active
A0007782,C005736,Salary,72187.74,2021-07-04,Active
A0007783,C005737,Savings,52342.11,2024-11-08,Active
A0007784,C005737,Savings,19575.77,2019-03-26,Active
A0007785,C005738,Fixed Deposit,327036.64,2022-12-30,Dormant
A0007786,C005738,Savings,27745.59,2022-04-07,Active
A0007787,C005739,Current,20638.72,2019-08-03,Active
A0007788,C005739,Savings,13102.54,2025-06-05,Active
A0007789,C005739,Salary,11406.67,2021-11-21,Active
A0007790,C005740,Current,18950.23,2018-08-22,Active
A0007791,C005740,Current,7231.72,2020-02-28,Active
A0007792,C005741,Savings,24232.59,2022-10-10,Active
A0007793,C005742,Fixed Deposit,118624.33,2024-12-02,Active
A0007794,C005743,Current,65646.82,2023-04-12,Active
A0007795,C005744,Current,24011.35,2024-01-25,Active
A0007796,C005745,Savings,20512.2,2024-11-02,Active
A0007797,C005745,Fixed Deposit,36766.1,2021-07-20,Active
A0007798,C005746,Savings,17693.77,2022-03-18,Active
A0007799,C005747,Savings,55529.38,2021-06-02,Active
A0007800,C005747,Salary,45899.17,2023-01-03,Active
A0007801,C005748,Savings,14062.3,2023-06-18,Active
A0007802,C005749,Savings,42930.16,2023-05-15,Active
A0007803,C005749,Savings,17890.92,2021-07-10,Active
A0007804,C005750,Savings,94217.62,2021-03-21,Active
A0007805,C005751,Current,6629.84,2023-12-01,Active
A0007806,C005751,Salary,80707.67,2018-02-24,Active
A0007807,C005752,Salary,30080.99,2020-07-23,Active
A0007808,C005753,Salary,31685.16,2021-07-03,Active
A0007809,C005753,Salary,5271.5,2021-12-28,Active
A0007810,C005754,Fixed Deposit,124327.86,2022-08-09,Active
A0007811,C005755,Savings,12863.87,2021-02-07,Active
A0007812,C005756,Current,167326.78,2018-06-26,Active
A0007813,C005757,Salary,35413.95,2023-10-10,Active
A0007814,C005758,Current,7056.95,2024-07-08,Active
A0007815,C005758,Savings,20879.67,2023-12-14,Active
A0007816,C005759,Current,17514.4,2023-04-21,Active
A0007817,C005759,Savings,15869.66,2018-11-11,Active
A0007818,C005760,Current,16204.92,2021-05-07,Active
A0007819,C005760,Savings,6093.2,2024-01-04,Active
A0007820,C005760,Current,15589.18,2024-02-14,Active
A0007821,C005761,Fixed Deposit,194519.53,2019-12-07,Active
A0007822,C005761,Savings,11887.92,2021-02-24,Active
A0007823,C005762,Savings,10889.21,2019-07-10,Active
A0007824,C005762,Salary,4301.84,2020-07-11,Active
A0007825,C005763,Salary,107333.25,2019-02-07,Active
A0007826,C005763,Savings,39352.79,2020-02-18,Active
A0007827,C005764,Current,13397.74,2023-02-23,Active
A0007828,C005765,Fixed Deposit,108260.94,2019-08-01,Dormant
A0007829,C005765,Savings,9899.63,2018-04-20,Active
A0007830,C005766,Savings,75063.38,2025-03-16,Active
A0007831,C005767,Fixed Deposit,121193.87,2025-02-19,Active
A0007832,C005768,Savings,67500.35,2023-11-06,Active
A0007833,C005769,Salary,8540.59,2024-06-28,Active
A0007834,C005770,Savings,18072.04,2023-09-28,Active
A0007835,C005770,Savings,9468.99,2020-09-30,Dormant
A0007836,C005771,Savings,73036.83,2022-09-22,Active
A0007837,C005772,Salary,48021.11,2024-05-11,Active
A0007838,C005773,Fixed Deposit,147195.09,2024-08-19,Active
A0007839,C005773,Salary,8265.14,2025-03-03,Active
A0007840,C005774,Savings,21521.06,2018-04-07,Active
A0007841,C005775,Salary,4669.5,2025-04-18,Active
A0007842,C005776,Savings,16880.63,2021-05-22,Active
A0007843,C005777,Savings,40716.33,2025-05-20,Active
A0007844,C005778,Fixed Deposit,147691.38,2023-06-04,Active
A0007845,C005779,Savings,26996.29,2019-01-23,Active
A0007846,C005780,Savings,9420.33,2025-01-31,Active
A0007847,C005781,Savings,6671.74,2021-01-14,Active
A0007848,C005781,Savings,13950.99,2022-03-25,Dormant
A0007849,C005782,Savings,6597.45,2025-03-05,Active
A0007850,C005783,Savings,10316.28,2022-05-03,Active
A0007851,C005784,Savings,25815.13,2022-06-30,Active
A0007852,C005785,Current,112931.79,2022-01-12,Active
A0007853,C005786,Salary,78351.3,2023-12-08,Active
A0007854,C005787,Savings,46641.07,2019-12-01,Active
A0007855,C005787,Fixed Deposit,277412.08,2024-03-25,Active
A0007856,C005788,Fixed Deposit,85329.27,2022-05-20,Active
A0007857,C005788,Savings,7398.03,2019-03-07,Active
A0007858,C005788,Current,10601.78,2020-11-04,Active
A0007859,C005789,Salary,3213.85,2018-01-17,Active
A0007860,C005790,Savings,9184.58,2025-05-25,Active
A0007861,C005791,Current,28523.38,2019-11-29,Active
A0007862,C005792,Fixed Deposit,297298.0,2018-08-09,Active
A0007863,C005793,Current,51553.37,2025-04-10,Active
A0007864,C005794,Salary,11283.46,2018-02-04,Active
A0007865,C005795,Current,4095.26,2019-03-18,Active
A0007866,C005796,Savings,23477.27,2023-10-08,Active
A0007867,C005797,Savings,16365.74,2019-11-26,Active
A0007868,C005798,Savings,32157.19,2020-03-09,Active
A0007869,C005799,Salary,40822.19,2024-05-31,Active
A0007870,C005800,Current,30465.95,2025-05-09,Active
A0007871,C005801,Savings,5114.83,2019-10-10,Active
A0007872,C005802,Savings,41399.28,2019-04-12,Active
A0007873,C005803,Savings,15357.3,2024-12-02,Active
A0007874,C005803,Salary,3608.43,2022-06-01,Active
A0007875,C005804,Fixed Deposit,175648.79,2020-10-02,Active
A0007876,C005804,Savings,10207.49,2019-08-23,Active
A0007877,C005805,Current,22309.38,2024-08-24,Dormant
A0007878,C005806,Savings,31338.29,2020-11-07,Active
A0007879,C005807,Savings,6885.14,2019-02-09,Active
A0007880,C005808,Savings,28926.35,2020-12-06,Active
A0007881,C005809,Savings,18601.17,2022-12-22,Active
A0007882,C005810,Salary,35220.97,2022-09-25,Active
A0007883,C005811,Savings,25180.92,2018-11-19,Active
A0007884,C005812,Current,55398.87,2023-06-07,Active
A0007885,C005813,Fixed Deposit,393288.04,2019-04-24,Active
A0007886,C005814,Salary,18463.81,2022-02-27,Active
A0007887,C005815,Savings,19897.87,2021-09-21,Active
A0007888,C005816,Savings,16585.01,2021-01-10,Dormant
A0007889,C005816,Fixed Deposit,458735.12,2025-05-18,Active
A0007890,C005816,Savings,10200.56,2021-08-15,Active
A0007891,C005817,Savings,28816.67,2023-06-29,Active
A0007892,C005817,Savings,17199.4,2020-12-03,Active
A0007893,C005818,Savings,8490.35,2018-02-11,Active
A0007894,C005819,Salary,10161.32,2021-12-06,Active
A0007895,C005820,Savings,14752.49,2020-03-27,Active
A0007896,C005820,Savings,8245.21,2023-04-05,Active
A0007897,C005821,Salary,14944.61,2018-01-09,Active
A0007898,C005821,Savings,6332.84,2023-01-17,Active
A0007899,C005821,Salary,4756.12,2021-05-06,Active
A0007900,C005822,Savings,26177.93,2022-05-15,Active
A0007901,C005823,Savings,17217.61,2018-05-07,Active
A0007902,C005824,Current,75792.25,2024-10-28,Active
A0007903,C005825,Fixed Deposit,623114.62,2018-03-01,Active
A0007904,C005826,Salary,10758.07,2024-02-16,Active
A0007905,C005827,Current,9003.14,2018-05-08,Active
A0007906,C005827,Savings,33154.07,2019-02-03,Active
A0007907,C005828,Fixed Deposit,69061.51,2025-06-19,Active
A0007908,C005829,Salary,25620.22,2025-04-16,Active
A0007909,C005830,Savings,40847.69,2023-08-31,Active
A0007910,C005830,Savings,13554.66,2021-05-11,Active
A0007911,C005831,Savings,67766.57,2018-01-23,Active
A0007912,C005831,Savings,25758.92,2019-03-16,Active
A0007913,C005832,Current,15390.88,2024-07-13,Active
A0007914,C005832,Salary,43607.9,2024-11-11,Active
A0007915,C005833,Fixed Deposit,82927.9,2020-07-07,Active
A0007916,C005833,Fixed Deposit,573741.67,2023-01-25,Active
A0007917,C005834,Savings,7470.94,2021-02-14,Active
A0007918,C005835,Fixed Deposit,51131.29,2019-06-10,Active
A0007919,C005836,Savings,20928.74,2018-01-16,Active
A0007920,C005837,Savings,37055.5,2019-11-21,Active
A0007921,C005838,Salary,9204.43,2020-03-01,Active
A0007922,C005838,Savings,40242.8,2024-02-01,Active
A0007923,C005838,Savings,5868.25,2018-01-06,Active
A0007924,C005839,Current,32026.47,2020-02-22,Active
A0007925,C005839,Savings,44523.71,2024-07-14,Active
A0007926,C005840,Fixed Deposit,464559.81,2018-04-10,Active
A0007927,C005841,Salary,48193.6,2019-12-20,Active
A0007928,C005842,Fixed Deposit,175378.92,2018-06-16,Active
A0007929,C005842,Savings,44323.07,2019-04-09,Active
A0007930,C005843,Salary,46649.11,2022-06-18,Active
A0007931,C005844,Savings,17720.16,2024-09-01,Active
A0007932,C005845,Current,29006.61,2022-04-01,Active
A0007933,C005846,Savings,27437.76,2021-11-01,Dormant
A0007934,C005846,Fixed Deposit,147473.85,2021-08-14,Active
A0007935,C005847,Savings,11046.16,2023-09-01,Active
A0007936,C005848,Savings,25201.42,2020-11-16,Active
A0007937,C005849,Current,24843.86,2021-04-17,Active
A0007938,C005849,Salary,11112.47,2021-02-12,Active
A0007939,C005849,Savings,17946.3,2019-05-01,Active
A0007940,C005850,Fixed Deposit,88277.28,2019-07-12,Active
A0007941,C005851,Salary,81666.86,2018-05-21,Active
A0007942,C005851,Salary,19829.38,2020-08-03,Active
A0007943,C005852,Savings,5671.58,2020-11-11,Active
A0007944,C005853,Savings,9254.2,2023-06-10,Active
A0007945,C005853,Current,13040.3,2024-10-28,Active
A0007946,C005854,Savings,9478.74,2021-05-27,Active
A0007947,C005854,Fixed Deposit,288888.85,2023-04-02,Active
A0007948,C005855,Savings,87990.25,2022-05-12,Active
A0007949,C005855,Savings,7458.8,2020-01-21,Active
A0007950,C005856,Fixed Deposit,395236.08,2019-01-21,Active
A0007951,C005857,Current,52438.47,2023-01-22,Active
A0007952,C005857,Savings,13758.52,2018-04-22,Active
A0007953,C005858,Savings,28763.8,2018-11-10,Active
A0007954,C005858,Fixed Deposit,141538.32,2024-01-21,Active
A0007955,C005859,Savings,34398.67,2021-03-27,Active
A0007956,C005860,Salary,9943.82,2023-03-27,Active
A0007957,C005860,Savings,46486.19,2023-11-26,Active
A0007958,C005861,Savings,33967.42,2023-08-26,Active
A0007959,C005862,Salary,25814.0,2022-06-04,Active
A0007960,C005863,Savings,12058.96,2022-11-08,Active
A0007961,C005864,Savings,23979.63,2019-04-22,Active
A0007962,C005864,Savings,10655.39,2024-10-04,Active
A0007963,C005864,Fixed Deposit,95220.65,2021-12-17,Active
A0007964,C005865,Savings,18977.62,2024-09-10,Active
A0007965,C005865,Savings,14633.45,2020-12-04,Active
A0007966,C005866,Fixed Deposit,79513.8,2023-09-01,Active
A0007967,C005867,Savings,4021.76,2021-02-07,Active
A0007968,C005868,Salary,34966.76,2024-12-11,Active
A0007969,C005868,Savings,11838.32,2019-04-05,Active
A0007970,C005869,Fixed Deposit,510363.63,2024-03-28,Active
A0007971,C005870,Current,16131.89,2020-03-17,Dormant
A0007972,C005871,Fixed Deposit,266193.63,2018-08-14,Active
A0007973,C005872,Savings,16496.14,2021-04-15,Active
A0007974,C005872,Fixed Deposit,34731.53,2018-03-02,Active
A0007975,C005873,Savings,4879.19,2024-06-08,Active
A0007976,C005874,Savings,64416.12,2023-11-03,Active
A0007977,C005875,Savings,39034.17,2024-01-02,Active
A0007978,C005876,Savings,3406.89,2020-02-27,Active
A0007979,C005876,Fixed Deposit,462856.24,2021-01-12,Active
A0007980,C005876,Salary,2918.78,2025-04-07,Active
A0007981,C005877,Salary,14045.11,2024-12-20,Active
A0007982,C005878,Savings,24679.91,2019-04-10,Dormant
A0007983,C005878,Savings,15171.89,2018-12-23,Active
A0007984,C005879,Savings,52091.51,2018-08-29,Active
A0007985,C005880,Salary,9780.19,2021-04-01,Active
A0007986,C005881,Savings,53180.37,2021-10-27,Active
A0007987,C005881,Savings,23238.23,2022-06-19,Active
A0007988,C005882,Savings,11367.7,2022-04-10,Active
A0007989,C005883,Fixed Deposit,109432.41,2023-05-08,Active
A0007990,C005884,Savings,37236.99,2023-08-04,Active
A0007991,C005885,Current,4190.14,2018-12-28,Active
A0007992,C005886,Savings,16895.9,2022-05-29,Active
A0007993,C005887,Salary,10197.15,2024-02-13,Active
A0007994,C005887,Savings,15319.83,2022-04-13,Active
A0007995,C005888,Savings,11229.72,2020-10-23,Active
A0007996,C005889,Fixed Deposit,336439.64,2023-02-15,Active
A0007997,C005889,Savings,25972.52,2023-12-13,Active
A0007998,C005889,Current,39339.05,2022-07-17,Active
A0007999,C005890,Savings,10120.29,2021-05-06,Active
A0008000,C005890,Fixed Deposit,111975.43,2024-12-29,Active
A0008001,C005891,Salary,24278.21,2023-09-25,Active
A0008002,C005891,Savings,15156.45,2023-11-20,Active
A0008003,C005892,Savings,17623.33,2019-11-07,Active
A0008004,C005893,Current,39779.5,2024-03-31,Active
A0008005,C005894,Savings,53689.99,2020-08-18,Active
A0008006,C005895,Savings,7066.14,2018-06-12,Active
A0008007,C005896,Fixed Deposit,361612.16,2018-01-07,Active
A0008008,C005897,Savings,28650.66,2024-08-02,Active
A0008009,C005898,Savings,66459.54,2019-03-06,Active
A0008010,C005899,Savings,7223.85,2021-04-23,Active
A0008011,C005900,Savings,51210.06,2020-10-10,Active
A0008012,C005901,Savings,19388.78,2024-10-28,Active
A0008013,C005901,Fixed Deposit,45560.89,2023-10-14,Active
A0008014,C005902,Salary,4596.09,2024-09-13,Active
A0008015,C005902,Salary,9775.65,2024-04-04,Active
A0008016,C005903,Fixed Deposit,670457.7,2019-07-04,Active
A0008017,C005904,Fixed Deposit,93270.21,2019-10-02,Active
A0008018,C005905,Savings,10639.92,2021-09-22,Active
A0008019,C005906,Savings,19646.86,2018-05-11,Active
A0008020,C005907,Savings,54979.63,2023-06-29,Active
A0008021,C005907,Savings,95086.4,2025-03-09,Active
A0008022,C005908,Current,19015.86,2021-08-30,Active
A0008023,C005909,Fixed Deposit,299651.03,2018-08-06,Active
A0008024,C005909,Fixed Deposit,370736.05,2019-11-29,Active
A0008025,C005909,Current,32829.7,2025-04-21,Active
A0008026,C005910,Savings,26924.76,2023-12-11,Active
A0008027,C005911,Savings,7227.24,2018-02-21,Active
A0008028,C005912,Salary,14856.98,2022-08-13,Active
A0008029,C005912,Salary,16139.99,2024-02-24,Active
A0008030,C005913,Current,12429.02,2018-06-06,Active
A0008031,C005914,Fixed Deposit,95332.91,2018-02-13,Active
A0008032,C005915,Savings,50444.04,2024-07-18,Active
A0008033,C005916,Fixed Deposit,393645.5,2018-07-15,Active
A0008034,C005917,Savings,83838.67,2023-07-26,Active
A0008035,C005918,Savings,53711.04,2022-03-24,Active
A0008036,C005919,Current,75235.46,2023-03-28,Active
A0008037,C005920,Salary,49721.95,2019-09-23,Active
A0008038,C005921,Savings,47956.41,2022-12-08,Active
A0008039,C005922,Salary,51252.46,2022-06-30,Active
A0008040,C005923,Salary,37804.81,2020-03-21,Active
A0008041,C005924,Fixed Deposit,78077.94,2022-08-29,Active
A0008042,C005925,Salary,9018.64,2022-10-31,Active
A0008043,C005926,Fixed Deposit,607892.33,2024-02-19,Active
A0008044,C005927,Savings,77206.94,2020-07-28,Active
A0008045,C005928,Savings,14707.05,2024-08-19,Dormant
A0008046,C005929,Savings,62646.6,2022-03-21,Active
A0008047,C005930,Savings,38087.75,2023-12-29,Active
A0008048,C005930,Savings,22734.62,2020-07-12,Active
A0008049,C005930,Salary,3275.1,2018-10-01,Active
A0008050,C005931,Savings,41575.66,2020-12-29,Active
A0008051,C005931,Salary,50240.7,2018-02-27,Active
A0008052,C005932,Salary,101863.25,2024-02-18,Active
A0008053,C005933,Savings,77475.23,2025-06-23,Active
A0008054,C005934,Current,54501.07,2024-08-16,Active
A0008055,C005934,Salary,8220.88,2018-04-08,Active
A0008056,C005935,Savings,13908.8,2024-01-09,Active
A0008057,C005936,Savings,45903.11,2023-06-04,Active
A0008058,C005936,Savings,44669.82,2023-06-06,Active
A0008059,C005937,Fixed Deposit,332120.24,2024-05-06,Active
A0008060,C005938,Current,29019.37,2023-11-21,Active
A0008061,C005939,Savings,25988.76,2018-06-26,Active
A0008062,C005940,Savings,13941.12,2022-01-08,Active
A0008063,C005941,Savings,15949.28,2018-08-06,Active
A0008064,C005942,Salary,22737.25,2022-09-26,Active
A0008065,C005942,Savings,209800.44,2019-01-11,Active
A0008066,C005943,Savings,15207.82,2023-10-16,Active
A0008067,C005944,Current,22915.09,2024-05-08,Active
A0008068,C005945,Savings,8120.73,2021-02-11,Active
A0008069,C005946,Savings,62922.7,2018-10-15,Active
A0008070,C005947,Current,5508.28,2019-03-21,Active
A0008071,C005947,Savings,26322.71,2020-06-13,Active
A0008072,C005948,Salary,49731.04,2023-03-04,Active
A0008073,C005948,Savings,30781.33,2018-10-05,Active
A0008074,C005949,Savings,14938.93,2021-09-10,Active
A0008075,C005950,Savings,7186.06,2022-08-13,Active
A0008076,C005951,Savings,31467.99,2021-09-18,Active
A0008077,C005952,Savings,32838.14,2018-10-12,Active
A0008078,C005953,Savings,9181.27,2018-03-18,Active
A0008079,C005954,Salary,12218.96,2021-04-16,Active
A0008080,C005955,Fixed Deposit,208356.23,2021-11-16,Active
A0008081,C005956,Savings,23187.08,2024-06-23,Active
A0008082,C005957,Fixed Deposit,562697.49,2023-06-10,Active
A0008083,C005958,Savings,25987.72,2024-12-27,Active
A0008084,C005958,Salary,13534.86,2022-01-15,Active
A0008085,C005959,Savings,11223.09,2020-10-07,Active
A0008086,C005960,Savings,33155.24,2020-10-12,Active
A0008087,C005960,Current,42889.52,2022-09-06,Active
A0008088,C005961,Savings,19885.25,2024-11-22,Active
A0008089,C005962,Savings,7378.16,2022-04-10,Active
A0008090,C005963,Current,74966.17,2023-03-10,Active
A0008091,C005964,Current,8238.93,2018-07-20,Active
A0008092,C005964,Savings,21092.65,2022-09-19,Active
A0008093,C005965,Savings,42313.87,2021-02-18,Active
A0008094,C005966,Salary,17273.92,2024-10-31,Active
A0008095,C005967,Savings,34393.6,2019-07-16,Active
A0008096,C005968,Salary,26122.36,2019-08-16,Active
A0008097,C005968,Salary,45890.4,2022-10-18,Active
A0008098,C005969,Savings,18383.08,2024-04-11,Active
A0008099,C005970,Salary,29777.71,2020-02-19,Active
A0008100,C005971,Savings,2513.96,2021-07-04,Active
A0008101,C005972,Fixed Deposit,198268.71,2020-05-21,Active
A0008102,C005973,Savings,28201.48,2023-01-16,Active
A0008103,C005974,Salary,151492.26,2023-03-09,Active
A0008104,C005975,Salary,86894.85,2025-02-25,Active
A0008105,C005976,Current,89335.59,2025-05-16,Active
A0008106,C005977,Salary,29106.06,2024-11-20,Dormant
A0008107,C005978,Savings,38109.66,2018-08-18,Active
A0008108,C005979,Savings,23453.63,2020-03-20,Active
A0008109,C005979,Savings,37559.84,2021-07-14,Active
A0008110,C005980,Salary,25148.61,2023-06-28,Active
A0008111,C005981,Fixed Deposit,284851.62,2021-07-12,Active
A0008112,C005982,Fixed Deposit,301479.06,2024-09-19,Active
A0008113,C005983,Savings,10969.98,2020-08-03,Active
A0008114,C005984,Fixed Deposit,53958.57,2020-03-18,Active
A0008115,C005985,Current,18995.84,2025-04-29,Active
A0008116,C005986,Salary,10249.35,2023-08-17,Active
A0008117,C005986,Salary,8323.04,2024-06-26,Active
A0008118,C005987,Savings,10157.01,2025-01-24,Active
A0008119,C005987,Savings,7613.46,2023-05-04,Active
A0008120,C005988,Salary,5066.34,2020-09-17,Active
A0008121,C005988,Savings,14851.63,2019-07-13,Dormant
A0008122,C005989,Salary,3084.6,2020-10-12,Active
A0008123,C005990,Salary,45247.57,2025-03-11,Active
A0008124,C005991,Savings,41227.02,2020-03-10,Active
A0008125,C005992,Current,12773.01,2023-08-14,Active
A0008126,C005993,Fixed Deposit,86119.75,2021-08-02,Dormant
A0008127,C005994,Savings,19459.07,2018-03-25,Active
A0008128,C005994,Savings,35310.27,2025-05-04,Active
A0008129,C005995,Fixed Deposit,436843.92,2019-09-23,Active
A0008130,C005996,Current,34389.73,2021-03-18,Active
A0008131,C005996,Savings,18429.87,2022-01-22,Active
A0008132,C005997,Savings,32275.07,2021-12-12,Active
A0008133,C005997,Current,3225.35,2021-05-21,Active
A0008134,C005998,Salary,27970.15,2023-01-15,Active
A0008135,C005999,Savings,72137.51,2018-07-16,Active
A0008136,C005999,Salary,11710.73,2020-11-04,Active
A0008137,C006000,Current,30741.53,2023-01-02,Active
A0008138,C006000,Salary,59832.76,2018-12-06,Active
A0008139,C006001,Current,38941.58,2020-02-24,Active
A0008140,C006002,Current,119865.39,2018-11-30,Active
A0008141,C006003,Savings,102921.67,2023-12-08,Dormant
A0008142,C006004,Savings,132360.87,2018-09-01,Active
A0008143,C006005,Salary,60315.97,2020-01-18,Active
A0008144,C006005,Salary,32788.67,2022-02-03,Active
A0008145,C006005,Salary,13368.7,2022-10-05,Active
A0008146,C006006,Fixed Deposit,317574.23,2024-01-18,Active
A0008147,C006007,Salary,171991.15,2024-10-09,Active
A0008148,C006008,Fixed Deposit,236029.34,2019-08-08,Active
A0008149,C006009,Current,26085.77,2024-06-08,Active
A0008150,C006010,Fixed Deposit,114968.49,2018-05-20,Active
A0008151,C006010,Fixed Deposit,702266.01,2021-09-19,Active
A0008152,C006011,Current,33032.3,2020-01-19,Active
A0008153,C006012,Salary,24053.81,2020-06-19,Active
A0008154,C006013,Salary,15251.69,2025-03-17,Active
A0008155,C006014,Savings,17486.69,2021-08-07,Active
A0008156,C006015,Fixed Deposit,150546.81,2023-08-31,Active
A0008157,C006016,Savings,4389.4,2024-01-24,Active
A0008158,C006017,Fixed Deposit,150321.43,2021-03-06,Active
A0008159,C006018,Savings,11851.92,2019-08-18,Active
A0008160,C006019,Salary,53142.06,2022-08-16,Active
A0008161,C006020,Salary,10476.56,2024-06-04,Active
A0008162,C006020,Salary,58936.94,2022-02-23,Active
A0008163,C006021,Savings,81401.27,2022-01-03,Active
A0008164,C006022,Savings,22174.93,2022-02-23,Active
A0008165,C006023,Current,21808.59,2018-04-09,Active
A0008166,C006024,Savings,70437.56,2022-12-05,Active
A0008167,C006025,Fixed Deposit,133065.6,2019-03-10,Dormant
A0008168,C006026,Savings,3620.17,2020-05-22,Active
A0008169,C006027,Salary,3832.36,2021-02-19,Active
A0008170,C006028,Savings,20866.3,2021-02-23,Active
A0008171,C006028,Current,36835.9,2021-12-27,Active
A0008172,C006028,Fixed Deposit,55795.06,2024-02-05,Active
A0008173,C006029,Savings,12398.93,2023-03-16,Active
A0008174,C006030,Savings,41633.12,2021-03-15,Active
A0008175,C006030,Savings,20549.74,2021-03-17,Active
A0008176,C006031,Savings,20994.95,2018-03-08,Active
A0008177,C006032,Savings,2724.08,2018-02-13,Active
A0008178,C006032,Fixed Deposit,204491.46,2024-02-06,Active
A0008179,C006033,Current,95333.49,2023-05-03,Active
A0008180,C006034,Savings,12161.85,2022-06-06,Active
A0008181,C006035,Savings,19230.98,2021-11-03,Active
A0008182,C006035,Salary,19647.61,2020-07-07,Active
A0008183,C006036,Savings,29634.99,2024-05-24,Active
A0008184,C006037,Fixed Deposit,180265.28,2019-12-21,Active
A0008185,C006037,Savings,87274.14,2022-06-06,Dormant
A0008186,C006038,Savings,31203.39,2024-11-29,Active
A0008187,C006039,Current,12311.12,2020-01-08,Active
A0008188,C006040,Savings,13663.95,2024-03-23,Active
A0008189,C006040,Savings,30310.64,2021-09-22,Active
A0008190,C006040,Savings,51995.4,2020-10-31,Active
A0008191,C006041,Savings,63985.38,2020-09-04,Active
A0008192,C006042,Current,82061.29,2018-10-29,Active
A0008193,C006043,Salary,54673.09,2025-01-14,Active
A0008194,C006044,Savings,53734.23,2022-01-01,Active
A0008195,C006045,Salary,1535.78,2019-10-29,Active
A0008196,C006046,Fixed Deposit,99023.89,2024-04-24,Active
A0008197,C006047,Savings,9397.87,2024-10-07,Active
A0008198,C006048,Savings,48250.69,2019-08-09,Active
A0008199,C006048,Savings,69212.59,2020-08-09,Active
A0008200,C006048,Salary,12568.74,2018-04-21,Active
A0008201,C006049,Savings,17405.84,2023-12-20,Active
A0008202,C006050,Salary,8556.71,2024-11-10,Active
A0008203,C006050,Salary,86145.62,2022-02-10,Active
A0008204,C006051,Fixed Deposit,407569.2,2018-08-23,Active
A0008205,C006052,Current,3791.23,2023-04-19,Active
A0008206,C006053,Savings,22062.13,2023-11-18,Active
A0008207,C006054,Savings,35860.67,2025-02-18,Active
A0008208,C006055,Savings,35719.8,2022-11-26,Active
A0008209,C006056,Savings,33003.17,2018-10-09,Active
A0008210,C006057,Salary,9972.15,2019-07-01,Active
A0008211,C006057,Savings,20960.03,2023-11-25,Active
A0008212,C006058,Savings,18676.89,2021-06-23,Active
A0008213,C006059,Salary,52876.06,2018-12-08,Active
A0008214,C006059,Current,58785.59,2018-10-11,Active
A0008215,C006060,Savings,48033.45,2019-02-05,Active
A0008216,C006061,Fixed Deposit,355836.74,2019-04-03,Active
A0008217,C006061,Salary,75127.16,2025-01-08,Active
A0008218,C006062,Savings,22526.16,2024-03-11,Active
A0008219,C006063,Savings,30709.61,2023-07-15,Active
A0008220,C006064,Savings,6482.5,2022-09-26,Active
A0008221,C006065,Current,37709.83,2018-12-27,Active
A0008222,C006066,Salary,13313.42,2021-03-19,Active
A0008223,C006067,Fixed Deposit,132198.38,2022-08-21,Active
A0008224,C006068,Savings,18873.04,2025-03-28,Active
A0008225,C006069,Current,96318.06,2024-03-12,Active
A0008226,C006069,Savings,29117.53,2024-01-02,Active
A0008227,C006070,Salary,14090.68,2021-02-27,Active
A0008228,C006070,Savings,14370.95,2023-11-07,Active
A0008229,C006071,Current,1581.65,2021-11-23,Active
A0008230,C006072,Fixed Deposit,199878.77,2021-04-24,Active
A0008231,C006073,Current,15743.23,2018-06-24,Active
A0008232,C006074,Fixed Deposit,646640.63,2023-03-08,Active
A0008233,C006074,Savings,49100.61,2020-11-30,Active
A0008234,C006075,Savings,13783.81,2020-11-25,Active
A0008235,C006076,Current,10752.89,2023-07-02,Active
A0008236,C006076,Fixed Deposit,72610.15,2020-10-06,Dormant
A0008237,C006077,Savings,16123.86,2022-01-29,Active
A0008238,C006078,Salary,49810.45,2021-11-18,Active
A0008239,C006079,Current,24175.16,2023-03-25,Active
A0008240,C006080,Savings,14139.91,2024-11-24,Dormant
A0008241,C006081,Salary,35894.35,2018-08-22,Active
A0008242,C006082,Savings,31676.47,2019-12-29,Active
A0008243,C006082,Fixed Deposit,216459.87,2020-03-07,Active
A0008244,C006083,Fixed Deposit,190038.77,2022-05-13,Active
A0008245,C006084,Savings,41022.61,2018-03-15,Active
A0008246,C006085,Salary,20354.36,2022-12-11,Active
A0008247,C006086,Savings,111347.88,2022-04-08,Active
A0008248,C006086,Savings,17511.75,2022-02-19,Active
A0008249,C006087,Current,9852.72,2023-08-30,Active
A0008250,C006088,Salary,44462.58,2023-11-26,Active
A0008251,C006088,Savings,12415.22,2024-02-26,Active
A0008252,C006089,Savings,28900.58,2023-02-02,Active
A0008253,C006090,Salary,12082.43,2021-05-26,Active
A0008254,C006090,Fixed Deposit,113289.57,2022-08-19,Active
A0008255,C006091,Savings,31926.62,2022-07-25,Active
A0008256,C006091,Salary,116195.57,2023-01-14,Active
A0008257,C006092,Fixed Deposit,356388.69,2024-08-17,Active
A0008258,C006093,Savings,32781.42,2019-11-23,Active
A0008259,C006093,Savings,128202.34,2020-03-14,Active
A0008260,C006094,Fixed Deposit,172971.38,2025-01-10,Active
A0008261,C006095,Savings,14734.55,2019-10-30,Active
A0008262,C006095,Savings,9141.96,2024-10-31,Active
A0008263,C006096,Current,5954.41,2022-03-28,Active
A0008264,C006096,Salary,46596.42,2020-12-26,Active
A0008265,C006097,Current,11916.25,2022-09-02,Active
A0008266,C006097,Salary,59326.05,2024-04-16,Active
A0008267,C006098,Salary,11109.0,2024-10-05,Active
A0008268,C006099,Salary,10869.73,2024-02-27,Active
A0008269,C006100,Salary,26322.32,2021-01-25,Active
A0008270,C006101,Salary,51832.57,2023-11-09,Active
A0008271,C006102,Fixed Deposit,235720.79,2024-04-10,Active
A0008272,C006103,Savings,8080.2,2025-02-27,Active
A0008273,C006104,Savings,80955.94,2022-12-22,Active
A0008274,C006105,Current,27143.35,2020-04-01,Active
A0008275,C006106,Savings,3406.84,2023-05-02,Active
A0008276,C006107,Salary,6564.61,2021-04-02,Active
A0008277,C006108,Fixed Deposit,70147.69,2018-06-09,Active
A0008278,C006109,Savings,33939.84,2019-09-24,Active
A0008279,C006110,Savings,12815.63,2018-04-04,Active
A0008280,C006110,Fixed Deposit,59435.06,2019-04-10,Active
A0008281,C006110,Savings,4160.8,2018-08-23,Active
A0008282,C006111,Savings,20233.4,2022-04-21,Active
A0008283,C006112,Salary,22580.17,2019-12-26,Active
A0008284,C006113,Fixed Deposit,165185.08,2021-02-22,Active
A0008285,C006113,Savings,33326.42,2020-05-13,Active
A0008286,C006113,Savings,10887.65,2023-02-22,Active
A0008287,C006114,Savings,10729.03,2021-10-05,Active
A0008288,C006114,Savings,104581.03,2023-04-14,Dormant
A0008289,C006115,Savings,42005.45,2019-10-24,Active
A0008290,C006116,Current,155233.24,2019-09-12,Active
A0008291,C006117,Savings,84635.0,2023-12-27,Active
A0008292,C006118,Current,27864.45,2022-10-29,Active
A0008293,C006119,Savings,44358.06,2019-11-04,Active
A0008294,C006119,Savings,25848.45,2018-09-17,Dormant
A0008295,C006120,Savings,49179.56,2020-10-27,Active
A0008296,C006120,Fixed Deposit,91094.7,2023-08-23,Active
A0008297,C006121,Savings,206638.49,2021-01-29,Dormant
A0008298,C006122,Savings,100229.35,2019-08-20,Active
A0008299,C006122,Savings,9046.1,2020-10-17,Active
A0008300,C006122,Savings,119712.05,2025-04-22,Active
A0008301,C006123,Savings,16111.02,2020-02-04,Active
A0008302,C006124,Savings,46405.86,2019-05-12,Active
A0008303,C006125,Savings,21293.4,2019-01-11,Active
A0008304,C006126,Current,16358.74,2023-11-28,Active
A0008305,C006126,Savings,11391.89,2024-04-23,Active
A0008306,C006126,Salary,11217.32,2023-08-26,Active
A0008307,C006127,Salary,44385.3,2019-06-07,Active
A0008308,C006128,Current,41252.05,2020-09-01,Active
A0008309,C006128,Savings,25993.32,2020-03-31,Active
A0008310,C006129,Savings,22426.49,2018-05-26,Active
A0008311,C006129,Savings,29905.69,2021-11-22,Active
A0008312,C006130,Savings,17539.74,2020-06-13,Active
A0008313,C006130,Savings,4345.25,2019-03-26,Active
A0008314,C006131,Current,13161.01,2019-05-20,Active
A0008315,C006132,Savings,31979.47,2020-02-09,Active
A0008316,C006133,Salary,30297.42,2024-08-09,Active
A0008317,C006133,Salary,70831.04,2023-12-18,Active
A0008318,C006134,Savings,13882.72,2023-06-26,Active
A0008319,C006134,Salary,15051.52,2022-11-23,Active
A0008320,C006135,Savings,50972.49,2025-04-03,Active
A0008321,C006136,Salary,24756.27,2019-03-31,Active
A0008322,C006136,Savings,17461.27,2021-07-18,Active
A0008323,C006137,Current,7078.88,2018-07-02,Active
A0008324,C006138,Savings,13533.2,2020-07-19,Active
A0008325,C006139,Current,42365.95,2018-06-20,Active
A0008326,C006139,Savings,18063.15,2022-02-17,Active
A0008327,C006140,Savings,44263.38,2019-10-14,Active
A0008328,C006140,Salary,111776.82,2018-10-13,Active
A0008329,C006141,Salary,16369.0,2021-02-26,Active
A0008330,C006142,Salary,17643.37,2024-01-31,Active
A0008331,C006143,Fixed Deposit,326507.11,2022-07-27,Active
A0008332,C006144,Savings,124253.35,2023-01-10,Active
A0008333,C006145,Savings,9741.63,2024-06-13,Active
A0008334,C006145,Current,17173.68,2024-12-06,Active
A0008335,C006146,Savings,63189.07,2022-11-06,Active
A0008336,C006147,Savings,8624.4,2018-02-02,Active
A0008337,C006148,Salary,173158.3,2018-07-12,Active
A0008338,C006149,Salary,4572.7,2023-11-22,Active
A0008339,C006149,Savings,72613.28,2024-12-09,Active
A0008340,C006150,Fixed Deposit,571281.28,2020-03-30,Active
A0008341,C006150,Savings,24404.58,2025-01-13,Active
A0008342,C006151,Current,18026.84,2024-07-11,Active
A0008343,C006152,Fixed Deposit,123730.37,2018-02-14,Active
A0008344,C006153,Savings,73135.75,2020-01-10,Active
A0008345,C006154,Savings,4353.17,2020-08-08,Active
A0008346,C006155,Savings,4764.66,2024-07-03,Active
A0008347,C006156,Savings,11447.48,2022-10-14,Active
A0008348,C006157,Fixed Deposit,659825.7,2024-10-19,Active
A0008349,C006158,Savings,33453.57,2024-06-07,Active
A0008350,C006159,Fixed Deposit,82983.08,2021-06-25,Active
A0008351,C006160,Savings,63728.84,2023-10-23,Active
A0008352,C006161,Salary,26990.82,2018-07-17,Active
A0008353,C006162,Savings,25461.42,2023-12-24,Active
A0008354,C006163,Savings,77527.92,2025-06-10,Active
A0008355,C006164,Salary,9938.15,2021-05-12,Active
A0008356,C006165,Salary,40889.65,2018-06-23,Active
A0008357,C006166,Fixed Deposit,189413.84,2020-03-06,Active
A0008358,C006166,Fixed Deposit,523887.69,2022-11-08,Active
A0008359,C006167,Fixed Deposit,88831.31,2024-07-06,Active
A0008360,C006167,Savings,37969.31,2019-05-03,Active
A0008361,C006167,Current,42043.69,2023-03-08,Dormant
A0008362,C006168,Fixed Deposit,248003.78,2019-01-02,Active
A0008363,C006169,Salary,19894.62,2018-02-08,Active
A0008364,C006170,Savings,127409.44,2023-06-09,Active
A0008365,C006171,Current,30589.47,2023-05-26,Active
A0008366,C006172,Fixed Deposit,204212.9,2022-05-18,Active
A0008367,C006172,Salary,53407.12,2025-06-23,Active
A0008368,C006173,Savings,4655.17,2022-12-15,Active
A0008369,C006173,Salary,33478.89,2023-04-23,Active
A0008370,C006174,Salary,277196.1,2023-10-12,Active
A0008371,C006175,Savings,18919.58,2023-12-18,Active
A0008372,C006176,Savings,10219.42,2020-03-08,Active
A0008373,C006177,Current,28962.93,2019-02-25,Active
A0008374,C006177,Current,15457.14,2018-03-31,Active
A0008375,C006177,Savings,5227.15,2018-07-29,Active
A0008376,C006178,Fixed Deposit,259806.45,2021-04-04,Active
A0008377,C006179,Savings,124131.93,2020-06-22,Active
A0008378,C006179,Fixed Deposit,179623.8,2023-01-27,Active
A0008379,C006180,Savings,16005.37,2020-01-04,Active
A0008380,C006180,Savings,28069.02,2021-07-16,Active
A0008381,C006181,Savings,68572.92,2024-01-26,Active
A0008382,C006181,Fixed Deposit,172400.31,2025-04-06,Active
A0008383,C006182,Current,41857.75,2024-06-26,Active
A0008384,C006182,Salary,15192.82,2020-11-19,Active
A0008385,C006182,Current,2864.21,2020-02-08,Dormant
A0008386,C006183,Salary,10607.4,2023-07-20,Active
A0008387,C006183,Salary,64102.01,2021-03-09,Dormant
A0008388,C006184,Savings,22820.76,2023-05-13,Active
A0008389,C006185,Salary,113729.19,2020-07-05,Active
A0008390,C006186,Current,39791.65,2022-06-22,Active
A0008391,C006187,Fixed Deposit,139883.05,2023-11-10,Active
A0008392,C006188,Salary,34585.9,2019-06-25,Active
A0008393,C006189,Savings,13275.04,2019-01-28,Active
A0008394,C006189,Salary,47119.2,2024-07-14,Active
A0008395,C006189,Savings,20282.67,2024-09-06,Active
A0008396,C006190,Salary,21512.75,2022-05-28,Active
A0008397,C006190,Savings,7822.07,2018-09-17,Active
A0008398,C006191,Fixed Deposit,605063.27,2021-02-20,Active
A0008399,C006192,Current,76173.41,2022-03-08,Active
A0008400,C006193,Savings,29941.68,2023-02-27,Active
A0008401,C006194,Savings,11091.14,2023-06-03,Active
A0008402,C006195,Salary,35156.58,2019-05-27,Active
A0008403,C006196,Current,24950.16,2019-12-23,Active
A0008404,C006197,Savings,13787.32,2025-01-01,Active
A0008405,C006198,Fixed Deposit,306669.28,2024-05-09,Active
A0008406,C006199,Savings,106670.03,2023-12-31,Active
A0008407,C006200,Savings,12430.67,2018-03-11,Dormant
A0008408,C006201,Current,81855.44,2020-04-30,Active
A0008409,C006202,Savings,5451.37,2019-03-07,Active
A0008410,C006203,Savings,3938.26,2019-03-19,Active
A0008411,C006203,Fixed Deposit,135725.28,2024-04-15,Active
A0008412,C006204,Savings,16700.04,2024-05-03,Active
A0008413,C006205,Current,24874.94,2024-03-03,Active
A0008414,C006206,Fixed Deposit,214805.33,2022-07-23,Active
A0008415,C006206,Salary,12090.79,2024-12-23,Active
A0008416,C006206,Fixed Deposit,227936.83,2022-11-02,Active
A0008417,C006207,Savings,49727.7,2018-01-09,Active
A0008418,C006208,Savings,6714.14,2023-07-11,Active
A0008419,C006209,Savings,37264.06,2024-11-24,Active
A0008420,C006210,Fixed Deposit,148878.29,2023-05-30,Dormant
A0008421,C006211,Salary,55451.69,2024-05-27,Active
A0008422,C006212,Savings,6640.73,2020-10-03,Active
A0008423,C006213,Fixed Deposit,191056.26,2021-07-11,Active
A0008424,C006213,Savings,25411.87,2021-11-21,Active
A0008425,C006214,Fixed Deposit,160372.16,2019-07-03,Active
A0008426,C006215,Current,89572.73,2018-08-15,Active
A0008427,C006216,Fixed Deposit,199429.02,2024-07-28,Active
A0008428,C006216,Salary,12739.52,2023-10-03,Active
A0008429,C006217,Savings,35815.73,2018-10-22,Active
A0008430,C006217,Savings,25610.48,2020-07-10,Active
A0008431,C006218,Fixed Deposit,171351.88,2020-07-02,Active
A0008432,C006219,Savings,84279.03,2022-02-11,Active
A0008433,C006219,Savings,19239.58,2018-08-04,Active
A0008434,C006220,Savings,87297.8,2022-10-01,Active
A0008435,C006221,Savings,2365.27,2020-01-01,Active
A0008436,C006222,Savings,24227.45,2021-08-23,Active
A0008437,C006223,Current,7924.05,2024-12-30,Active
A0008438,C006223,Savings,4865.12,2020-06-06,Active
A0008439,C006223,Current,30120.02,2022-04-28,Active
A0008440,C006224,Salary,10642.46,2021-11-24,Active
A0008441,C006225,Savings,3101.31,2020-05-13,Active
A0008442,C006225,Savings,7190.43,2018-04-13,Active
A0008443,C006226,Savings,133021.59,2023-02-23,Active
A0008444,C006226,Fixed Deposit,653772.21,2019-12-20,Active
A0008445,C006227,Fixed Deposit,174123.07,2021-05-07,Active
A0008446,C006228,Salary,13443.02,2020-02-06,Active
A0008447,C006228,Current,18253.61,2019-06-26,Active
A0008448,C006229,Salary,7877.78,2018-04-29,Active
A0008449,C006230,Savings,22106.38,2021-02-21,Active
A0008450,C006231,Salary,29475.2,2024-04-24,Active
A0008451,C006232,Salary,2765.69,2019-12-01,Active
A0008452,C006233,Savings,77294.49,2018-09-29,Active
A0008453,C006234,Savings,18554.91,2023-02-20,Active
A0008454,C006235,Savings,19606.47,2024-01-16,Dormant
A0008455,C006235,Salary,21269.83,2023-12-18,Active
A0008456,C006236,Current,12534.35,2018-01-12,Active
A0008457,C006236,Savings,34885.07,2018-10-30,Active
A0008458,C006237,Fixed Deposit,269422.68,2022-10-20,Active
A0008459,C006238,Savings,128453.32,2025-01-29,Active
A0008460,C006238,Fixed Deposit,187634.01,2019-09-03,Active
A0008461,C006239,Savings,18206.39,2018-09-14,Active
A0008462,C006239,Savings,21017.17,2023-11-29,Active
A0008463,C006240,Savings,9713.22,2024-07-29,Active
A0008464,C006241,Savings,13404.42,2023-08-07,Active
A0008465,C006242,Current,67480.08,2018-05-06,Dormant
A0008466,C006243,Current,34431.06,2022-10-06,Active
A0008467,C006244,Salary,91983.79,2019-03-17,Active
A0008468,C006244,Savings,45497.32,2023-06-06,Active
A0008469,C006245,Fixed Deposit,106649.08,2018-05-07,Active
A0008470,C006245,Fixed Deposit,198030.1,2020-01-10,Active
A0008471,C006246,Savings,37966.54,2020-02-01,Active
A0008472,C006246,Savings,15012.64,2019-05-12,Active
A0008473,C006246,Savings,20338.71,2019-08-07,Dormant
A0008474,C006247,Current,4452.27,2021-02-15,Active
A0008475,C006247,Savings,100203.32,2024-08-20,Active
A0008476,C006248,Savings,18245.49,2018-11-15,Active
A0008477,C006249,Savings,59458.92,2025-04-25,Active
A0008478,C006250,Savings,29234.37,2023-07-18,Active
A0008479,C006251,Fixed Deposit,26996.55,2018-03-17,Active
A0008480,C006252,Current,12347.46,2020-07-07,Active
A0008481,C006253,Salary,36072.59,2019-03-09,Active
A0008482,C006253,Savings,33692.69,2020-08-16,Active
A0008483,C006254,Salary,18074.4,2018-09-24,Active
A0008484,C006255,Savings,9882.08,2025-04-24,Active
A0008485,C006256,Savings,218762.5,2022-03-03,Active
A0008486,C006256,Savings,6410.46,2019-01-27,Active
A0008487,C006257,Current,28775.3,2021-02-12,Active
A0008488,C006258,Salary,24911.65,2018-07-29,Active
A0008489,C006259,Fixed Deposit,134881.95,2021-11-13,Active
A0008490,C006260,Fixed Deposit,31868.26,2019-03-11,Active
A0008491,C006261,Savings,11662.5,2024-07-03,Active
A0008492,C006262,Savings,21219.45,2024-10-12,Active
A0008493,C006263,Savings,28069.62,2022-05-26,Active
A0008494,C006264,Savings,9022.31,2025-04-17,Active
A0008495,C006264,Salary,16853.17,2018-05-14,Active
A0008496,C006265,Current,18279.08,2022-10-28,Active
A0008497,C006265,Fixed Deposit,492755.61,2020-06-10,Active
A0008498,C006266,Savings,51369.12,2018-09-26,Active
A0008499,C006267,Savings,20937.9,2025-03-07,Active
A0008500,C006267,Savings,163313.08,2021-08-04,Active
A0008501,C006267,Savings,41631.55,2018-02-12,Active
A0008502,C006268,Fixed Deposit,201615.74,2019-01-27,Active
A0008503,C006269,Savings,14708.26,2020-07-01,Active
A0008504,C006270,Savings,40137.24,2022-09-24,Active
A0008505,C006270,Fixed Deposit,254485.33,2024-07-01,Active
A0008506,C006271,Savings,2840.95,2024-02-05,Active
A0008507,C006272,Savings,35474.68,2023-06-27,Dormant
A0008508,C006273,Salary,7718.32,2018-08-07,Active
A0008509,C006274,Fixed Deposit,241469.31,2022-05-30,Active
A0008510,C006275,Savings,65852.08,2025-03-19,Active
A0008511,C006276,Salary,10076.88,2023-12-26,Active
A0008512,C006276,Savings,9530.58,2024-03-25,Active
A0008513,C006277,Current,21297.84,2022-05-02,Active
A0008514,C006278,Fixed Deposit,302228.83,2024-02-21,Active
A0008515,C006279,Savings,14123.77,2022-02-21,Active
A0008516,C006280,Salary,74238.36,2019-05-06,Active
A0008517,C006280,Current,15114.61,2025-01-22,Active
A0008518,C006281,Savings,13055.78,2019-10-04,Active
A0008519,C006282,Savings,4612.56,2020-03-27,Active
A0008520,C006283,Salary,18254.73,2025-01-21,Active
A0008521,C006284,Salary,5740.8,2023-06-25,Active
A0008522,C006284,Fixed Deposit,132226.93,2023-10-16,Active
A0008523,C006284,Salary,53629.52,2021-07-08,Active
A0008524,C006285,Savings,24624.52,2019-06-06,Active
A0008525,C006286,Savings,49703.3,2022-01-06,Active
A0008526,C006287,Current,18262.16,2025-05-24,Dormant
A0008527,C006287,Savings,18906.31,2019-03-02,Active
A0008528,C006288,Savings,20572.08,2018-07-30,Active
A0008529,C006289,Salary,3699.03,2024-10-22,Active
A0008530,C006289,Savings,28869.31,2023-10-22,Active
A0008531,C006290,Savings,46214.23,2024-09-29,Active
A0008532,C006290,Current,3169.98,2018-03-08,Active
A0008533,C006291,Salary,55608.71,2021-01-04,Active
A0008534,C006292,Fixed Deposit,214078.64,2023-08-01,Active
A0008535,C006292,Current,8722.09,2020-12-08,Active
A0008536,C006292,Savings,15826.03,2021-04-28,Active
A0008537,C006293,Salary,13862.62,2022-03-24,Active
A0008538,C006293,Current,6185.22,2018-08-13,Active
A0008539,C006293,Savings,53780.25,2020-01-18,Active
A0008540,C006294,Salary,21872.56,2023-10-19,Active
A0008541,C006295,Savings,15079.27,2020-05-19,Active
A0008542,C006295,Savings,8108.95,2022-11-13,Active
A0008543,C006296,Savings,13744.49,2024-03-18,Active
A0008544,C006297,Current,17256.02,2022-11-04,Active
A0008545,C006298,Salary,12154.48,2023-10-19,Active
A0008546,C006299,Salary,28931.07,2025-02-04,Active
A0008547,C006300,Savings,18115.5,2023-12-26,Active
A0008548,C006301,Salary,9721.0,2022-12-30,Active
A0008549,C006302,Savings,60992.4,2025-03-07,Active
A0008550,C006303,Savings,85983.43,2022-08-25,Active
A0008551,C006304,Savings,20546.89,2018-04-22,Active
A0008552,C006305,Current,5477.51,2025-05-02,Active
A0008553,C006306,Fixed Deposit,1225799.11,2024-01-30,Active
A0008554,C006307,Salary,2023.62,2025-05-03,Active
A0008555,C006307,Salary,21785.32,2021-04-25,Active
A0008556,C006307,Savings,98011.97,2018-10-06,Active
A0008557,C006308,Savings,45360.24,2019-04-18,Active
A0008558,C006309,Fixed Deposit,111228.39,2024-05-11,Active
A0008559,C006310,Savings,9542.21,2022-10-23,Active
A0008560,C006310,Savings,6417.45,2019-04-01,Active
A0008561,C006311,Savings,26957.75,2023-06-27,Active
A0008562,C006312,Current,36652.13,2020-08-25,Active
A0008563,C006313,Salary,29158.5,2019-06-13,Dormant
A0008564,C006314,Current,14334.42,2018-05-17,Active
A0008565,C006315,Fixed Deposit,115563.18,2022-01-08,Active
A0008566,C006316,Current,2077.27,2018-11-10,Active
A0008567,C006317,Salary,67388.99,2019-01-22,Active
A0008568,C006318,Salary,3221.33,2019-04-10,Active
A0008569,C006318,Savings,49068.75,2019-07-03,Active
A0008570,C006319,Savings,10963.02,2018-07-13,Active
A0008571,C006320,Savings,111076.73,2018-04-17,Active
A0008572,C006321,Current,15355.04,2022-06-15,Active
A0008573,C006322,Savings,54210.69,2022-04-15,Active
A0008574,C006323,Savings,12582.26,2020-04-20,Active
A0008575,C006324,Savings,13425.25,2019-04-08,Active
A0008576,C006325,Salary,22066.72,2019-02-24,Active
A0008577,C006325,Fixed Deposit,536830.07,2020-11-23,Active
A0008578,C006326,Current,46153.76,2020-01-02,Active
A0008579,C006327,Fixed Deposit,92205.9,2022-08-26,Active
A0008580,C006327,Savings,18885.53,2023-05-19,Active
A0008581,C006328,Savings,6019.16,2020-10-31,Active
A0008582,C006329,Savings,10408.56,2021-09-21,Active
A0008583,C006330,Salary,65947.82,2025-01-17,Active
A0008584,C006331,Savings,7953.22,2024-12-06,Active
A0008585,C006332,Current,11783.36,2021-11-16,Active
A0008586,C006333,Fixed Deposit,91386.38,2019-09-24,Dormant
A0008587,C006334,Fixed Deposit,117518.01,2019-10-07,Active
A0008588,C006335,Savings,13344.84,2018-10-02,Active
A0008589,C006336,Savings,328496.5,2018-01-02,Active
A0008590,C006336,Salary,75845.31,2024-06-27,Active
A0008591,C006337,Salary,24561.36,2018-02-26,Active
A0008592,C006338,Savings,24483.4,2023-11-05,Active
A0008593,C006339,Savings,62730.26,2025-06-19,Active
A0008594,C006339,Savings,67090.29,2024-11-07,Active
A0008595,C006340,Fixed Deposit,86942.13,2021-06-15,Active
A0008596,C006341,Savings,25452.02,2023-06-25,Active
A0008597,C006342,Savings,13657.87,2022-12-09,Active
A0008598,C006343,Salary,14650.18,2021-02-13,Active
A0008599,C006343,Savings,280915.28,2020-09-28,Active
A0008600,C006344,Savings,33618.79,2022-12-10,Active
A0008601,C006345,Salary,84668.78,2022-02-17,Active
A0008602,C006346,Salary,24209.84,2021-12-24,Active
A0008603,C006347,Savings,9747.37,2020-02-17,Active
A0008604,C006347,Savings,14742.1,2020-05-16,Active
A0008605,C006348,Salary,106247.91,2022-03-21,Active
A0008606,C006349,Salary,30977.12,2021-07-24,Active
A0008607,C006349,Current,98182.56,2018-03-24,Active
A0008608,C006350,Salary,5392.68,2018-12-13,Active
A0008609,C006351,Fixed Deposit,204401.96,2025-05-24,Active
A0008610,C006352,Savings,33230.64,2021-09-20,Active
A0008611,C006353,Current,41215.75,2020-10-20,Active
A0008612,C006354,Salary,11123.77,2020-07-23,Active
A0008613,C006355,Savings,6188.34,2018-04-24,Active
A0008614,C006356,Savings,38638.51,2024-12-22,Active
A0008615,C006357,Savings,49177.83,2019-10-18,Active
A0008616,C006358,Current,61073.73,2018-11-16,Active
A0008617,C006359,Savings,8167.18,2020-06-14,Active
A0008618,C006360,Salary,29928.21,2024-05-23,Active
A0008619,C006361,Salary,68956.64,2025-03-01,Active
A0008620,C006362,Salary,25931.36,2023-06-07,Active
A0008621,C006363,Savings,43266.5,2023-10-30,Active
A0008622,C006364,Savings,9003.51,2019-03-10,Active
A0008623,C006364,Savings,45194.72,2019-10-17,Active
A0008624,C006365,Savings,45864.58,2022-09-14,Active
A0008625,C006366,Salary,24671.07,2020-11-21,Active
A0008626,C006367,Savings,13560.12,2022-04-04,Active
A0008627,C006368,Savings,6361.17,2020-06-13,Active
A0008628,C006369,Fixed Deposit,181470.28,2023-06-22,Active
A0008629,C006369,Savings,63643.89,2025-02-02,Active
A0008630,C006370,Savings,54206.97,2020-08-04,Active
A0008631,C006370,Salary,22969.74,2022-10-01,Active
A0008632,C006371,Fixed Deposit,64838.38,2021-05-12,Active
A0008633,C006371,Current,14989.98,2021-04-01,Active
A0008634,C006371,Savings,15126.56,2019-10-16,Active
A0008635,C006372,Salary,4669.63,2020-05-26,Active
A0008636,C006373,Current,44103.24,2021-01-12,Active
A0008637,C006374,Savings,49662.5,2023-02-22,Active
A0008638,C006375,Savings,19083.37,2018-10-13,Active
A0008639,C006375,Salary,28314.12,2022-04-08,Active
A0008640,C006376,Current,89962.51,2023-05-21,Active
A0008641,C006377,Fixed Deposit,248362.57,2018-05-14,Active
A0008642,C006378,Salary,8657.03,2024-05-29,Active
A0008643,C006379,Fixed Deposit,135643.71,2022-11-11,Active
A0008644,C006380,Savings,16057.73,2022-11-14,Active
A0008645,C006381,Savings,14611.95,2019-04-21,Active
A0008646,C006382,Savings,15308.87,2018-07-24,Active
A0008647,C006383,Savings,96953.44,2018-08-13,Active
A0008648,C006383,Savings,34736.1,2023-09-04,Active
A0008649,C006384,Salary,26626.86,2020-07-25,Dormant
A0008650,C006385,Savings,28388.4,2022-09-15,Active
A0008651,C006385,Savings,17009.09,2024-04-14,Active
A0008652,C006386,Savings,8577.45,2024-09-12,Active
A0008653,C006386,Current,33626.85,2019-07-15,Active
A0008654,C006387,Savings,7424.51,2025-03-22,Active
A0008655,C006388,Savings,32921.05,2020-01-09,Active
A0008656,C006389,Savings,23985.98,2025-05-22,Active
A0008657,C006390,Savings,49426.72,2020-02-11,Active
A0008658,C006391,Savings,57389.35,2021-04-16,Dormant
A0008659,C006392,Savings,74144.99,2024-01-23,Active
A0008660,C006393,Savings,6223.53,2018-07-10,Active
A0008661,C006394,Savings,29543.26,2022-05-03,Active
A0008662,C006395,Current,29265.92,2021-09-21,Active
A0008663,C006395,Savings,52974.35,2022-01-22,Active
A0008664,C006396,Fixed Deposit,86653.02,2024-01-25,Active
A0008665,C006397,Savings,23157.41,2022-11-29,Active
A0008666,C006398,Current,37060.56,2020-02-16,Active
A0008667,C006399,Savings,18431.54,2020-12-14,Active
A0008668,C006399,Savings,14344.13,2023-06-25,Active
A0008669,C006399,Savings,68547.36,2021-11-25,Active
A0008670,C006400,Savings,19421.5,2019-07-28,Active
A0008671,C006401,Savings,22788.15,2020-11-19,Active
A0008672,C006402,Salary,82668.48,2019-03-28,Active
A0008673,C006403,Savings,22160.87,2018-02-05,Active
A0008674,C006404,Fixed Deposit,145717.23,2022-09-29,Active
A0008675,C006405,Fixed Deposit,200629.64,2024-02-10,Active
A0008676,C006405,Savings,58362.49,2023-04-24,Active
A0008677,C006406,Savings,31325.57,2022-06-13,Active
A0008678,C006406,Salary,24809.96,2022-02-06,Active
A0008679,C006407,Current,9387.76,2021-09-13,Active
A0008680,C006408,Savings,14618.69,2020-03-22,Active
A0008681,C006409,Savings,15791.37,2021-07-10,Active
A0008682,C006410,Savings,5984.58,2018-09-15,Active
A0008683,C006411,Savings,11912.6,2018-12-18,Active
A0008684,C006412,Savings,10598.33,2023-07-28,Active
A0008685,C006413,Salary,128124.98,2019-07-21,Active
A0008686,C006414,Salary,21855.4,2018-01-25,Active
A0008687,C006414,Current,28227.27,2024-11-04,Active
A0008688,C006415,Salary,90141.63,2020-11-03,Active
A0008689,C006415,Savings,1756.78,2020-03-23,Active
A0008690,C006416,Savings,8683.96,2025-04-17,Active
A0008691,C006417,Savings,10988.06,2020-10-03,Active
A0008692,C006418,Fixed Deposit,302129.38,2022-12-07,Active
A0008693,C006418,Salary,25412.69,2025-04-07,Active
A0008694,C006419,Savings,23159.81,2021-12-02,Active
A0008695,C006420,Savings,60284.82,2025-02-01,Active
A0008696,C006421,Fixed Deposit,201728.56,2021-09-01,Active
A0008697,C006422,Savings,3990.73,2024-04-03,Active
A0008698,C006423,Fixed Deposit,285711.61,2022-01-20,Active
A0008699,C006424,Savings,34641.16,2025-03-15,Active
A0008700,C006425,Salary,45885.2,2023-06-13,Active
A0008701,C006425,Current,122471.81,2023-12-10,Active
A0008702,C006426,Fixed Deposit,596078.0,2019-11-13,Active
A0008703,C006427,Salary,12241.77,2019-12-17,Active
A0008704,C006428,Current,4965.43,2024-05-15,Active
A0008705,C006429,Savings,25082.43,2022-05-27,Active
A0008706,C006430,Savings,49126.42,2020-10-12,Active
A0008707,C006431,Fixed Deposit,156780.4,2022-05-08,Active
A0008708,C006431,Savings,9334.59,2018-10-16,Active
A0008709,C006431,Savings,38807.4,2025-05-17,Active
A0008710,C006432,Savings,6179.12,2020-07-13,Active
A0008711,C006433,Savings,20065.33,2020-06-22,Active
A0008712,C006433,Salary,4802.91,2022-09-29,Active
A0008713,C006434,Savings,42233.8,2025-04-17,Active
A0008714,C006434,Savings,73385.63,2024-09-11,Active
A0008715,C006435,Savings,67735.81,2020-11-23,Active
A0008716,C006435,Current,15462.05,2021-09-23,Active
A0008717,C006435,Savings,26504.21,2024-05-21,Active
A0008718,C006436,Savings,81670.06,2023-06-20,Active
A0008719,C006437,Fixed Deposit,96121.91,2023-03-21,Dormant
A0008720,C006438,Savings,15065.15,2022-03-03,Active
A0008721,C006438,Current,23623.79,2018-07-05,Dormant
A0008722,C006439,Savings,29154.51,2023-05-09,Active
A0008723,C006440,Savings,16195.45,2019-11-24,Active
A0008724,C006441,Current,32539.71,2025-03-09,Active
A0008725,C006442,Savings,39360.82,2018-06-20,Active
A0008726,C006443,Savings,59336.74,2024-06-23,Active
A0008727,C006444,Savings,33413.06,2021-12-11,Active
A0008728,C006445,Salary,70801.63,2020-04-13,Active
A0008729,C006446,Salary,22861.4,2019-05-12,Active
A0008730,C006447,Salary,10359.34,2020-08-16,Active
A0008731,C006448,Savings,11444.96,2023-10-05,Dormant
A0008732,C006449,Savings,64596.33,2018-03-05,Active
A0008733,C006450,Salary,13390.25,2023-07-16,Active
A0008734,C006450,Savings,31824.62,2019-11-29,Active
A0008735,C006451,Savings,32199.62,2020-10-23,Active
A0008736,C006452,Salary,45811.79,2018-01-14,Active
A0008737,C006453,Salary,2755.29,2022-08-01,Active
A0008738,C006453,Current,7869.77,2023-05-08,Active
A0008739,C006454,Salary,46717.15,2020-08-14,Active
A0008740,C006455,Savings,9152.86,2021-11-27,Dormant
A0008741,C006456,Savings,6326.88,2020-10-09,Active
A0008742,C006457,Savings,27367.95,2021-04-20,Active
A0008743,C006458,Savings,20627.71,2019-08-21,Active
A0008744,C006459,Current,5244.93,2025-06-07,Active
A0008745,C006460,Savings,46984.62,2019-04-27,Active
A0008746,C006460,Savings,15237.38,2021-03-23,Active
A0008747,C006460,Salary,8604.91,2020-06-01,Active
A0008748,C006461,Savings,28287.06,2018-07-13,Active
A0008749,C006462,Savings,62785.01,2022-06-23,Active
A0008750,C006463,Savings,18891.96,2023-09-15,Active
A0008751,C006463,Salary,5130.17,2021-09-27,Active
A0008752,C006463,Current,18802.09,2022-08-06,Active
A0008753,C006464,Savings,5713.21,2021-10-02,Active
A0008754,C006465,Savings,346269.32,2022-07-31,Active
A0008755,C006465,Savings,6294.52,2022-05-17,Active
A0008756,C006466,Fixed Deposit,42897.96,2023-02-13,Active
A0008757,C006467,Salary,11005.85,2021-11-17,Active
A0008758,C006467,Savings,7749.42,2018-05-29,Active
A0008759,C006468,Savings,47090.52,2023-02-26,Active
A0008760,C006468,Salary,35061.59,2021-11-27,Active
A0008761,C006469,Current,2531.51,2022-06-23,Active
A0008762,C006470,Salary,42710.93,2024-07-12,Active
A0008763,C006471,Current,13371.59,2023-12-16,Active
A0008764,C006472,Savings,3885.06,2023-09-10,Active
A0008765,C006473,Fixed Deposit,79937.82,2024-06-26,Active
A0008766,C006473,Fixed Deposit,122491.89,2018-10-31,Active
A0008767,C006474,Savings,22536.78,2021-09-08,Active
A0008768,C006475,Current,20144.42,2020-04-12,Active
A0008769,C006476,Fixed Deposit,257405.34,2021-10-10,Active
A0008770,C006477,Savings,5303.87,2024-11-27,Active
A0008771,C006478,Savings,16576.09,2018-12-21,Active
A0008772,C006479,Current,55916.15,2023-11-09,Active
A0008773,C006479,Savings,26290.5,2024-09-16,Active
A0008774,C006480,Savings,3317.5,2022-12-21,Active
A0008775,C006480,Savings,20998.36,2023-03-20,Active
A0008776,C006481,Salary,21515.2,2021-12-09,Active
A0008777,C006481,Savings,10591.97,2022-05-20,Active
A0008778,C006482,Savings,6591.07,2018-12-16,Active
A0008779,C006483,Savings,26314.35,2023-02-01,Active
A0008780,C006484,Savings,27102.8,2021-09-24,Dormant
A0008781,C006484,Savings,100330.68,2022-10-11,Active
A0008782,C006484,Savings,18117.98,2023-08-24,Active
A0008783,C006485,Savings,62245.18,2023-05-31,Active
A0008784,C006486,Salary,31402.03,2020-03-28,Active
A0008785,C006487,Savings,7106.32,2022-11-30,Active
A0008786,C006488,Salary,15571.04,2022-02-13,Active
A0008787,C006489,Current,47844.65,2019-12-03,Active
A0008788,C006490,Savings,42775.65,2021-09-10,Active
A0008789,C006491,Savings,18595.21,2024-06-01,Active
A0008790,C006491,Savings,98856.12,2022-03-30,Active
A0008791,C006491,Current,8828.3,2022-07-04,Active
A0008792,C006492,Savings,13668.72,2024-10-27,Active
A0008793,C006493,Savings,6004.46,2025-04-18,Active
A0008794,C006493,Savings,97838.91,2020-11-20,Active
A0008795,C006493,Savings,40218.23,2018-07-23,Active
A0008796,C006494,Savings,18805.83,2022-07-16,Active
A0008797,C006495,Salary,14609.19,2018-04-01,Active
A0008798,C006495,Current,11128.49,2022-12-12,Active
A0008799,C006496,Current,3391.17,2019-08-08,Active
A0008800,C006496,Fixed Deposit,359693.05,2020-02-07,Active
A0008801,C006497,Current,7517.36,2024-08-25,Active
A0008802,C006497,Savings,24318.37,2024-11-05,Active
A0008803,C006498,Salary,12654.76,2022-11-03,Active
A0008804,C006499,Savings,29077.83,2018-07-15,Active
A0008805,C006499,Savings,9493.32,2022-10-31,Active
A0008806,C006500,Fixed Deposit,170618.1,2024-09-06,Active
A0008807,C006500,Savings,237982.77,2019-06-08,Active
A0008808,C006501,Savings,13297.2,2019-08-01,Active
A0008809,C006502,Savings,17426.16,2022-05-04,Active
A0008810,C006503,Savings,4713.17,2024-07-23,Active
A0008811,C006504,Fixed Deposit,576317.47,2021-08-29,Active
A0008812,C006504,Current,12056.11,2023-09-07,Active
A0008813,C006505,Savings,18172.38,2023-08-18,Active
A0008814,C006506,Salary,135715.91,2019-08-10,Active
A0008815,C006507,Current,4807.39,2023-04-17,Active
A0008816,C006508,Current,17312.17,2023-11-18,Active
A0008817,C006508,Salary,41016.07,2023-10-29,Active
A0008818,C006509,Fixed Deposit,229041.95,2021-07-21,Active
A0008819,C006510,Salary,8600.88,2025-04-13,Active
A0008820,C006511,Fixed Deposit,91986.79,2022-03-06,Active
A0008821,C006512,Salary,21955.31,2022-07-29,Active
A0008822,C006513,Savings,6587.91,2021-04-23,Active
A0008823,C006514,Savings,102672.78,2024-01-26,Active
A0008824,C006515,Savings,54064.63,2022-04-27,Active
A0008825,C006515,Fixed Deposit,173687.48,2023-08-20,Active
A0008826,C006516,Savings,35267.97,2020-10-17,Active
A0008827,C006516,Salary,230413.49,2024-04-30,Active
A0008828,C006517,Current,40752.2,2019-07-31,Active
A0008829,C006518,Savings,14478.1,2020-12-30,Active
A0008830,C006519,Salary,36502.87,2020-05-03,Active
A0008831,C006519,Salary,4463.44,2022-08-29,Active
A0008832,C006519,Fixed Deposit,203668.06,2024-07-03,Active
A0008833,C006520,Savings,3374.9,2023-03-31,Active
A0008834,C006520,Current,11649.82,2022-08-09,Active
A0008835,C006521,Savings,16544.03,2022-02-24,Active
A0008836,C006522,Savings,12940.81,2024-08-20,Active
A0008837,C006523,Fixed Deposit,71563.44,2022-11-15,Active
A0008838,C006524,Savings,36920.72,2019-03-12,Active
A0008839,C006525,Savings,25527.14,2023-11-13,Active
A0008840,C006526,Savings,26448.6,2022-02-21,Active
A0008841,C006527,Fixed Deposit,68023.74,2022-02-24,Active
A0008842,C006528,Savings,40888.58,2022-06-11,Active
A0008843,C006529,Fixed Deposit,109453.4,2022-05-01,Active
A0008844,C006530,Salary,38220.25,2019-07-11,Active
A0008845,C006530,Savings,25205.65,2019-08-16,Active
A0008846,C006530,Savings,42485.16,2022-03-16,Active
A0008847,C006531,Savings,32697.55,2020-10-04,Active
A0008848,C006532,Current,19642.39,2020-02-27,Active
A0008849,C006532,Fixed Deposit,280909.98,2018-12-13,Active
A0008850,C006532,Savings,27246.6,2021-10-25,Active
A0008851,C006533,Salary,97703.24,2023-09-22,Active
A0008852,C006534,Salary,33438.81,2019-01-24,Active
A0008853,C006534,Savings,33079.36,2019-08-10,Active
A0008854,C006535,Salary,2162.46,2024-05-30,Active
A0008855,C006536,Salary,15560.71,2022-12-24,Active
A0008856,C006536,Fixed Deposit,58233.59,2020-12-12,Active
A0008857,C006537,Salary,5099.38,2024-08-07,Active
A0008858,C006538,Savings,3593.2,2024-04-24,Active
A0008859,C006539,Salary,51991.86,2023-09-24,Active
A0008860,C006540,Savings,10322.61,2019-02-27,Active
A0008861,C006540,Fixed Deposit,180519.86,2019-11-25,Active
A0008862,C006541,Salary,13574.66,2018-03-22,Active
A0008863,C006542,Savings,58784.41,2020-05-09,Active
A0008864,C006542,Savings,22249.46,2018-02-28,Active
A0008865,C006543,Savings,44144.06,2018-09-28,Active
A0008866,C006544,Savings,14634.83,2021-01-15,Active
A0008867,C006545,Fixed Deposit,55740.03,2022-07-14,Active
A0008868,C006546,Savings,112265.27,2019-11-09,Active
A0008869,C006547,Savings,14190.77,2024-11-17,Active
A0008870,C006548,Fixed Deposit,972776.02,2020-09-13,Active
A0008871,C006548,Current,20180.64,2020-11-19,Active
A0008872,C006548,Savings,42457.34,2023-04-07,Active
A0008873,C006549,Savings,24907.36,2021-12-25,Active
A0008874,C006550,Salary,11978.4,2024-08-19,Active
A0008875,C006551,Current,10768.89,2021-10-07,Active
A0008876,C006552,Savings,17445.01,2022-02-24,Active
A0008877,C006553,Salary,64778.2,2022-12-15,Active
A0008878,C006554,Savings,8700.95,2019-06-16,Active
A0008879,C006555,Savings,7561.39,2019-02-17,Active
A0008880,C006556,Savings,57361.7,2024-01-03,Active
A0008881,C006557,Salary,13547.15,2019-02-04,Active
A0008882,C006558,Salary,8068.74,2019-11-13,Active
A0008883,C006558,Salary,50576.18,2024-02-23,Active
A0008884,C006558,Savings,22877.56,2020-06-15,Active
A0008885,C006559,Savings,163820.86,2025-03-31,Active
A0008886,C006560,Savings,3500.8,2019-02-07,Active
A0008887,C006561,Salary,25307.1,2025-04-19,Active
A0008888,C006562,Savings,27496.8,2019-06-10,Active
A0008889,C006563,Savings,37405.17,2025-03-04,Active
A0008890,C006564,Fixed Deposit,157841.0,2018-08-20,Active
A0008891,C006565,Savings,14823.1,2022-02-22,Active
A0008892,C006565,Salary,28268.42,2020-07-10,Dormant
A0008893,C006566,Savings,25212.63,2018-08-22,Active
A0008894,C006566,Salary,19923.7,2023-04-26,Active
A0008895,C006567,Savings,13269.67,2020-10-10,Active
A0008896,C006567,Savings,196479.09,2024-02-24,Active
A0008897,C006568,Savings,129043.39,2024-03-08,Active
A0008898,C006568,Salary,43650.94,2022-12-29,Active
A0008899,C006569,Savings,136431.62,2023-04-09,Active
A0008900,C006570,Savings,33879.6,2019-01-08,Active
A0008901,C006570,Savings,13135.74,2018-05-03,Active
A0008902,C006570,Savings,53356.21,2019-06-19,Active
A0008903,C006571,Savings,22853.16,2023-09-11,Active
A0008904,C006571,Savings,7986.4,2024-10-07,Active
A0008905,C006572,Current,10624.81,2021-10-27,Active
A0008906,C006572,Current,35389.75,2019-09-05,Active
A0008907,C006573,Savings,4856.14,2022-06-15,Dormant
A0008908,C006574,Savings,22035.79,2021-12-22,Dormant
A0008909,C006575,Current,59617.14,2022-04-27,Active
A0008910,C006576,Savings,6499.43,2021-11-20,Active
A0008911,C006577,Savings,22110.53,2018-04-23,Active
A0008912,C006578,Savings,57739.66,2023-04-15,Active
A0008913,C006578,Current,42791.22,2024-01-09,Active
A0008914,C006578,Salary,21394.58,2021-05-30,Active
A0008915,C006579,Fixed Deposit,58668.04,2023-08-19,Active
A0008916,C006579,Salary,41560.33,2024-12-19,Active
A0008917,C006580,Current,16586.55,2022-09-28,Active
A0008918,C006581,Savings,5446.63,2022-04-19,Active
A0008919,C006582,Savings,4561.69,2025-04-02,Active
A0008920,C006583,Savings,45221.38,2020-12-02,Active
A0008921,C006584,Salary,20920.27,2018-07-21,Active
A0008922,C006584,Savings,33548.96,2018-08-29,Active
A0008923,C006585,Fixed Deposit,266382.26,2024-11-20,Active
A0008924,C006585,Fixed Deposit,146576.86,2023-04-16,Active
A0008925,C006586,Current,25457.91,2019-08-29,Active
A0008926,C006587,Savings,69350.5,2021-02-13,Active
A0008927,C006588,Savings,3686.14,2018-10-17,Active
A0008928,C006589,Current,4122.76,2024-12-09,Active
A0008929,C006590,Savings,320717.62,2025-06-06,Active
A0008930,C006591,Savings,19301.76,2019-08-12,Active
A0008931,C006592,Current,18303.53,2018-05-24,Active
A0008932,C006593,Salary,20675.88,2025-05-26,Active
A0008933,C006593,Savings,106523.63,2023-05-11,Active
A0008934,C006594,Salary,11752.13,2024-03-01,Active
A0008935,C006594,Savings,33501.14,2019-12-08,Active
A0008936,C006594,Savings,29947.83,2025-03-11,Dormant
A0008937,C006595,Current,35349.5,2024-09-07,Active
A0008938,C006595,Savings,8568.75,2022-10-02,Active
A0008939,C006596,Fixed Deposit,174258.97,2023-09-03,Active
A0008940,C006597,Salary,42010.4,2024-03-27,Active
A0008941,C006597,Fixed Deposit,41051.1,2020-03-10,Active
A0008942,C006598,Salary,62874.09,2020-09-28,Active
A0008943,C006599,Savings,10060.98,2023-11-16,Active
A0008944,C006599,Current,17318.23,2022-11-12,Active
A0008945,C006599,Savings,39843.26,2019-02-21,Active
A0008946,C006600,Fixed Deposit,245842.04,2022-12-28,Active
A0008947,C006601,Current,43399.03,2025-02-27,Active
A0008948,C006602,Savings,16434.88,2021-08-05,Active
A0008949,C006603,Current,15913.32,2023-04-30,Active
A0008950,C006603,Fixed Deposit,347627.2,2023-06-18,Active
A0008951,C006603,Salary,55919.42,2020-06-28,Active
A0008952,C006604,Savings,7665.93,2021-11-04,Active
A0008953,C006604,Salary,7186.05,2020-01-18,Active
A0008954,C006605,Current,36234.6,2025-05-15,Dormant
A0008955,C006605,Savings,61514.47,2018-06-08,Active
A0008956,C006606,Fixed Deposit,149354.08,2022-11-06,Active
A0008957,C006607,Savings,158232.5,2020-07-24,Active
A0008958,C006608,Salary,28152.11,2021-11-02,Active
A0008959,C006609,Current,15242.45,2021-01-25,Active
A0008960,C006610,Savings,8023.57,2018-06-27,Active
A0008961,C006610,Savings,14366.05,2018-09-17,Active
A0008962,C006611,Salary,115610.46,2023-06-16,Active
A0008963,C006612,Savings,9539.0,2021-05-05,Active
A0008964,C006613,Current,8935.91,2018-05-30,Active
A0008965,C006614,Salary,34631.99,2018-11-28,Active
A0008966,C006615,Savings,16295.41,2020-01-22,Active
A0008967,C006616,Savings,3679.43,2022-04-27,Active
A0008968,C006617,Fixed Deposit,171831.54,2021-08-16,Active
A0008969,C006618,Current,21563.33,2023-07-20,Active
A0008970,C006618,Savings,96150.25,2018-03-24,Active
A0008971,C006619,Fixed Deposit,289120.04,2022-02-14,Active
A0008972,C006620,Current,31301.75,2023-07-05,Active
A0008973,C006621,Savings,75198.86,2021-03-20,Active
A0008974,C006622,Savings,93817.73,2019-11-05,Active
A0008975,C006623,Savings,32160.45,2018-07-24,Active
A0008976,C006624,Fixed Deposit,176486.43,2018-08-17,Active
A0008977,C006625,Salary,48801.99,2022-03-10,Active
A0008978,C006626,Savings,155929.98,2021-08-25,Active
A0008979,C006627,Savings,18088.14,2019-01-26,Active
A0008980,C006627,Savings,6912.58,2020-11-15,Active
A0008981,C006628,Savings,13941.26,2025-01-30,Dormant
A0008982,C006628,Savings,12959.36,2024-06-24,Active
A0008983,C006629,Fixed Deposit,35096.16,2022-10-26,Active
A0008984,C006630,Fixed Deposit,67476.28,2023-06-08,Dormant
A0008985,C006631,Salary,114627.11,2020-05-17,Dormant
A0008986,C006632,Salary,19991.61,2018-12-22,Active
A0008987,C006633,Savings,6185.69,2024-05-11,Active
A0008988,C006633,Savings,5100.5,2022-08-07,Active
A0008989,C006633,Savings,20069.0,2020-01-29,Active
A0008990,C006634,Current,19880.15,2022-10-03,Active
A0008991,C006635,Salary,6189.8,2025-01-27,Active
A0008992,C006636,Savings,5617.69,2022-10-08,Active
A0008993,C006637,Current,22193.32,2023-12-25,Active
A0008994,C006637,Savings,6632.74,2025-05-02,Active
A0008995,C006638,Salary,36044.8,2019-06-13,Active
A0008996,C006639,Savings,6736.45,2025-01-02,Active
A0008997,C006639,Savings,60206.26,2022-05-22,Active
A0008998,C006639,Fixed Deposit,40616.06,2024-07-03,Active
A0008999,C006640,Current,52829.41,2018-02-27,Active
A0009000,C006641,Savings,25970.7,2025-03-13,Active
A0009001,C006642,Salary,33091.06,2021-10-03,Active
A0009002,C006643,Savings,12858.16,2022-05-23,Active
A0009003,C006644,Current,14911.53,2018-11-10,Dormant
A0009004,C006645,Current,62372.87,2022-01-13,Active
A0009005,C006646,Savings,12745.89,2024-08-04,Dormant
A0009006,C006647,Current,44367.11,2024-04-08,Active
A0009007,C006648,Current,110494.05,2023-08-07,Active
A0009008,C006649,Savings,40130.47,2024-05-27,Active
A0009009,C006650,Savings,20666.92,2024-11-05,Active
A0009010,C006651,Savings,16628.82,2018-07-18,Active
A0009011,C006652,Current,9147.56,2019-10-30,Active
A0009012,C006653,Savings,48579.44,2024-08-19,Active
A0009013,C006653,Savings,30144.98,2024-06-22,Active
A0009014,C006653,Current,48999.97,2025-01-09,Active
A0009015,C006654,Savings,81650.28,2023-04-02,Active
A0009016,C006655,Current,7437.97,2021-07-03,Active
A0009017,C006655,Savings,11836.59,2019-12-30,Active
A0009018,C006656,Salary,23873.14,2019-03-19,Active
A0009019,C006656,Current,10555.3,2023-04-21,Active
A0009020,C006657,Fixed Deposit,126930.13,2021-01-31,Active
A0009021,C006658,Savings,83102.06,2022-03-06,Active
A0009022,C006658,Salary,43996.62,2018-06-16,Active
A0009023,C006659,Savings,42152.27,2019-02-16,Active
A0009024,C006659,Savings,29948.94,2021-12-05,Active
A0009025,C006659,Current,120708.4,2021-06-08,Active
A0009026,C006660,Salary,11961.41,2023-07-17,Active
A0009027,C006661,Salary,14103.9,2025-06-27,Active
A0009028,C006661,Salary,45650.45,2020-06-05,Active
A0009029,C006662,Savings,47264.56,2019-07-19,Active
A0009030,C006663,Salary,27221.07,2025-01-16,Active
A0009031,C006663,Fixed Deposit,95472.72,2019-06-07,Active
A0009032,C006664,Savings,61100.16,2022-07-01,Active
A0009033,C006664,Salary,71448.34,2019-10-16,Active
A0009034,C006665,Fixed Deposit,168839.26,2021-11-10,Active
A0009035,C006666,Salary,15023.27,2018-12-22,Active
A0009036,C006667,Savings,66934.42,2022-04-29,Active
A0009037,C006667,Savings,15656.36,2024-04-15,Active
A0009038,C006668,Salary,4634.81,2019-11-03,Active
A0009039,C006669,Salary,29642.07,2022-01-11,Active
A0009040,C006670,Savings,13321.34,2024-02-13,Active
A0009041,C006670,Savings,33675.69,2021-05-11,Active
A0009042,C006671,Current,17784.96,2020-06-23,Active
A0009043,C006672,Salary,27907.17,2019-08-20,Active
A0009044,C006673,Fixed Deposit,270126.33,2021-02-02,Active
A0009045,C006673,Savings,71246.05,2022-12-16,Active
A0009046,C006674,Fixed Deposit,98349.85,2020-04-27,Active
A0009047,C006674,Fixed Deposit,91479.42,2021-11-30,Active
A0009048,C006675,Fixed Deposit,101948.98,2024-08-14,Active
A0009049,C006675,Savings,13320.12,2023-02-18,Active
A0009050,C006676,Current,19601.81,2018-09-03,Active
A0009051,C006676,Salary,31361.34,2018-10-11,Active
A0009052,C006676,Fixed Deposit,77757.25,2022-09-30,Active
A0009053,C006677,Salary,81059.34,2019-06-06,Active
A0009054,C006677,Salary,22715.42,2024-02-19,Active
A0009055,C006677,Fixed Deposit,313846.37,2021-08-20,Active
A0009056,C006678,Savings,47668.43,2021-07-03,Active
A0009057,C006679,Current,20221.46,2023-03-16,Active
A0009058,C006679,Fixed Deposit,105747.17,2019-10-06,Active
A0009059,C006680,Savings,25829.43,2020-09-30,Active
A0009060,C006681,Savings,27783.4,2018-01-16,Active
A0009061,C006682,Savings,7950.33,2025-04-23,Active
A0009062,C006683,Savings,14119.58,2025-06-19,Active
A0009063,C006684,Savings,50988.18,2023-09-19,Active
A0009064,C006685,Fixed Deposit,65185.33,2021-09-15,Active
A0009065,C006685,Savings,41628.94,2024-03-04,Active
A0009066,C006686,Savings,8755.16,2025-05-21,Active
A0009067,C006687,Savings,44427.71,2021-08-12,Active
A0009068,C006687,Salary,4799.53,2021-06-21,Active
A0009069,C006688,Savings,3540.91,2018-12-19,Active
A0009070,C006688,Salary,21921.98,2018-07-17,Active
A0009071,C006689,Current,31622.46,2023-12-01,Active
A0009072,C006690,Current,95608.16,2020-10-29,Active
A0009073,C006691,Savings,55503.56,2024-01-02,Active
A0009074,C006692,Current,44169.89,2024-03-10,Active
A0009075,C006693,Savings,37450.31,2023-10-18,Active
A0009076,C006694,Current,69029.63,2020-08-04,Active
A0009077,C006694,Savings,11271.87,2021-11-16,Active
A0009078,C006695,Savings,27723.78,2021-08-31,Active
A0009079,C006696,Salary,10063.87,2022-12-16,Active
A0009080,C006697,Salary,12296.79,2022-05-14,Active
A0009081,C006698,Savings,16587.22,2025-03-08,Active
A0009082,C006699,Fixed Deposit,275437.04,2023-10-04,Active
A0009083,C006699,Salary,25627.14,2023-09-25,Active
A0009084,C006700,Fixed Deposit,395992.06,2019-11-28,Active
A0009085,C006700,Current,6171.85,2021-07-22,Active
A0009086,C006701,Savings,7694.7,2022-08-24,Active
A0009087,C006702,Savings,105944.67,2022-05-25,Active
A0009088,C006703,Savings,6300.17,2019-12-07,Active
A0009089,C006704,Salary,25919.11,2023-03-09,Active
A0009090,C006704,Salary,30567.33,2023-04-17,Active
A0009091,C006704,Current,34071.25,2024-02-09,Active
A0009092,C006705,Savings,23745.11,2025-05-14,Active
A0009093,C006706,Savings,9578.26,2025-01-30,Active
A0009094,C006706,Salary,34290.57,2021-05-28,Active
A0009095,C006707,Fixed Deposit,322426.35,2018-08-14,Active
A0009096,C006708,Savings,73591.93,2024-01-23,Active
A0009097,C006709,Salary,7968.58,2019-05-13,Active
A0009098,C006709,Fixed Deposit,277412.7,2025-01-30,Active
A0009099,C006710,Current,96835.39,2019-02-21,Dormant
A0009100,C006711,Savings,4130.91,2022-01-21,Active
A0009101,C006712,Current,22245.79,2019-03-16,Active
A0009102,C006713,Savings,103181.32,2024-06-26,Active
A0009103,C006713,Salary,16785.29,2019-09-01,Active
A0009104,C006714,Savings,4702.71,2021-02-19,Active
A0009105,C006714,Savings,25024.27,2020-04-18,Active
A0009106,C006715,Savings,19798.45,2023-05-25,Dormant
A0009107,C006715,Fixed Deposit,128550.4,2022-10-11,Active
A0009108,C006716,Fixed Deposit,62117.29,2022-12-07,Active
A0009109,C006717,Salary,25410.71,2023-03-20,Active
A0009110,C006718,Current,17062.25,2020-12-13,Active
A0009111,C006719,Savings,17814.1,2024-06-30,Active
A0009112,C006720,Savings,21113.06,2021-06-06,Active
A0009113,C006720,Savings,69198.09,2022-11-19,Active
A0009114,C006721,Savings,39909.81,2021-12-28,Active
A0009115,C006722,Savings,31863.65,2023-12-15,Active
A0009116,C006723,Salary,19055.16,2025-02-27,Active
A0009117,C006723,Savings,125915.68,2020-05-24,Active
A0009118,C006724,Salary,15787.16,2018-08-20,Active
A0009119,C006725,Fixed Deposit,244814.07,2022-03-22,Active
A0009120,C006726,Current,25232.61,2024-04-14,Active
A0009121,C006727,Salary,40257.19,2020-05-02,Active
A0009122,C006728,Savings,20262.43,2020-12-01,Active
A0009123,C006728,Savings,24422.4,2021-09-06,Active
A0009124,C006729,Savings,45211.58,2018-03-20,Active
A0009125,C006730,Salary,12353.72,2025-04-09,Active
A0009126,C006731,Savings,27811.62,2019-10-05,Active
A0009127,C006731,Savings,10008.3,2024-03-12,Active
A0009128,C006732,Savings,18090.23,2022-02-18,Active
A0009129,C006732,Savings,10808.07,2018-06-05,Active
A0009130,C006733,Fixed Deposit,287696.07,2022-08-16,Active
A0009131,C006733,Savings,8096.65,2025-03-10,Active
A0009132,C006734,Current,3411.92,2023-01-01,Active
A0009133,C006734,Salary,39692.19,2019-10-31,Active
A0009134,C006735,Savings,28627.37,2021-06-03,Active
A0009135,C006736,Salary,32253.57,2025-04-19,Active
A0009136,C006737,Savings,59350.76,2018-02-22,Active
A0009137,C006737,Salary,21422.47,2018-03-13,Active
A0009138,C006738,Savings,9542.73,2022-02-21,Active
A0009139,C006739,Salary,47273.22,2022-08-04,Active
A0009140,C006740,Savings,14359.19,2021-09-19,Active
A0009141,C006740,Savings,13807.12,2021-06-23,Active
A0009142,C006741,Salary,56048.06,2024-01-08,Active
A0009143,C006742,Salary,37238.07,2022-04-28,Active
A0009144,C006742,Savings,26069.19,2023-03-18,Dormant
A0009145,C006742,Salary,36694.57,2022-10-05,Active
A0009146,C006743,Savings,15062.98,2022-01-06,Active
A0009147,C006744,Salary,7611.54,2021-04-02,Active
A0009148,C006745,Fixed Deposit,310707.1,2020-08-01,Dormant
A0009149,C006746,Salary,20613.82,2022-07-10,Active
A0009150,C006747,Current,38844.29,2022-06-23,Active
A0009151,C006748,Savings,17882.71,2023-09-02,Active
A0009152,C006749,Current,3194.88,2018-09-23,Active
A0009153,C006750,Salary,37176.95,2021-06-23,Active
A0009154,C006751,Savings,29435.48,2022-09-18,Active
A0009155,C006752,Savings,24069.22,2021-05-28,Active
A0009156,C006752,Savings,2688.52,2020-04-25,Active
A0009157,C006753,Fixed Deposit,378031.22,2020-07-22,Active
A0009158,C006754,Current,81880.0,2022-10-27,Active
A0009159,C006755,Savings,34681.19,2020-01-03,Active
A0009160,C006756,Savings,9451.44,2025-02-07,Active
A0009161,C006757,Salary,30207.12,2018-04-17,Active
A0009162,C006757,Savings,37562.61,2020-06-11,Active
A0009163,C006758,Savings,1000.0,2021-10-06,Active
A0009164,C006759,Savings,22268.62,2018-04-04,Active
A0009165,C006760,Salary,76285.04,2022-09-08,Active
A0009166,C006761,Savings,10627.07,2019-04-28,Active
A0009167,C006762,Salary,43381.65,2022-07-06,Active
A0009168,C006763,Savings,36142.41,2020-05-04,Active
A0009169,C006764,Savings,45569.61,2025-04-13,Active
A0009170,C006765,Savings,25290.23,2021-12-21,Active
A0009171,C006766,Savings,28831.44,2021-03-27,Active
A0009172,C006767,Savings,31960.36,2019-11-09,Active
A0009173,C006767,Current,19052.47,2023-12-16,Active
A0009174,C006767,Fixed Deposit,1934836.11,2021-01-19,Active
A0009175,C006768,Savings,9145.58,2024-12-19,Active
A0009176,C006769,Current,12312.91,2020-10-14,Active
A0009177,C006770,Current,26104.31,2023-04-14,Active
A0009178,C006771,Current,20004.83,2022-11-23,Active
A0009179,C006772,Current,37233.15,2023-08-20,Active
A0009180,C006772,Fixed Deposit,37190.49,2022-07-22,Active
A0009181,C006773,Savings,129380.85,2024-04-27,Active
A0009182,C006773,Current,54232.9,2018-06-11,Active
A0009183,C006774,Savings,5342.27,2023-11-19,Active
A0009184,C006774,Current,29623.35,2021-10-19,Active
A0009185,C006775,Savings,20928.25,2023-07-20,Active
A0009186,C006776,Savings,25414.78,2025-04-04,Active
A0009187,C006777,Savings,22698.6,2018-05-13,Active
A0009188,C006777,Current,95652.73,2018-09-12,Active
A0009189,C006778,Salary,11970.17,2024-06-13,Active
A0009190,C006778,Salary,14747.46,2019-08-20,Active
A0009191,C006779,Savings,83102.38,2019-01-04,Active
A0009192,C006780,Fixed Deposit,275660.62,2019-02-24,Active
A0009193,C006781,Salary,5717.09,2021-06-21,Active
A0009194,C006781,Savings,19917.01,2025-03-06,Active
A0009195,C006781,Savings,5853.31,2019-02-07,Active
A0009196,C006782,Savings,19724.23,2023-06-04,Active
A0009197,C006783,Salary,9857.79,2023-06-13,Active
A0009198,C006784,Savings,29007.62,2018-11-16,Active
A0009199,C006785,Current,45541.63,2018-01-04,Active
A0009200,C006786,Savings,14405.46,2023-02-27,Active
A0009201,C006787,Current,30728.33,2022-11-20,Active
A0009202,C006787,Savings,35273.72,2019-09-14,Active
A0009203,C006788,Savings,10486.15,2020-06-20,Active
A0009204,C006789,Savings,20844.65,2018-07-15,Active
A0009205,C006790,Savings,5693.88,2019-12-28,Active
A0009206,C006791,Fixed Deposit,648815.53,2019-12-03,Dormant
A0009207,C006792,Salary,11348.04,2020-02-04,Active
A0009208,C006793,Fixed Deposit,110503.44,2023-05-26,Active
A0009209,C006793,Savings,13492.66,2020-07-01,Active
A0009210,C006794,Savings,59323.19,2024-07-23,Active
A0009211,C006795,Current,6489.61,2018-10-04,Dormant
A0009212,C006795,Savings,111770.29,2019-05-02,Active
A0009213,C006796,Savings,95641.71,2018-01-21,Active
A0009214,C006796,Savings,5399.64,2022-04-10,Active
A0009215,C006797,Savings,58489.44,2022-12-01,Active
A0009216,C006798,Savings,16434.41,2022-11-10,Active
A0009217,C006799,Salary,109497.24,2021-04-30,Active
A0009218,C006799,Savings,16363.6,2025-06-29,Active
A0009219,C006800,Savings,46627.65,2024-02-20,Active
A0009220,C006801,Salary,1995.61,2021-07-13,Active
A0009221,C006802,Current,43957.06,2024-10-18,Active
A0009222,C006803,Salary,34272.62,2024-11-18,Active
A0009223,C006803,Fixed Deposit,189039.35,2021-01-10,Active
A0009224,C006804,Current,4371.72,2024-01-06,Active
A0009225,C006804,Fixed Deposit,64177.18,2024-02-19,Dormant
A0009226,C006805,Fixed Deposit,441097.76,2025-03-22,Active
A0009227,C006806,Savings,16416.92,2025-06-24,Active
A0009228,C006807,Savings,119796.48,2021-10-11,Active
A0009229,C006808,Savings,61992.19,2018-01-05,Dormant
A0009230,C006809,Savings,17417.68,2024-07-11,Active
A0009231,C006809,Salary,13157.45,2019-05-07,Active
A0009232,C006810,Savings,15356.52,2021-08-01,Active
A0009233,C006811,Salary,21296.31,2019-10-19,Active
A0009234,C006812,Salary,21600.67,2021-06-18,Active
A0009235,C006812,Savings,45526.99,2023-02-21,Active
A0009236,C006813,Savings,9386.47,2020-01-08,Active
A0009237,C006814,Salary,8742.02,2019-08-25,Active
A0009238,C006814,Savings,10446.55,2019-04-05,Active
A0009239,C006815,Savings,32495.27,2021-09-02,Active
A0009240,C006815,Savings,52192.4,2020-10-16,Active
A0009241,C006816,Fixed Deposit,119467.66,2022-05-11,Active
A0009242,C006817,Salary,86308.73,2023-01-09,Active
A0009243,C006818,Savings,117924.57,2019-03-03,Dormant
A0009244,C006819,Savings,74348.88,2020-02-23,Active
A0009245,C006820,Current,21797.92,2021-12-30,Active
A0009246,C006821,Savings,32207.16,2022-04-18,Dormant
A0009247,C006822,Savings,9190.74,2023-06-17,Active
A0009248,C006823,Savings,22055.93,2024-08-29,Active
A0009249,C006824,Fixed Deposit,213467.98,2019-10-16,Active
A0009250,C006824,Savings,17928.0,2021-07-20,Active
A0009251,C006824,Savings,22587.92,2022-02-20,Active
A0009252,C006825,Savings,4272.49,2018-11-27,Active
A0009253,C006826,Fixed Deposit,425424.67,2023-05-11,Active
A0009254,C006827,Savings,5287.42,2018-10-29,Active
A0009255,C006827,Savings,9205.72,2022-04-08,Active
A0009256,C006828,Current,13498.62,2023-07-22,Active
A0009257,C006828,Savings,44685.98,2018-09-11,Active
A0009258,C006829,Current,68103.48,2024-08-25,Active
A0009259,C006830,Fixed Deposit,264694.27,2024-02-05,Active
A0009260,C006831,Current,14800.73,2024-05-09,Active
A0009261,C006832,Savings,16730.0,2019-01-26,Active
A0009262,C006833,Savings,15231.54,2020-01-16,Active
A0009263,C006833,Fixed Deposit,245373.47,2022-10-29,Active
A0009264,C006833,Savings,53327.03,2019-01-17,Active
A0009265,C006834,Current,65708.74,2021-11-21,Active
A0009266,C006835,Salary,14220.29,2022-09-15,Active
A0009267,C006835,Fixed Deposit,210786.2,2024-03-20,Active
A0009268,C006836,Fixed Deposit,589358.62,2018-01-16,Active
A0009269,C006836,Current,6882.99,2025-01-08,Active
A0009270,C006837,Salary,44559.34,2024-01-24,Active
A0009271,C006838,Salary,29464.93,2023-01-28,Active
A0009272,C006839,Savings,90577.72,2022-05-16,Active
A0009273,C006839,Current,17538.99,2023-10-31,Active
A0009274,C006840,Current,26309.8,2020-11-01,Active
A0009275,C006840,Fixed Deposit,219163.39,2024-07-11,Active
A0009276,C006840,Savings,13283.36,2023-09-05,Active
A0009277,C006841,Salary,32529.03,2022-06-14,Active
A0009278,C006842,Current,53761.89,2020-06-19,Active
A0009279,C006843,Salary,14803.57,2020-11-25,Active
A0009280,C006844,Savings,28252.06,2018-01-13,Active
A0009281,C006845,Current,7053.46,2018-03-15,Active
A0009282,C006845,Savings,19029.36,2019-11-27,Active
A0009283,C006846,Salary,24942.76,2024-06-04,Active
A0009284,C006847,Savings,36238.59,2021-12-17,Active
A0009285,C006848,Savings,83244.72,2023-01-01,Active
A0009286,C006848,Savings,30107.42,2021-06-06,Active
A0009287,C006849,Savings,15374.53,2021-09-12,Active
A0009288,C006850,Salary,170548.99,2024-04-13,Active
A0009289,C006851,Savings,12805.47,2021-08-26,Active
A0009290,C006852,Salary,29155.54,2024-05-09,Active
A0009291,C006853,Savings,6067.84,2020-05-05,Active
A0009292,C006854,Savings,13930.03,2020-06-26,Active
A0009293,C006855,Savings,19010.35,2018-07-10,Active
A0009294,C006856,Fixed Deposit,49919.23,2019-06-30,Active
A0009295,C006857,Current,6899.2,2021-03-15,Active
A0009296,C006858,Savings,51660.48,2021-01-07,Active
A0009297,C006859,Savings,28558.32,2020-04-12,Active
A0009298,C006859,Fixed Deposit,180318.74,2023-08-28,Active
A0009299,C006860,Savings,13704.73,2018-12-10,Active
A0009300,C006861,Savings,6793.82,2025-01-02,Active
A0009301,C006862,Savings,29670.65,2018-05-31,Active
A0009302,C006863,Current,86418.33,2019-11-23,Active
A0009303,C006864,Savings,9998.27,2023-06-06,Active
A0009304,C006865,Savings,21120.93,2022-09-05,Active
A0009305,C006865,Savings,13220.34,2024-01-06,Active
A0009306,C006866,Salary,126354.86,2020-07-21,Active
A0009307,C006867,Salary,7425.03,2023-06-20,Active
A0009308,C006867,Savings,41176.05,2022-10-28,Active
A0009309,C006868,Savings,16348.48,2021-08-07,Active
A0009310,C006868,Savings,159962.78,2025-05-23,Active
A0009311,C006869,Savings,61776.28,2021-10-17,Active
A0009312,C006870,Salary,17065.96,2023-01-20,Active
A0009313,C006871,Salary,34927.18,2021-02-02,Active
A0009314,C006871,Fixed Deposit,223179.02,2024-07-13,Active
A0009315,C006872,Fixed Deposit,137423.66,2018-12-06,Active
A0009316,C006872,Savings,10141.22,2019-07-24,Active
A0009317,C006873,Fixed Deposit,204292.43,2018-06-06,Active
A0009318,C006873,Savings,87622.06,2020-07-23,Active
A0009319,C006874,Fixed Deposit,125753.7,2019-07-02,Active
A0009320,C006874,Salary,1850.63,2021-06-07,Active
A0009321,C006875,Salary,98515.28,2020-06-28,Active
A0009322,C006876,Salary,10075.46,2022-04-12,Active
A0009323,C006877,Savings,36826.08,2018-06-17,Active
A0009324,C006877,Savings,13380.32,2022-09-11,Active
A0009325,C006877,Savings,43595.67,2020-08-04,Active
A0009326,C006878,Fixed Deposit,221309.9,2021-09-01,Active
A0009327,C006878,Savings,14932.92,2024-12-03,Active
A0009328,C006879,Savings,34428.05,2025-04-29,Active
A0009329,C006880,Current,13057.18,2021-12-05,Active
A0009330,C006881,Salary,4054.01,2021-07-20,Active
A0009331,C006881,Savings,21868.78,2022-09-08,Active
A0009332,C006882,Savings,11276.59,2021-06-10,Active
A0009333,C006883,Savings,29940.93,2023-10-07,Active
A0009334,C006883,Savings,53435.07,2019-06-09,Active
A0009335,C006883,Savings,5469.91,2020-09-28,Active
A0009336,C006884,Fixed Deposit,109856.2,2022-09-17,Active
A0009337,C006885,Salary,20273.71,2021-06-08,Dormant
A0009338,C006886,Savings,46236.17,2024-12-30,Active
A0009339,C006887,Current,68251.46,2020-01-06,Active
A0009340,C006888,Current,18808.17,2025-03-06,Active
A0009341,C006888,Savings,77188.78,2024-07-31,Active
A0009342,C006889,Salary,19516.38,2024-04-27,Active
A0009343,C006890,Salary,24112.64,2025-04-13,Active
A0009344,C006890,Savings,19392.13,2023-03-04,Active
A0009345,C006891,Savings,15277.31,2019-06-28,Active
A0009346,C006891,Salary,27386.95,2022-12-02,Active
A0009347,C006892,Salary,21669.5,2022-10-22,Active
A0009348,C006892,Salary,4224.2,2025-03-13,Active
A0009349,C006893,Savings,10921.66,2024-12-13,Active
A0009350,C006893,Salary,18829.42,2022-06-23,Active
A0009351,C006894,Salary,22278.11,2025-01-11,Active
A0009352,C006894,Current,16198.9,2021-02-02,Active
A0009353,C006895,Savings,36360.78,2020-02-13,Active
A0009354,C006896,Salary,79239.93,2022-11-22,Active
A0009355,C006896,Savings,84356.81,2018-06-11,Active
A0009356,C006897,Savings,14284.66,2019-03-15,Active
A0009357,C006898,Fixed Deposit,189214.19,2019-05-04,Active
A0009358,C006898,Current,48565.1,2024-09-06,Active
A0009359,C006899,Savings,14983.28,2020-06-28,Active
A0009360,C006900,Current,4909.97,2023-02-19,Active
A0009361,C006900,Current,14152.3,2025-06-25,Active
A0009362,C006900,Current,8460.14,2021-10-13,Active
A0009363,C006901,Savings,31143.97,2021-04-13,Active
A0009364,C006901,Savings,34942.17,2024-12-31,Active
A0009365,C006901,Fixed Deposit,434314.2,2019-03-18,Active
A0009366,C006902,Savings,7349.51,2023-09-17,Active
A0009367,C006902,Salary,24905.56,2024-03-16,Active
A0009368,C006902,Savings,108968.97,2018-06-29,Active
A0009369,C006903,Savings,7965.12,2023-05-08,Active
A0009370,C006904,Savings,179449.75,2025-01-22,Dormant
A0009371,C006904,Salary,19453.35,2021-03-07,Active
A0009372,C006905,Savings,82545.08,2019-05-20,Active
A0009373,C006906,Current,15874.95,2022-07-20,Active
A0009374,C006907,Fixed Deposit,356408.16,2019-02-11,Active
A0009375,C006908,Fixed Deposit,48562.21,2018-07-11,Active
A0009376,C006908,Savings,55794.69,2023-07-30,Active
A0009377,C006909,Salary,27855.87,2025-03-20,Active
A0009378,C006910,Fixed Deposit,241878.43,2021-07-09,Active
A0009379,C006911,Salary,10144.13,2024-08-15,Active
A0009380,C006912,Savings,9239.7,2018-12-02,Active
A0009381,C006913,Savings,19532.61,2019-09-17,Active
A0009382,C006914,Current,17480.85,2019-01-20,Active
A0009383,C006914,Current,37899.75,2018-04-13,Active
A0009384,C006915,Savings,8002.72,2020-12-25,Active
A0009385,C006916,Savings,40237.15,2024-02-28,Active
A0009386,C006917,Salary,12296.62,2018-04-28,Active
A0009387,C006917,Savings,17722.83,2025-02-04,Active
A0009388,C006918,Fixed Deposit,235539.01,2024-06-07,Active
A0009389,C006918,Current,27967.24,2018-11-10,Active
A0009390,C006919,Current,91693.44,2024-10-14,Active
A0009391,C006920,Savings,49354.84,2025-02-11,Active
A0009392,C006920,Fixed Deposit,103024.72,2022-08-14,Active
A0009393,C006921,Savings,9310.25,2023-10-17,Active
A0009394,C006921,Current,13296.52,2023-02-11,Active
A0009395,C006922,Salary,8321.37,2023-04-14,Dormant
A0009396,C006923,Savings,9571.66,2019-09-06,Active
A0009397,C006924,Savings,73628.24,2020-08-14,Active
A0009398,C006924,Savings,32865.74,2025-01-08,Active
A0009399,C006925,Current,25043.95,2020-07-12,Active
A0009400,C006925,Fixed Deposit,218203.78,2025-05-28,Active
A0009401,C006926,Salary,21294.74,2022-05-28,Active
A0009402,C006927,Savings,45077.05,2019-04-15,Active
A0009403,C006928,Savings,41968.37,2022-10-23,Active
A0009404,C006928,Current,6470.51,2020-04-01,Active
A0009405,C006928,Current,5483.26,2023-02-18,Active
A0009406,C006929,Savings,28668.59,2020-05-16,Active
A0009407,C006930,Savings,46466.83,2019-09-06,Active
A0009408,C006931,Savings,41089.83,2023-06-10,Active
A0009409,C006932,Savings,10223.83,2019-01-31,Active
A0009410,C006932,Savings,49995.56,2019-06-16,Active
A0009411,C006933,Current,7779.67,2018-09-14,Active
A0009412,C006934,Salary,21857.45,2025-04-30,Active
A0009413,C006934,Savings,65714.67,2022-01-31,Active
A0009414,C006935,Salary,56679.93,2021-09-27,Active
A0009415,C006935,Fixed Deposit,385541.46,2023-02-09,Active
A0009416,C006936,Savings,5975.94,2021-12-07,Active
A0009417,C006936,Current,5775.98,2019-12-13,Active
A0009418,C006937,Savings,13996.88,2023-04-18,Active
A0009419,C006937,Savings,22670.54,2023-06-17,Active
A0009420,C006937,Salary,14431.9,2020-02-04,Active
A0009421,C006938,Salary,17967.87,2024-04-30,Active
A0009422,C006939,Savings,34524.57,2020-08-09,Active
A0009423,C006939,Current,10265.79,2019-10-12,Active
A0009424,C006940,Salary,78753.32,2024-04-10,Active
A0009425,C006941,Fixed Deposit,102695.12,2021-08-10,Active
A0009426,C006942,Fixed Deposit,359881.67,2022-05-02,Active
A0009427,C006943,Fixed Deposit,79005.19,2023-03-10,Active
A0009428,C006944,Fixed Deposit,197807.79,2020-07-05,Active
A0009429,C006945,Savings,14709.79,2022-06-16,Active
A0009430,C006946,Fixed Deposit,174989.9,2023-07-01,Active
A0009431,C006946,Savings,5674.9,2024-02-02,Active
A0009432,C006946,Savings,6511.33,2024-09-01,Active
A0009433,C006947,Current,11030.46,2018-09-09,Active
A0009434,C006948,Savings,16194.85,2020-12-24,Active
A0009435,C006948,Savings,2490.82,2022-10-07,Active
A0009436,C006949,Fixed Deposit,248115.99,2020-08-12,Active
A0009437,C006950,Savings,13343.3,2021-02-21,Active
A0009438,C006951,Savings,44807.1,2020-10-17,Active
A0009439,C006952,Savings,73793.49,2020-05-04,Active
A0009440,C006953,Savings,15771.33,2022-01-15,Active
A0009441,C006954,Fixed Deposit,58386.01,2021-12-02,Active
A0009442,C006954,Current,6767.0,2019-05-26,Active
A0009443,C006955,Savings,4623.3,2025-04-04,Active
A0009444,C006956,Current,15045.7,2024-07-29,Active
A0009445,C006956,Savings,8310.98,2019-08-15,Active
A0009446,C006957,Savings,37749.58,2020-01-26,Active
A0009447,C006958,Savings,14187.07,2020-07-27,Active
A0009448,C006958,Savings,4955.68,2019-12-29,Active
A0009449,C006959,Savings,16756.73,2018-07-03,Active
A0009450,C006960,Savings,46495.95,2024-11-23,Active
A0009451,C006961,Current,25162.45,2022-06-15,Active
A0009452,C006962,Salary,5726.69,2020-08-21,Active
A0009453,C006963,Savings,73043.84,2022-04-07,Active
A0009454,C006963,Savings,94550.07,2025-06-09,Active
A0009455,C006964,Savings,44755.09,2020-07-21,Active
A0009456,C006965,Fixed Deposit,52203.61,2021-02-10,Active
A0009457,C006966,Salary,48388.33,2025-02-08,Active
A0009458,C006967,Fixed Deposit,156269.97,2019-03-25,Active
A0009459,C006967,Current,6613.23,2024-04-01,Active
A0009460,C006968,Savings,3551.55,2024-12-23,Active
A0009461,C006969,Savings,18962.43,2023-02-28,Active
A0009462,C006969,Current,13743.43,2024-08-03,Active
A0009463,C006970,Fixed Deposit,217336.04,2022-03-01,Active
A0009464,C006971,Savings,29003.23,2019-05-29,Active
A0009465,C006972,Savings,21131.81,2020-02-14,Active
A0009466,C006972,Savings,136709.87,2022-09-29,Active
A0009467,C006973,Salary,4204.47,2021-03-04,Active
A0009468,C006974,Savings,28909.22,2022-10-03,Active
A0009469,C006975,Salary,8444.66,2019-05-14,Active
A0009470,C006976,Salary,19837.66,2024-01-19,Active
A0009471,C006977,Savings,1182.12,2019-10-31,Active
A0009472,C006977,Savings,43472.11,2024-01-06,Active
A0009473,C006978,Salary,22925.6,2024-12-16,Active
A0009474,C006979,Current,38674.1,2019-06-17,Dormant
A0009475,C006980,Savings,5579.91,2021-04-16,Active
A0009476,C006981,Savings,27499.28,2022-08-28,Active
A0009477,C006982,Savings,16073.68,2018-04-30,Active
A0009478,C006983,Savings,14817.46,2021-09-21,Active
A0009479,C006984,Savings,4423.21,2023-05-29,Active
A0009480,C006985,Savings,7925.38,2020-04-19,Active
A0009481,C006986,Savings,14516.18,2019-01-12,Active
A0009482,C006987,Fixed Deposit,63737.37,2019-03-22,Active
A0009483,C006988,Current,21669.55,2022-05-12,Active
A0009484,C006988,Savings,73823.11,2023-04-24,Active
A0009485,C006989,Savings,25612.99,2021-05-10,Active
A0009486,C006990,Savings,16615.03,2021-08-16,Active
A0009487,C006991,Savings,24245.72,2020-09-25,Active
A0009488,C006992,Fixed Deposit,21106.63,2024-04-03,Active
A0009489,C006993,Savings,11575.25,2019-10-31,Active
A0009490,C006994,Savings,19897.7,2019-07-22,Active
A0009491,C006994,Salary,47878.42,2022-06-05,Active
A0009492,C006995,Salary,75588.7,2025-05-27,Active
A0009493,C006996,Current,20491.96,2018-04-18,Active
A0009494,C006997,Current,43784.96,2022-01-13,Active
A0009495,C006998,Savings,3909.99,2020-07-04,Active
A0009496,C006999,Fixed Deposit,208442.0,2020-01-08,Active
A0009497,C007000,Current,25104.8,2019-07-07,Active
A0009498,C007001,Salary,15892.62,2023-01-16,Active
A0009499,C007002,Fixed Deposit,560456.62,2018-03-13,Active
A0009500,C007003,Savings,86425.45,2018-03-22,Active
A0009501,C007003,Salary,7690.18,2018-05-07,Active
A0009502,C007004,Salary,16679.19,2023-10-16,Active
A0009503,C007005,Current,6155.05,2020-12-08,Active
A0009504,C007005,Current,6848.97,2020-05-29,Active
A0009505,C007006,Fixed Deposit,240567.07,2018-12-22,Active
A0009506,C007007,Savings,6351.65,2020-08-31,Active
A0009507,C007008,Savings,11304.76,2022-10-17,Active
A0009508,C007008,Savings,8471.93,2021-03-17,Active
A0009509,C007009,Salary,41093.6,2022-02-22,Active
A0009510,C007009,Salary,28539.03,2021-02-01,Active
A0009511,C007010,Current,110259.17,2024-08-17,Active
A0009512,C007010,Salary,14444.99,2020-11-03,Active
A0009513,C007011,Savings,21412.48,2023-04-16,Active
A0009514,C007012,Salary,28018.28,2022-03-19,Active
A0009515,C007013,Current,27254.42,2023-10-18,Active
A0009516,C007014,Savings,8426.39,2022-06-06,Active
A0009517,C007015,Salary,11235.35,2018-03-16,Active
A0009518,C007016,Savings,29227.5,2021-01-14,Active
A0009519,C007017,Savings,35608.49,2020-02-10,Active
A0009520,C007018,Savings,29378.17,2025-06-11,Active
A0009521,C007018,Savings,33970.0,2021-04-15,Active
A0009522,C007019,Salary,42767.13,2020-12-17,Active
A0009523,C007019,Savings,10983.73,2021-03-25,Active
A0009524,C007020,Fixed Deposit,238622.97,2019-05-13,Active
A0009525,C007020,Savings,122531.79,2021-12-11,Active
A0009526,C007021,Fixed Deposit,107133.09,2022-08-22,Active
A0009527,C007021,Current,53020.93,2020-01-17,Active
A0009528,C007022,Savings,42092.68,2022-05-09,Active
A0009529,C007023,Salary,67189.74,2023-05-27,Active
A0009530,C007024,Current,9797.37,2020-04-29,Active
A0009531,C007025,Savings,16137.96,2022-08-07,Active
A0009532,C007026,Savings,58115.75,2019-09-28,Active
A0009533,C007027,Savings,12353.95,2023-05-03,Active
A0009534,C007028,Savings,7595.19,2023-09-05,Active
A0009535,C007028,Salary,30969.47,2023-03-11,Active
A0009536,C007029,Salary,14789.72,2021-01-02,Active
A0009537,C007029,Current,5817.83,2021-09-30,Dormant
A0009538,C007030,Current,29320.57,2019-11-15,Active
A0009539,C007031,Savings,53674.83,2019-09-07,Active
A0009540,C007031,Current,28046.25,2024-02-06,Active
A0009541,C007032,Salary,6789.46,2019-04-20,Active
A0009542,C007033,Fixed Deposit,135273.62,2023-05-23,Active
A0009543,C007034,Salary,77770.0,2018-09-17,Active
A0009544,C007035,Current,5116.03,2022-12-13,Active
A0009545,C007035,Savings,11530.5,2018-06-25,Active
A0009546,C007036,Savings,27559.37,2023-11-30,Active
A0009547,C007037,Savings,16371.56,2021-06-22,Active
A0009548,C007038,Savings,40018.41,2021-07-14,Active
A0009549,C007039,Salary,78631.49,2024-07-22,Active
A0009550,C007040,Fixed Deposit,123921.08,2018-01-18,Active
A0009551,C007040,Savings,14360.17,2019-02-17,Active
A0009552,C007041,Salary,5743.47,2019-10-24,Dormant
A0009553,C007042,Fixed Deposit,134359.23,2023-04-06,Active
A0009554,C007042,Fixed Deposit,214767.27,2021-07-18,Active
A0009555,C007043,Savings,8669.32,2022-03-25,Active
A0009556,C007044,Fixed Deposit,209397.05,2018-06-16,Dormant
A0009557,C007044,Current,53846.64,2019-03-08,Active
A0009558,C007045,Savings,51619.53,2018-03-05,Active
A0009559,C007046,Current,8381.84,2020-09-29,Active
A0009560,C007047,Savings,10644.07,2023-05-01,Active
A0009561,C007048,Fixed Deposit,776993.07,2018-06-22,Active
A0009562,C007049,Savings,7509.33,2019-11-25,Active
A0009563,C007049,Salary,52680.27,2023-06-10,Active
A0009564,C007050,Fixed Deposit,130786.39,2021-03-17,Active
A0009565,C007051,Savings,14473.26,2023-06-01,Active
A0009566,C007051,Current,19225.17,2021-06-17,Active
A0009567,C007052,Fixed Deposit,105531.15,2021-09-05,Active
A0009568,C007053,Savings,17269.92,2020-10-15,Active
A0009569,C007054,Savings,36226.7,2022-08-19,Active
A0009570,C007055,Savings,56420.06,2025-04-13,Dormant
A0009571,C007055,Current,31433.74,2022-08-28,Active
A0009572,C007056,Savings,42720.84,2020-07-23,Active
A0009573,C007056,Fixed Deposit,96304.81,2018-01-31,Active
A0009574,C007057,Fixed Deposit,161373.61,2018-10-30,Active
A0009575,C007058,Savings,21947.51,2018-02-25,Active
A0009576,C007058,Savings,18946.7,2023-01-02,Active
A0009577,C007059,Savings,23287.46,2023-06-11,Active
A0009578,C007060,Fixed Deposit,239576.41,2024-12-15,Active
A0009579,C007060,Salary,117103.66,2020-05-25,Active
A0009580,C007061,Current,3110.34,2018-12-16,Active
A0009581,C007062,Salary,19318.98,2021-09-27,Active
A0009582,C007062,Salary,2945.03,2019-07-12,Active
A0009583,C007063,Salary,25729.37,2021-11-08,Active
A0009584,C007063,Savings,11937.58,2020-11-29,Active
A0009585,C007063,Savings,10065.31,2023-05-01,Active
A0009586,C007064,Savings,11644.8,2024-10-31,Active
A0009587,C007065,Savings,29287.95,2025-01-11,Active
A0009588,C007066,Salary,6418.69,2021-08-13,Active
A0009589,C007067,Savings,4807.38,2019-07-28,Active
A0009590,C007068,Salary,5650.98,2021-06-16,Active
A0009591,C007069,Savings,11055.25,2022-07-01,Active
A0009592,C007070,Fixed Deposit,650916.59,2018-06-20,Active
A0009593,C007071,Current,45522.86,2022-05-17,Dormant
A0009594,C007072,Salary,17926.3,2018-09-04,Active
A0009595,C007073,Savings,36083.18,2024-04-27,Active
A0009596,C007074,Fixed Deposit,102896.04,2022-11-10,Active
A0009597,C007075,Savings,6508.56,2020-03-25,Active
A0009598,C007075,Savings,26081.16,2022-08-28,Active
A0009599,C007076,Savings,11606.2,2022-11-19,Active
A0009600,C007077,Savings,20625.98,2022-07-09,Active
A0009601,C007078,Savings,38451.31,2019-03-30,Active
A0009602,C007079,Savings,9430.45,2020-08-25,Active
A0009603,C007080,Salary,5318.38,2021-06-04,Active
A0009604,C007080,Savings,70665.97,2021-07-12,Active
A0009605,C007081,Salary,31900.84,2021-05-22,Dormant
A0009606,C007082,Savings,17613.3,2021-05-03,Active
A0009607,C007083,Current,14432.48,2023-11-13,Active
A0009608,C007084,Savings,40210.89,2023-01-31,Active
A0009609,C007084,Savings,27649.22,2020-01-20,Active
A0009610,C007085,Savings,52541.74,2018-09-05,Active
A0009611,C007085,Fixed Deposit,67940.29,2024-03-25,Active
A0009612,C007085,Fixed Deposit,123441.26,2020-09-22,Active
A0009613,C007086,Current,13618.18,2023-02-07,Active
A0009614,C007087,Savings,50795.53,2022-09-11,Active
A0009615,C007087,Fixed Deposit,89579.83,2023-05-12,Active
A0009616,C007088,Salary,53236.44,2024-04-25,Active
A0009617,C007089,Salary,6867.81,2021-07-28,Active
A0009618,C007089,Savings,24057.34,2021-11-29,Active
A0009619,C007090,Savings,29960.4,2018-11-16,Active
A0009620,C007090,Savings,9101.0,2023-01-19,Active
A0009621,C007091,Savings,48038.81,2023-06-17,Active
A0009622,C007092,Salary,3900.82,2022-03-08,Active
A0009623,C007092,Savings,102289.36,2020-04-01,Active
A0009624,C007093,Savings,60609.83,2019-09-28,Active
A0009625,C007094,Fixed Deposit,167588.58,2018-01-13,Active
A0009626,C007095,Salary,14536.52,2023-06-14,Active
A0009627,C007096,Savings,7718.05,2018-02-13,Active
A0009628,C007097,Fixed Deposit,551551.49,2018-10-30,Active
A0009629,C007098,Savings,16134.28,2020-11-25,Active
A0009630,C007099,Savings,43451.71,2023-04-03,Dormant
A0009631,C007100,Savings,15584.34,2024-01-09,Active
A0009632,C007101,Savings,18845.95,2018-01-26,Active
A0009633,C007102,Salary,32093.73,2024-01-21,Active
A0009634,C007103,Fixed Deposit,56160.52,2019-12-12,Active
A0009635,C007103,Savings,39450.09,2021-08-22,Active
A0009636,C007104,Savings,2529.85,2020-12-09,Active
A0009637,C007104,Current,32846.05,2019-08-26,Active
A0009638,C007105,Savings,12298.26,2021-02-25,Dormant
A0009639,C007106,Savings,4986.66,2020-02-28,Active
A0009640,C007107,Current,16467.36,2023-11-12,Active
A0009641,C007108,Fixed Deposit,213786.97,2018-09-25,Active
A0009642,C007109,Fixed Deposit,540588.83,2022-11-15,Active
A0009643,C007110,Savings,7751.68,2024-12-20,Active
A0009644,C007111,Salary,21089.05,2018-10-27,Active
A0009645,C007112,Salary,55614.17,2025-04-28,Active
A0009646,C007113,Savings,40860.16,2022-06-28,Active
A0009647,C007113,Salary,46244.11,2023-01-11,Active
A0009648,C007114,Savings,3939.67,2025-01-23,Active
A0009649,C007115,Savings,36571.85,2020-04-16,Active
A0009650,C007116,Salary,2321.7,2021-02-12,Active
A0009651,C007117,Savings,57128.87,2022-07-04,Active
A0009652,C007118,Fixed Deposit,162748.22,2023-06-16,Active
A0009653,C007119,Salary,16553.68,2019-07-20,Active
A0009654,C007120,Salary,6530.06,2018-01-19,Active
A0009655,C007121,Fixed Deposit,125624.12,2023-12-05,Active
A0009656,C007122,Savings,14490.52,2020-11-20,Active
A0009657,C007122,Current,35377.74,2023-10-25,Active
A0009658,C007122,Fixed Deposit,149674.58,2020-06-14,Active
A0009659,C007123,Savings,21966.91,2020-04-25,Active
A0009660,C007124,Fixed Deposit,128730.73,2018-05-25,Active
A0009661,C007124,Fixed Deposit,107098.26,2024-10-24,Active
A0009662,C007125,Savings,6019.0,2019-08-25,Active
A0009663,C007125,Fixed Deposit,95699.13,2020-02-12,Active
A0009664,C007126,Savings,25857.91,2018-03-01,Active
A0009665,C007127,Current,19013.92,2020-03-01,Active
A0009666,C007128,Salary,15333.88,2020-05-20,Active
A0009667,C007129,Salary,13840.99,2019-09-10,Active
A0009668,C007129,Salary,16996.77,2018-08-24,Active
A0009669,C007129,Current,26353.58,2018-06-14,Active
A0009670,C007130,Savings,35940.57,2020-11-10,Active
A0009671,C007131,Savings,31388.55,2024-11-01,Active
A0009672,C007132,Savings,11613.81,2018-04-28,Active
A0009673,C007132,Savings,2499.43,2021-07-23,Active
A0009674,C007133,Savings,11292.98,2018-03-08,Active
A0009675,C007134,Current,32912.03,2023-12-16,Active
A0009676,C007135,Salary,38389.21,2021-05-30,Dormant
A0009677,C007136,Fixed Deposit,246476.21,2018-04-09,Active
A0009678,C007137,Savings,26258.49,2018-06-10,Active
A0009679,C007138,Savings,19677.05,2023-10-18,Active
A0009680,C007139,Savings,151080.04,2021-08-15,Active
A0009681,C007140,Savings,56917.96,2022-05-08,Active
A0009682,C007141,Savings,10530.95,2024-07-16,Active
A0009683,C007142,Fixed Deposit,80407.21,2024-06-21,Active
A0009684,C007142,Salary,46884.39,2025-04-22,Active
A0009685,C007143,Salary,103928.32,2020-10-22,Dormant
A0009686,C007144,Salary,28130.16,2021-12-09,Active
A0009687,C007144,Savings,23192.22,2020-12-15,Active
A0009688,C007145,Fixed Deposit,254086.11,2020-08-29,Active
A0009689,C007146,Savings,38589.7,2020-04-19,Active
A0009690,C007146,Savings,46617.97,2019-07-21,Active
A0009691,C007146,Savings,49876.43,2018-08-26,Active
A0009692,C007147,Current,6050.28,2022-08-22,Active
A0009693,C007148,Current,27544.34,2024-08-22,Active
A0009694,C007149,Fixed Deposit,26946.53,2018-12-09,Active
A0009695,C007150,Savings,77841.87,2020-03-24,Active
A0009696,C007151,Savings,15246.77,2018-02-09,Active
A0009697,C007151,Savings,8711.31,2021-09-25,Active
A0009698,C007152,Salary,5285.87,2020-07-12,Active
A0009699,C007152,Fixed Deposit,125936.12,2023-08-22,Active
A0009700,C007153,Savings,6363.61,2018-04-28,Active
A0009701,C007154,Fixed Deposit,204771.3,2023-12-19,Active
A0009702,C007155,Fixed Deposit,199364.01,2020-02-17,Active
A0009703,C007156,Savings,14823.1,2024-08-21,Active
A0009704,C007157,Fixed Deposit,78089.34,2023-06-23,Active
A0009705,C007158,Savings,15410.46,2018-05-10,Active
A0009706,C007159,Savings,52161.18,2024-11-24,Active
A0009707,C007160,Fixed Deposit,245489.65,2020-09-08,Active
A0009708,C007161,Savings,22400.97,2024-06-02,Active
A0009709,C007161,Salary,25787.81,2022-11-27,Active
A0009710,C007162,Current,9076.36,2020-07-15,Active
A0009711,C007163,Savings,74277.42,2023-04-29,Active
A0009712,C007164,Current,37415.27,2019-07-08,Active
A0009713,C007165,Savings,21628.81,2023-05-08,Active
A0009714,C007165,Current,59817.95,2022-03-20,Active
A0009715,C007165,Savings,12309.87,2023-02-08,Active
A0009716,C007166,Salary,6505.7,2022-01-13,Active
A0009717,C007166,Fixed Deposit,72789.41,2018-08-06,Active
A0009718,C007167,Savings,33290.86,2024-02-25,Active
A0009719,C007168,Current,55236.63,2019-07-25,Dormant
A0009720,C007168,Fixed Deposit,137789.41,2025-04-01,Active
A0009721,C007169,Salary,30220.39,2020-07-21,Active
A0009722,C007170,Savings,37225.37,2018-01-03,Active
A0009723,C007171,Savings,4206.76,2019-04-25,Active
A0009724,C007172,Salary,9449.86,2024-08-17,Active
A0009725,C007173,Savings,11773.89,2024-11-01,Active
A0009726,C007174,Current,6890.66,2018-10-03,Active
A0009727,C007175,Current,24539.19,2022-07-26,Active
A0009728,C007176,Fixed Deposit,118110.02,2024-01-11,Active
A0009729,C007177,Savings,45000.73,2022-12-14,Active
A0009730,C007178,Current,33590.0,2019-12-18,Active
A0009731,C007179,Savings,12311.52,2021-01-10,Active
A0009732,C007179,Savings,10362.96,2023-11-30,Active
A0009733,C007180,Savings,110225.7,2018-01-11,Active
A0009734,C007181,Savings,13298.36,2022-05-26,Active
A0009735,C007181,Current,41727.38,2023-10-20,Active
A0009736,C007182,Savings,6924.46,2022-01-19,Active
A0009737,C007183,Salary,26192.66,2020-04-25,Active
A0009738,C007184,Savings,9742.44,2024-06-02,Active
A0009739,C007185,Fixed Deposit,255003.51,2019-01-15,Dormant
A0009740,C007186,Savings,2777.33,2024-02-20,Dormant
A0009741,C007187,Current,51517.29,2018-02-14,Active
A0009742,C007188,Savings,47632.65,2018-03-07,Active
A0009743,C007188,Fixed Deposit,186400.82,2023-05-18,Active
A0009744,C007188,Savings,29586.67,2021-03-20,Active
A0009745,C007189,Salary,30783.41,2023-07-02,Active
A0009746,C007190,Savings,51153.95,2024-01-06,Active
A0009747,C007191,Savings,42703.27,2023-11-24,Active
A0009748,C007192,Current,24276.81,2018-06-14,Active
A0009749,C007193,Fixed Deposit,302665.7,2024-07-22,Active
A0009750,C007194,Current,14104.41,2019-04-24,Active
A0009751,C007194,Savings,9299.47,2023-06-20,Active
A0009752,C007195,Savings,35371.11,2023-01-10,Active
A0009753,C007195,Salary,67741.56,2023-03-15,Active
A0009754,C007196,Savings,20950.01,2023-03-28,Active
A0009755,C007196,Fixed Deposit,180147.41,2024-08-12,Active
A0009756,C007197,Savings,34281.01,2021-07-10,Active
A0009757,C007197,Savings,3530.42,2020-05-09,Active
A0009758,C007198,Salary,20964.35,2023-10-19,Active
A0009759,C007199,Current,51592.75,2019-02-09,Active
A0009760,C007200,Savings,21539.44,2022-10-17,Active
A0009761,C007201,Savings,101608.23,2019-09-29,Active
A0009762,C007202,Fixed Deposit,181056.19,2020-03-02,Active
A0009763,C007203,Savings,7002.22,2025-03-08,Active
A0009764,C007203,Savings,84880.9,2018-10-23,Active
A0009765,C007203,Savings,2671.69,2018-04-30,Active
A0009766,C007204,Savings,9677.32,2024-07-03,Active
A0009767,C007205,Fixed Deposit,63638.91,2018-11-13,Active
A0009768,C007206,Current,9952.15,2023-07-01,Active
A0009769,C007207,Savings,96482.05,2021-09-27,Active
A0009770,C007208,Current,44089.15,2025-06-14,Active
A0009771,C007209,Fixed Deposit,348670.97,2023-10-16,Dormant
A0009772,C007210,Savings,37508.41,2022-08-17,Active
A0009773,C007211,Savings,4093.06,2024-04-28,Active
A0009774,C007212,Savings,14077.25,2022-01-29,Active
A0009775,C007212,Fixed Deposit,208274.51,2019-03-06,Active
A0009776,C007213,Savings,38282.39,2019-07-02,Active
A0009777,C007214,Current,18913.02,2022-09-11,Active
A0009778,C007215,Savings,21665.94,2024-01-15,Active
A0009779,C007216,Current,17384.51,2018-02-27,Active
A0009780,C007217,Savings,23427.38,2019-08-02,Active
A0009781,C007218,Savings,58300.81,2020-07-30,Active
A0009782,C007218,Savings,25264.24,2022-10-07,Active
A0009783,C007219,Savings,7825.22,2018-11-08,Active
A0009784,C007220,Savings,153500.97,2018-12-07,Active
A0009785,C007221,Savings,50960.38,2018-07-01,Active
A0009786,C007222,Savings,58381.3,2020-01-01,Active
A0009787,C007223,Current,75445.44,2021-10-28,Active
A0009788,C007223,Savings,23136.72,2021-06-18,Active
A0009789,C007224,Savings,6173.29,2019-08-17,Active
A0009790,C007225,Savings,11240.06,2020-08-24,Active
A0009791,C007226,Savings,35751.76,2019-06-24,Active
A0009792,C007227,Savings,10071.2,2023-04-29,Active
A0009793,C007228,Savings,4094.06,2018-03-11,Active
A0009794,C007229,Current,14557.11,2023-10-01,Active
A0009795,C007229,Savings,27695.58,2023-01-26,Active
A0009796,C007230,Savings,35167.24,2018-02-06,Active
A0009797,C007231,Savings,6190.95,2020-08-14,Active
A0009798,C007232,Savings,4648.54,2021-01-03,Active
A0009799,C007233,Fixed Deposit,326982.91,2019-04-10,Active
A0009800,C007234,Current,23170.23,2019-10-16,Active
A0009801,C007235,Salary,10502.73,2023-03-11,Active
A0009802,C007235,Salary,6871.4,2024-02-15,Dormant
A0009803,C007236,Savings,28414.08,2024-12-02,Active
A0009804,C007237,Salary,5127.49,2018-10-25,Active
A0009805,C007237,Savings,16608.16,2020-06-17,Active
A0009806,C007238,Salary,14753.11,2020-04-05,Active
A0009807,C007239,Current,33338.19,2020-07-18,Active
A0009808,C007240,Current,21620.67,2022-07-17,Active
A0009809,C007240,Salary,28828.62,2023-12-20,Active
A0009810,C007241,Savings,11520.06,2018-09-15,Active
A0009811,C007242,Salary,26917.69,2019-10-30,Active
A0009812,C007243,Fixed Deposit,110813.61,2024-05-01,Active
A0009813,C007244,Salary,7757.34,2020-08-23,Active
A0009814,C007244,Current,20070.19,2021-04-21,Dormant
A0009815,C007244,Salary,9549.75,2024-11-18,Active
A0009816,C007245,Current,11286.78,2021-08-12,Active
A0009817,C007246,Current,5033.5,2022-06-29,Active
A0009818,C007247,Savings,26082.95,2024-04-10,Active
A0009819,C007247,Savings,11376.25,2019-07-29,Active
A0009820,C007248,Savings,55396.15,2024-05-16,Active
A0009821,C007248,Fixed Deposit,180706.94,2020-01-12,Active
A0009822,C007248,Savings,15363.81,2019-10-16,Active
A0009823,C007249,Savings,13324.95,2021-09-01,Active
A0009824,C007250,Fixed Deposit,528608.89,2021-02-18,Active
A0009825,C007251,Savings,56760.44,2022-12-09,Active
A0009826,C007252,Current,10065.87,2023-07-18,Active
A0009827,C007253,Salary,9705.42,2023-09-25,Active
A0009828,C007253,Salary,28452.8,2023-07-06,Active
A0009829,C007254,Savings,24706.16,2025-04-04,Active
A0009830,C007254,Salary,9809.1,2021-12-06,Active
A0009831,C007255,Savings,2321.13,2018-07-17,Active
A0009832,C007256,Savings,90019.16,2018-06-07,Active
A0009833,C007257,Savings,135455.16,2021-10-02,Active
A0009834,C007258,Salary,26436.68,2024-02-18,Active
A0009835,C007259,Savings,10491.11,2019-12-17,Active
A0009836,C007260,Fixed Deposit,58593.36,2019-10-18,Active
A0009837,C007261,Savings,74680.41,2019-07-12,Active
A0009838,C007262,Savings,69143.97,2018-02-09,Active
A0009839,C007262,Fixed Deposit,148433.29,2020-11-20,Active
A0009840,C007263,Salary,15411.91,2020-12-26,Active
A0009841,C007263,Savings,14064.79,2023-04-04,Active
A0009842,C007264,Current,24050.38,2022-08-02,Active
A0009843,C007265,Fixed Deposit,570904.73,2023-01-02,Active
A0009844,C007266,Salary,13769.29,2019-08-30,Active
A0009845,C007267,Savings,35397.95,2020-09-26,Active
A0009846,C007268,Savings,16364.63,2021-04-22,Active
A0009847,C007269,Savings,29676.12,2024-06-23,Active
A0009848,C007270,Savings,51248.89,2022-01-22,Active
A0009849,C007271,Current,18465.52,2024-03-23,Active
A0009850,C007272,Fixed Deposit,246443.31,2020-11-24,Active
A0009851,C007273,Salary,12904.84,2024-01-07,Active
A0009852,C007274,Savings,13451.68,2018-02-14,Active
A0009853,C007274,Salary,43474.15,2018-06-18,Active
A0009854,C007275,Savings,93366.76,2023-01-27,Active
A0009855,C007276,Savings,10368.43,2019-11-22,Active
A0009856,C007276,Savings,125585.71,2023-01-26,Active
A0009857,C007277,Savings,6647.6,2022-07-06,Active
A0009858,C007277,Savings,31094.23,2023-04-10,Active
A0009859,C007278,Fixed Deposit,236478.22,2023-08-03,Active
A0009860,C007279,Fixed Deposit,204969.98,2022-06-23,Active
A0009861,C007279,Current,22076.12,2021-10-21,Active
A0009862,C007280,Current,22453.8,2019-11-29,Active
A0009863,C007281,Savings,3108.68,2018-04-24,Active
A0009864,C007282,Current,21401.17,2024-07-25,Active
A0009865,C007282,Savings,8962.61,2019-11-01,Active
A0009866,C007283,Current,6197.89,2019-06-07,Active
A0009867,C007284,Salary,44165.6,2021-06-14,Active
A0009868,C007285,Savings,61065.49,2019-10-11,Active
A0009869,C007286,Current,58775.81,2021-10-17,Active
A0009870,C007286,Current,20105.92,2019-02-15,Active
A0009871,C007287,Savings,52921.36,2020-08-25,Active
A0009872,C007287,Salary,110811.11,2020-06-01,Active
A0009873,C007288,Fixed Deposit,455394.91,2024-08-05,Active
A0009874,C007289,Savings,5561.55,2019-04-28,Active
A0009875,C007289,Savings,23530.78,2020-03-24,Active
A0009876,C007290,Savings,12265.56,2025-06-27,Active
A0009877,C007291,Salary,4688.46,2024-08-26,Active
A0009878,C007291,Savings,103952.4,2021-03-01,Active
A0009879,C007292,Salary,34139.52,2024-02-05,Dormant
A0009880,C007293,Fixed Deposit,537918.63,2018-03-09,Active
A0009881,C007293,Savings,9586.07,2021-04-05,Active
A0009882,C007294,Savings,69534.71,2021-04-04,Active
A0009883,C007294,Salary,4765.95,2018-04-02,Active
A0009884,C007295,Current,23587.41,2019-02-28,Active
A0009885,C007296,Salary,70235.25,2024-04-29,Active
A0009886,C007297,Fixed Deposit,126811.25,2023-04-05,Active
A0009887,C007298,Savings,14926.41,2023-08-06,Active
A0009888,C007298,Current,24328.35,2019-05-18,Active
A0009889,C007298,Savings,82767.13,2022-06-08,Active
A0009890,C007299,Savings,49995.95,2019-05-26,Active
A0009891,C007300,Savings,59898.09,2018-11-02,Dormant
A0009892,C007301,Salary,9130.38,2023-01-13,Active
A0009893,C007301,Savings,79368.5,2020-06-20,Active
A0009894,C007302,Savings,6142.14,2019-01-19,Active
A0009895,C007302,Savings,53133.94,2022-02-21,Active
A0009896,C007302,Current,126232.21,2018-04-02,Active
A0009897,C007303,Savings,31386.0,2025-05-07,Active
A0009898,C007304,Savings,9280.91,2019-10-07,Active
A0009899,C007305,Fixed Deposit,455853.2,2018-07-05,Active
A0009900,C007306,Savings,5571.94,2018-05-20,Active
A0009901,C007306,Current,55831.49,2020-06-18,Active
A0009902,C007307,Savings,23179.86,2021-04-25,Active
A0009903,C007308,Salary,12536.44,2018-01-28,Active
A0009904,C007309,Fixed Deposit,192333.88,2023-10-16,Active
A0009905,C007310,Fixed Deposit,79003.2,2022-02-01,Active
A0009906,C007311,Savings,52863.98,2020-03-22,Active
A0009907,C007311,Fixed Deposit,197110.38,2021-04-14,Active
A0009908,C007311,Savings,8220.39,2021-03-16,Active
A0009909,C007312,Savings,18939.96,2023-02-14,Active
A0009910,C007312,Savings,13648.76,2023-03-30,Active
A0009911,C007313,Fixed Deposit,260383.14,2024-03-22,Active
A0009912,C007313,Savings,14782.04,2022-04-27,Active
A0009913,C007314,Salary,27541.36,2024-10-16,Active
A0009914,C007314,Savings,47880.62,2024-01-26,Dormant
A0009915,C007315,Salary,17266.44,2022-10-23,Active
A0009916,C007315,Savings,12957.88,2019-08-23,Active
A0009917,C007316,Salary,214526.77,2022-01-23,Active
A0009918,C007317,Salary,22571.33,2018-04-25,Active
A0009919,C007318,Savings,35154.24,2019-11-21,Active
A0009920,C007318,Salary,11583.93,2018-08-18,Active
A0009921,C007319,Salary,11084.48,2020-08-01,Active
A0009922,C007319,Fixed Deposit,128449.85,2022-11-02,Active
A0009923,C007320,Fixed Deposit,229184.73,2024-01-27,Active
A0009924,C007321,Savings,39330.64,2022-03-15,Active
A0009925,C007322,Current,22867.42,2019-06-07,Active
A0009926,C007322,Fixed Deposit,109622.86,2018-09-23,Active
A0009927,C007323,Current,8025.44,2018-06-13,Active
A0009928,C007323,Salary,56276.0,2024-03-23,Active
A0009929,C007324,Salary,4270.05,2021-10-17,Active
A0009930,C007325,Savings,65624.34,2018-04-04,Active
A0009931,C007326,Salary,27772.35,2020-03-13,Active
A0009932,C007326,Savings,39362.83,2022-11-18,Active
A0009933,C007327,Current,9025.07,2025-01-28,Active
A0009934,C007328,Fixed Deposit,65430.68,2025-03-29,Active
A0009935,C007329,Savings,2851.23,2018-06-30,Active
A0009936,C007329,Savings,4851.77,2024-08-10,Active
A0009937,C007330,Savings,29239.74,2018-12-20,Active
A0009938,C007330,Savings,19732.8,2025-06-23,Active
A0009939,C007331,Salary,17627.93,2024-09-30,Active
A0009940,C007331,Current,10421.91,2021-10-14,Active
A0009941,C007332,Savings,7376.1,2019-08-13,Active
A0009942,C007333,Current,21084.02,2024-03-07,Active
A0009943,C007334,Current,30389.22,2023-05-02,Active
A0009944,C007335,Salary,3594.63,2020-07-08,Active
A0009945,C007336,Savings,28511.74,2024-12-08,Dormant
A0009946,C007337,Current,20157.79,2022-06-29,Active
A0009947,C007338,Current,8071.22,2022-08-03,Active
A0009948,C007339,Fixed Deposit,39286.82,2021-04-11,Active
A0009949,C007340,Savings,112457.42,2018-10-12,Active
A0009950,C007341,Savings,7696.81,2023-01-16,Active
A0009951,C007342,Salary,9451.88,2024-11-25,Active
A0009952,C007343,Salary,55483.21,2018-09-06,Active
A0009953,C007344,Current,5801.31,2018-09-28,Active
A0009954,C007344,Savings,26758.52,2018-02-03,Dormant
A0009955,C007345,Fixed Deposit,93867.41,2024-02-23,Active
A0009956,C007345,Fixed Deposit,40211.39,2022-11-06,Active
A0009957,C007345,Salary,66572.16,2021-01-29,Active
A0009958,C007346,Current,16012.21,2025-01-29,Active
A0009959,C007346,Savings,22416.31,2022-06-27,Active
A0009960,C007347,Current,33608.59,2019-12-08,Active
A0009961,C007348,Fixed Deposit,78804.05,2023-04-27,Active
A0009962,C007349,Fixed Deposit,223512.62,2020-01-26,Active
A0009963,C007349,Salary,16142.76,2021-12-31,Active
A0009964,C007350,Savings,6079.83,2023-12-02,Active
A0009965,C007351,Current,105114.65,2018-07-04,Active
A0009966,C007352,Savings,3309.09,2022-12-02,Active
A0009967,C007353,Current,15138.37,2019-08-13,Active
A0009968,C007353,Current,39129.14,2021-06-27,Active
A0009969,C007354,Savings,2957.27,2022-04-13,Active
A0009970,C007355,Savings,26900.18,2020-02-19,Active
A0009971,C007356,Salary,90049.87,2025-01-11,Active
A0009972,C007357,Current,37583.06,2024-05-28,Active
A0009973,C007358,Savings,1634.06,2023-12-24,Active
A0009974,C007359,Current,9728.74,2024-12-10,Active
A0009975,C007359,Salary,19799.96,2022-02-14,Active
A0009976,C007360,Fixed Deposit,141422.32,2021-11-13,Active
A0009977,C007361,Fixed Deposit,66033.02,2021-05-21,Active
A0009978,C007362,Current,5288.38,2018-03-06,Active
A0009979,C007362,Current,27081.1,2020-02-05,Active
A0009980,C007363,Savings,158410.4,2025-06-23,Active
A0009981,C007364,Savings,5270.35,2019-11-27,Active
A0009982,C007365,Savings,30037.02,2018-05-07,Active
A0009983,C007366,Savings,18427.7,2020-09-09,Active
A0009984,C007366,Salary,162584.19,2021-02-07,Active
A0009985,C007367,Savings,9028.18,2020-02-08,Active
A0009986,C007367,Savings,68645.02,2022-01-26,Active
A0009987,C007367,Salary,9777.73,2020-04-23,Active
A0009988,C007368,Salary,20124.25,2018-06-14,Active
A0009989,C007369,Salary,23007.29,2021-08-14,Active
A0009990,C007369,Savings,35060.33,2023-11-18,Active
A0009991,C007370,Savings,36592.67,2018-01-20,Active
A0009992,C007371,Savings,11278.03,2020-02-18,Active
A0009993,C007372,Savings,41262.34,2023-12-17,Active
A0009994,C007373,Savings,11504.26,2020-11-15,Active
A0009995,C007374,Salary,27399.17,2024-05-02,Active
A0009996,C007375,Fixed Deposit,301840.54,2020-07-05,Active
A0009997,C007376,Savings,38289.41,2018-01-17,Active
A0009998,C007377,Savings,46569.33,2024-03-05,Active
A0009999,C007378,Savings,48461.31,2021-09-15,Active
A0010000,C007379,Fixed Deposit,37301.03,2019-05-12,Active
A0010001,C007379,Savings,75075.08,2019-08-30,Active
A0010002,C007380,Savings,77858.0,2024-12-29,Active
A0010003,C007381,Savings,21125.89,2019-06-05,Active
A0010004,C007382,Savings,27279.13,2023-11-28,Active
A0010005,C007382,Fixed Deposit,168866.61,2021-10-19,Active
A0010006,C007383,Salary,12614.69,2020-11-01,Active
A0010007,C007383,Current,10191.38,2024-12-05,Active
A0010008,C007384,Current,26184.85,2021-11-19,Active
A0010009,C007384,Fixed Deposit,512608.39,2018-09-11,Active
A0010010,C007385,Savings,15404.29,2023-05-29,Active
A0010011,C007386,Salary,13192.59,2019-01-24,Active
A0010012,C007387,Savings,9425.65,2023-10-31,Active
A0010013,C007388,Salary,29034.24,2023-04-22,Active
A0010014,C007389,Savings,11894.3,2024-01-01,Active
A0010015,C007390,Salary,33808.87,2021-07-10,Active
A0010016,C007391,Fixed Deposit,365983.5,2021-12-02,Active
A0010017,C007392,Savings,7538.24,2022-12-08,Active
A0010018,C007393,Salary,12061.05,2022-09-12,Active
A0010019,C007394,Savings,57458.42,2021-02-16,Active
A0010020,C007395,Savings,10626.39,2023-06-01,Active
A0010021,C007395,Savings,28474.05,2024-01-30,Dormant
A0010022,C007396,Savings,35769.89,2020-01-24,Active
A0010023,C007397,Savings,13769.12,2018-01-05,Active
A0010024,C007398,Current,57577.16,2020-04-17,Active
A0010025,C007398,Savings,10476.68,2022-01-15,Active
A0010026,C007398,Fixed Deposit,64441.94,2024-03-15,Active
A0010027,C007399,Savings,243919.8,2024-08-04,Active
A0010028,C007400,Salary,15572.89,2020-08-21,Active
A0010029,C007401,Savings,21331.34,2018-06-02,Active
A0010030,C007402,Salary,6710.95,2024-06-26,Active
A0010031,C007403,Fixed Deposit,101916.03,2022-09-22,Active
A0010032,C007404,Savings,27654.64,2021-11-29,Active
A0010033,C007405,Fixed Deposit,41767.17,2019-02-07,Active
A0010034,C007406,Savings,16519.66,2024-10-17,Active
A0010035,C007406,Savings,50359.01,2021-12-18,Active
A0010036,C007407,Savings,21736.01,2018-12-16,Active
A0010037,C007408,Savings,45419.64,2020-09-12,Active
A0010038,C007409,Current,27575.58,2024-03-11,Active
A0010039,C007410,Salary,51173.51,2023-08-18,Active
A0010040,C007411,Salary,2745.42,2024-04-24,Active
A0010041,C007412,Savings,8589.84,2020-02-17,Active
A0010042,C007413,Current,4603.44,2024-04-15,Active
A0010043,C007414,Savings,45826.87,2021-07-16,Active
A0010044,C007414,Current,4463.91,2022-03-17,Active
A0010045,C007415,Savings,20043.38,2024-07-18,Active
A0010046,C007416,Fixed Deposit,254016.71,2019-08-31,Active
A0010047,C007417,Salary,10234.11,2025-01-14,Active
A0010048,C007418,Savings,30166.81,2024-03-04,Active
A0010049,C007419,Fixed Deposit,140188.27,2019-10-24,Active
A0010050,C007420,Savings,18009.31,2019-01-26,Active
A0010051,C007420,Savings,39374.13,2018-02-27,Active
A0010052,C007421,Savings,59650.33,2020-01-18,Active
A0010053,C007421,Savings,45877.55,2020-04-22,Active
A0010054,C007421,Savings,2996.06,2018-12-06,Active
A0010055,C007422,Current,5264.15,2022-11-06,Active
A0010056,C007423,Savings,17992.43,2021-06-17,Active
A0010057,C007424,Current,6433.86,2025-03-02,Active
A0010058,C007425,Current,16862.53,2021-01-26,Dormant
A0010059,C007426,Savings,2326.65,2019-08-12,Active
A0010060,C007427,Current,24344.64,2021-04-21,Active
A0010061,C007428,Salary,13627.46,2019-10-11,Active
A0010062,C007429,Fixed Deposit,275022.79,2024-01-28,Active
A0010063,C007430,Savings,17374.81,2024-05-12,Active
A0010064,C007430,Salary,24802.27,2024-05-08,Active
A0010065,C007430,Savings,6142.53,2022-10-05,Active
A0010066,C007431,Savings,65472.56,2019-01-30,Active
A0010067,C007432,Savings,7856.24,2024-01-12,Active
A0010068,C007433,Savings,7862.98,2025-04-30,Active
A0010069,C007433,Salary,6449.52,2024-10-26,Active
A0010070,C007434,Salary,171752.35,2025-06-30,Active
A0010071,C007434,Savings,6343.86,2022-10-03,Active
A0010072,C007435,Savings,11676.69,2019-01-31,Active
A0010073,C007436,Savings,10717.24,2020-07-30,Active
A0010074,C007437,Salary,40781.89,2025-06-02,Active
A0010075,C007438,Savings,4103.83,2020-07-29,Active
A0010076,C007439,Current,7482.82,2024-05-05,Active
A0010077,C007440,Savings,24312.58,2022-10-20,Active
A0010078,C007440,Savings,23054.51,2020-03-12,Active
A0010079,C007440,Salary,19554.46,2019-09-25,Active
A0010080,C007441,Savings,75555.18,2025-01-18,Active
A0010081,C007442,Salary,8006.01,2023-05-25,Active
A0010082,C007442,Savings,4938.22,2020-11-20,Active
A0010083,C007443,Current,15860.87,2018-05-23,Active
A0010084,C007444,Savings,12143.93,2019-12-15,Active
A0010085,C007445,Current,16267.62,2020-12-20,Active
A0010086,C007445,Savings,60464.15,2018-02-26,Active
A0010087,C007446,Savings,47024.47,2018-06-06,Active
A0010088,C007447,Savings,52247.5,2024-03-17,Active
A0010089,C007448,Current,22913.93,2024-11-02,Active
A0010090,C007448,Savings,3346.21,2025-03-19,Active
A0010091,C007449,Savings,18016.57,2019-01-28,Active
A0010092,C007450,Savings,9040.9,2019-06-07,Dormant
A0010093,C007450,Savings,28382.97,2021-01-28,Active
A0010094,C007451,Savings,26393.78,2021-05-11,Active
A0010095,C007452,Savings,85459.75,2023-02-25,Active
A0010096,C007453,Fixed Deposit,169148.58,2022-04-10,Active
A0010097,C007454,Savings,5106.11,2018-01-31,Active
A0010098,C007455,Savings,4428.44,2018-08-07,Active
A0010099,C007456,Savings,8280.3,2022-07-04,Dormant
A0010100,C007456,Salary,74278.62,2021-02-27,Active
A0010101,C007457,Savings,20043.61,2021-12-18,Active
A0010102,C007457,Salary,110713.33,2020-04-25,Active
A0010103,C007458,Salary,11603.31,2025-06-13,Active
A0010104,C007459,Salary,15448.47,2023-01-10,Active
A0010105,C007460,Current,37399.61,2022-06-26,Active
A0010106,C007461,Current,23024.96,2022-08-12,Active
A0010107,C007462,Salary,19179.68,2020-02-18,Active
A0010108,C007463,Salary,41801.21,2020-05-04,Active
A0010109,C007463,Current,36951.15,2020-08-26,Active
A0010110,C007464,Savings,4181.27,2024-03-25,Dormant
A0010111,C007465,Savings,12122.17,2023-08-04,Active
A0010112,C007465,Savings,81123.51,2019-08-01,Active
A0010113,C007466,Savings,217788.35,2025-05-07,Active
A0010114,C007467,Savings,28304.14,2021-04-09,Active
A0010115,C007468,Salary,42291.07,2020-10-06,Active
A0010116,C007468,Savings,47718.42,2022-02-16,Active
A0010117,C007469,Savings,23419.69,2018-09-08,Active
A0010118,C007470,Savings,5339.65,2021-11-14,Active
A0010119,C007471,Savings,76905.45,2019-03-12,Active
A0010120,C007472,Current,20298.09,2022-06-08,Active
A0010121,C007472,Fixed Deposit,317542.33,2019-05-02,Active
A0010122,C007473,Savings,26615.57,2020-06-23,Active
A0010123,C007473,Savings,20433.91,2024-04-10,Active
A0010124,C007473,Savings,24757.63,2021-03-02,Active
A0010125,C007474,Savings,5295.86,2021-12-08,Active
A0010126,C007475,Salary,11976.56,2023-08-15,Active
A0010127,C007476,Current,7393.49,2020-06-05,Active
A0010128,C007477,Fixed Deposit,83853.35,2024-02-15,Active
A0010129,C007478,Fixed Deposit,294116.49,2022-08-09,Active
A0010130,C007479,Savings,56203.3,2023-11-15,Active
A0010131,C007480,Savings,22893.22,2022-04-13,Active
A0010132,C007481,Salary,22116.85,2020-02-22,Active
A0010133,C007482,Savings,43086.87,2023-02-02,Active
A0010134,C007482,Salary,127950.12,2024-06-28,Active
A0010135,C007483,Savings,52563.88,2019-08-27,Active
A0010136,C007484,Current,23113.38,2018-01-15,Active
A0010137,C007485,Fixed Deposit,358987.14,2018-02-12,Active
A0010138,C007485,Savings,23399.58,2022-12-15,Active
A0010139,C007486,Current,8619.51,2024-01-26,Active
A0010140,C007486,Salary,22850.36,2024-09-06,Active
A0010141,C007487,Savings,21126.63,2021-10-10,Active
A0010142,C007488,Savings,103912.99,2020-11-26,Active
A0010143,C007489,Savings,20219.7,2025-02-12,Active
A0010144,C007489,Savings,5528.44,2019-08-21,Active
A0010145,C007490,Current,29433.08,2018-09-22,Active
A0010146,C007490,Current,15544.86,2022-05-06,Active
A0010147,C007490,Savings,11070.29,2020-12-08,Active
A0010148,C007491,Fixed Deposit,202151.16,2019-05-12,Active
A0010149,C007492,Current,13140.34,2023-02-09,Active
A0010150,C007493,Savings,13236.88,2018-01-27,Active
A0010151,C007494,Fixed Deposit,437305.81,2019-05-03,Active
A0010152,C007495,Savings,7025.57,2024-12-02,Active
A0010153,C007496,Savings,42747.66,2022-09-17,Active
A0010154,C007497,Savings,43005.2,2021-06-19,Active
A0010155,C007498,Current,104283.56,2019-10-05,Active
A0010156,C007498,Salary,20011.25,2018-10-06,Active
A0010157,C007499,Salary,7427.4,2019-10-18,Active
A0010158,C007499,Savings,55548.01,2023-01-23,Dormant
A0010159,C007500,Current,24711.8,2023-02-23,Active
A0010160,C007500,Current,15563.3,2025-01-02,Active
A0010161,C007501,Savings,8381.75,2020-05-21,Active
A0010162,C007502,Salary,7705.58,2024-01-23,Active
A0010163,C007502,Savings,19637.17,2024-09-21,Active
A0010164,C007503,Fixed Deposit,68160.86,2024-11-23,Active
A0010165,C007504,Savings,8667.39,2022-05-04,Dormant
A0010166,C007505,Savings,4338.76,2021-04-21,Active
A0010167,C007506,Salary,53498.19,2023-09-25,Active
A0010168,C007507,Savings,31045.94,2022-05-26,Active
A0010169,C007507,Savings,3590.78,2020-04-04,Active
A0010170,C007508,Fixed Deposit,242728.69,2018-09-02,Active
A0010171,C007509,Savings,33339.85,2019-09-12,Active
A0010172,C007510,Savings,15815.14,2021-04-02,Active
A0010173,C007511,Savings,7523.33,2021-09-10,Active
A0010174,C007511,Fixed Deposit,21426.86,2022-05-23,Active
A0010175,C007512,Savings,234307.2,2024-11-02,Active
A0010176,C007512,Savings,20368.38,2024-11-27,Active
A0010177,C007512,Savings,9063.69,2020-05-29,Active
A0010178,C007513,Savings,140643.15,2018-05-11,Active
A0010179,C007513,Savings,35004.91,2020-08-14,Active
A0010180,C007513,Savings,63494.53,2019-11-18,Active
A0010181,C007514,Savings,19432.68,2021-08-17,Active
A0010182,C007515,Current,9089.72,2023-09-01,Active
A0010183,C007516,Savings,5105.05,2019-08-15,Active
A0010184,C007516,Savings,29748.51,2020-06-13,Active
A0010185,C007517,Savings,2944.62,2018-10-27,Active
A0010186,C007518,Savings,33445.55,2025-06-17,Active
A0010187,C007519,Savings,9826.56,2022-10-12,Active
A0010188,C007519,Savings,27829.73,2018-08-26,Active
A0010189,C007520,Salary,5615.17,2021-05-20,Active
A0010190,C007521,Savings,71774.01,2025-03-20,Active
A0010191,C007521,Salary,9323.98,2018-02-10,Active
A0010192,C007522,Savings,9301.75,2022-10-03,Active
A0010193,C007523,Current,5201.13,2022-11-21,Active
A0010194,C007523,Savings,30849.16,2020-08-29,Active
A0010195,C007523,Salary,8036.38,2022-01-10,Active
A0010196,C007524,Current,3124.01,2022-03-03,Active
A0010197,C007525,Savings,114226.6,2023-10-14,Active
A0010198,C007526,Salary,46842.93,2023-05-04,Active
A0010199,C007527,Fixed Deposit,84568.75,2024-01-17,Active
A0010200,C007528,Salary,8426.73,2021-04-28,Active
A0010201,C007528,Savings,51712.15,2023-08-30,Active
A0010202,C007529,Salary,18821.96,2020-02-27,Active
A0010203,C007530,Salary,129575.2,2022-09-07,Active
A0010204,C007530,Savings,36339.22,2018-05-11,Active
A0010205,C007531,Savings,4643.31,2021-03-30,Active
A0010206,C007531,Savings,15921.21,2020-08-22,Active
A0010207,C007532,Savings,9270.42,2018-05-04,Active
A0010208,C007533,Savings,34801.21,2019-02-08,Active
A0010209,C007534,Savings,21158.87,2019-06-22,Active
A0010210,C007535,Salary,15052.19,2019-12-31,Active
A0010211,C007536,Savings,8207.29,2023-09-03,Active
A0010212,C007537,Fixed Deposit,33759.56,2019-01-11,Active
A0010213,C007537,Savings,28449.83,2022-05-22,Active
A0010214,C007538,Current,15321.72,2024-06-03,Active
A0010215,C007539,Current,18808.01,2021-01-04,Active
A0010216,C007540,Savings,40302.05,2023-03-02,Active
A0010217,C007541,Savings,9796.6,2019-09-26,Active
A0010218,C007542,Current,4570.86,2025-03-29,Active
A0010219,C007543,Fixed Deposit,152379.67,2018-11-14,Active
A0010220,C007543,Savings,104236.81,2019-10-05,Active
A0010221,C007544,Savings,5661.04,2022-01-06,Active
A0010222,C007544,Salary,11826.18,2021-05-29,Active
A0010223,C007545,Savings,60816.06,2024-01-05,Active
A0010224,C007546,Savings,11895.94,2021-08-20,Active
A0010225,C007546,Salary,38039.47,2021-10-21,Active
A0010226,C007547,Fixed Deposit,192132.77,2022-01-01,Active
A0010227,C007548,Current,20231.2,2022-03-22,Active
A0010228,C007549,Savings,6875.46,2024-08-10,Active
A0010229,C007550,Fixed Deposit,560359.67,2022-08-02,Active
A0010230,C007551,Current,16371.42,2018-08-27,Active
A0010231,C007551,Fixed Deposit,294688.74,2019-07-09,Active
A0010232,C007552,Savings,94233.84,2024-04-05,Active
A0010233,C007552,Fixed Deposit,215438.4,2021-08-12,Active
A0010234,C007553,Salary,6908.17,2018-04-19,Active
A0010235,C007553,Savings,27229.48,2023-08-26,Active
A0010236,C007553,Savings,21536.14,2023-05-18,Active
A0010237,C007554,Savings,20261.69,2025-06-16,Active
A0010238,C007554,Savings,366783.9,2022-08-25,Active
A0010239,C007555,Fixed Deposit,628324.13,2022-11-04,Active
A0010240,C007555,Savings,42588.68,2023-11-28,Active
A0010241,C007556,Savings,12685.92,2019-02-27,Active
A0010242,C007557,Fixed Deposit,205202.85,2021-04-21,Active
A0010243,C007558,Current,11447.49,2019-10-29,Active
A0010244,C007558,Fixed Deposit,97518.4,2024-02-19,Dormant
A0010245,C007559,Current,15797.32,2023-10-08,Active
A0010246,C007560,Current,6430.9,2020-06-15,Active
A0010247,C007561,Savings,8251.26,2020-07-17,Active
A0010248,C007562,Fixed Deposit,210494.04,2023-10-31,Active
A0010249,C007563,Savings,32528.67,2019-01-16,Active
A0010250,C007564,Current,11066.33,2025-03-25,Active
A0010251,C007565,Savings,62380.87,2022-06-12,Active
A0010252,C007566,Savings,55162.14,2024-01-24,Active
A0010253,C007567,Savings,7146.11,2022-08-19,Active
A0010254,C007568,Savings,12361.55,2020-07-11,Active
A0010255,C007569,Salary,40607.94,2024-03-31,Active
A0010256,C007570,Savings,37357.23,2025-02-05,Active
A0010257,C007571,Salary,4393.68,2019-09-06,Dormant
A0010258,C007571,Fixed Deposit,217556.9,2019-11-22,Active
A0010259,C007572,Salary,29923.98,2020-06-30,Active
A0010260,C007573,Savings,23247.94,2023-07-30,Active
A0010261,C007574,Salary,16859.81,2025-01-31,Active
A0010262,C007575,Fixed Deposit,328578.93,2023-08-14,Dormant
A0010263,C007576,Fixed Deposit,155310.55,2022-03-19,Active
A0010264,C007577,Fixed Deposit,99073.65,2023-09-04,Active
A0010265,C007578,Savings,28475.55,2020-09-28,Active
A0010266,C007578,Savings,44631.13,2019-07-13,Active
A0010267,C007579,Current,36355.82,2023-06-12,Active
A0010268,C007580,Salary,59421.78,2022-12-16,Active
A0010269,C007580,Salary,42797.27,2024-06-23,Active
A0010270,C007581,Savings,2195.93,2018-08-29,Active
A0010271,C007582,Salary,17885.74,2024-08-02,Active
A0010272,C007582,Savings,8521.39,2021-10-08,Active
A0010273,C007583,Savings,15917.81,2020-02-06,Active
A0010274,C007583,Savings,39855.03,2018-01-04,Active
A0010275,C007584,Current,2236.0,2024-05-15,Active
A0010276,C007585,Savings,53965.25,2021-02-11,Active
A0010277,C007585,Current,12801.46,2021-01-11,Dormant
A0010278,C007586,Salary,42792.91,2020-08-13,Active
A0010279,C007587,Savings,14475.14,2024-03-18,Active
A0010280,C007588,Current,21669.37,2019-04-19,Active
A0010281,C007589,Fixed Deposit,90665.91,2019-08-09,Active
A0010282,C007589,Current,18349.92,2022-04-25,Active
A0010283,C007590,Savings,40739.94,2021-12-09,Active
A0010284,C007590,Savings,7712.13,2020-12-27,Active
A0010285,C007591,Current,37436.77,2020-12-28,Active
A0010286,C007592,Salary,143732.73,2024-03-24,Active
A0010287,C007592,Salary,25967.81,2019-04-21,Active
A0010288,C007593,Salary,8175.33,2022-01-05,Active
A0010289,C007594,Savings,34931.39,2020-06-04,Dormant
A0010290,C007595,Fixed Deposit,121933.88,2021-12-31,Active
A0010291,C007596,Current,5986.34,2023-01-16,Active
A0010292,C007597,Salary,15137.1,2019-02-13,Active
A0010293,C007597,Savings,8893.73,2019-07-23,Active
A0010294,C007597,Savings,6420.14,2023-11-25,Active
A0010295,C007598,Savings,39133.39,2020-01-28,Active
A0010296,C007599,Fixed Deposit,502600.57,2020-04-27,Active
A0010297,C007599,Savings,12001.95,2023-04-04,Active
A0010298,C007599,Current,26889.98,2018-03-07,Active
A0010299,C007600,Salary,30200.35,2023-07-03,Active
A0010300,C007601,Savings,23696.78,2019-02-23,Active
A0010301,C007602,Savings,21678.6,2022-12-03,Active
A0010302,C007603,Current,41692.71,2019-09-12,Active
A0010303,C007604,Salary,106984.39,2021-12-15,Active
A0010304,C007605,Savings,5647.48,2018-04-19,Active
A0010305,C007606,Fixed Deposit,263502.22,2025-03-21,Active
A0010306,C007606,Savings,16545.88,2021-06-29,Active
A0010307,C007607,Savings,71270.04,2023-01-01,Active
A0010308,C007608,Savings,98761.95,2019-12-03,Active
A0010309,C007609,Savings,18546.6,2023-05-03,Active
A0010310,C007610,Savings,74973.79,2025-05-15,Active
A0010311,C007611,Salary,63408.03,2018-11-22,Active
A0010312,C007612,Savings,26535.92,2025-04-08,Active
A0010313,C007613,Savings,35419.15,2020-12-16,Active
A0010314,C007614,Current,20614.58,2021-05-16,Active
A0010315,C007615,Current,34010.08,2024-09-17,Active
A0010316,C007616,Fixed Deposit,211808.73,2018-04-26,Active
A0010317,C007617,Fixed Deposit,188869.4,2022-09-24,Active
A0010318,C007618,Savings,30922.7,2021-03-30,Active
A0010319,C007619,Savings,35571.02,2021-06-07,Active
A0010320,C007620,Salary,104105.25,2021-06-28,Active
A0010321,C007620,Savings,31584.28,2024-10-18,Active
A0010322,C007621,Salary,17539.53,2023-10-12,Active
A0010323,C007621,Current,150600.5,2019-07-16,Active
A0010324,C007622,Salary,9184.88,2023-03-30,Active
A0010325,C007623,Savings,7760.78,2019-12-12,Active
A0010326,C007624,Salary,10560.69,2020-10-20,Active
A0010327,C007625,Salary,5032.49,2023-04-02,Active
A0010328,C007625,Savings,13873.81,2021-03-29,Active
A0010329,C007626,Current,1448.62,2019-06-01,Active
A0010330,C007627,Savings,7852.58,2023-02-21,Active
A0010331,C007628,Savings,20907.71,2018-03-21,Active
A0010332,C007628,Salary,3210.26,2019-12-25,Active
A0010333,C007629,Savings,42541.48,2024-11-07,Active
A0010334,C007630,Salary,49979.34,2020-10-08,Active
A0010335,C007631,Fixed Deposit,119476.47,2020-05-15,Active
A0010336,C007632,Savings,33310.77,2019-03-12,Active
A0010337,C007633,Savings,6089.51,2020-07-06,Active
A0010338,C007634,Savings,25288.34,2022-12-18,Active
A0010339,C007635,Fixed Deposit,317008.13,2020-09-28,Active
A0010340,C007635,Savings,10886.35,2022-07-27,Active
A0010341,C007636,Salary,25703.77,2024-09-21,Active
A0010342,C007636,Current,4158.72,2021-06-02,Active
A0010343,C007637,Savings,43629.9,2019-07-12,Active
A0010344,C007638,Savings,7074.2,2024-08-18,Active
A0010345,C007639,Savings,17275.55,2023-08-05,Active
A0010346,C007639,Savings,41683.23,2022-09-10,Active
A0010347,C007640,Savings,20446.76,2018-10-14,Active
A0010348,C007641,Savings,35609.2,2020-03-13,Dormant
A0010349,C007641,Savings,19366.92,2022-02-21,Active
A0010350,C007641,Savings,119812.69,2018-02-25,Active
A0010351,C007642,Savings,7494.13,2024-09-17,Active
A0010352,C007642,Savings,13226.91,2025-04-22,Active
A0010353,C007643,Fixed Deposit,197779.28,2021-07-03,Active
A0010354,C007644,Savings,16168.3,2020-06-02,Active
A0010355,C007644,Savings,21965.22,2018-03-22,Active
A0010356,C007645,Savings,36178.05,2025-06-05,Active
A0010357,C007646,Fixed Deposit,484073.21,2020-07-02,Active
A0010358,C007647,Fixed Deposit,133619.16,2020-07-01,Active
A0010359,C007647,Fixed Deposit,346834.3,2018-12-14,Active
A0010360,C007647,Salary,66763.85,2019-03-30,Active
A0010361,C007648,Savings,67635.52,2024-02-20,Active
A0010362,C007648,Salary,41949.65,2020-01-29,Active
A0010363,C007649,Current,5694.93,2022-10-02,Active
A0010364,C007650,Savings,21317.89,2020-10-02,Active
A0010365,C007650,Savings,28582.23,2023-10-01,Active
A0010366,C007650,Salary,44179.51,2018-10-21,Dormant
A0010367,C007651,Savings,9100.25,2023-09-26,Active
A0010368,C007652,Salary,21464.75,2020-04-01,Active
A0010369,C007653,Savings,12678.17,2024-07-18,Active
A0010370,C007654,Savings,58101.52,2020-11-06,Active
A0010371,C007655,Salary,17939.22,2023-01-14,Active
A0010372,C007656,Current,89354.02,2022-03-02,Active
A0010373,C007657,Fixed Deposit,275700.82,2021-08-10,Active
A0010374,C007658,Savings,16803.51,2023-10-12,Active
A0010375,C007659,Savings,13374.37,2021-01-02,Active
A0010376,C007659,Savings,33440.13,2019-09-21,Active
A0010377,C007660,Salary,21270.8,2025-01-20,Active
A0010378,C007660,Savings,13642.9,2023-08-14,Active
A0010379,C007661,Current,21056.64,2023-04-13,Active
A0010380,C007662,Current,42855.88,2022-11-03,Active
A0010381,C007663,Savings,53569.54,2025-02-02,Active
A0010382,C007664,Savings,11041.91,2023-10-11,Active
A0010383,C007664,Current,14518.89,2021-05-06,Active
A0010384,C007665,Savings,38757.13,2022-03-15,Active
A0010385,C007665,Fixed Deposit,242760.35,2021-06-30,Active
A0010386,C007665,Savings,14473.29,2020-12-25,Active
A0010387,C007666,Savings,18403.29,2023-02-17,Active
A0010388,C007667,Savings,156897.42,2019-04-02,Active
A0010389,C007668,Savings,6211.23,2019-11-13,Active
A0010390,C007669,Current,78018.56,2021-01-05,Active
A0010391,C007670,Savings,77509.49,2024-09-28,Active
A0010392,C007671,Salary,19287.37,2020-09-04,Active
A0010393,C007672,Salary,50595.5,2018-01-23,Active
A0010394,C007673,Savings,5362.35,2020-07-23,Active
A0010395,C007674,Salary,2200.35,2018-03-27,Active
A0010396,C007674,Salary,19997.33,2024-08-04,Active
A0010397,C007675,Fixed Deposit,226307.5,2024-05-08,Active
A0010398,C007675,Savings,19903.71,2020-06-20,Active
A0010399,C007675,Salary,23678.4,2018-12-23,Active
A0010400,C007676,Current,71164.78,2022-08-08,Active
A0010401,C007677,Current,27039.37,2022-10-24,Active
A0010402,C007678,Savings,48674.61,2022-02-05,Active
A0010403,C007679,Fixed Deposit,744927.63,2021-06-22,Active
A0010404,C007679,Current,116457.3,2021-04-12,Active
A0010405,C007679,Savings,19593.66,2020-12-18,Active
A0010406,C007680,Salary,18385.71,2021-02-23,Active
A0010407,C007681,Salary,17832.5,2020-09-22,Active
A0010408,C007681,Current,41979.97,2021-06-27,Active
A0010409,C007682,Salary,10285.95,2024-09-23,Active
A0010410,C007682,Salary,97147.48,2025-05-13,Active
A0010411,C007683,Fixed Deposit,220417.24,2022-09-16,Active
A0010412,C007684,Fixed Deposit,29191.9,2025-02-17,Active
A0010413,C007685,Current,11564.51,2022-08-28,Active
A0010414,C007686,Savings,5147.6,2018-01-26,Active
A0010415,C007687,Current,22236.84,2022-05-07,Active
A0010416,C007688,Savings,12997.18,2023-07-10,Active
A0010417,C007688,Fixed Deposit,141434.4,2018-02-07,Active
A0010418,C007689,Savings,35474.43,2021-11-23,Dormant
A0010419,C007690,Savings,27321.23,2022-05-13,Active
A0010420,C007690,Savings,12742.29,2025-06-08,Active
A0010421,C007690,Savings,38651.06,2024-07-23,Active
A0010422,C007691,Fixed Deposit,43532.95,2024-11-12,Active
A0010423,C007692,Savings,38023.43,2022-04-10,Active
A0010424,C007692,Salary,32449.5,2024-12-10,Active
A0010425,C007693,Current,17631.16,2025-05-30,Active
A0010426,C007694,Savings,16605.57,2025-03-18,Active
A0010427,C007695,Current,8547.64,2020-02-07,Active
A0010428,C007696,Salary,13250.8,2023-04-05,Active
A0010429,C007697,Salary,65513.83,2020-06-10,Active
A0010430,C007698,Fixed Deposit,166017.27,2024-11-14,Active
A0010431,C007699,Savings,44885.86,2019-09-02,Active
A0010432,C007699,Savings,73490.77,2019-06-24,Active
A0010433,C007700,Current,5360.33,2022-12-15,Active
A0010434,C007701,Salary,13436.26,2023-06-17,Active
A0010435,C007702,Current,50796.05,2021-10-24,Active
A0010436,C007703,Savings,3499.65,2019-12-19,Active
A0010437,C007703,Savings,9245.53,2022-06-19,Active
A0010438,C007704,Current,17304.01,2019-09-14,Active
A0010439,C007705,Salary,7855.45,2023-08-20,Active
A0010440,C007706,Current,30876.76,2020-07-22,Active
A0010441,C007707,Current,142949.48,2019-07-03,Active
A0010442,C007708,Savings,40312.8,2024-06-05,Active
A0010443,C007709,Savings,8906.68,2023-10-15,Active
A0010444,C007710,Savings,3023.5,2023-04-19,Active
A0010445,C007711,Salary,6703.41,2021-08-12,Active
A0010446,C007711,Fixed Deposit,62559.82,2019-12-19,Active
A0010447,C007712,Current,14565.6,2021-09-12,Active
A0010448,C007713,Current,45549.95,2024-04-09,Active
A0010449,C007714,Current,22265.95,2024-10-22,Active
A0010450,C007715,Savings,7602.94,2019-07-06,Active
A0010451,C007716,Salary,6596.69,2022-09-11,Active
A0010452,C007717,Salary,10694.12,2018-12-28,Active
A0010453,C007718,Fixed Deposit,334966.15,2022-03-28,Active
A0010454,C007718,Savings,32649.76,2024-12-10,Active
A0010455,C007719,Savings,23787.13,2019-01-07,Active
A0010456,C007720,Salary,15014.18,2020-11-18,Active
A0010457,C007721,Savings,12741.74,2020-03-19,Active
A0010458,C007721,Salary,92702.0,2024-07-01,Active
A0010459,C007721,Savings,21008.36,2020-08-02,Active
A0010460,C007722,Fixed Deposit,196030.81,2019-01-14,Active
A0010461,C007723,Savings,12142.08,2020-03-27,Active
A0010462,C007723,Savings,17580.21,2020-05-24,Active
A0010463,C007724,Fixed Deposit,89763.66,2023-02-08,Active
A0010464,C007724,Savings,36128.73,2020-02-23,Active
A0010465,C007725,Salary,88985.67,2020-05-15,Active
A0010466,C007726,Salary,11797.11,2018-03-11,Active
A0010467,C007726,Savings,34320.96,2024-10-19,Active
A0010468,C007727,Current,4509.78,2025-02-22,Active
A0010469,C007728,Fixed Deposit,190714.6,2025-05-31,Active
A0010470,C007729,Salary,60514.2,2022-08-16,Active
A0010471,C007730,Current,96755.58,2021-01-24,Active
A0010472,C007730,Savings,23914.17,2024-10-21,Active
A0010473,C007731,Fixed Deposit,188647.04,2022-05-13,Active
A0010474,C007732,Salary,14394.86,2020-05-22,Active
A0010475,C007733,Savings,11739.77,2020-10-22,Active
A0010476,C007734,Savings,3828.9,2020-06-27,Active
A0010477,C007735,Savings,34062.97,2021-08-18,Active
A0010478,C007735,Savings,8730.88,2020-08-27,Active
A0010479,C007736,Current,26642.35,2018-01-23,Active
A0010480,C007737,Salary,4248.94,2020-02-22,Active
A0010481,C007738,Fixed Deposit,747650.12,2020-10-23,Active
A0010482,C007739,Savings,44160.29,2019-01-10,Active
A0010483,C007739,Current,78487.63,2024-12-16,Active
A0010484,C007740,Salary,8776.97,2022-09-14,Active
A0010485,C007740,Savings,10993.03,2023-01-03,Active
A0010486,C007741,Savings,57192.94,2021-09-05,Active
A0010487,C007742,Savings,28931.31,2022-08-20,Active
A0010488,C007742,Savings,5473.66,2023-10-28,Active
A0010489,C007742,Savings,19991.74,2021-08-18,Active
A0010490,C007743,Salary,21632.61,2024-01-08,Active
A0010491,C007743,Salary,6735.67,2019-09-22,Active
A0010492,C007744,Savings,22252.0,2020-04-05,Dormant
A0010493,C007745,Current,100797.83,2024-09-06,Active
A0010494,C007745,Savings,25277.91,2022-07-25,Active
A0010495,C007746,Salary,7711.55,2022-10-31,Active
A0010496,C007746,Salary,31867.86,2019-10-24,Active
A0010497,C007746,Fixed Deposit,73733.87,2018-03-29,Active
A0010498,C007747,Savings,43747.79,2018-08-13,Active
A0010499,C007747,Savings,32398.85,2019-09-27,Active
A0010500,C007748,Savings,12105.95,2019-08-03,Active
A0010501,C007748,Savings,22400.93,2020-08-31,Active
A0010502,C007749,Fixed Deposit,67652.96,2020-09-01,Active
A0010503,C007749,Savings,18490.4,2018-01-06,Active
A0010504,C007750,Savings,2804.18,2025-04-20,Active
A0010505,C007750,Fixed Deposit,595214.81,2019-03-31,Active
A0010506,C007751,Fixed Deposit,152034.81,2024-12-03,Active
A0010507,C007752,Savings,7517.71,2021-01-18,Active
A0010508,C007753,Fixed Deposit,69390.21,2018-04-24,Active
A0010509,C007754,Savings,17077.12,2020-11-27,Active
A0010510,C007755,Savings,95991.92,2020-10-28,Active
A0010511,C007756,Savings,34554.96,2024-03-16,Active
A0010512,C007757,Savings,6299.36,2024-03-22,Dormant
A0010513,C007758,Savings,23791.69,2018-11-27,Active
A0010514,C007759,Savings,16094.49,2023-01-27,Active
A0010515,C007760,Fixed Deposit,353153.91,2024-02-19,Active
A0010516,C007761,Savings,6840.77,2021-06-23,Active
A0010517,C007762,Savings,8425.76,2020-02-12,Active
A0010518,C007763,Current,10579.63,2019-01-16,Active
A0010519,C007764,Savings,63255.47,2023-01-14,Active
A0010520,C007765,Savings,22148.15,2019-04-17,Active
A0010521,C007766,Savings,65448.12,2020-11-22,Active
A0010522,C007767,Fixed Deposit,1315219.23,2020-02-27,Active
A0010523,C007767,Salary,29275.44,2022-01-22,Active
A0010524,C007768,Savings,11812.75,2025-05-28,Active
A0010525,C007769,Current,18010.81,2022-08-06,Active
A0010526,C007770,Savings,12089.25,2024-04-10,Active
A0010527,C007770,Fixed Deposit,156000.35,2019-09-30,Active
A0010528,C007771,Savings,32793.73,2022-01-27,Active
A0010529,C007772,Savings,68738.04,2018-07-31,Active
A0010530,C007773,Savings,57128.86,2024-12-02,Active
A0010531,C007774,Current,43284.29,2020-04-25,Active
A0010532,C007774,Savings,32443.59,2022-12-01,Active
A0010533,C007775,Current,10945.42,2018-09-19,Active
A0010534,C007776,Savings,10889.04,2023-02-07,Active
A0010535,C007777,Savings,31192.34,2024-04-27,Active
A0010536,C007777,Fixed Deposit,217151.9,2018-04-29,Active
A0010537,C007778,Savings,10702.65,2018-10-28,Active
A0010538,C007779,Savings,13308.15,2021-05-25,Active
A0010539,C007779,Savings,16959.42,2019-12-23,Active
A0010540,C007780,Current,27967.58,2024-01-31,Active
A0010541,C007781,Savings,8232.71,2019-04-07,Active
A0010542,C007781,Current,10663.27,2019-05-10,Active
A0010543,C007782,Fixed Deposit,174533.55,2019-08-01,Active
A0010544,C007782,Current,21347.93,2020-06-01,Active
A0010545,C007783,Savings,28948.47,2020-10-30,Active
A0010546,C007784,Salary,22917.5,2020-03-18,Active
A0010547,C007784,Savings,22067.48,2024-09-30,Active
A0010548,C007785,Salary,14302.44,2021-11-16,Active
A0010549,C007786,Savings,31920.99,2018-04-20,Active
A0010550,C007786,Current,16601.23,2020-01-26,Active
A0010551,C007787,Savings,14860.98,2020-11-16,Active
A0010552,C007788,Salary,29402.24,2018-02-18,Active
A0010553,C007789,Salary,39637.01,2020-04-01,Active
A0010554,C007789,Savings,49626.65,2022-03-27,Active
A0010555,C007789,Salary,77282.37,2024-10-24,Dormant
A0010556,C007790,Fixed Deposit,190603.39,2019-05-14,Active
A0010557,C007790,Savings,9651.41,2019-11-20,Active
A0010558,C007791,Fixed Deposit,103245.68,2018-04-23,Active
A0010559,C007792,Salary,6965.82,2023-07-22,Active
A0010560,C007793,Salary,45194.32,2019-01-31,Active
A0010561,C007793,Fixed Deposit,199933.46,2021-12-22,Active
A0010562,C007794,Savings,87280.74,2018-08-02,Active
A0010563,C007795,Savings,52569.53,2019-02-25,Active
A0010564,C007795,Savings,37703.84,2018-11-22,Active
A0010565,C007796,Current,21373.18,2023-10-31,Active
A0010566,C007797,Savings,6138.98,2024-09-28,Active
A0010567,C007798,Fixed Deposit,195291.12,2018-06-07,Active
A0010568,C007799,Savings,40521.85,2025-06-13,Active
A0010569,C007800,Salary,15923.46,2025-04-04,Active
A0010570,C007800,Salary,7697.47,2020-09-26,Active
A0010571,C007801,Savings,29447.09,2021-11-30,Active
A0010572,C007801,Savings,21960.28,2018-04-27,Active
A0010573,C007801,Current,11385.38,2025-06-12,Active
A0010574,C007802,Current,60624.37,2024-02-05,Active
A0010575,C007803,Fixed Deposit,163038.93,2020-08-10,Dormant
A0010576,C007804,Savings,9710.16,2022-10-11,Active
A0010577,C007805,Savings,5428.52,2022-06-21,Active
A0010578,C007806,Savings,42494.73,2024-01-17,Active
A0010579,C007806,Savings,28085.19,2024-07-04,Active
A0010580,C007807,Fixed Deposit,129143.65,2020-08-13,Active
A0010581,C007808,Savings,62645.85,2024-01-09,Active
A0010582,C007809,Salary,37161.8,2020-02-13,Active
A0010583,C007809,Salary,6877.41,2021-05-31,Active
A0010584,C007810,Salary,40290.73,2024-06-14,Active
A0010585,C007811,Fixed Deposit,88959.44,2018-09-09,Active
A0010586,C007812,Salary,19268.48,2022-06-16,Active
A0010587,C007813,Savings,24773.5,2023-08-05,Active
A0010588,C007814,Salary,39561.27,2020-02-14,Active
A0010589,C007814,Fixed Deposit,249198.71,2020-09-05,Active
A0010590,C007815,Current,15793.2,2025-03-04,Active
A0010591,C007816,Savings,36574.37,2019-03-03,Active
A0010592,C007817,Savings,27582.66,2018-08-26,Active
A0010593,C007817,Savings,164545.46,2024-11-11,Active
A0010594,C007817,Savings,44007.7,2022-09-25,Active
A0010595,C007818,Current,6362.81,2023-05-04,Active
A0010596,C007819,Savings,4591.3,2021-02-26,Active
A0010597,C007819,Fixed Deposit,478379.25,2025-01-09,Active
A0010598,C007819,Fixed Deposit,206962.02,2018-02-17,Active
A0010599,C007820,Fixed Deposit,92354.02,2021-06-26,Active
A0010600,C007821,Savings,6013.45,2020-07-08,Active
A0010601,C007822,Savings,11545.61,2018-06-27,Active
A0010602,C007823,Fixed Deposit,208731.08,2020-06-17,Active
A0010603,C007823,Salary,31512.9,2022-02-04,Active
A0010604,C007823,Savings,25035.76,2020-02-04,Active
A0010605,C007824,Salary,29942.63,2021-07-21,Active
A0010606,C007825,Savings,21413.41,2023-06-19,Active
A0010607,C007825,Savings,6016.03,2023-07-30,Active
A0010608,C007826,Current,41915.73,2025-06-15,Active
A0010609,C007827,Salary,18099.24,2022-12-25,Active
A0010610,C007828,Current,108475.32,2023-01-17,Active
A0010611,C007828,Current,41511.53,2019-07-02,Active
A0010612,C007829,Savings,15016.63,2019-11-12,Active
A0010613,C007829,Savings,3429.97,2024-12-13,Active
A0010614,C007830,Savings,4606.75,2022-03-02,Active
A0010615,C007831,Salary,19025.12,2023-01-06,Active
A0010616,C007831,Savings,20962.38,2020-10-03,Active
A0010617,C007832,Salary,26542.43,2023-09-28,Active
A0010618,C007833,Savings,18663.07,2020-01-15,Active
A0010619,C007834,Savings,14552.17,2024-07-28,Active
A0010620,C007835,Fixed Deposit,217205.71,2019-12-03,Dormant
A0010621,C007835,Savings,20659.0,2025-05-03,Active
A0010622,C007835,Salary,58729.72,2022-10-27,Active
A0010623,C007836,Fixed Deposit,272357.22,2024-04-01,Active
A0010624,C007837,Savings,5411.39,2024-01-06,Active
A0010625,C007838,Savings,103704.88,2018-12-12,Active
A0010626,C007838,Fixed Deposit,86942.1,2020-11-07,Active
A0010627,C007839,Savings,26144.03,2022-02-06,Active
A0010628,C007839,Salary,136414.25,2018-04-24,Active
A0010629,C007840,Savings,13705.47,2018-11-15,Active
A0010630,C007841,Fixed Deposit,569840.79,2023-06-21,Active
A0010631,C007841,Salary,5658.39,2022-07-04,Active
A0010632,C007842,Current,178166.58,2025-01-06,Active
A0010633,C007843,Current,15575.81,2020-03-06,Active
A0010634,C007844,Salary,13408.47,2022-06-08,Active
A0010635,C007844,Fixed Deposit,71314.5,2018-12-03,Active
A0010636,C007845,Fixed Deposit,35596.93,2025-05-22,Active
A0010637,C007846,Savings,27513.39,2024-08-30,Active
A0010638,C007846,Current,48431.02,2024-08-01,Active
A0010639,C007847,Fixed Deposit,73347.52,2023-03-02,Active
A0010640,C007848,Salary,41873.08,2024-10-01,Active
A0010641,C007848,Current,39575.91,2021-06-05,Active
A0010642,C007849,Fixed Deposit,248101.83,2024-02-13,Active
A0010643,C007849,Savings,57880.58,2025-05-09,Active
A0010644,C007850,Fixed Deposit,139057.43,2020-02-01,Active
A0010645,C007851,Savings,8134.92,2020-06-24,Active
A0010646,C007852,Savings,15627.28,2021-01-27,Active
A0010647,C007852,Savings,14436.86,2019-01-21,Active
A0010648,C007852,Current,7310.01,2018-12-15,Active
A0010649,C007853,Savings,25946.57,2024-08-06,Active
A0010650,C007853,Salary,92067.47,2024-02-27,Active
A0010651,C007854,Savings,43521.43,2019-07-25,Active
A0010652,C007855,Current,24846.02,2020-04-02,Active
A0010653,C007856,Savings,12105.59,2022-10-26,Active
A0010654,C007856,Salary,53074.04,2024-03-09,Active
A0010655,C007857,Savings,49641.98,2020-06-29,Active
A0010656,C007858,Savings,32103.19,2020-07-11,Active
A0010657,C007859,Savings,25760.95,2025-04-08,Active
A0010658,C007859,Savings,7578.55,2018-12-05,Active
A0010659,C007860,Savings,16987.29,2022-07-19,Active
A0010660,C007861,Salary,34828.01,2023-04-21,Active
A0010661,C007862,Savings,13408.18,2022-06-13,Active
A0010662,C007863,Savings,45871.41,2018-07-06,Active
A0010663,C007863,Savings,41080.78,2023-09-26,Active
A0010664,C007864,Savings,24304.39,2019-09-16,Active
A0010665,C007865,Savings,31498.79,2020-09-05,Active
A0010666,C007865,Savings,37777.01,2022-12-23,Active
A0010667,C007866,Salary,6128.29,2025-06-19,Active
A0010668,C007867,Savings,17067.51,2025-06-19,Active
A0010669,C007868,Savings,40047.52,2022-04-11,Active
A0010670,C007869,Current,11552.74,2023-07-29,Active
A0010671,C007870,Fixed Deposit,355196.85,2018-02-17,Active
A0010672,C007871,Salary,3709.65,2023-05-20,Active
A0010673,C007871,Current,40062.23,2020-06-27,Dormant
A0010674,C007871,Savings,4763.05,2019-08-22,Active
A0010675,C007872,Fixed Deposit,165528.73,2024-04-27,Active
A0010676,C007873,Fixed Deposit,128718.47,2023-04-22,Active
A0010677,C007874,Savings,57580.94,2019-05-21,Active
A0010678,C007875,Salary,36839.42,2019-07-08,Active
A0010679,C007876,Savings,35957.49,2021-10-18,Active
A0010680,C007877,Savings,22379.28,2023-06-03,Active
A0010681,C007877,Savings,65913.55,2025-04-22,Active
A0010682,C007878,Savings,47487.47,2023-11-03,Dormant
A0010683,C007879,Savings,18297.57,2019-09-26,Active
A0010684,C007880,Savings,30294.46,2022-09-11,Active
A0010685,C007880,Fixed Deposit,96775.9,2022-03-04,Active
A0010686,C007881,Savings,31234.64,2019-02-07,Active
A0010687,C007882,Savings,18081.69,2024-10-24,Active
A0010688,C007883,Savings,7247.3,2025-01-22,Active
A0010689,C007884,Savings,31693.64,2022-11-09,Active
A0010690,C007885,Current,9371.87,2023-08-19,Active
A0010691,C007886,Savings,12150.44,2022-06-05,Active
A0010692,C007886,Savings,19926.3,2023-01-09,Active
A0010693,C007887,Savings,28689.05,2023-01-09,Active
A0010694,C007888,Savings,15670.68,2018-07-25,Active
A0010695,C007889,Savings,17312.5,2020-03-21,Active
A0010696,C007889,Fixed Deposit,81896.93,2020-02-29,Active
A0010697,C007889,Salary,11271.9,2024-08-20,Active
A0010698,C007890,Current,220031.23,2021-09-25,Active
A0010699,C007891,Savings,13176.3,2020-09-08,Active
A0010700,C007892,Savings,35072.95,2023-06-22,Active
A0010701,C007892,Savings,10639.13,2020-07-11,Active
A0010702,C007893,Fixed Deposit,97953.27,2020-10-10,Active
A0010703,C007893,Current,38913.23,2024-12-26,Dormant
A0010704,C007893,Savings,35603.86,2019-09-07,Active
A0010705,C007894,Salary,5080.84,2018-05-14,Active
A0010706,C007895,Savings,35259.73,2023-10-05,Active
A0010707,C007896,Salary,53348.67,2020-06-09,Active
A0010708,C007897,Savings,22754.72,2018-10-29,Active
A0010709,C007898,Savings,23882.57,2024-10-28,Active
A0010710,C007899,Savings,16865.99,2021-04-29,Active
A0010711,C007899,Savings,30579.25,2018-12-26,Dormant
A0010712,C007900,Current,24221.65,2025-06-14,Active
A0010713,C007901,Savings,41000.43,2021-09-16,Active
A0010714,C007901,Fixed Deposit,321498.48,2020-08-17,Active
A0010715,C007902,Current,24190.37,2023-09-23,Active
A0010716,C007903,Savings,6162.98,2025-01-29,Active
A0010717,C007904,Savings,5806.12,2023-07-10,Active
A0010718,C007905,Savings,13126.73,2024-05-28,Active
A0010719,C007905,Current,25358.0,2020-03-14,Active
A0010720,C007906,Savings,72554.27,2018-05-01,Active
A0010721,C007907,Savings,19753.37,2024-11-03,Active
A0010722,C007908,Savings,10909.84,2021-04-12,Active
A0010723,C007908,Savings,47207.38,2025-01-23,Active
A0010724,C007909,Salary,6033.21,2022-10-27,Active
A0010725,C007910,Fixed Deposit,170584.18,2024-08-31,Active
A0010726,C007911,Savings,35619.59,2019-05-20,Dormant
A0010727,C007912,Savings,12142.53,2023-02-05,Active
A0010728,C007912,Savings,14913.06,2019-04-02,Active
A0010729,C007912,Salary,28643.12,2022-03-23,Active
A0010730,C007913,Current,27622.45,2024-08-20,Active
A0010731,C007914,Salary,23897.27,2021-12-06,Active
A0010732,C007914,Fixed Deposit,376121.94,2021-01-24,Active
A0010733,C007915,Savings,64403.83,2019-03-24,Active
A0010734,C007915,Savings,9591.55,2019-05-04,Active
A0010735,C007916,Current,6733.03,2022-08-30,Dormant
A0010736,C007917,Current,31258.26,2025-04-15,Active
A0010737,C007918,Salary,8127.66,2018-08-10,Active
A0010738,C007919,Savings,37060.19,2023-03-26,Dormant
A0010739,C007919,Savings,27124.37,2023-10-01,Active
A0010740,C007920,Fixed Deposit,279581.36,2021-04-09,Dormant
A0010741,C007921,Current,6456.39,2018-04-24,Active
A0010742,C007921,Fixed Deposit,103486.75,2018-05-23,Active
A0010743,C007922,Salary,8991.15,2024-02-25,Active
A0010744,C007922,Savings,46283.85,2018-02-05,Active
A0010745,C007923,Salary,25461.71,2020-01-07,Active
A0010746,C007924,Savings,6670.62,2025-04-16,Dormant
A0010747,C007925,Salary,9589.36,2024-04-15,Active
A0010748,C007926,Current,25439.34,2022-12-18,Active
A0010749,C007926,Salary,25318.9,2025-03-09,Active
A0010750,C007927,Current,6591.62,2024-10-12,Active
A0010751,C007927,Salary,171219.53,2021-06-17,Active
A0010752,C007928,Savings,38549.42,2021-02-01,Active
A0010753,C007929,Savings,15958.66,2024-11-22,Active
A0010754,C007930,Salary,53444.71,2022-09-21,Active
A0010755,C007930,Salary,55412.1,2021-02-07,Active
A0010756,C007931,Savings,57382.62,2020-09-21,Active
A0010757,C007932,Current,93940.96,2023-02-06,Active
A0010758,C007932,Savings,6309.22,2020-12-12,Active
A0010759,C007933,Savings,14064.24,2023-01-30,Active
A0010760,C007934,Salary,29536.24,2021-05-20,Active
A0010761,C007935,Savings,6428.25,2020-02-24,Active
A0010762,C007936,Savings,38327.02,2019-01-29,Active
A0010763,C007937,Savings,23614.76,2023-08-17,Active
A0010764,C007937,Salary,21164.46,2018-06-08,Active
A0010765,C007937,Fixed Deposit,143123.31,2021-06-26,Active
A0010766,C007938,Savings,23461.15,2024-04-08,Active
A0010767,C007939,Current,26193.99,2020-09-25,Active
A0010768,C007940,Current,41814.69,2019-03-19,Active
A0010769,C007941,Salary,15324.46,2019-04-04,Active
A0010770,C007942,Savings,21953.09,2021-02-06,Active
A0010771,C007943,Fixed Deposit,94645.11,2020-05-26,Active
A0010772,C007944,Savings,12838.02,2022-11-03,Active
A0010773,C007945,Salary,84545.41,2022-07-25,Active
A0010774,C007946,Current,51443.5,2019-05-15,Active
A0010775,C007947,Fixed Deposit,149973.38,2023-09-16,Active
A0010776,C007948,Savings,17223.77,2023-08-24,Active
A0010777,C007949,Savings,22621.52,2022-09-06,Active
A0010778,C007950,Savings,30874.54,2024-07-01,Active
A0010779,C007951,Savings,12174.18,2022-08-07,Active
A0010780,C007952,Current,19705.95,2021-02-24,Active
A0010781,C007953,Salary,52304.38,2024-03-16,Active
A0010782,C007954,Current,51550.95,2023-09-20,Active
A0010783,C007955,Savings,28323.95,2018-08-20,Active
A0010784,C007956,Salary,17269.3,2021-02-19,Active
A0010785,C007957,Savings,11261.31,2021-07-08,Active
A0010786,C007958,Savings,12191.79,2024-03-13,Active
A0010787,C007959,Salary,8340.51,2020-08-02,Active
A0010788,C007960,Current,14329.29,2024-03-30,Active
A0010789,C007961,Current,52315.8,2021-10-12,Active
A0010790,C007961,Current,17733.13,2019-09-06,Active
A0010791,C007962,Savings,40011.17,2022-07-12,Active
A0010792,C007963,Savings,5708.8,2025-06-26,Active
A0010793,C007964,Savings,144553.55,2018-10-05,Active
A0010794,C007965,Salary,9433.04,2020-06-26,Active
A0010795,C007966,Current,15359.67,2020-04-26,Active
A0010796,C007966,Salary,5055.65,2019-07-06,Active
A0010797,C007967,Savings,51224.32,2024-01-06,Active
A0010798,C007967,Salary,8573.36,2018-05-21,Active
A0010799,C007968,Salary,54706.19,2022-02-21,Active
A0010800,C007968,Fixed Deposit,270052.78,2020-10-05,Active
A0010801,C007969,Current,9218.33,2023-09-14,Active
A0010802,C007970,Salary,8066.7,2021-11-19,Active
A0010803,C007970,Savings,14779.03,2020-02-26,Active
A0010804,C007970,Savings,16386.4,2024-05-23,Active
A0010805,C007971,Salary,61011.54,2021-12-30,Active
A0010806,C007972,Fixed Deposit,72205.17,2020-05-22,Active
A0010807,C007972,Fixed Deposit,137715.05,2018-07-01,Dormant
A0010808,C007973,Salary,7396.56,2023-05-31,Active
A0010809,C007973,Fixed Deposit,109194.8,2018-08-30,Active
A0010810,C007974,Salary,85048.7,2019-03-08,Active
A0010811,C007974,Savings,17458.92,2022-12-22,Active
A0010812,C007975,Savings,10414.39,2022-02-17,Active
A0010813,C007976,Savings,18736.68,2024-11-11,Active
A0010814,C007977,Savings,7612.48,2020-09-02,Active
A0010815,C007978,Salary,24316.92,2024-04-11,Active
A0010816,C007978,Savings,53701.55,2025-04-11,Active
A0010817,C007979,Salary,20355.94,2025-03-07,Active
A0010818,C007980,Fixed Deposit,150348.01,2021-04-22,Active
A0010819,C007981,Fixed Deposit,451047.56,2020-07-01,Active
A0010820,C007981,Savings,17392.3,2018-04-12,Active
A0010821,C007982,Salary,10935.47,2025-01-09,Active
A0010822,C007982,Fixed Deposit,131468.39,2019-06-25,Active
A0010823,C007983,Savings,5435.44,2022-12-08,Active
A0010824,C007983,Savings,83653.28,2022-11-11,Active
A0010825,C007984,Salary,18464.75,2020-07-06,Active
A0010826,C007984,Savings,12789.32,2024-01-22,Active
A0010827,C007985,Current,41640.42,2018-06-24,Active
A0010828,C007986,Savings,47172.75,2025-03-17,Active
A0010829,C007987,Savings,43857.88,2021-10-13,Active
A0010830,C007988,Salary,30800.54,2024-02-16,Dormant
A0010831,C007989,Savings,31865.81,2022-04-01,Active
A0010832,C007990,Salary,14369.33,2025-04-02,Active
A0010833,C007991,Savings,13472.85,2020-02-20,Active
A0010834,C007992,Savings,24165.9,2020-09-06,Active
A0010835,C007993,Salary,25143.73,2022-08-29,Active
A0010836,C007994,Current,20372.38,2022-04-06,Dormant
A0010837,C007995,Fixed Deposit,277117.99,2018-08-03,Active
A0010838,C007996,Salary,18131.08,2025-02-05,Active
A0010839,C007996,Fixed Deposit,219616.77,2024-07-27,Active
A0010840,C007997,Savings,6837.63,2024-12-10,Active
A0010841,C007997,Savings,17973.92,2023-04-23,Active
A0010842,C007997,Savings,63554.49,2022-11-04,Active
A0010843,C007998,Fixed Deposit,121764.31,2022-02-04,Active
A0010844,C007999,Current,21359.35,2018-04-22,Active
A0010845,C008000,Salary,25656.73,2023-01-20,Active
A0010846,C008000,Salary,56301.48,2019-03-19,Active
A0010847,C008000,Savings,38013.79,2019-12-26,Active
A0010848,C008001,Savings,15447.88,2022-12-04,Active
A0010849,C008001,Current,61880.04,2022-05-07,Active
A0010850,C008002,Fixed Deposit,218001.25,2019-08-13,Active
A0010851,C008003,Savings,70320.69,2023-12-10,Active
A0010852,C008004,Salary,28963.13,2019-12-28,Active
A0010853,C008005,Fixed Deposit,184529.33,2022-08-18,Active
A0010854,C008006,Fixed Deposit,61597.84,2022-06-14,Active
A0010855,C008006,Savings,32061.12,2021-02-13,Active
A0010856,C008007,Savings,6038.71,2019-01-16,Active
A0010857,C008008,Savings,39260.77,2023-07-06,Active
A0010858,C008009,Savings,6103.72,2022-07-30,Active
A0010859,C008009,Current,1955.86,2019-06-06,Active
A0010860,C008010,Fixed Deposit,31921.05,2019-10-18,Active
A0010861,C008010,Savings,27089.44,2018-09-17,Active
A0010862,C008011,Current,58520.49,2023-01-03,Active
A0010863,C008012,Savings,17149.08,2020-12-24,Active
A0010864,C008013,Savings,4783.2,2020-07-02,Active
A0010865,C008014,Fixed Deposit,176235.24,2021-04-21,Active
A0010866,C008015,Salary,18577.67,2021-06-19,Dormant
A0010867,C008016,Savings,18511.27,2020-06-21,Active
A0010868,C008017,Salary,8236.69,2022-07-10,Active
A0010869,C008017,Savings,9211.21,2019-04-28,Active
A0010870,C008018,Salary,7160.91,2024-10-29,Active
A0010871,C008019,Current,21996.26,2024-09-23,Active
A0010872,C008020,Fixed Deposit,129310.04,2019-03-30,Active
A0010873,C008021,Salary,5925.28,2023-03-07,Dormant
A0010874,C008022,Savings,26920.59,2021-09-03,Active
A0010875,C008022,Current,32747.84,2021-02-18,Dormant
A0010876,C008023,Savings,11626.32,2023-08-07,Active
A0010877,C008024,Savings,62174.31,2020-12-19,Active
A0010878,C008025,Savings,33075.45,2021-09-21,Active
A0010879,C008025,Savings,43725.06,2024-03-29,Dormant
A0010880,C008026,Current,94404.54,2023-09-15,Active
A0010881,C008027,Current,29399.36,2019-03-13,Active
A0010882,C008028,Salary,6163.36,2023-05-03,Active
A0010883,C008029,Salary,113913.76,2020-06-18,Active
A0010884,C008030,Fixed Deposit,109032.26,2023-06-29,Active
A0010885,C008030,Fixed Deposit,191014.1,2020-04-25,Active
A0010886,C008031,Savings,18322.88,2021-03-31,Active
A0010887,C008032,Salary,29808.6,2018-09-09,Active
A0010888,C008033,Savings,13644.33,2022-01-20,Active
A0010889,C008034,Savings,244855.6,2023-01-19,Active
A0010890,C008035,Salary,20070.83,2020-03-28,Active
A0010891,C008036,Savings,108360.03,2024-12-12,Active
A0010892,C008037,Savings,7161.34,2018-02-09,Active
A0010893,C008037,Fixed Deposit,671344.03,2025-04-08,Active
A0010894,C008038,Savings,4831.0,2020-04-17,Active
A0010895,C008039,Savings,18824.7,2020-09-13,Active
A0010896,C008039,Savings,7074.91,2023-01-15,Dormant
A0010897,C008040,Salary,16958.47,2021-05-24,Active
A0010898,C008040,Salary,90050.33,2020-09-22,Active
A0010899,C008041,Savings,46784.51,2023-04-09,Active
A0010900,C008041,Fixed Deposit,208432.91,2020-10-07,Active
A0010901,C008042,Current,71306.74,2022-12-01,Active
A0010902,C008043,Salary,13214.83,2019-08-15,Active
A0010903,C008044,Fixed Deposit,111858.57,2024-01-07,Active
A0010904,C008045,Current,22675.65,2020-10-06,Active
A0010905,C008045,Savings,14735.59,2022-03-06,Active
A0010906,C008046,Fixed Deposit,59261.12,2020-04-14,Active
A0010907,C008046,Current,15319.14,2022-06-06,Active
A0010908,C008047,Savings,27868.09,2025-04-03,Dormant
A0010909,C008048,Current,9019.47,2021-11-16,Active
A0010910,C008048,Savings,10154.89,2020-05-24,Active
A0010911,C008048,Salary,18751.93,2018-04-23,Active
A0010912,C008049,Savings,101271.26,2023-11-18,Active
A0010913,C008050,Savings,10954.87,2023-03-07,Active
A0010914,C008050,Salary,38248.82,2024-06-20,Active
A0010915,C008051,Current,15983.46,2022-07-30,Active
A0010916,C008051,Savings,16123.36,2018-09-02,Active
A0010917,C008052,Savings,25699.11,2023-03-11,Active
A0010918,C008053,Current,4684.83,2020-09-07,Active
A0010919,C008054,Current,34979.95,2023-01-01,Active
A0010920,C008055,Salary,27079.27,2018-07-01,Active
A0010921,C008056,Savings,70740.95,2024-12-29,Active
A0010922,C008057,Savings,11509.14,2021-07-25,Active
A0010923,C008057,Savings,9881.63,2019-02-16,Active
A0010924,C008058,Salary,73242.35,2022-11-03,Dormant
A0010925,C008059,Savings,15125.33,2019-11-20,Active
A0010926,C008060,Savings,31816.52,2020-09-16,Dormant
A0010927,C008061,Salary,20114.15,2023-02-01,Active
A0010928,C008061,Salary,45846.67,2021-04-02,Active
A0010929,C008062,Savings,156547.29,2020-02-07,Active
A0010930,C008063,Fixed Deposit,87097.6,2022-06-19,Active
A0010931,C008064,Savings,29508.1,2021-03-01,Active
A0010932,C008065,Salary,23090.35,2019-06-24,Active
A0010933,C008066,Savings,26122.94,2018-12-11,Active
A0010934,C008067,Savings,6067.63,2022-03-02,Active
A0010935,C008068,Savings,33653.28,2024-05-19,Active
A0010936,C008069,Salary,38054.87,2020-02-07,Active
A0010937,C008070,Savings,135932.82,2019-01-09,Active
A0010938,C008071,Savings,42711.96,2018-11-17,Active
A0010939,C008071,Salary,9954.82,2023-09-15,Active
A0010940,C008072,Fixed Deposit,145532.6,2019-03-08,Dormant
A0010941,C008073,Savings,32139.87,2020-12-18,Active
A0010942,C008074,Current,9008.59,2022-06-10,Active
A0010943,C008075,Salary,22057.64,2020-07-13,Active
A0010944,C008076,Savings,18006.78,2022-06-05,Active
A0010945,C008077,Current,3830.71,2019-06-03,Active
A0010946,C008078,Savings,25277.22,2018-04-24,Active
A0010947,C008079,Savings,147869.1,2019-04-16,Active
A0010948,C008079,Current,10994.95,2018-07-15,Active
A0010949,C008080,Savings,5285.06,2024-06-14,Active
A0010950,C008081,Savings,2775.78,2018-11-15,Active
A0010951,C008082,Savings,7523.04,2025-04-15,Active
A0010952,C008082,Salary,5038.07,2024-08-13,Active
A0010953,C008083,Savings,10092.41,2023-12-04,Active
A0010954,C008084,Current,51515.11,2021-04-30,Active
A0010955,C008085,Salary,30918.45,2019-09-13,Active
A0010956,C008086,Savings,14096.37,2024-02-16,Active
A0010957,C008086,Fixed Deposit,414882.2,2023-04-26,Active
A0010958,C008087,Savings,30446.24,2018-03-08,Active
A0010959,C008088,Savings,12430.55,2022-12-12,Active
A0010960,C008089,Savings,21253.71,2024-09-05,Active
A0010961,C008090,Fixed Deposit,92501.26,2024-07-19,Dormant
A0010962,C008090,Current,10815.74,2020-06-28,Active
A0010963,C008091,Savings,17672.33,2025-03-02,Active
A0010964,C008092,Fixed Deposit,33302.47,2023-05-19,Active
A0010965,C008092,Savings,3497.62,2022-12-13,Active
A0010966,C008093,Salary,4573.17,2021-04-22,Active
A0010967,C008094,Savings,104563.63,2024-06-03,Active
A0010968,C008095,Fixed Deposit,112428.24,2022-10-26,Active
A0010969,C008095,Fixed Deposit,140123.62,2019-02-16,Active
A0010970,C008096,Fixed Deposit,282858.27,2019-11-25,Active
A0010971,C008097,Salary,28301.93,2019-07-31,Active
A0010972,C008098,Savings,9970.56,2022-07-15,Active
A0010973,C008099,Fixed Deposit,646961.31,2022-06-28,Active
A0010974,C008100,Fixed Deposit,134716.2,2021-02-04,Active
A0010975,C008101,Savings,33239.96,2024-08-23,Active
A0010976,C008101,Savings,91010.81,2024-11-07,Active
A0010977,C008102,Salary,109219.29,2019-08-13,Dormant
A0010978,C008103,Savings,10413.67,2023-03-24,Active
A0010979,C008104,Current,23005.25,2022-12-13,Active
A0010980,C008105,Current,9893.87,2023-03-20,Active
A0010981,C008106,Savings,39067.12,2021-02-19,Active
A0010982,C008106,Savings,12936.18,2019-10-16,Active
A0010983,C008107,Savings,9032.8,2018-09-09,Active
A0010984,C008107,Savings,15296.08,2018-12-09,Active
A0010985,C008108,Savings,10832.51,2021-06-19,Active
A0010986,C008108,Savings,7291.51,2024-05-05,Active
A0010987,C008109,Savings,61034.0,2024-09-13,Active
A0010988,C008110,Savings,7663.13,2023-02-22,Active
A0010989,C008110,Savings,9618.55,2019-07-28,Active
A0010990,C008111,Salary,5336.75,2020-10-08,Active
A0010991,C008111,Savings,19823.29,2021-01-09,Active
A0010992,C008112,Current,177415.18,2021-01-20,Active
A0010993,C008113,Savings,18800.07,2018-05-02,Active
A0010994,C008114,Salary,21271.56,2019-11-26,Active
A0010995,C008114,Current,78714.77,2018-07-24,Active
A0010996,C008115,Savings,2694.7,2024-11-30,Active
A0010997,C008115,Savings,73786.82,2023-08-06,Active
A0010998,C008116,Current,29985.1,2024-05-10,Active
A0010999,C008117,Savings,13516.72,2021-09-10,Active
A0011000,C008118,Savings,52887.24,2024-05-12,Active
A0011001,C008118,Savings,111166.15,2025-03-17,Active
A0011002,C008119,Savings,9548.78,2019-02-03,Active
A0011003,C008119,Savings,19453.98,2019-04-16,Active
A0011004,C008120,Savings,100969.12,2018-01-01,Active
A0011005,C008121,Savings,29527.04,2020-03-07,Active
A0011006,C008122,Savings,34761.7,2018-09-02,Active
A0011007,C008122,Savings,5553.09,2018-08-24,Active
A0011008,C008123,Savings,7084.02,2022-02-11,Active
A0011009,C008123,Savings,5415.52,2024-05-17,Active
A0011010,C008124,Savings,7967.65,2022-03-04,Active
A0011011,C008124,Savings,6192.4,2025-04-04,Active
A0011012,C008125,Savings,26218.13,2023-01-30,Active
A0011013,C008126,Savings,28451.33,2019-02-03,Active
A0011014,C008126,Savings,41213.54,2024-01-10,Active
A0011015,C008127,Salary,176760.45,2019-04-17,Active
A0011016,C008127,Fixed Deposit,134306.11,2022-03-18,Active
A0011017,C008127,Savings,44207.68,2025-03-06,Active
A0011018,C008128,Savings,11758.44,2024-06-02,Active
A0011019,C008128,Savings,18054.04,2020-08-13,Active
A0011020,C008129,Savings,9979.64,2023-11-03,Active
A0011021,C008129,Savings,41268.83,2024-01-17,Active
A0011022,C008130,Savings,26328.01,2019-03-24,Active
A0011023,C008131,Fixed Deposit,251194.4,2023-02-09,Active
A0011024,C008132,Savings,25344.84,2019-01-07,Active
A0011025,C008133,Savings,13578.51,2020-01-18,Active
A0011026,C008134,Savings,60685.46,2018-06-12,Active
A0011027,C008135,Current,5848.99,2021-07-29,Active
A0011028,C008136,Savings,70051.3,2024-06-26,Active
A0011029,C008136,Salary,26286.12,2021-01-03,Active
A0011030,C008137,Salary,112265.84,2018-11-29,Active
A0011031,C008138,Savings,20007.89,2022-04-26,Dormant
A0011032,C008138,Fixed Deposit,111398.61,2018-06-07,Active
A0011033,C008138,Salary,26278.01,2020-04-18,Active
A0011034,C008139,Current,40635.29,2021-02-03,Active
A0011035,C008139,Salary,16480.03,2019-06-07,Active
A0011036,C008140,Fixed Deposit,78387.36,2018-12-06,Active
A0011037,C008141,Salary,33134.98,2020-04-06,Active
A0011038,C008142,Savings,10095.6,2022-11-05,Active
A0011039,C008143,Salary,39098.44,2018-01-07,Active
A0011040,C008144,Savings,165086.2,2019-05-26,Active
A0011041,C008144,Fixed Deposit,22955.3,2020-03-24,Active
A0011042,C008145,Current,11689.38,2021-01-31,Active
A0011043,C008145,Savings,31213.1,2024-09-04,Active
A0011044,C008145,Salary,24488.45,2023-02-22,Active
A0011045,C008146,Savings,79224.86,2021-04-27,Active
A0011046,C008147,Savings,4758.27,2022-03-26,Active
A0011047,C008147,Current,7389.55,2025-01-27,Active
A0011048,C008148,Salary,10668.7,2022-10-01,Active
A0011049,C008148,Salary,11826.32,2020-05-23,Active
A0011050,C008149,Salary,20155.33,2021-08-17,Active
A0011051,C008150,Savings,164620.59,2025-02-25,Active
A0011052,C008151,Savings,22905.06,2021-07-16,Active
A0011053,C008151,Fixed Deposit,276797.73,2025-06-29,Active
A0011054,C008151,Savings,24275.06,2022-09-21,Active
A0011055,C008152,Savings,33896.06,2019-10-26,Active
A0011056,C008153,Current,23569.94,2018-11-23,Active
A0011057,C008154,Savings,17790.28,2021-12-10,Active
A0011058,C008155,Salary,25046.43,2021-04-02,Active
A0011059,C008155,Savings,27982.32,2018-04-11,Active
A0011060,C008156,Savings,13637.16,2022-08-30,Active
A0011061,C008156,Savings,109209.51,2021-01-21,Active
A0011062,C008157,Savings,16885.08,2024-08-23,Active
A0011063,C008158,Salary,75554.51,2023-04-15,Active
A0011064,C008159,Savings,10702.54,2024-01-21,Active
A0011065,C008160,Savings,10500.26,2023-03-07,Dormant
A0011066,C008161,Savings,30247.62,2024-02-22,Active
A0011067,C008161,Savings,128301.33,2022-09-13,Active
A0011068,C008162,Savings,31630.75,2022-01-24,Active
A0011069,C008163,Savings,11041.47,2019-12-05,Active
A0011070,C008164,Savings,18165.22,2024-09-22,Active
A0011071,C008165,Fixed Deposit,205140.13,2024-07-16,Active
A0011072,C008165,Current,17239.22,2021-06-02,Active
A0011073,C008166,Salary,17636.63,2022-05-09,Active
A0011074,C008166,Fixed Deposit,102860.42,2024-04-24,Active
A0011075,C008167,Savings,26637.28,2019-08-20,Active
A0011076,C008167,Current,41644.1,2021-05-14,Active
A0011077,C008168,Fixed Deposit,52689.64,2018-09-12,Active
A0011078,C008169,Savings,25690.18,2025-05-05,Active
A0011079,C008169,Savings,4284.46,2022-09-21,Active
A0011080,C008170,Salary,171351.33,2025-02-09,Active
A0011081,C008171,Salary,37087.62,2020-03-28,Active
A0011082,C008172,Current,4506.02,2018-03-31,Active
A0011083,C008173,Savings,38165.08,2024-10-12,Active
A0011084,C008173,Savings,11382.53,2023-01-17,Active
A0011085,C008173,Savings,7855.39,2018-08-31,Active
A0011086,C008174,Savings,22281.75,2023-03-17,Active
A0011087,C008174,Fixed Deposit,350261.53,2021-08-09,Active
A0011088,C008175,Salary,25599.9,2018-03-20,Active
A0011089,C008175,Savings,37384.28,2019-01-07,Active
A0011090,C008176,Salary,37244.28,2019-10-17,Active
A0011091,C008177,Current,16050.09,2021-12-15,Active
A0011092,C008178,Savings,40282.57,2019-09-09,Active
A0011093,C008178,Savings,81297.2,2018-09-27,Active
A0011094,C008178,Current,19495.28,2021-01-30,Dormant
A0011095,C008179,Salary,57335.46,2018-04-18,Active
A0011096,C008180,Salary,13160.23,2020-07-03,Active
A0011097,C008181,Fixed Deposit,217611.76,2020-03-23,Active
A0011098,C008182,Salary,125329.54,2025-01-07,Active
A0011099,C008183,Savings,35106.15,2020-04-20,Active
A0011100,C008183,Current,40107.81,2019-01-16,Active
A0011101,C008184,Fixed Deposit,179288.77,2023-02-20,Active
A0011102,C008185,Salary,5451.01,2023-05-08,Active
A0011103,C008185,Savings,59622.03,2020-09-18,Active
A0011104,C008186,Savings,8049.04,2020-12-15,Active
A0011105,C008187,Savings,22525.07,2020-01-01,Active
A0011106,C008188,Fixed Deposit,195794.65,2020-03-22,Active
A0011107,C008189,Savings,78517.64,2020-08-02,Active
A0011108,C008189,Savings,8697.53,2020-08-02,Active
A0011109,C008190,Salary,33467.01,2025-03-29,Active
A0011110,C008190,Savings,18503.48,2020-06-08,Active
A0011111,C008191,Fixed Deposit,108558.26,2021-06-05,Active
A0011112,C008192,Current,6247.6,2023-04-13,Active
A0011113,C008193,Salary,29662.07,2022-02-02,Active
A0011114,C008194,Savings,12362.46,2023-05-23,Active
A0011115,C008194,Fixed Deposit,287096.62,2022-08-13,Active
A0011116,C008195,Current,22107.13,2024-01-24,Active
A0011117,C008196,Savings,23127.87,2022-04-20,Active
A0011118,C008197,Fixed Deposit,68826.53,2024-03-21,Active
A0011119,C008197,Current,10656.52,2018-03-05,Active
A0011120,C008198,Savings,47435.16,2021-05-13,Active
A0011121,C008199,Savings,22854.65,2019-08-18,Active
A0011122,C008200,Fixed Deposit,173909.83,2019-05-04,Active
A0011123,C008201,Current,19426.48,2022-08-26,Active
A0011124,C008202,Salary,42862.35,2018-11-19,Active
A0011125,C008202,Savings,19559.15,2023-01-29,Dormant
A0011126,C008203,Fixed Deposit,319738.97,2024-01-14,Active
A0011127,C008204,Current,37070.8,2024-04-28,Active
A0011128,C008205,Salary,11910.39,2023-07-26,Active
A0011129,C008206,Fixed Deposit,311012.93,2020-03-27,Active
A0011130,C008206,Salary,95535.51,2025-02-05,Active
A0011131,C008207,Savings,6790.31,2018-12-08,Active
A0011132,C008208,Fixed Deposit,111943.98,2023-08-19,Active
A0011133,C008209,Salary,276372.33,2023-06-01,Active
A0011134,C008210,Current,14648.45,2023-01-22,Active
A0011135,C008211,Savings,9443.62,2019-06-27,Active
A0011136,C008212,Savings,10385.0,2025-03-27,Active
A0011137,C008213,Savings,3094.14,2021-07-08,Active
A0011138,C008213,Savings,8864.23,2021-12-25,Active
A0011139,C008214,Savings,189828.38,2019-03-15,Active
A0011140,C008215,Salary,15105.13,2024-03-27,Active
A0011141,C008216,Savings,5132.22,2020-03-29,Active
A0011142,C008217,Current,10180.86,2019-03-08,Active
A0011143,C008218,Savings,8444.01,2024-04-03,Dormant
A0011144,C008219,Salary,45253.5,2023-05-14,Active
A0011145,C008219,Current,31769.03,2025-02-27,Dormant
A0011146,C008220,Savings,17185.88,2021-11-30,Active
A0011147,C008220,Savings,21385.66,2018-07-17,Active
A0011148,C008221,Current,32480.79,2022-07-10,Active
A0011149,C008221,Savings,15307.06,2019-02-28,Active
A0011150,C008222,Salary,5266.69,2020-09-28,Active
A0011151,C008223,Savings,15351.74,2023-08-07,Active
A0011152,C008224,Salary,31383.83,2023-11-28,Active
A0011153,C008224,Savings,29232.19,2023-12-30,Active
A0011154,C008224,Savings,32041.33,2018-10-16,Active
A0011155,C008225,Savings,77711.68,2019-12-24,Active
A0011156,C008225,Fixed Deposit,169721.05,2021-10-09,Active
A0011157,C008226,Savings,20669.63,2019-03-16,Active
A0011158,C008227,Current,12059.45,2023-02-02,Active
A0011159,C008228,Savings,5313.81,2019-08-09,Active
A0011160,C008229,Salary,12601.81,2019-03-24,Active
A0011161,C008229,Salary,7441.89,2022-05-23,Active
A0011162,C008230,Savings,27911.23,2020-04-14,Active
A0011163,C008230,Savings,30053.66,2019-07-13,Active
A0011164,C008230,Savings,5068.21,2025-02-17,Active
A0011165,C008231,Savings,76097.0,2022-07-11,Active
A0011166,C008232,Savings,7136.77,2019-08-20,Active
A0011167,C008233,Savings,26968.06,2022-01-01,Active
A0011168,C008234,Fixed Deposit,159812.67,2022-01-15,Active
A0011169,C008235,Savings,9389.8,2021-09-12,Active
A0011170,C008236,Savings,19553.31,2024-05-09,Active
A0011171,C008236,Savings,17245.27,2018-09-19,Active
A0011172,C008237,Savings,9755.44,2023-01-24,Active
A0011173,C008237,Salary,18190.83,2019-09-01,Active
A0011174,C008238,Current,19000.35,2022-08-26,Active
A0011175,C008239,Savings,208042.29,2024-07-08,Active
A0011176,C008240,Savings,10874.04,2022-03-05,Active
A0011177,C008240,Savings,18746.62,2024-10-21,Active
A0011178,C008241,Salary,39806.98,2021-03-12,Active
A0011179,C008242,Fixed Deposit,182586.27,2023-01-15,Active
A0011180,C008243,Salary,21468.2,2024-01-03,Active
A0011181,C008243,Fixed Deposit,163899.72,2022-10-17,Active
A0011182,C008244,Savings,17961.4,2022-08-23,Active
A0011183,C008244,Savings,33253.06,2019-06-12,Active
A0011184,C008245,Salary,9434.58,2018-02-18,Active
A0011185,C008246,Savings,16517.89,2019-10-26,Active
A0011186,C008247,Current,15153.14,2023-01-02,Active
A0011187,C008248,Savings,6949.74,2018-05-31,Active
A0011188,C008248,Savings,22078.45,2021-07-15,Active
A0011189,C008248,Savings,11729.26,2024-01-21,Active
A0011190,C008249,Fixed Deposit,212580.66,2018-12-23,Active
A0011191,C008249,Savings,29345.38,2023-11-25,Active
A0011192,C008250,Savings,5247.44,2025-03-31,Active
A0011193,C008250,Fixed Deposit,97705.12,2025-05-25,Active
A0011194,C008251,Savings,13156.14,2022-07-31,Active
A0011195,C008252,Savings,14161.17,2023-07-09,Active
A0011196,C008252,Savings,14447.88,2022-09-10,Active
A0011197,C008253,Savings,15772.61,2023-09-27,Active
A0011198,C008253,Salary,22507.24,2024-02-03,Active
A0011199,C008254,Savings,1337.63,2025-04-18,Active
A0011200,C008255,Savings,16911.87,2024-12-21,Active
A0011201,C008255,Current,10294.66,2024-04-30,Active
A0011202,C008256,Savings,65446.23,2023-09-25,Active
A0011203,C008257,Current,165801.74,2018-07-28,Active
A0011204,C008258,Savings,7783.22,2018-05-09,Active
A0011205,C008259,Current,87028.27,2023-12-10,Active
A0011206,C008259,Fixed Deposit,200982.49,2024-01-13,Active
A0011207,C008260,Savings,18745.77,2023-07-16,Active
A0011208,C008261,Fixed Deposit,222045.27,2024-06-11,Active
A0011209,C008262,Savings,12013.2,2022-10-12,Active
A0011210,C008262,Fixed Deposit,244777.5,2024-07-01,Active
A0011211,C008263,Fixed Deposit,93916.51,2023-12-18,Active
A0011212,C008264,Current,21172.03,2024-08-27,Active
A0011213,C008265,Savings,40362.38,2018-03-26,Active
A0011214,C008266,Savings,6407.16,2024-08-05,Active
A0011215,C008266,Savings,12157.62,2020-09-01,Active
A0011216,C008267,Fixed Deposit,81622.99,2023-12-02,Active
A0011217,C008268,Fixed Deposit,609242.34,2020-03-24,Active
A0011218,C008269,Salary,21079.93,2024-04-07,Active
A0011219,C008270,Salary,35007.09,2019-02-08,Active
A0011220,C008270,Fixed Deposit,81803.15,2025-04-28,Active
A0011221,C008271,Savings,46174.53,2024-02-09,Active
A0011222,C008271,Fixed Deposit,432678.75,2021-11-18,Active
A0011223,C008272,Savings,70377.51,2024-06-03,Active
A0011224,C008273,Current,6640.05,2019-06-12,Active
A0011225,C008273,Savings,33019.39,2019-09-25,Active
A0011226,C008274,Savings,7320.21,2023-03-18,Active
A0011227,C008275,Salary,7318.01,2021-05-17,Active
A0011228,C008276,Savings,8730.96,2024-07-29,Active
A0011229,C008277,Savings,30079.79,2025-02-24,Active
A0011230,C008278,Savings,37304.14,2024-07-15,Dormant
A0011231,C008279,Savings,32070.12,2019-05-21,Dormant
A0011232,C008279,Fixed Deposit,33667.48,2021-02-26,Active
A0011233,C008280,Salary,16233.88,2021-11-30,Active
A0011234,C008281,Current,7598.09,2021-05-16,Dormant
A0011235,C008282,Fixed Deposit,307289.21,2020-04-30,Active
A0011236,C008283,Salary,20838.82,2021-06-29,Active
A0011237,C008283,Savings,15689.76,2022-02-06,Active
A0011238,C008284,Current,9318.63,2020-09-26,Active
A0011239,C008284,Savings,33079.02,2024-09-27,Active
A0011240,C008285,Current,57191.12,2023-06-05,Active
A0011241,C008286,Fixed Deposit,563436.0,2023-08-11,Active
A0011242,C008287,Salary,10676.47,2018-12-08,Active
A0011243,C008288,Salary,13193.35,2018-01-26,Active
A0011244,C008289,Salary,197722.55,2019-09-29,Active
A0011245,C008289,Current,55435.55,2023-03-09,Active
A0011246,C008290,Savings,13982.04,2020-01-19,Active
A0011247,C008291,Fixed Deposit,53891.48,2019-09-01,Active
A0011248,C008292,Salary,38997.96,2020-03-02,Active
A0011249,C008293,Savings,16433.06,2021-02-14,Active
A0011250,C008293,Fixed Deposit,223221.31,2021-12-02,Active
A0011251,C008294,Salary,1516.26,2022-03-15,Active
A0011252,C008294,Current,27247.8,2020-08-07,Active
A0011253,C008295,Savings,10188.2,2019-06-10,Active
A0011254,C008295,Savings,20802.45,2023-12-17,Active
A0011255,C008296,Savings,9274.91,2021-03-12,Active
A0011256,C008297,Fixed Deposit,218866.72,2021-01-08,Active
A0011257,C008297,Savings,26799.36,2024-09-16,Active
A0011258,C008297,Savings,36818.54,2019-10-15,Active
A0011259,C008298,Savings,74481.03,2018-12-03,Active
A0011260,C008298,Savings,17470.55,2021-05-03,Active
A0011261,C008299,Current,50005.92,2020-12-06,Active
A0011262,C008300,Salary,19035.03,2018-10-01,Active
A0011263,C008301,Salary,966873.85,2023-04-05,Active
A0011264,C008302,Current,23735.56,2020-07-13,Active
A0011265,C008303,Savings,4828.37,2019-11-19,Active
A0011266,C008304,Fixed Deposit,146002.1,2023-04-07,Active
A0011267,C008305,Current,32828.41,2024-08-04,Active
A0011268,C008305,Savings,109300.53,2020-05-11,Active
A0011269,C008306,Savings,99884.71,2021-02-07,Active
A0011270,C008307,Savings,39050.41,2019-09-01,Active
A0011271,C008307,Salary,16692.0,2021-01-22,Active
A0011272,C008308,Savings,18169.32,2023-03-17,Active
A0011273,C008308,Fixed Deposit,288319.91,2018-08-06,Dormant
A0011274,C008309,Savings,21502.25,2025-06-14,Active
A0011275,C008309,Salary,34811.78,2020-09-03,Dormant
A0011276,C008309,Savings,8674.68,2023-12-21,Active
A0011277,C008310,Salary,20630.74,2024-09-04,Active
A0011278,C008310,Salary,50983.97,2021-01-15,Active
A0011279,C008310,Fixed Deposit,197899.87,2018-02-24,Active
A0011280,C008311,Fixed Deposit,51990.79,2025-03-15,Active
A0011281,C008312,Savings,8660.26,2024-11-18,Active
A0011282,C008312,Fixed Deposit,112540.58,2020-12-20,Active
A0011283,C008313,Savings,27295.63,2025-03-13,Active
A0011284,C008314,Salary,174603.51,2020-05-05,Active
A0011285,C008314,Salary,17081.38,2021-10-17,Active
A0011286,C008315,Current,35906.49,2020-03-31,Active
A0011287,C008316,Current,17307.22,2019-01-31,Active
A0011288,C008317,Salary,13307.14,2022-10-14,Active
A0011289,C008318,Savings,6527.05,2023-04-21,Active
A0011290,C008319,Savings,75710.78,2024-03-21,Active
A0011291,C008320,Current,82503.24,2019-12-14,Active
A0011292,C008321,Current,20263.28,2019-06-01,Active
A0011293,C008321,Current,28372.43,2020-04-30,Active
A0011294,C008322,Savings,47067.94,2020-05-25,Active
A0011295,C008323,Savings,21029.73,2021-08-04,Active
A0011296,C008324,Current,65340.04,2024-01-13,Active
A0011297,C008325,Current,24744.35,2023-01-25,Active
A0011298,C008326,Current,8965.21,2019-04-27,Active
A0011299,C008327,Savings,24602.33,2020-09-27,Active
A0011300,C008328,Current,157635.41,2022-03-21,Active
A0011301,C008329,Savings,42608.94,2024-12-16,Active
A0011302,C008329,Savings,13071.5,2023-06-04,Active
A0011303,C008330,Savings,11182.92,2020-02-17,Active
A0011304,C008331,Salary,6548.07,2023-10-04,Active
A0011305,C008332,Salary,212978.59,2019-08-09,Active
A0011306,C008332,Fixed Deposit,189787.8,2018-02-16,Active
A0011307,C008333,Savings,13050.01,2025-03-28,Dormant
A0011308,C008334,Fixed Deposit,619275.27,2020-07-06,Active
A0011309,C008334,Savings,13812.08,2019-09-11,Active
A0011310,C008334,Savings,21925.58,2019-12-23,Active
A0011311,C008335,Fixed Deposit,542897.41,2018-09-02,Active
A0011312,C008335,Current,7911.29,2024-01-31,Active
A0011313,C008336,Savings,8318.86,2022-07-22,Active
A0011314,C008337,Salary,12984.03,2024-07-31,Dormant
A0011315,C008338,Savings,26141.28,2023-10-03,Active
A0011316,C008338,Salary,15697.06,2018-05-22,Active
A0011317,C008339,Current,19941.57,2021-02-22,Active
A0011318,C008339,Savings,49978.07,2022-08-29,Active
A0011319,C008340,Savings,40641.09,2022-08-16,Active
A0011320,C008340,Salary,32625.27,2018-07-09,Active
A0011321,C008341,Savings,27513.23,2021-03-20,Active
A0011322,C008342,Salary,40493.19,2019-11-17,Active
A0011323,C008343,Savings,34608.61,2023-08-03,Active
A0011324,C008343,Savings,15623.92,2024-01-16,Active
A0011325,C008344,Current,36189.92,2024-04-06,Active
A0011326,C008345,Savings,9459.11,2018-03-03,Active
A0011327,C008346,Savings,23005.24,2019-11-30,Active
A0011328,C008347,Savings,18665.3,2018-01-02,Active
A0011329,C008348,Savings,21106.32,2019-03-12,Active
A0011330,C008349,Savings,26551.7,2018-03-05,Active
A0011331,C008350,Savings,22256.66,2025-06-24,Active
A0011332,C008350,Savings,25750.86,2020-03-10,Active
A0011333,C008350,Current,16523.18,2022-08-03,Active
A0011334,C008351,Fixed Deposit,212370.22,2022-09-12,Active
A0011335,C008352,Savings,2944.74,2021-01-27,Active
A0011336,C008352,Salary,6346.73,2025-05-12,Active
A0011337,C008353,Savings,12474.86,2018-11-10,Active
A0011338,C008354,Current,13628.81,2018-11-25,Active
A0011339,C008355,Fixed Deposit,30837.66,2024-11-26,Active
A0011340,C008356,Fixed Deposit,112809.44,2022-06-02,Active
A0011341,C008356,Current,30754.17,2024-09-12,Active
A0011342,C008357,Current,28792.36,2018-09-10,Active
A0011343,C008358,Savings,9909.83,2020-02-14,Dormant
A0011344,C008358,Current,33955.11,2018-05-03,Active
A0011345,C008359,Savings,9934.36,2021-06-06,Active
A0011346,C008360,Fixed Deposit,68587.87,2020-01-17,Active
A0011347,C008361,Current,21484.46,2023-10-12,Active
A0011348,C008362,Savings,11322.99,2020-07-02,Active
A0011349,C008363,Current,3869.7,2020-05-05,Active
A0011350,C008364,Savings,10422.71,2020-05-14,Active
A0011351,C008365,Fixed Deposit,51540.3,2022-08-28,Active
A0011352,C008366,Salary,11455.21,2019-01-02,Active
A0011353,C008366,Savings,4858.49,2022-10-28,Dormant
A0011354,C008367,Current,4359.9,2022-11-07,Active
A0011355,C008368,Savings,119971.98,2020-05-02,Active
A0011356,C008369,Salary,13753.42,2022-11-29,Active
A0011357,C008369,Current,41679.66,2021-04-24,Active
A0011358,C008370,Savings,15229.51,2025-01-18,Active
A0011359,C008371,Savings,6442.55,2023-08-30,Active
A0011360,C008372,Salary,14413.08,2018-07-07,Active
A0011361,C008372,Fixed Deposit,120667.14,2018-03-10,Active
A0011362,C008373,Savings,17866.23,2024-09-09,Active
A0011363,C008373,Savings,15948.11,2018-10-14,Active
A0011364,C008374,Fixed Deposit,370649.88,2025-02-21,Active
A0011365,C008375,Savings,58739.26,2021-08-26,Active
A0011366,C008375,Fixed Deposit,697730.95,2020-06-05,Active
A0011367,C008376,Savings,70559.27,2024-09-21,Active
A0011368,C008377,Savings,5129.78,2024-07-10,Active
A0011369,C008378,Current,18403.76,2018-12-02,Active
A0011370,C008379,Fixed Deposit,295142.25,2023-05-03,Active
A0011371,C008380,Fixed Deposit,195463.4,2020-03-29,Active
A0011372,C008381,Current,17945.81,2018-03-09,Active
A0011373,C008381,Savings,8645.52,2022-07-30,Active
A0011374,C008382,Current,35181.58,2021-03-27,Active
A0011375,C008383,Savings,83432.82,2020-12-25,Active
A0011376,C008384,Savings,5825.48,2021-02-05,Active
A0011377,C008384,Savings,31745.93,2019-04-18,Active
A0011378,C008385,Salary,184858.35,2024-04-30,Active
A0011379,C008385,Savings,41107.49,2023-08-20,Active
A0011380,C008385,Current,4751.5,2023-03-27,Active
A0011381,C008386,Fixed Deposit,358827.86,2024-10-01,Active
A0011382,C008387,Salary,12218.41,2019-03-24,Active
A0011383,C008388,Salary,146446.34,2023-07-10,Active
A0011384,C008389,Current,129855.01,2022-05-08,Active
A0011385,C008389,Savings,22546.97,2025-04-23,Active
A0011386,C008390,Savings,11544.86,2019-11-30,Active
A0011387,C008390,Savings,30870.12,2021-05-07,Active
A0011388,C008391,Savings,14456.32,2023-04-06,Active
A0011389,C008392,Savings,48138.64,2021-04-06,Active
A0011390,C008393,Fixed Deposit,202349.79,2022-04-05,Active
A0011391,C008394,Savings,23566.95,2019-05-22,Active
A0011392,C008395,Savings,124933.58,2018-10-02,Active
A0011393,C008396,Savings,10837.68,2020-10-11,Active
A0011394,C008397,Salary,32567.53,2018-01-19,Active
A0011395,C008398,Fixed Deposit,166413.41,2024-09-30,Active
A0011396,C008399,Salary,12927.16,2019-11-21,Active
A0011397,C008399,Savings,34507.0,2024-06-26,Active
A0011398,C008400,Salary,88853.71,2019-01-10,Active
A0011399,C008400,Savings,130728.32,2019-05-11,Active
A0011400,C008401,Savings,84941.89,2020-01-25,Active
A0011401,C008402,Fixed Deposit,249026.15,2023-10-10,Active
A0011402,C008403,Savings,3937.93,2018-05-16,Active
A0011403,C008404,Fixed Deposit,56179.27,2024-01-30,Active
A0011404,C008405,Fixed Deposit,239535.84,2019-09-16,Active
A0011405,C008406,Savings,6695.23,2021-07-05,Active
A0011406,C008406,Savings,31892.82,2019-06-09,Active
A0011407,C008407,Fixed Deposit,376916.24,2018-04-20,Active
A0011408,C008408,Current,47857.9,2024-04-10,Active
A0011409,C008409,Salary,33471.65,2022-06-06,Active
A0011410,C008410,Savings,17273.55,2023-11-20,Active
A0011411,C008411,Savings,23655.52,2024-10-27,Active
A0011412,C008412,Savings,24283.44,2023-09-15,Active
A0011413,C008413,Savings,9551.01,2021-04-21,Active
A0011414,C008414,Fixed Deposit,422678.96,2019-11-21,Active
A0011415,C008415,Salary,14096.06,2019-10-09,Active
A0011416,C008416,Salary,53876.13,2021-07-09,Active
A0011417,C008416,Savings,77628.07,2021-04-23,Active
A0011418,C008416,Current,201660.83,2023-04-27,Active
A0011419,C008417,Salary,12554.02,2019-11-18,Active
A0011420,C008418,Current,26102.85,2018-12-12,Active
A0011421,C008419,Savings,118939.51,2024-10-20,Active
A0011422,C008420,Savings,8776.52,2023-07-06,Active
A0011423,C008421,Savings,11107.2,2019-08-08,Active
A0011424,C008422,Savings,20263.81,2020-11-01,Active
A0011425,C008423,Savings,24777.82,2022-01-18,Active
A0011426,C008424,Savings,33477.24,2018-02-22,Active
A0011427,C008424,Savings,30230.45,2020-03-14,Active
A0011428,C008424,Savings,140950.19,2023-08-23,Active
A0011429,C008425,Fixed Deposit,779111.28,2019-08-24,Active
A0011430,C008426,Salary,18712.57,2020-08-11,Active
A0011431,C008427,Savings,56201.35,2024-08-21,Active
A0011432,C008427,Savings,24132.94,2023-07-06,Active
A0011433,C008428,Savings,8588.28,2023-08-26,Active
A0011434,C008429,Savings,10168.31,2019-06-08,Active
A0011435,C008430,Current,4405.15,2024-01-29,Active
A0011436,C008431,Savings,12924.08,2021-12-23,Active
A0011437,C008432,Salary,10570.45,2020-09-12,Dormant
A0011438,C008432,Salary,22385.54,2019-08-21,Active
A0011439,C008432,Current,19322.14,2021-04-16,Active
A0011440,C008433,Current,38514.09,2021-10-31,Active
A0011441,C008434,Savings,56364.74,2023-01-26,Active
A0011442,C008435,Savings,24810.24,2018-07-15,Active
A0011443,C008436,Fixed Deposit,68019.13,2024-12-23,Active
A0011444,C008437,Savings,41410.15,2025-05-02,Active
A0011445,C008438,Savings,42617.39,2021-12-04,Active
A0011446,C008439,Salary,14648.57,2025-05-21,Active
A0011447,C008440,Salary,35262.29,2024-04-10,Active
A0011448,C008441,Savings,8899.57,2022-09-26,Active
A0011449,C008441,Savings,63632.85,2020-01-02,Active
A0011450,C008442,Salary,13723.01,2021-12-15,Active
A0011451,C008442,Savings,6760.52,2019-03-20,Active
A0011452,C008443,Savings,243979.14,2022-05-28,Active
A0011453,C008444,Current,26943.74,2019-12-05,Active
A0011454,C008445,Salary,29528.48,2020-01-12,Active
A0011455,C008446,Savings,22450.81,2020-10-10,Active
A0011456,C008447,Savings,94959.16,2018-04-12,Active
A0011457,C008448,Salary,17044.48,2018-04-01,Active
A0011458,C008448,Fixed Deposit,151634.91,2021-03-15,Active
A0011459,C008449,Current,92487.04,2023-09-22,Active
A0011460,C008450,Fixed Deposit,54547.56,2018-09-07,Active
A0011461,C008451,Current,33446.15,2024-04-03,Active
A0011462,C008452,Current,307341.61,2023-05-03,Active
A0011463,C008453,Current,15491.02,2018-07-01,Active
A0011464,C008454,Savings,23175.12,2024-09-11,Active
A0011465,C008455,Savings,386451.29,2022-10-10,Active
A0011466,C008456,Fixed Deposit,980081.01,2019-12-23,Active
A0011467,C008456,Fixed Deposit,44664.3,2019-12-30,Active
A0011468,C008457,Fixed Deposit,185829.97,2019-07-04,Active
A0011469,C008458,Current,93132.09,2018-04-26,Active
A0011470,C008458,Savings,9187.51,2025-01-23,Active
A0011471,C008459,Salary,5937.24,2024-11-18,Active
A0011472,C008459,Savings,30385.49,2024-07-12,Dormant
A0011473,C008460,Salary,38756.78,2021-12-10,Active
A0011474,C008461,Savings,36257.31,2024-06-30,Active
A0011475,C008462,Savings,15839.67,2022-02-04,Dormant
A0011476,C008463,Current,9640.52,2025-03-26,Active
A0011477,C008464,Fixed Deposit,41965.76,2025-05-13,Active
A0011478,C008465,Savings,39217.61,2020-05-31,Active
A0011479,C008466,Fixed Deposit,21863.69,2019-07-20,Active
A0011480,C008466,Salary,22651.29,2020-09-30,Active
A0011481,C008467,Savings,27827.66,2024-04-01,Active
A0011482,C008468,Savings,12001.28,2021-11-01,Active
A0011483,C008469,Salary,45076.11,2019-09-11,Active
A0011484,C008470,Savings,19831.13,2021-03-10,Active
A0011485,C008471,Savings,17385.37,2020-06-18,Active
A0011486,C008472,Savings,51476.75,2019-04-23,Active
A0011487,C008473,Fixed Deposit,374595.78,2025-04-01,Active
A0011488,C008474,Savings,27348.81,2019-08-29,Active
A0011489,C008475,Savings,67534.09,2021-01-09,Active
A0011490,C008475,Savings,28096.22,2022-06-23,Active
A0011491,C008476,Fixed Deposit,106278.01,2021-11-28,Active
A0011492,C008476,Savings,160858.7,2018-10-23,Active
A0011493,C008477,Savings,27539.35,2023-05-21,Active
A0011494,C008477,Savings,41139.95,2024-01-29,Active
A0011495,C008478,Fixed Deposit,541487.96,2022-10-03,Active
A0011496,C008479,Current,40581.88,2023-02-06,Active
A0011497,C008480,Savings,250154.76,2019-08-11,Active
A0011498,C008481,Savings,4754.9,2024-09-20,Active
A0011499,C008482,Salary,44177.8,2019-12-19,Active
A0011500,C008483,Salary,18837.81,2020-08-06,Active
A0011501,C008484,Savings,16776.78,2019-10-05,Active
A0011502,C008485,Current,49656.39,2025-03-10,Active
A0011503,C008485,Fixed Deposit,243974.17,2022-06-25,Active
A0011504,C008486,Fixed Deposit,219876.47,2020-11-12,Active
A0011505,C008487,Savings,13237.3,2023-01-23,Active
A0011506,C008488,Savings,67189.04,2023-03-10,Active
A0011507,C008488,Fixed Deposit,83609.41,2018-12-11,Active
A0011508,C008489,Savings,9420.85,2023-07-07,Active
A0011509,C008489,Fixed Deposit,211627.93,2023-12-03,Active
A0011510,C008490,Savings,29956.97,2023-03-01,Active
A0011511,C008491,Savings,58643.0,2022-01-22,Active
A0011512,C008492,Fixed Deposit,1668884.9,2022-07-22,Active
A0011513,C008492,Savings,36369.29,2023-06-12,Active
A0011514,C008493,Salary,14906.25,2018-05-10,Active
A0011515,C008494,Fixed Deposit,326709.46,2021-08-10,Active
A0011516,C008494,Salary,41817.84,2018-04-08,Active
A0011517,C008495,Current,5261.76,2023-03-12,Active
A0011518,C008495,Savings,27366.19,2023-09-03,Active
A0011519,C008495,Savings,3616.72,2019-06-02,Active
A0011520,C008496,Savings,50700.38,2021-07-28,Active
A0011521,C008497,Savings,7894.8,2021-06-27,Active
A0011522,C008498,Fixed Deposit,354981.98,2019-01-13,Active
A0011523,C008499,Savings,43808.33,2019-01-27,Active
A0011524,C008499,Savings,22315.33,2019-07-11,Active
A0011525,C008500,Savings,82305.89,2023-08-08,Active
A0011526,C008501,Current,39622.44,2024-08-22,Active
A0011527,C008501,Salary,6456.2,2023-04-24,Active
A0011528,C008502,Salary,22690.81,2021-11-11,Active
A0011529,C008502,Savings,12631.83,2022-12-11,Active
A0011530,C008503,Savings,7745.68,2019-07-05,Active
A0011531,C008504,Current,62885.61,2022-12-12,Active
A0011532,C008505,Fixed Deposit,11830.95,2019-08-15,Active
A0011533,C008505,Savings,101793.37,2018-12-14,Active
A0011534,C008505,Salary,46574.81,2021-09-01,Active
A0011535,C008506,Current,20669.43,2018-02-18,Active
A0011536,C008507,Salary,110161.02,2024-11-14,Active
A0011537,C008508,Current,6071.05,2021-07-15,Active
A0011538,C008509,Savings,16983.37,2018-05-18,Active
A0011539,C008510,Salary,57334.08,2021-12-18,Active
A0011540,C008510,Savings,11282.28,2022-11-04,Active
A0011541,C008511,Salary,9831.4,2020-06-21,Active
A0011542,C008511,Savings,43272.6,2023-09-12,Active
A0011543,C008511,Savings,13732.68,2022-07-10,Active
A0011544,C008512,Current,31627.32,2020-03-23,Active
A0011545,C008513,Salary,20009.53,2023-01-24,Active
A0011546,C008513,Savings,10729.97,2018-05-01,Active
A0011547,C008514,Savings,25023.72,2019-04-21,Active
A0011548,C008515,Savings,29757.13,2022-10-26,Active
A0011549,C008515,Salary,51312.05,2022-04-25,Active
A0011550,C008516,Salary,6970.15,2018-06-04,Active
A0011551,C008517,Current,34209.19,2020-04-18,Active
A0011552,C008518,Salary,11208.38,2022-01-07,Active
A0011553,C008518,Savings,40036.02,2019-08-06,Active
A0011554,C008519,Fixed Deposit,103359.41,2022-11-03,Active
A0011555,C008520,Savings,64998.35,2018-09-26,Active
A0011556,C008521,Savings,64902.33,2023-06-30,Active
A0011557,C008522,Savings,134790.43,2023-12-04,Active
A0011558,C008523,Salary,43460.83,2022-02-18,Dormant
A0011559,C008524,Current,53961.77,2019-01-17,Active
A0011560,C008525,Savings,26321.77,2022-04-09,Active
A0011561,C008526,Salary,31515.02,2024-01-22,Active
A0011562,C008527,Savings,65781.92,2019-12-09,Active
A0011563,C008528,Salary,105560.78,2022-04-05,Active
A0011564,C008529,Savings,39440.85,2021-07-30,Active
A0011565,C008530,Fixed Deposit,104565.1,2018-07-04,Active
A0011566,C008531,Savings,41289.43,2018-10-27,Active
A0011567,C008532,Savings,6134.94,2020-07-17,Active
A0011568,C008532,Salary,6956.8,2023-09-06,Active
A0011569,C008533,Savings,22768.6,2022-06-14,Active
A0011570,C008534,Savings,9145.71,2020-02-01,Active
A0011571,C008535,Savings,66925.84,2021-10-25,Active
A0011572,C008536,Savings,17480.59,2019-06-27,Active
A0011573,C008537,Savings,20730.77,2020-11-13,Active
A0011574,C008538,Salary,22450.76,2023-07-15,Active
A0011575,C008539,Current,57713.92,2020-09-24,Active
A0011576,C008540,Salary,21642.95,2020-08-15,Active
A0011577,C008541,Fixed Deposit,122308.92,2022-07-31,Dormant
A0011578,C008542,Savings,8598.52,2025-02-19,Active
A0011579,C008543,Savings,7357.53,2025-03-20,Active
A0011580,C008543,Fixed Deposit,489278.19,2021-03-12,Active
A0011581,C008543,Fixed Deposit,77386.66,2021-05-30,Active
A0011582,C008544,Current,10842.91,2023-11-16,Active
A0011583,C008545,Fixed Deposit,127865.69,2019-08-21,Active
A0011584,C008545,Salary,44204.61,2022-10-03,Active
A0011585,C008545,Savings,16408.82,2024-01-01,Active
A0011586,C008546,Savings,6260.06,2024-11-25,Active
A0011587,C008547,Fixed Deposit,45875.43,2021-08-12,Active
A0011588,C008547,Salary,20473.57,2024-05-29,Active
A0011589,C008548,Savings,24487.63,2019-09-26,Active
A0011590,C008549,Current,81851.88,2020-06-27,Active
A0011591,C008550,Salary,14734.49,2019-03-30,Active
A0011592,C008551,Current,14847.44,2021-02-23,Active
A0011593,C008552,Savings,9636.56,2021-02-14,Active
A0011594,C008552,Savings,17819.73,2020-01-22,Active
A0011595,C008552,Salary,65162.36,2023-12-09,Active
A0011596,C008553,Savings,41534.68,2024-01-28,Active
A0011597,C008554,Salary,16175.04,2019-01-01,Active
A0011598,C008555,Savings,5092.34,2025-06-29,Active
A0011599,C008556,Savings,34921.54,2024-01-27,Active
A0011600,C008556,Fixed Deposit,292115.54,2025-02-07,Active
A0011601,C008557,Fixed Deposit,42058.46,2024-10-10,Active
A0011602,C008558,Fixed Deposit,80113.81,2024-01-12,Active
A0011603,C008559,Fixed Deposit,63763.33,2018-06-10,Dormant
A0011604,C008560,Savings,23532.62,2020-10-25,Active
A0011605,C008561,Savings,80145.96,2019-06-26,Active
A0011606,C008561,Savings,14535.64,2023-02-01,Active
A0011607,C008562,Fixed Deposit,63020.16,2021-08-22,Active
A0011608,C008562,Salary,45810.37,2024-06-03,Active
A0011609,C008563,Savings,22401.56,2024-03-17,Active
A0011610,C008564,Salary,30591.41,2022-03-17,Active
A0011611,C008564,Savings,32648.13,2025-06-17,Active
A0011612,C008565,Current,14423.73,2024-04-10,Active
A0011613,C008565,Salary,34925.58,2024-02-21,Active
A0011614,C008566,Savings,21796.76,2019-08-21,Active
A0011615,C008566,Savings,25987.73,2023-04-06,Dormant
A0011616,C008567,Current,29386.66,2023-10-04,Active
A0011617,C008568,Savings,78343.31,2023-05-18,Active
A0011618,C008569,Savings,30817.78,2019-11-29,Active
A0011619,C008570,Current,33557.24,2019-02-02,Active
A0011620,C008571,Savings,97983.66,2018-05-22,Active
A0011621,C008572,Savings,12872.95,2019-02-07,Active
A0011622,C008573,Savings,77023.04,2021-05-12,Active
A0011623,C008574,Current,15571.53,2025-02-22,Active
A0011624,C008575,Savings,26369.56,2022-04-10,Active
A0011625,C008575,Savings,3174.96,2020-03-22,Active
A0011626,C008576,Current,32984.6,2023-05-09,Active
A0011627,C008577,Current,26843.1,2024-06-17,Active
A0011628,C008578,Fixed Deposit,23693.41,2018-06-03,Active
A0011629,C008579,Savings,29901.96,2023-11-04,Active
A0011630,C008579,Savings,20071.99,2024-07-27,Active
A0011631,C008579,Current,11554.0,2023-07-19,Active
A0011632,C008580,Current,6114.72,2024-11-16,Dormant
A0011633,C008581,Savings,5991.2,2022-07-06,Active
A0011634,C008582,Savings,22760.72,2018-08-08,Active
A0011635,C008583,Savings,22279.17,2023-12-09,Active
A0011636,C008583,Savings,148660.05,2022-06-20,Active
A0011637,C008583,Savings,5701.57,2023-02-03,Active
A0011638,C008584,Savings,9174.88,2019-11-25,Active
A0011639,C008585,Savings,41691.32,2023-06-29,Active
A0011640,C008586,Savings,3576.96,2021-12-14,Active
A0011641,C008587,Salary,26240.94,2023-01-10,Active
A0011642,C008587,Current,3187.67,2020-03-09,Active
A0011643,C008588,Savings,29707.06,2019-11-20,Dormant
A0011644,C008589,Savings,22982.88,2018-01-30,Active
A0011645,C008589,Salary,6443.8,2024-05-01,Active
A0011646,C008590,Savings,9611.02,2021-09-26,Active
A0011647,C008591,Savings,9729.79,2025-03-31,Dormant
A0011648,C008591,Salary,67735.28,2018-05-12,Active
A0011649,C008591,Savings,21539.12,2022-07-27,Dormant
A0011650,C008592,Fixed Deposit,218125.42,2021-03-28,Active
A0011651,C008593,Savings,13224.02,2020-01-13,Active
A0011652,C008594,Savings,20928.45,2021-12-28,Active
A0011653,C008594,Fixed Deposit,29432.52,2018-01-17,Active
A0011654,C008595,Fixed Deposit,135379.66,2019-06-02,Active
A0011655,C008596,Savings,53332.58,2018-06-05,Active
A0011656,C008597,Fixed Deposit,62613.53,2022-03-04,Active
A0011657,C008598,Savings,15844.26,2022-11-23,Active
A0011658,C008599,Fixed Deposit,237962.29,2024-01-10,Active
A0011659,C008600,Salary,80033.71,2023-05-18,Active
A0011660,C008601,Savings,21987.15,2025-05-03,Active
A0011661,C008602,Current,30797.27,2022-01-08,Active
A0011662,C008602,Fixed Deposit,68029.6,2023-09-11,Active
A0011663,C008603,Salary,22437.2,2021-04-14,Active
A0011664,C008604,Salary,19113.18,2023-08-03,Active
A0011665,C008605,Savings,12677.0,2021-10-20,Dormant
A0011666,C008606,Current,27071.08,2019-03-03,Active
A0011667,C008606,Salary,45762.44,2024-03-24,Active
A0011668,C008607,Salary,48708.5,2019-02-18,Active
A0011669,C008607,Savings,6087.27,2020-02-19,Active
A0011670,C008608,Savings,7555.05,2018-08-30,Active
A0011671,C008609,Savings,33523.38,2020-02-01,Active
A0011672,C008609,Fixed Deposit,62392.14,2018-12-24,Active
A0011673,C008609,Fixed Deposit,453707.48,2021-12-24,Active
A0011674,C008610,Current,13178.05,2021-02-19,Active
A0011675,C008611,Savings,6820.78,2024-02-16,Active
A0011676,C008611,Current,15066.23,2021-04-03,Active
A0011677,C008612,Savings,61187.3,2021-01-01,Active
A0011678,C008613,Savings,13421.78,2022-05-15,Active
A0011679,C008614,Salary,44149.92,2021-09-03,Active
A0011680,C008615,Savings,17835.03,2018-09-02,Active
A0011681,C008616,Current,4059.51,2018-09-16,Active
A0011682,C008616,Salary,30168.3,2018-06-16,Active
A0011683,C008616,Salary,133745.99,2021-12-23,Active
A0011684,C008617,Savings,17941.53,2021-06-20,Active
A0011685,C008618,Salary,9739.92,2020-02-11,Active
A0011686,C008618,Savings,15129.09,2019-01-04,Dormant
A0011687,C008619,Current,20862.82,2022-03-27,Active
A0011688,C008620,Salary,4144.73,2022-05-29,Active
A0011689,C008621,Savings,16307.71,2023-07-15,Active
A0011690,C008621,Savings,11856.57,2018-09-26,Active
A0011691,C008622,Savings,4017.51,2025-06-28,Active
A0011692,C008622,Fixed Deposit,60341.12,2025-05-15,Active
A0011693,C008623,Fixed Deposit,111062.33,2023-12-22,Active
A0011694,C008624,Savings,41049.95,2024-05-09,Active
A0011695,C008624,Fixed Deposit,63224.06,2020-01-14,Active
A0011696,C008625,Fixed Deposit,182622.65,2020-03-27,Active
A0011697,C008626,Salary,36794.59,2020-08-13,Active
A0011698,C008626,Savings,14391.42,2024-02-15,Active
A0011699,C008626,Current,18382.18,2022-06-18,Active
A0011700,C008627,Fixed Deposit,726060.15,2023-06-25,Active
A0011701,C008627,Savings,22025.73,2024-05-05,Active
A0011702,C008627,Savings,41741.61,2022-05-28,Active
A0011703,C008628,Savings,21724.67,2018-05-19,Active
A0011704,C008629,Salary,27656.19,2023-03-01,Active
A0011705,C008630,Current,24642.87,2020-03-07,Active
A0011706,C008631,Fixed Deposit,219337.12,2024-07-13,Active
A0011707,C008632,Current,96927.32,2023-10-02,Active
A0011708,C008633,Current,39842.21,2021-02-20,Active
A0011709,C008634,Savings,7869.32,2025-06-28,Active
A0011710,C008635,Current,28071.89,2024-05-01,Active
A0011711,C008635,Savings,6708.05,2025-02-03,Active
A0011712,C008636,Savings,28604.89,2021-11-02,Active
A0011713,C008636,Savings,34003.98,2022-04-21,Active
A0011714,C008637,Fixed Deposit,1235919.18,2018-10-02,Active
A0011715,C008638,Fixed Deposit,162111.27,2023-04-09,Active
A0011716,C008638,Salary,30896.43,2019-07-21,Active
A0011717,C008639,Savings,10677.79,2019-10-13,Active
A0011718,C008639,Salary,29741.21,2019-05-25,Active
A0011719,C008639,Savings,12105.68,2021-08-17,Active
A0011720,C008640,Salary,35679.19,2024-09-07,Active
A0011721,C008641,Salary,34787.6,2018-03-26,Active
A0011722,C008642,Fixed Deposit,193630.14,2021-07-11,Active
A0011723,C008643,Fixed Deposit,92818.64,2024-07-27,Active
A0011724,C008643,Savings,96488.53,2022-07-12,Active
A0011725,C008644,Savings,18582.59,2018-06-27,Active
A0011726,C008645,Current,7732.26,2023-08-13,Active
A0011727,C008646,Savings,8982.65,2020-02-04,Active
A0011728,C008647,Fixed Deposit,245338.12,2018-12-16,Active
A0011729,C008648,Savings,16555.9,2023-11-02,Active
A0011730,C008649,Fixed Deposit,277263.42,2019-01-02,Active
A0011731,C008650,Current,11252.9,2023-07-02,Active
A0011732,C008651,Salary,44680.8,2021-01-18,Active
A0011733,C008652,Savings,52192.03,2019-02-12,Active
A0011734,C008652,Savings,7758.43,2023-11-21,Active
A0011735,C008653,Savings,26254.1,2018-11-25,Active
A0011736,C008653,Fixed Deposit,241741.63,2019-04-10,Active
A0011737,C008654,Salary,26476.68,2024-03-05,Active
A0011738,C008654,Salary,10171.66,2024-06-19,Active
A0011739,C008655,Savings,9704.48,2019-06-06,Active
A0011740,C008655,Current,18064.02,2019-04-14,Active
A0011741,C008656,Current,1156.47,2019-01-25,Active
A0011742,C008657,Savings,49009.97,2025-01-13,Active
A0011743,C008657,Savings,23307.04,2025-01-07,Active
A0011744,C008658,Savings,45398.68,2019-02-14,Active
A0011745,C008658,Salary,26035.21,2021-03-06,Active
A0011746,C008659,Fixed Deposit,93280.85,2023-12-06,Active
A0011747,C008660,Savings,26495.85,2019-12-09,Active
A0011748,C008661,Current,9645.92,2024-03-05,Active
A0011749,C008662,Savings,45657.93,2023-02-06,Active
A0011750,C008663,Savings,52124.01,2025-04-11,Active
A0011751,C008664,Fixed Deposit,1358494.74,2018-06-12,Active
A0011752,C008664,Fixed Deposit,202705.05,2019-08-25,Active
A0011753,C008665,Fixed Deposit,34240.26,2023-09-03,Active
A0011754,C008665,Savings,15039.47,2022-11-01,Active
A0011755,C008666,Savings,28743.11,2022-08-28,Active
A0011756,C008667,Fixed Deposit,218748.82,2021-04-27,Active
A0011757,C008667,Current,26040.03,2018-02-23,Active
A0011758,C008668,Current,151281.22,2024-04-14,Active
A0011759,C008669,Savings,41330.82,2019-03-23,Active
A0011760,C008669,Salary,17587.2,2022-07-15,Active
A0011761,C008670,Savings,32295.32,2018-10-21,Active
A0011762,C008670,Salary,5580.64,2020-12-23,Active
A0011763,C008671,Fixed Deposit,412309.14,2021-09-11,Active
A0011764,C008671,Salary,23142.88,2022-10-13,Active
A0011765,C008671,Salary,47119.29,2020-03-02,Active
A0011766,C008672,Salary,1053.61,2020-05-09,Active
A0011767,C008673,Savings,49645.08,2020-05-22,Active
A0011768,C008674,Savings,9910.83,2022-06-30,Active
A0011769,C008674,Fixed Deposit,134344.11,2021-01-29,Active
A0011770,C008674,Savings,42939.85,2023-05-28,Active
A0011771,C008675,Savings,18549.27,2019-07-03,Active
A0011772,C008675,Current,18104.87,2019-08-01,Active
A0011773,C008676,Fixed Deposit,93216.22,2021-12-31,Active
A0011774,C008677,Salary,21585.61,2020-03-29,Active
A0011775,C008677,Salary,124900.49,2024-04-15,Active
A0011776,C008678,Current,7674.03,2024-06-09,Active
A0011777,C008678,Savings,211613.57,2024-05-01,Active
A0011778,C008679,Savings,10074.53,2019-07-03,Active
A0011779,C008680,Savings,57894.43,2022-08-02,Active
A0011780,C008681,Savings,5921.31,2022-08-06,Active
A0011781,C008681,Savings,43143.04,2022-05-31,Active
A0011782,C008682,Savings,8991.65,2020-02-26,Active
A0011783,C008683,Salary,17179.25,2023-07-16,Active
A0011784,C008684,Savings,9489.82,2019-06-19,Active
A0011785,C008685,Savings,91647.92,2018-01-09,Active
A0011786,C008685,Savings,4887.2,2021-01-14,Active
A0011787,C008686,Current,14272.34,2023-05-04,Active
A0011788,C008687,Savings,10106.95,2020-10-07,Active
A0011789,C008688,Savings,50184.14,2025-04-29,Active
A0011790,C008688,Savings,6082.5,2019-09-08,Active
A0011791,C008689,Savings,11397.77,2024-08-25,Active
A0011792,C008690,Current,2543.2,2020-03-24,Active
A0011793,C008691,Salary,39378.08,2018-10-26,Active
A0011794,C008692,Savings,16520.62,2023-12-18,Active
A0011795,C008693,Savings,6510.63,2018-03-27,Active
A0011796,C008693,Savings,11489.05,2019-04-25,Active
A0011797,C008693,Savings,12009.43,2023-04-13,Active
A0011798,C008694,Savings,32323.47,2018-04-12,Active
A0011799,C008695,Savings,25357.35,2024-05-06,Active
A0011800,C008696,Savings,68325.33,2024-12-04,Active
A0011801,C008697,Fixed Deposit,102139.09,2020-03-16,Active
A0011802,C008697,Fixed Deposit,70306.98,2020-08-26,Active
A0011803,C008698,Salary,13729.59,2024-04-28,Active
A0011804,C008699,Savings,20488.79,2021-11-20,Active
A0011805,C008700,Salary,74405.38,2020-07-21,Active
A0011806,C008701,Savings,33950.49,2021-07-12,Active
A0011807,C008702,Salary,54479.13,2025-03-20,Active
A0011808,C008703,Salary,21337.6,2021-08-29,Active
A0011809,C008704,Savings,12011.19,2019-07-04,Active
A0011810,C008705,Savings,5028.5,2023-03-25,Dormant
A0011811,C008705,Salary,12669.79,2022-06-25,Active
A0011812,C008706,Salary,47212.19,2024-01-28,Active
A0011813,C008706,Savings,99762.96,2023-02-21,Active
A0011814,C008707,Current,10280.79,2022-02-02,Active
A0011815,C008708,Savings,25518.82,2024-12-06,Active
A0011816,C008709,Fixed Deposit,181033.22,2022-07-04,Active
A0011817,C008710,Salary,59420.29,2018-01-24,Active
A0011818,C008710,Current,17372.6,2021-12-31,Active
A0011819,C008711,Savings,19182.17,2021-08-01,Active
A0011820,C008711,Savings,41598.08,2022-10-28,Active
A0011821,C008712,Current,18470.41,2023-11-27,Active
A0011822,C008712,Savings,16830.96,2024-12-27,Active
A0011823,C008713,Savings,13775.09,2021-03-02,Active
A0011824,C008714,Savings,22022.32,2021-02-19,Active
A0011825,C008715,Fixed Deposit,86049.39,2022-07-07,Active
A0011826,C008716,Savings,70710.25,2024-02-06,Active
A0011827,C008717,Savings,43049.26,2020-03-01,Active
A0011828,C008718,Savings,32318.93,2020-06-27,Dormant
A0011829,C008719,Savings,26698.69,2023-02-15,Active
A0011830,C008720,Savings,27026.39,2023-11-13,Active
A0011831,C008721,Current,3285.62,2021-07-05,Dormant
A0011832,C008722,Savings,13916.24,2020-07-13,Active
A0011833,C008723,Savings,16993.75,2023-10-11,Active
A0011834,C008724,Salary,18577.24,2019-05-17,Active
A0011835,C008725,Savings,3468.7,2023-06-12,Active
A0011836,C008726,Salary,17089.4,2020-04-09,Active
A0011837,C008727,Savings,26475.33,2022-09-01,Active
A0011838,C008728,Current,75762.05,2021-05-07,Active
A0011839,C008728,Savings,16484.87,2018-12-21,Active
A0011840,C008729,Salary,38036.14,2024-12-24,Active
A0011841,C008730,Salary,22620.54,2021-04-12,Active
A0011842,C008731,Fixed Deposit,86231.43,2023-06-01,Active
A0011843,C008731,Savings,45130.01,2019-10-19,Active
A0011844,C008732,Salary,7050.01,2025-03-30,Active
A0011845,C008732,Savings,39224.34,2022-07-05,Active
A0011846,C008733,Savings,2848.69,2020-06-23,Active
A0011847,C008733,Savings,4249.93,2019-03-24,Active
A0011848,C008734,Current,18251.35,2024-04-08,Active
A0011849,C008735,Salary,22699.14,2020-09-02,Active
A0011850,C008735,Savings,18218.34,2018-05-11,Active
A0011851,C008735,Current,5644.12,2023-03-21,Active
A0011852,C008736,Current,1323.55,2021-01-20,Active
A0011853,C008736,Fixed Deposit,271179.26,2023-01-02,Active
A0011854,C008737,Current,11696.21,2020-09-29,Dormant
A0011855,C008738,Savings,29262.54,2020-12-27,Active
A0011856,C008739,Savings,18928.58,2024-11-14,Active
A0011857,C008739,Savings,17475.73,2020-04-05,Active
A0011858,C008740,Fixed Deposit,229230.41,2020-05-20,Dormant
A0011859,C008741,Salary,30718.78,2024-10-28,Active
A0011860,C008742,Current,7477.25,2018-11-01,Active
A0011861,C008743,Fixed Deposit,124260.35,2023-07-26,Active
A0011862,C008744,Current,8756.95,2022-03-17,Active
A0011863,C008745,Fixed Deposit,244528.83,2019-10-30,Active
A0011864,C008745,Savings,6926.98,2021-05-20,Active
A0011865,C008746,Salary,212209.43,2025-05-23,Active
A0011866,C008747,Savings,25180.45,2025-03-28,Active
A0011867,C008747,Salary,6569.46,2018-12-20,Active
A0011868,C008748,Savings,4286.24,2020-12-27,Active
A0011869,C008749,Savings,16813.61,2020-06-18,Active
A0011870,C008749,Current,57695.62,2020-03-23,Active
A0011871,C008750,Current,3612.61,2021-10-02,Active
A0011872,C008751,Savings,12308.96,2024-10-15,Active
A0011873,C008752,Savings,12718.6,2020-06-14,Active
A0011874,C008753,Savings,28576.01,2018-10-07,Active
A0011875,C008753,Savings,46695.81,2019-01-28,Active
A0011876,C008754,Current,36542.81,2020-09-03,Active
A0011877,C008755,Current,13103.47,2023-11-12,Active
A0011878,C008756,Salary,30970.96,2018-05-15,Active
A0011879,C008757,Salary,96415.51,2019-03-28,Active
A0011880,C008758,Savings,4390.89,2021-01-07,Active
A0011881,C008759,Savings,15413.16,2023-05-29,Active
A0011882,C008760,Savings,4664.83,2019-05-16,Active
A0011883,C008761,Salary,6195.4,2023-09-28,Active
A0011884,C008762,Fixed Deposit,155256.34,2025-06-21,Active
A0011885,C008763,Savings,43985.71,2019-03-17,Active
A0011886,C008764,Savings,29700.77,2023-08-27,Active
A0011887,C008765,Salary,14968.34,2025-05-16,Active
A0011888,C008765,Savings,20888.26,2020-08-18,Active
A0011889,C008766,Fixed Deposit,72347.05,2024-01-16,Active
A0011890,C008766,Fixed Deposit,212623.28,2018-08-20,Active
A0011891,C008767,Fixed Deposit,33511.21,2024-04-28,Active
A0011892,C008768,Current,15849.03,2018-06-22,Active
A0011893,C008769,Savings,6204.73,2023-12-09,Active
A0011894,C008770,Current,30694.98,2024-04-01,Dormant
A0011895,C008771,Current,33100.39,2022-05-10,Active
A0011896,C008772,Current,15663.09,2020-01-14,Active
A0011897,C008773,Fixed Deposit,130369.21,2020-11-04,Active
A0011898,C008773,Salary,19344.58,2022-01-29,Active
A0011899,C008774,Fixed Deposit,108635.82,2018-03-31,Active
A0011900,C008775,Salary,13919.58,2022-04-08,Active
A0011901,C008776,Salary,15129.84,2020-04-19,Active
A0011902,C008777,Savings,16113.49,2023-11-24,Active
A0011903,C008778,Savings,24023.78,2021-06-05,Active
A0011904,C008779,Savings,54160.32,2018-08-03,Active
A0011905,C008780,Salary,7335.16,2022-02-27,Active
A0011906,C008781,Salary,97949.92,2018-08-16,Active
A0011907,C008782,Savings,7235.39,2018-04-25,Active
A0011908,C008783,Salary,203558.56,2019-06-03,Active
A0011909,C008784,Savings,19195.41,2019-10-03,Active
A0011910,C008785,Fixed Deposit,65241.54,2019-07-21,Active
A0011911,C008785,Salary,7231.3,2020-12-04,Active
A0011912,C008786,Current,36813.27,2023-12-16,Active
A0011913,C008786,Current,88987.09,2025-02-05,Active
A0011914,C008787,Savings,33229.41,2018-02-05,Active
A0011915,C008788,Savings,92422.81,2019-03-21,Active
A0011916,C008789,Salary,2137.37,2022-05-18,Active
A0011917,C008789,Salary,46188.86,2024-07-21,Active
A0011918,C008790,Fixed Deposit,356947.72,2018-03-26,Active
A0011919,C008790,Savings,8115.81,2023-05-03,Active
A0011920,C008791,Current,3128.91,2024-03-19,Active
A0011921,C008792,Salary,33919.65,2023-07-11,Active
A0011922,C008792,Salary,22487.2,2018-05-28,Active
A0011923,C008793,Savings,140922.94,2024-12-16,Active
A0011924,C008793,Current,29989.67,2018-09-16,Active
A0011925,C008794,Savings,44376.35,2019-05-23,Active
A0011926,C008794,Savings,30402.05,2018-11-20,Active
A0011927,C008794,Current,109675.87,2018-02-19,Active
A0011928,C008795,Salary,5358.43,2023-01-26,Active
A0011929,C008795,Salary,77460.49,2022-02-22,Active
A0011930,C008795,Savings,5376.23,2021-12-24,Active
A0011931,C008796,Salary,38473.56,2024-01-07,Active
A0011932,C008797,Current,30781.46,2021-02-15,Active
A0011933,C008798,Fixed Deposit,139125.75,2019-10-05,Active
A0011934,C008799,Salary,19414.81,2022-04-08,Active
A0011935,C008800,Savings,26491.35,2024-05-17,Active
A0011936,C008801,Savings,5627.4,2023-12-04,Active
A0011937,C008802,Savings,43329.96,2018-03-26,Active
A0011938,C008803,Savings,90287.0,2021-05-26,Active
A0011939,C008804,Savings,130281.35,2023-01-20,Active
A0011940,C008804,Current,44221.17,2020-12-05,Active
A0011941,C008805,Savings,18029.35,2020-01-20,Active
A0011942,C008805,Fixed Deposit,180781.39,2022-05-01,Active
A0011943,C008806,Savings,2644.5,2022-09-02,Active
A0011944,C008807,Current,40891.59,2020-01-09,Active
A0011945,C008808,Savings,16569.26,2018-08-15,Active
A0011946,C008808,Fixed Deposit,134260.95,2022-10-25,Active
A0011947,C008809,Salary,40482.59,2019-03-09,Active
A0011948,C008810,Savings,5886.55,2024-02-26,Active
A0011949,C008811,Current,42036.02,2022-03-11,Active
A0011950,C008812,Salary,139810.35,2020-12-10,Active
A0011951,C008812,Current,35639.55,2021-01-06,Active
A0011952,C008813,Current,16308.9,2024-06-17,Active
A0011953,C008814,Savings,7195.43,2024-03-15,Dormant
A0011954,C008815,Fixed Deposit,58027.8,2025-05-04,Active
A0011955,C008815,Current,22870.3,2019-04-11,Active
A0011956,C008816,Salary,6714.94,2018-02-20,Active
A0011957,C008817,Savings,96587.92,2019-10-03,Active
A0011958,C008817,Savings,4178.77,2019-01-28,Active
A0011959,C008818,Savings,40781.93,2024-09-28,Active
A0011960,C008819,Current,82441.38,2019-11-09,Active
A0011961,C008820,Salary,10110.04,2019-03-01,Active
A0011962,C008821,Salary,38899.63,2019-05-03,Active
A0011963,C008822,Savings,7860.77,2018-11-26,Active
A0011964,C008823,Salary,34659.35,2021-04-13,Active
A0011965,C008824,Fixed Deposit,65205.63,2022-07-20,Active
A0011966,C008824,Salary,24057.02,2024-09-12,Active
A0011967,C008825,Savings,47393.19,2023-05-02,Active
A0011968,C008826,Savings,47923.74,2022-05-08,Active
A0011969,C008827,Savings,23621.1,2022-07-31,Active
A0011970,C008828,Savings,23558.03,2023-10-07,Active
A0011971,C008829,Fixed Deposit,192610.59,2024-04-19,Active
A0011972,C008830,Current,9619.14,2020-12-26,Active
A0011973,C008831,Current,8199.03,2022-09-26,Active
A0011974,C008832,Fixed Deposit,132071.22,2023-03-13,Active
A0011975,C008832,Salary,28256.83,2024-05-27,Active
A0011976,C008833,Salary,25397.24,2019-11-09,Active
A0011977,C008834,Savings,11392.37,2023-06-06,Active
A0011978,C008835,Savings,18883.16,2019-01-26,Active
A0011979,C008836,Fixed Deposit,598098.96,2019-02-23,Active
A0011980,C008837,Savings,125271.54,2018-04-06,Active
A0011981,C008838,Savings,58637.41,2024-01-20,Active
A0011982,C008839,Savings,12940.64,2023-03-21,Active
A0011983,C008839,Fixed Deposit,119670.73,2024-07-29,Active
A0011984,C008840,Salary,7891.89,2023-04-28,Active
A0011985,C008841,Fixed Deposit,151577.81,2024-08-02,Active
A0011986,C008841,Savings,6886.54,2019-05-29,Active
A0011987,C008842,Current,17890.0,2022-09-11,Active
A0011988,C008843,Salary,33414.74,2022-01-18,Active
A0011989,C008843,Fixed Deposit,116092.28,2022-10-17,Active
A0011990,C008844,Salary,30194.57,2024-06-18,Active
A0011991,C008845,Savings,14630.8,2019-05-08,Active
A0011992,C008846,Savings,4717.23,2018-07-08,Active
A0011993,C008847,Current,31796.59,2023-02-14,Active
A0011994,C008848,Savings,29858.55,2025-04-22,Active
A0011995,C008848,Fixed Deposit,148165.45,2020-12-06,Active
A0011996,C008849,Salary,15908.51,2018-08-05,Active
A0011997,C008850,Salary,11950.7,2022-11-09,Active
A0011998,C008851,Savings,58604.07,2023-10-27,Active
A0011999,C008852,Savings,53495.11,2024-09-29,Active
A0012000,C008853,Savings,17336.02,2021-09-09,Active
A0012001,C008853,Savings,53417.81,2022-09-03,Active
A0012002,C008854,Salary,12905.4,2018-01-05,Active
A0012003,C008855,Current,150835.38,2019-12-06,Active
A0012004,C008856,Savings,37204.37,2021-09-27,Active
A0012005,C008856,Savings,19897.78,2021-05-23,Active
A0012006,C008857,Savings,38167.03,2022-12-23,Active
A0012007,C008858,Savings,9331.92,2018-05-18,Active
A0012008,C008859,Savings,18449.01,2024-10-22,Active
A0012009,C008859,Savings,13239.95,2024-02-29,Active
A0012010,C008859,Salary,8544.58,2021-09-22,Active
A0012011,C008860,Savings,13985.8,2018-08-06,Active
A0012012,C008861,Salary,29830.31,2019-04-17,Active
A0012013,C008861,Savings,94835.53,2020-09-11,Active
A0012014,C008862,Savings,22095.64,2018-04-26,Active
A0012015,C008862,Fixed Deposit,186974.72,2020-03-09,Active
A0012016,C008863,Savings,80505.88,2021-01-29,Active
A0012017,C008864,Current,5651.98,2024-01-26,Active
A0012018,C008865,Savings,19577.0,2022-03-01,Dormant
A0012019,C008866,Fixed Deposit,649428.34,2020-12-13,Active
A0012020,C008866,Savings,17677.93,2025-01-17,Active
A0012021,C008867,Savings,51133.43,2018-03-10,Active
A0012022,C008868,Savings,20896.61,2020-03-15,Active
A0012023,C008868,Savings,1866.29,2021-07-31,Active
A0012024,C008868,Savings,16187.15,2025-06-14,Active
A0012025,C008869,Savings,20143.13,2022-05-15,Active
A0012026,C008869,Savings,57903.32,2024-10-17,Active
A0012027,C008870,Savings,11397.93,2023-07-04,Active
A0012028,C008871,Savings,17250.23,2021-07-23,Active
A0012029,C008872,Savings,6464.54,2024-12-04,Active
A0012030,C008873,Savings,16789.25,2019-01-11,Active
A0012031,C008873,Current,51651.72,2024-06-06,Active
A0012032,C008874,Savings,7383.82,2022-03-14,Active
A0012033,C008875,Savings,44794.77,2022-11-04,Active
A0012034,C008875,Savings,29295.49,2018-09-28,Active
A0012035,C008876,Savings,18208.63,2019-06-05,Active
A0012036,C008877,Salary,16168.63,2018-08-07,Active
A0012037,C008877,Savings,21377.26,2022-09-21,Active
A0012038,C008878,Savings,9071.07,2021-02-28,Active
A0012039,C008879,Current,14444.76,2023-01-23,Active
A0012040,C008879,Savings,20342.79,2023-05-25,Active
A0012041,C008880,Savings,5960.12,2020-09-29,Active
A0012042,C008881,Savings,17962.78,2018-09-09,Active
A0012043,C008882,Current,16441.36,2020-02-24,Active
A0012044,C008883,Salary,11757.91,2019-12-09,Active
A0012045,C008884,Salary,9552.49,2022-11-30,Active
A0012046,C008885,Salary,3997.0,2024-11-27,Active
A0012047,C008886,Savings,9615.75,2019-03-28,Active
A0012048,C008886,Savings,15366.34,2025-02-21,Active
A0012049,C008887,Fixed Deposit,83386.63,2022-01-23,Active
A0012050,C008888,Savings,10342.52,2020-12-24,Dormant
A0012051,C008889,Savings,26901.34,2023-06-04,Active
A0012052,C008889,Salary,9207.96,2021-08-08,Active
A0012053,C008890,Current,111198.16,2020-12-21,Active
A0012054,C008890,Fixed Deposit,234773.26,2020-04-27,Active
A0012055,C008891,Salary,27757.53,2020-08-14,Active
A0012056,C008892,Savings,3693.41,2025-01-17,Active
A0012057,C008893,Savings,24339.8,2018-01-29,Active
A0012058,C008894,Salary,27928.3,2025-03-02,Active
A0012059,C008895,Savings,55174.21,2019-11-07,Active
A0012060,C008896,Savings,17106.1,2021-05-06,Active
A0012061,C008896,Fixed Deposit,98446.02,2020-01-18,Active
A0012062,C008897,Savings,12243.87,2018-08-18,Active
A0012063,C008898,Savings,44388.79,2023-08-09,Active
A0012064,C008899,Salary,27150.24,2021-04-11,Active
A0012065,C008899,Fixed Deposit,221381.88,2023-05-09,Active
A0012066,C008900,Salary,5955.87,2023-01-11,Active
A0012067,C008900,Salary,11581.38,2018-12-12,Active
A0012068,C008901,Savings,30321.53,2025-06-19,Active
A0012069,C008901,Savings,27380.58,2018-01-21,Active
A0012070,C008902,Salary,151950.64,2022-04-05,Active
A0012071,C008902,Savings,13002.31,2018-01-12,Active
A0012072,C008903,Savings,241338.47,2022-11-22,Active
A0012073,C008904,Savings,13214.33,2022-12-27,Active
A0012074,C008905,Fixed Deposit,131534.93,2018-03-09,Active
A0012075,C008905,Salary,20713.26,2023-02-24,Active
A0012076,C008906,Fixed Deposit,48711.89,2019-04-15,Active
A0012077,C008907,Salary,29245.46,2019-12-01,Active
A0012078,C008907,Savings,23100.59,2018-05-03,Active
A0012079,C008908,Savings,14133.52,2020-07-02,Active
A0012080,C008909,Salary,48508.37,2023-02-22,Active
A0012081,C008909,Savings,29067.79,2022-04-05,Active
A0012082,C008910,Savings,65052.62,2024-11-18,Active
A0012083,C008911,Savings,33343.63,2022-04-19,Active
A0012084,C008912,Savings,8556.94,2021-05-15,Active
A0012085,C008912,Current,23225.98,2024-01-13,Active
A0012086,C008913,Savings,105688.28,2022-09-13,Active
A0012087,C008914,Savings,37202.11,2021-03-21,Active
A0012088,C008915,Savings,14456.37,2020-09-08,Active
A0012089,C008916,Savings,7997.95,2021-08-14,Active
A0012090,C008917,Savings,21314.27,2021-12-29,Active
A0012091,C008917,Savings,48826.45,2024-10-18,Active
A0012092,C008918,Salary,101365.56,2024-01-21,Active
A0012093,C008919,Current,7079.94,2021-10-02,Active
A0012094,C008919,Savings,42537.03,2021-07-27,Active
A0012095,C008920,Savings,45583.05,2024-04-25,Active
A0012096,C008921,Savings,17904.09,2020-04-10,Active
A0012097,C008922,Savings,27690.86,2023-11-17,Dormant
A0012098,C008923,Fixed Deposit,245600.05,2023-02-06,Active
A0012099,C008924,Fixed Deposit,350646.44,2023-06-04,Active
A0012100,C008925,Fixed Deposit,307835.61,2023-02-09,Active
A0012101,C008925,Fixed Deposit,595803.71,2020-02-15,Active
A0012102,C008925,Savings,27315.32,2021-03-23,Active
A0012103,C008926,Savings,26260.5,2024-07-07,Active
A0012104,C008926,Current,174989.49,2019-09-28,Active
A0012105,C008927,Current,21725.71,2019-10-19,Active
A0012106,C008928,Fixed Deposit,186731.56,2024-11-29,Active
A0012107,C008929,Savings,6565.99,2021-09-15,Active
A0012108,C008929,Current,36541.97,2018-11-18,Active
A0012109,C008929,Savings,30505.68,2023-11-14,Active
A0012110,C008930,Current,57390.72,2021-03-20,Active
A0012111,C008931,Savings,7925.71,2024-12-19,Active
A0012112,C008931,Savings,12930.64,2020-08-01,Active
A0012113,C008932,Savings,24910.27,2024-05-20,Active
A0012114,C008933,Savings,43401.0,2023-05-08,Active
A0012115,C008934,Savings,39486.67,2024-02-05,Active
A0012116,C008934,Salary,45418.65,2020-12-07,Active
A0012117,C008935,Current,5553.52,2018-11-18,Active
A0012118,C008936,Savings,9915.6,2022-01-17,Active
A0012119,C008937,Salary,16381.64,2020-10-04,Dormant
A0012120,C008938,Fixed Deposit,73799.54,2021-12-16,Active
A0012121,C008939,Salary,17309.03,2019-09-25,Active
A0012122,C008939,Savings,46389.53,2022-08-13,Active
A0012123,C008940,Savings,6781.09,2021-04-17,Active
A0012124,C008941,Salary,55684.32,2018-11-10,Active
A0012125,C008941,Fixed Deposit,222320.63,2018-11-25,Active
A0012126,C008942,Savings,42684.68,2023-10-26,Active
A0012127,C008943,Current,82191.89,2018-05-13,Active
A0012128,C008944,Savings,110311.85,2018-10-15,Active
A0012129,C008945,Savings,80797.3,2018-07-15,Active
A0012130,C008945,Salary,94088.37,2018-03-05,Active
A0012131,C008946,Savings,54242.17,2021-06-11,Active
A0012132,C008947,Current,11072.84,2023-04-12,Active
A0012133,C008948,Savings,19110.31,2023-12-06,Active
A0012134,C008949,Savings,21905.75,2020-05-15,Active
A0012135,C008950,Savings,6220.49,2023-09-01,Active
A0012136,C008950,Savings,46715.89,2019-07-31,Active
A0012137,C008951,Fixed Deposit,315676.64,2020-06-23,Active
A0012138,C008952,Current,17669.24,2018-08-30,Active
A0012139,C008953,Current,5568.41,2025-04-30,Active
A0012140,C008954,Current,9978.54,2019-10-02,Active
A0012141,C008955,Savings,79987.44,2020-07-25,Active
A0012142,C008955,Savings,28626.88,2022-05-01,Active
A0012143,C008956,Savings,55356.07,2019-08-19,Active
A0012144,C008957,Salary,145739.25,2024-05-23,Active
A0012145,C008957,Savings,3184.17,2021-10-07,Active
A0012146,C008958,Savings,22406.36,2024-08-08,Active
A0012147,C008959,Savings,26836.46,2022-02-12,Active
A0012148,C008960,Salary,8283.21,2022-01-24,Active
A0012149,C008961,Savings,13099.22,2025-01-04,Active
A0012150,C008961,Savings,120997.96,2019-10-23,Active
A0012151,C008962,Savings,5594.96,2024-04-04,Active
A0012152,C008962,Savings,69044.8,2022-05-22,Active
A0012153,C008962,Savings,4293.85,2019-04-30,Active
A0012154,C008963,Savings,11974.49,2020-09-24,Active
A0012155,C008964,Savings,34504.28,2022-01-27,Active
A0012156,C008964,Savings,17686.06,2022-02-22,Active
A0012157,C008965,Savings,12377.49,2023-04-27,Active
A0012158,C008966,Salary,7576.2,2021-02-25,Active
A0012159,C008966,Savings,42807.62,2021-01-29,Active
A0012160,C008967,Current,5726.2,2020-12-08,Active
A0012161,C008968,Current,47130.71,2018-07-19,Active
A0012162,C008969,Savings,26318.68,2019-11-21,Active
A0012163,C008970,Salary,35080.57,2019-12-24,Active
A0012164,C008971,Savings,22039.43,2019-02-14,Active
A0012165,C008972,Savings,13227.74,2019-09-22,Active
A0012166,C008973,Savings,9864.73,2023-05-06,Active
A0012167,C008974,Savings,80474.28,2023-09-14,Active
A0012168,C008975,Savings,62309.62,2020-10-27,Active
A0012169,C008976,Savings,3785.15,2020-08-08,Active
A0012170,C008976,Savings,22994.83,2021-12-19,Active
A0012171,C008976,Savings,45479.83,2024-09-21,Active
A0012172,C008977,Savings,61170.55,2020-12-24,Active
A0012173,C008978,Salary,8347.59,2021-03-09,Active
A0012174,C008979,Salary,26662.57,2021-12-26,Active
A0012175,C008980,Savings,17240.7,2018-10-14,Active
A0012176,C008981,Salary,159353.25,2024-08-11,Active
A0012177,C008982,Savings,25323.3,2024-09-08,Active
A0012178,C008983,Fixed Deposit,27536.86,2022-10-25,Active
A0012179,C008983,Savings,26931.25,2020-05-23,Active
A0012180,C008984,Fixed Deposit,405250.83,2023-07-15,Active
A0012181,C008985,Fixed Deposit,524233.64,2021-06-20,Active
A0012182,C008986,Salary,14168.71,2020-10-13,Active
A0012183,C008987,Current,20236.18,2025-06-13,Active
A0012184,C008988,Savings,28344.74,2022-10-12,Active
A0012185,C008989,Savings,6925.95,2024-08-08,Active
A0012186,C008990,Savings,4785.19,2023-09-03,Active
A0012187,C008990,Current,7415.07,2023-05-18,Active
A0012188,C008991,Savings,16902.96,2020-05-22,Active
A0012189,C008992,Salary,17838.73,2024-03-10,Dormant
A0012190,C008992,Savings,25675.04,2018-12-17,Active
A0012191,C008993,Savings,2692.83,2024-09-21,Active
A0012192,C008994,Salary,16698.38,2023-03-14,Active
A0012193,C008994,Salary,33672.01,2022-05-19,Active
A0012194,C008995,Current,5979.95,2022-08-06,Active
A0012195,C008996,Savings,21068.86,2024-09-14,Active
A0012196,C008997,Fixed Deposit,136337.88,2025-06-30,Active
A0012197,C008998,Savings,63252.31,2023-09-29,Active
A0012198,C008999,Savings,21896.28,2019-04-28,Active
A0012199,C009000,Savings,21291.65,2021-03-30,Active
A0012200,C009001,Salary,62857.97,2023-05-05,Active
A0012201,C009002,Savings,36398.21,2018-05-24,Active
A0012202,C009002,Savings,30832.02,2021-07-18,Active
A0012203,C009003,Savings,28411.23,2024-01-23,Active
A0012204,C009004,Salary,19009.59,2025-02-28,Active
A0012205,C009005,Savings,19520.46,2023-08-07,Active
A0012206,C009006,Savings,12669.25,2020-07-12,Active
A0012207,C009007,Salary,49625.69,2020-11-17,Active
A0012208,C009008,Savings,24385.77,2025-01-23,Active
A0012209,C009008,Savings,23892.83,2023-09-27,Active
A0012210,C009009,Current,52325.81,2018-07-21,Active
A0012211,C009010,Savings,12767.03,2022-09-27,Active
A0012212,C009011,Current,7453.55,2018-11-01,Active
A0012213,C009012,Savings,14283.83,2021-04-25,Active
A0012214,C009013,Savings,36738.13,2020-09-18,Active
A0012215,C009014,Savings,17018.5,2022-10-02,Active
A0012216,C009014,Savings,10708.9,2022-03-14,Active
A0012217,C009015,Savings,88416.31,2020-06-15,Active
A0012218,C009016,Fixed Deposit,141548.28,2019-12-30,Active
A0012219,C009016,Savings,60688.61,2021-05-03,Active
A0012220,C009017,Salary,48507.5,2020-05-27,Active
A0012221,C009018,Savings,97326.35,2020-12-21,Active
A0012222,C009019,Fixed Deposit,196113.8,2022-07-15,Active
A0012223,C009020,Savings,35860.3,2019-07-07,Active
A0012224,C009020,Savings,11961.85,2019-03-22,Active
A0012225,C009021,Current,81944.91,2019-05-11,Active
A0012226,C009022,Savings,55645.83,2025-02-16,Active
A0012227,C009022,Fixed Deposit,365276.9,2020-01-11,Active
A0012228,C009023,Current,6209.4,2020-10-03,Active
A0012229,C009023,Savings,23888.19,2022-03-29,Active
A0012230,C009024,Salary,43486.72,2019-12-02,Active
A0012231,C009024,Savings,10985.44,2025-03-28,Active
A0012232,C009025,Fixed Deposit,41602.34,2020-12-01,Active
A0012233,C009026,Salary,92186.02,2021-03-08,Active
A0012234,C009027,Savings,15349.48,2019-08-20,Active
A0012235,C009028,Current,19614.42,2020-07-31,Active
A0012236,C009028,Savings,21234.98,2024-02-14,Active
A0012237,C009029,Fixed Deposit,163010.25,2020-07-22,Active
A0012238,C009030,Savings,20777.53,2020-05-08,Dormant
A0012239,C009031,Salary,37219.17,2024-07-20,Active
A0012240,C009031,Savings,29536.6,2023-02-25,Active
A0012241,C009032,Current,6045.94,2024-12-03,Active
A0012242,C009032,Current,10556.97,2021-09-26,Dormant
A0012243,C009033,Savings,42255.63,2019-12-04,Active
A0012244,C009034,Savings,9151.54,2019-12-22,Active
A0012245,C009035,Savings,6889.29,2019-11-11,Active
A0012246,C009036,Savings,22335.37,2024-08-09,Active
A0012247,C009037,Savings,15395.93,2023-01-21,Active
A0012248,C009038,Savings,60628.41,2022-11-21,Active
A0012249,C009039,Current,13693.75,2022-10-07,Active
A0012250,C009040,Fixed Deposit,61367.0,2018-01-15,Active
A0012251,C009040,Fixed Deposit,336266.01,2019-09-13,Active
A0012252,C009040,Fixed Deposit,657227.67,2020-01-16,Active
A0012253,C009041,Salary,97280.65,2020-08-29,Active
A0012254,C009042,Current,13946.12,2022-11-29,Active
A0012255,C009043,Savings,15152.28,2021-08-11,Active
A0012256,C009044,Fixed Deposit,159559.48,2025-02-24,Active
A0012257,C009044,Salary,12688.58,2022-02-10,Active
A0012258,C009044,Current,20226.6,2024-10-08,Active
A0012259,C009045,Fixed Deposit,152524.42,2018-07-14,Active
A0012260,C009046,Savings,31262.33,2021-04-08,Active
A0012261,C009047,Savings,110651.16,2022-06-29,Active
A0012262,C009048,Fixed Deposit,25596.51,2021-05-04,Active
A0012263,C009048,Fixed Deposit,323834.85,2018-11-12,Active
A0012264,C009049,Savings,29471.9,2018-03-04,Active
A0012265,C009050,Savings,27606.85,2018-06-16,Active
A0012266,C009051,Current,57744.04,2023-05-18,Active
A0012267,C009051,Fixed Deposit,317004.59,2021-09-15,Active
A0012268,C009052,Salary,75734.25,2019-09-26,Active
A0012269,C009052,Savings,49153.29,2021-06-28,Active
A0012270,C009053,Savings,28977.99,2024-12-18,Active
A0012271,C009053,Savings,7547.93,2018-06-29,Active
A0012272,C009054,Savings,7656.5,2019-10-15,Active
A0012273,C009054,Current,9193.01,2018-06-06,Active
A0012274,C009055,Savings,8754.06,2018-11-21,Active
A0012275,C009056,Savings,9805.45,2025-03-23,Active
A0012276,C009056,Current,8770.84,2025-06-20,Active
A0012277,C009057,Savings,26950.6,2019-12-20,Active
A0012278,C009057,Fixed Deposit,249645.75,2020-02-18,Active
A0012279,C009058,Current,81626.57,2023-08-31,Active
A0012280,C009059,Savings,84385.69,2021-12-02,Active
A0012281,C009060,Savings,9854.08,2020-09-12,Active
A0012282,C009061,Savings,66474.11,2022-05-27,Active
A0012283,C009062,Fixed Deposit,160058.05,2021-09-23,Active
A0012284,C009062,Savings,5990.37,2024-06-21,Dormant
A0012285,C009063,Salary,33298.71,2023-04-24,Active
A0012286,C009064,Fixed Deposit,216467.68,2018-03-05,Active
A0012287,C009065,Savings,24995.17,2018-03-14,Active
A0012288,C009066,Savings,70136.94,2024-02-18,Active
A0012289,C009067,Savings,9245.21,2021-09-05,Active
A0012290,C009068,Savings,23385.34,2018-01-20,Dormant
A0012291,C009069,Fixed Deposit,141046.55,2020-09-05,Active
A0012292,C009069,Fixed Deposit,82007.11,2025-03-22,Active
A0012293,C009070,Savings,50770.8,2024-10-14,Active
A0012294,C009071,Salary,16034.49,2023-10-06,Active
A0012295,C009071,Current,36113.56,2022-04-14,Active
A0012296,C009072,Salary,9664.18,2024-09-30,Active
A0012297,C009073,Savings,26240.43,2018-07-17,Active
A0012298,C009074,Savings,13790.34,2022-09-16,Active
A0012299,C009075,Current,25598.41,2020-07-28,Active
A0012300,C009075,Fixed Deposit,248433.01,2023-07-19,Active
A0012301,C009076,Fixed Deposit,296556.36,2023-11-28,Active
A0012302,C009077,Current,29989.22,2019-01-15,Active
A0012303,C009078,Savings,56381.21,2021-02-21,Active
A0012304,C009078,Salary,84767.55,2018-01-31,Active
A0012305,C009079,Current,23615.07,2025-05-14,Active
A0012306,C009080,Savings,19965.92,2020-04-25,Active
A0012307,C009081,Current,21430.61,2023-04-10,Active
A0012308,C009082,Savings,72766.03,2018-11-29,Active
A0012309,C009083,Savings,23889.02,2024-04-24,Active
A0012310,C009084,Savings,57023.8,2019-11-19,Active
A0012311,C009085,Savings,9455.76,2018-06-25,Active
A0012312,C009086,Savings,15880.66,2025-02-16,Active
A0012313,C009087,Salary,37096.1,2023-06-16,Active
A0012314,C009088,Savings,13815.48,2018-05-05,Active
A0012315,C009089,Salary,18558.91,2021-05-08,Active
A0012316,C009090,Fixed Deposit,73866.16,2018-02-23,Active
A0012317,C009091,Fixed Deposit,447251.96,2024-07-29,Dormant
A0012318,C009091,Savings,19062.81,2019-01-05,Active
A0012319,C009092,Salary,74747.37,2025-04-12,Active
A0012320,C009093,Savings,33291.79,2020-07-04,Active
A0012321,C009094,Fixed Deposit,320331.26,2018-02-21,Active
A0012322,C009095,Savings,17845.57,2019-02-03,Active
A0012323,C009096,Savings,26636.92,2020-07-28,Active
A0012324,C009097,Savings,19125.27,2022-12-01,Active
A0012325,C009098,Fixed Deposit,260037.3,2024-05-10,Active
A0012326,C009099,Savings,79681.7,2020-01-29,Active
A0012327,C009100,Savings,102911.64,2022-11-14,Active
A0012328,C009101,Savings,8504.6,2023-08-10,Active
A0012329,C009102,Savings,68352.99,2025-01-31,Active
A0012330,C009102,Fixed Deposit,867006.46,2024-08-23,Active
A0012331,C009103,Fixed Deposit,84684.56,2020-07-06,Active
A0012332,C009104,Savings,36124.53,2021-02-21,Active
A0012333,C009105,Savings,8582.7,2023-05-17,Active
A0012334,C009106,Current,173876.34,2021-12-21,Active
A0012335,C009107,Salary,11342.81,2019-12-06,Active
A0012336,C009108,Current,27192.71,2020-06-26,Active
A0012337,C009109,Fixed Deposit,136426.28,2025-05-19,Active
A0012338,C009110,Current,19337.86,2024-02-19,Active
A0012339,C009111,Savings,32137.52,2024-10-17,Active
A0012340,C009111,Savings,12073.64,2020-01-13,Active
A0012341,C009112,Savings,7053.91,2023-03-19,Active
A0012342,C009113,Current,38069.63,2019-05-06,Active
A0012343,C009114,Current,30742.94,2018-06-30,Active
A0012344,C009115,Savings,21237.27,2023-11-22,Active
A0012345,C009115,Savings,5971.5,2021-08-07,Active
A0012346,C009116,Savings,21463.69,2022-12-19,Active
A0012347,C009117,Savings,25276.08,2024-05-21,Dormant
A0012348,C009118,Current,28565.75,2019-07-20,Active
A0012349,C009118,Fixed Deposit,208192.21,2020-09-12,Active
A0012350,C009119,Savings,26042.63,2018-10-27,Active
A0012351,C009120,Fixed Deposit,2452191.76,2024-09-09,Active
A0012352,C009121,Salary,16647.58,2018-10-24,Active
A0012353,C009122,Salary,16159.63,2025-06-27,Active
A0012354,C009123,Fixed Deposit,188185.51,2023-09-04,Active
A0012355,C009124,Savings,29898.17,2021-08-27,Active
A0012356,C009124,Savings,72101.51,2020-02-02,Active
A0012357,C009125,Salary,39077.52,2019-06-08,Active
A0012358,C009126,Salary,13675.27,2018-07-31,Active
A0012359,C009126,Savings,12666.8,2018-11-28,Active
A0012360,C009127,Savings,14138.04,2019-11-13,Active
A0012361,C009127,Fixed Deposit,243134.75,2024-04-23,Active
A0012362,C009128,Savings,23234.88,2018-12-19,Active
A0012363,C009129,Savings,34040.23,2025-05-05,Active
A0012364,C009130,Savings,14948.63,2024-01-21,Active
A0012365,C009130,Savings,35580.25,2018-04-08,Dormant
A0012366,C009131,Savings,11932.79,2021-08-09,Active
A0012367,C009131,Savings,46041.65,2020-03-16,Active
A0012368,C009131,Savings,60193.49,2020-03-08,Active
A0012369,C009132,Savings,29182.86,2022-06-09,Active
A0012370,C009133,Savings,33997.31,2022-08-20,Active
A0012371,C009133,Savings,3212.15,2018-01-13,Active
A0012372,C009134,Salary,22690.59,2020-07-09,Active
A0012373,C009135,Current,95106.05,2023-06-08,Active
A0012374,C009136,Savings,19233.47,2019-12-28,Active
A0012375,C009136,Savings,6524.67,2022-09-13,Active
A0012376,C009137,Savings,40423.81,2021-05-18,Active
A0012377,C009138,Savings,37994.97,2024-10-31,Active
A0012378,C009139,Salary,49650.59,2021-12-30,Active
A0012379,C009140,Salary,20437.17,2021-05-29,Active
A0012380,C009141,Current,25190.38,2018-02-20,Active
A0012381,C009141,Savings,109480.44,2019-05-09,Dormant
A0012382,C009142,Salary,14022.84,2023-08-26,Active
A0012383,C009143,Savings,34530.75,2022-04-28,Active
A0012384,C009143,Savings,23818.83,2020-02-03,Dormant
A0012385,C009144,Current,12367.4,2023-07-28,Active
A0012386,C009144,Savings,16036.47,2021-04-23,Active
A0012387,C009145,Salary,59808.14,2023-10-15,Active
A0012388,C009146,Salary,53420.77,2018-11-22,Active
A0012389,C009147,Savings,10226.94,2024-05-13,Active
A0012390,C009148,Current,18326.39,2023-12-31,Active
A0012391,C009149,Salary,10747.14,2021-01-07,Active
A0012392,C009149,Current,17839.28,2018-04-09,Active
A0012393,C009149,Current,6534.95,2024-04-17,Active
A0012394,C009150,Fixed Deposit,21444.92,2018-12-25,Active
A0012395,C009151,Savings,27006.33,2024-11-04,Active
A0012396,C009152,Salary,76886.38,2021-12-03,Active
A0012397,C009153,Savings,63601.55,2024-04-08,Active
A0012398,C009154,Current,17000.37,2022-09-11,Active
A0012399,C009154,Salary,27850.75,2023-11-26,Active
A0012400,C009154,Savings,5713.78,2025-05-06,Active
A0012401,C009155,Salary,117643.44,2018-03-16,Active
A0012402,C009156,Savings,82326.14,2023-12-11,Active
A0012403,C009157,Savings,19392.69,2022-06-05,Active
A0012404,C009158,Current,223648.52,2025-05-27,Active
A0012405,C009159,Savings,15410.05,2022-01-23,Dormant
A0012406,C009160,Savings,35237.74,2020-04-13,Active
A0012407,C009161,Current,26186.64,2019-02-17,Active
A0012408,C009162,Salary,8553.66,2019-03-11,Active
A0012409,C009163,Fixed Deposit,280532.06,2024-09-29,Active
A0012410,C009164,Savings,9400.38,2024-09-08,Active
A0012411,C009165,Salary,1403.46,2018-05-07,Dormant
A0012412,C009166,Savings,91313.32,2024-11-19,Active
A0012413,C009167,Savings,31930.74,2018-11-10,Active
A0012414,C009168,Fixed Deposit,206569.16,2020-04-20,Active
A0012415,C009168,Savings,45069.58,2018-02-11,Active
A0012416,C009169,Savings,71421.0,2018-12-05,Active
A0012417,C009169,Current,8932.4,2024-04-18,Active
A0012418,C009169,Current,30633.26,2024-12-21,Active
A0012419,C009170,Savings,18627.32,2025-04-04,Active
A0012420,C009170,Savings,35089.43,2024-07-09,Dormant
A0012421,C009171,Current,71713.12,2021-06-19,Active
A0012422,C009172,Savings,23599.59,2025-06-14,Active
A0012423,C009173,Savings,76287.17,2018-12-01,Active
A0012424,C009174,Salary,31975.44,2024-02-04,Dormant
A0012425,C009175,Savings,7007.13,2020-02-09,Active
A0012426,C009176,Fixed Deposit,328694.42,2020-02-01,Active
A0012427,C009176,Salary,23608.93,2022-12-25,Active
A0012428,C009177,Savings,23768.47,2024-05-29,Active
A0012429,C009177,Current,11140.07,2025-06-04,Active
A0012430,C009178,Savings,7326.09,2018-03-20,Active
A0012431,C009179,Savings,33425.65,2023-04-12,Active
A0012432,C009180,Salary,38471.31,2025-05-27,Active
A0012433,C009180,Fixed Deposit,91152.18,2023-08-26,Active
A0012434,C009181,Salary,20544.06,2022-11-03,Active
A0012435,C009181,Salary,31413.5,2021-07-17,Active
A0012436,C009182,Savings,59664.28,2025-03-02,Active
A0012437,C009183,Salary,14525.3,2022-10-04,Active
A0012438,C009184,Salary,45750.32,2021-07-21,Active
A0012439,C009185,Savings,53568.96,2022-06-08,Active
A0012440,C009186,Savings,91298.01,2022-05-22,Active
A0012441,C009186,Fixed Deposit,283258.39,2024-08-30,Active
A0012442,C009187,Salary,21651.7,2022-01-28,Active
A0012443,C009188,Salary,32137.8,2025-06-13,Active
A0012444,C009189,Savings,23957.97,2023-08-23,Active
A0012445,C009189,Current,31790.37,2021-01-29,Active
A0012446,C009189,Current,18397.81,2021-05-27,Active
A0012447,C009190,Savings,17278.01,2020-05-31,Active
A0012448,C009191,Salary,36633.36,2019-05-04,Active
A0012449,C009192,Salary,45330.16,2022-04-23,Active
A0012450,C009193,Current,32209.58,2023-11-10,Active
A0012451,C009194,Fixed Deposit,711482.47,2024-01-24,Active
A0012452,C009194,Savings,5553.05,2021-07-11,Active
A0012453,C009195,Savings,4510.5,2019-05-23,Active
A0012454,C009195,Savings,4575.19,2020-05-11,Active
A0012455,C009196,Fixed Deposit,815106.04,2022-01-15,Active
A0012456,C009197,Savings,7223.54,2024-10-13,Dormant
A0012457,C009198,Savings,10612.24,2025-05-18,Active
A0012458,C009198,Salary,36740.93,2022-11-20,Active
A0012459,C009198,Fixed Deposit,704155.36,2022-02-20,Active
A0012460,C009199,Savings,72025.52,2019-08-20,Dormant
A0012461,C009199,Salary,23699.54,2019-07-01,Active
A0012462,C009200,Current,17359.46,2025-02-08,Active
A0012463,C009201,Savings,19921.97,2024-04-29,Active
A0012464,C009202,Savings,16971.0,2024-05-10,Active
A0012465,C009203,Salary,13847.09,2024-01-21,Active
A0012466,C009204,Salary,46669.8,2020-05-26,Active
A0012467,C009204,Current,13457.27,2022-10-14,Active
A0012468,C009205,Salary,6001.41,2021-10-21,Active
A0012469,C009206,Savings,38238.98,2025-02-24,Active
A0012470,C009207,Savings,10795.14,2022-03-11,Active
A0012471,C009208,Salary,15705.57,2020-05-16,Active
A0012472,C009209,Current,13572.26,2018-08-22,Active
A0012473,C009210,Savings,35904.74,2019-05-02,Active
A0012474,C009210,Fixed Deposit,213663.05,2020-09-15,Active
A0012475,C009211,Savings,13294.35,2024-07-24,Active
A0012476,C009212,Fixed Deposit,59376.3,2018-07-29,Active
A0012477,C009212,Salary,14063.49,2023-12-17,Active
A0012478,C009212,Salary,7723.96,2022-02-26,Active
A0012479,C009213,Savings,29777.11,2019-06-23,Active
A0012480,C009213,Current,17693.33,2018-02-19,Active
A0012481,C009214,Savings,146693.15,2022-10-08,Active
A0012482,C009215,Savings,11852.94,2022-07-08,Active
A0012483,C009216,Savings,18181.72,2018-03-25,Active
A0012484,C009217,Salary,3642.68,2018-02-08,Active
A0012485,C009218,Salary,76538.42,2025-06-18,Active
A0012486,C009219,Savings,35530.28,2023-11-04,Active
A0012487,C009220,Salary,12413.07,2024-04-07,Active
A0012488,C009220,Savings,7738.89,2022-09-29,Active
A0012489,C009221,Savings,57694.08,2022-04-03,Active
A0012490,C009221,Salary,22589.62,2021-06-30,Active
A0012491,C009222,Salary,34909.92,2023-01-10,Active
A0012492,C009222,Savings,27138.11,2022-03-05,Active
A0012493,C009223,Savings,8477.65,2023-02-08,Active
A0012494,C009224,Salary,12135.93,2021-09-01,Active
A0012495,C009225,Fixed Deposit,223244.18,2021-01-09,Active
A0012496,C009226,Salary,38358.73,2021-08-22,Active
A0012497,C009226,Salary,7853.52,2024-05-06,Active
A0012498,C009227,Current,37357.49,2024-12-30,Active
A0012499,C009227,Fixed Deposit,33694.6,2024-03-23,Active
A0012500,C009228,Savings,104654.08,2019-09-19,Active
A0012501,C009229,Salary,10145.84,2022-06-11,Active
A0012502,C009229,Savings,4067.54,2024-01-17,Active
A0012503,C009229,Current,6107.4,2021-08-28,Active
A0012504,C009230,Savings,11512.43,2021-01-21,Active
A0012505,C009231,Savings,22463.24,2022-10-23,Active
A0012506,C009232,Savings,32273.15,2022-09-12,Active
A0012507,C009233,Savings,25741.42,2024-04-21,Dormant
A0012508,C009234,Savings,19437.96,2023-10-27,Active
A0012509,C009235,Fixed Deposit,162192.83,2020-12-01,Active
A0012510,C009236,Salary,7166.0,2021-04-05,Active
A0012511,C009237,Savings,23080.95,2022-07-26,Active
A0012512,C009238,Savings,50671.46,2022-05-04,Active
A0012513,C009239,Savings,20953.52,2021-01-28,Active
A0012514,C009240,Savings,37057.24,2022-11-27,Active
A0012515,C009241,Salary,27889.58,2024-04-22,Active
A0012516,C009242,Savings,71291.42,2018-06-01,Active
A0012517,C009243,Salary,17585.84,2019-08-09,Active
A0012518,C009244,Salary,7562.38,2020-10-19,Active
A0012519,C009244,Savings,7324.26,2025-06-06,Active
A0012520,C009245,Current,89741.33,2020-06-01,Active
A0012521,C009246,Salary,59727.52,2019-09-15,Active
A0012522,C009247,Salary,85666.91,2024-10-28,Active
A0012523,C009248,Savings,22254.08,2025-01-25,Active
A0012524,C009249,Savings,16895.34,2019-02-28,Active
A0012525,C009250,Savings,59200.89,2023-02-04,Active
A0012526,C009251,Fixed Deposit,85727.37,2021-08-18,Active
A0012527,C009252,Savings,18531.51,2020-10-22,Active
A0012528,C009253,Savings,5667.12,2023-10-02,Active
A0012529,C009254,Salary,5326.98,2024-11-27,Active
A0012530,C009254,Fixed Deposit,20870.88,2018-03-06,Active
A0012531,C009255,Fixed Deposit,29196.47,2024-06-24,Active
A0012532,C009256,Salary,38654.12,2024-07-01,Active
A0012533,C009257,Fixed Deposit,141166.26,2020-12-03,Active
A0012534,C009258,Salary,8847.82,2020-06-14,Active
A0012535,C009259,Savings,11840.62,2019-02-13,Active
A0012536,C009260,Current,43505.26,2020-04-01,Active
A0012537,C009261,Current,25639.37,2022-10-11,Active
A0012538,C009262,Salary,41571.57,2023-08-12,Active
A0012539,C009263,Savings,7675.84,2024-09-02,Active
A0012540,C009264,Current,19519.58,2020-08-24,Active
A0012541,C009265,Fixed Deposit,74220.57,2021-02-09,Active
A0012542,C009266,Fixed Deposit,250953.44,2019-03-23,Active
A0012543,C009266,Savings,37811.08,2019-08-16,Active
A0012544,C009266,Salary,67310.15,2024-03-20,Active
A0012545,C009267,Savings,19219.6,2022-04-28,Active
A0012546,C009268,Salary,3314.98,2018-04-28,Active
A0012547,C009269,Savings,67741.66,2022-07-10,Active
A0012548,C009269,Savings,20248.27,2021-06-14,Active
A0012549,C009270,Salary,103122.55,2019-08-21,Active
A0012550,C009271,Fixed Deposit,58522.58,2024-01-01,Active
A0012551,C009272,Fixed Deposit,80178.03,2020-03-12,Active
A0012552,C009273,Current,6202.68,2018-04-29,Active
A0012553,C009274,Salary,58954.41,2020-02-13,Active
A0012554,C009274,Savings,33282.01,2024-09-23,Active
A0012555,C009275,Savings,17079.64,2018-06-30,Active
A0012556,C009276,Savings,37469.04,2024-08-07,Active
A0012557,C009277,Fixed Deposit,293560.93,2019-10-23,Active
A0012558,C009278,Savings,25960.54,2021-07-09,Active
A0012559,C009279,Fixed Deposit,167423.25,2025-05-31,Active
A0012560,C009280,Salary,112891.35,2022-09-10,Active
A0012561,C009281,Savings,28178.04,2024-11-30,Active
A0012562,C009281,Savings,3560.16,2021-01-11,Active
A0012563,C009282,Fixed Deposit,131485.45,2025-04-23,Active
A0012564,C009283,Savings,33939.91,2022-01-07,Active
A0012565,C009283,Savings,12873.9,2018-01-12,Active
A0012566,C009284,Salary,34469.91,2020-10-01,Active
A0012567,C009285,Savings,16403.21,2024-10-29,Active
A0012568,C009286,Savings,5805.17,2020-04-25,Active
A0012569,C009287,Savings,52902.86,2024-09-30,Active
A0012570,C009287,Current,29899.64,2019-08-12,Active
A0012571,C009288,Savings,44718.01,2023-09-25,Active
A0012572,C009288,Fixed Deposit,59094.89,2018-08-27,Active
A0012573,C009289,Savings,22733.63,2021-06-07,Active
A0012574,C009290,Savings,39573.61,2024-04-07,Active
A0012575,C009291,Savings,22737.28,2020-03-07,Active
A0012576,C009292,Savings,14200.32,2020-05-14,Active
A0012577,C009292,Current,168565.15,2018-07-08,Active
A0012578,C009293,Current,29427.81,2018-01-17,Active
A0012579,C009294,Savings,22855.27,2022-03-19,Active
A0012580,C009295,Current,65492.83,2019-02-18,Active
A0012581,C009295,Fixed Deposit,476205.95,2020-09-25,Active
A0012582,C009296,Savings,9162.52,2018-04-16,Active
A0012583,C009296,Savings,12495.14,2018-09-27,Active
A0012584,C009296,Salary,21319.56,2020-02-20,Active
A0012585,C009297,Current,77888.94,2018-08-09,Active
A0012586,C009298,Savings,5145.63,2024-01-22,Active
A0012587,C009298,Savings,10716.54,2018-06-18,Active
A0012588,C009299,Savings,30938.44,2023-12-10,Active
A0012589,C009300,Savings,8511.04,2019-10-31,Active
A0012590,C009301,Savings,40665.54,2021-01-28,Active
A0012591,C009302,Current,20291.6,2023-11-15,Active
A0012592,C009303,Salary,24109.21,2023-03-11,Active
A0012593,C009304,Fixed Deposit,468330.35,2021-12-11,Active
A0012594,C009305,Current,19460.88,2024-05-16,Active
A0012595,C009306,Savings,39152.75,2018-03-14,Active
A0012596,C009306,Current,15729.0,2020-04-26,Active
A0012597,C009307,Fixed Deposit,466332.93,2018-12-05,Dormant
A0012598,C009308,Fixed Deposit,136441.19,2024-07-26,Active
A0012599,C009309,Savings,21339.81,2023-08-29,Active
A0012600,C009310,Savings,13852.82,2019-12-24,Active
A0012601,C009311,Savings,35260.63,2019-01-09,Active
A0012602,C009312,Fixed Deposit,147219.85,2019-09-19,Active
A0012603,C009313,Fixed Deposit,112864.84,2024-11-22,Active
A0012604,C009314,Savings,102349.94,2023-09-13,Active
A0012605,C009315,Savings,146830.89,2018-11-22,Active
A0012606,C009316,Salary,22724.18,2018-04-23,Active
A0012607,C009317,Salary,30221.16,2023-09-28,Active
A0012608,C009317,Salary,6602.96,2019-08-12,Active
A0012609,C009318,Current,27107.82,2018-09-26,Active
A0012610,C009319,Fixed Deposit,90655.92,2022-04-11,Active
A0012611,C009319,Savings,12537.59,2019-06-16,Active
A0012612,C009320,Savings,91844.12,2020-05-12,Active
A0012613,C009321,Current,21317.93,2022-01-24,Active
A0012614,C009322,Savings,17513.4,2018-03-22,Active
A0012615,C009323,Savings,8920.52,2024-09-04,Active
A0012616,C009323,Savings,56919.99,2023-01-10,Active
A0012617,C009324,Savings,24978.19,2024-01-02,Dormant
A0012618,C009325,Salary,22309.73,2019-07-02,Active
A0012619,C009325,Current,20634.66,2023-11-10,Active
A0012620,C009326,Savings,21566.11,2019-04-21,Active
A0012621,C009327,Savings,31373.37,2021-09-29,Active
A0012622,C009328,Fixed Deposit,72289.7,2023-10-05,Active
A0012623,C009329,Savings,4039.37,2024-12-14,Active
A0012624,C009330,Salary,22253.12,2024-08-13,Active
A0012625,C009331,Savings,18991.58,2018-02-19,Active
A0012626,C009331,Savings,33134.76,2021-04-23,Active
A0012627,C009332,Current,24604.0,2023-06-04,Active
A0012628,C009333,Fixed Deposit,108708.2,2019-04-25,Active
A0012629,C009334,Current,44178.86,2022-04-19,Active
A0012630,C009335,Current,25686.22,2023-04-17,Active
A0012631,C009336,Current,31447.18,2025-04-03,Active
A0012632,C009337,Fixed Deposit,170319.38,2018-03-23,Active
A0012633,C009338,Savings,14182.22,2022-12-17,Active
A0012634,C009339,Savings,3867.21,2023-05-05,Active
A0012635,C009340,Savings,82047.88,2021-10-22,Active
A0012636,C009341,Savings,98760.17,2024-07-09,Active
A0012637,C009341,Salary,38198.32,2024-11-29,Active
A0012638,C009342,Savings,42440.19,2019-04-05,Dormant
A0012639,C009342,Fixed Deposit,149715.98,2018-07-29,Active
A0012640,C009342,Salary,17090.63,2021-04-29,Active
A0012641,C009343,Current,9945.31,2018-10-12,Active
A0012642,C009344,Salary,14303.44,2022-11-11,Active
A0012643,C009345,Current,55847.3,2020-07-21,Active
A0012644,C009345,Current,5207.73,2023-12-15,Active
A0012645,C009346,Salary,21261.58,2021-12-15,Active
A0012646,C009347,Savings,21173.61,2024-05-01,Active
A0012647,C009347,Current,53844.76,2023-08-07,Active
A0012648,C009348,Current,16627.65,2020-02-11,Active
A0012649,C009349,Savings,7082.94,2018-12-13,Active
A0012650,C009350,Savings,47198.94,2022-01-01,Active
A0012651,C009351,Salary,8087.07,2018-12-13,Active
A0012652,C009352,Salary,6065.35,2024-01-24,Active
A0012653,C009352,Savings,34465.0,2023-09-07,Active
A0012654,C009353,Current,83041.03,2019-07-05,Active
A0012655,C009354,Current,19524.43,2018-06-24,Active
A0012656,C009355,Fixed Deposit,169683.96,2022-05-03,Active
A0012657,C009356,Savings,122476.86,2018-06-21,Active
A0012658,C009356,Savings,13420.49,2023-03-24,Active
A0012659,C009357,Fixed Deposit,458325.9,2024-05-09,Active
A0012660,C009358,Savings,54981.77,2021-01-05,Active
A0012661,C009359,Savings,49904.88,2023-08-22,Active
A0012662,C009360,Fixed Deposit,62607.8,2021-01-05,Active
A0012663,C009361,Current,9669.05,2024-03-16,Active
A0012664,C009362,Salary,20012.38,2018-04-08,Active
A0012665,C009363,Savings,18988.23,2018-03-08,Active
A0012666,C009364,Salary,23461.3,2019-10-01,Active
A0012667,C009365,Savings,21206.7,2023-09-11,Active
A0012668,C009365,Savings,19462.26,2023-03-09,Active
A0012669,C009365,Current,4760.23,2025-01-19,Active
A0012670,C009366,Savings,9677.27,2023-02-01,Active
A0012671,C009366,Salary,10933.83,2024-02-27,Active
A0012672,C009366,Savings,44803.64,2025-03-18,Active
A0012673,C009367,Savings,59882.39,2023-07-28,Active
A0012674,C009368,Fixed Deposit,165758.12,2021-05-18,Active
A0012675,C009369,Fixed Deposit,130665.92,2022-03-26,Active
A0012676,C009370,Current,24688.78,2023-10-13,Active
A0012677,C009370,Savings,24538.93,2022-06-04,Active
A0012678,C009371,Fixed Deposit,42274.85,2023-05-26,Active
A0012679,C009372,Fixed Deposit,239899.16,2018-03-11,Active
A0012680,C009373,Current,56493.56,2021-11-21,Active
A0012681,C009373,Salary,30117.85,2021-07-24,Active
A0012682,C009374,Savings,45101.46,2024-06-25,Active
A0012683,C009375,Savings,54783.0,2024-05-04,Active
A0012684,C009375,Savings,17326.25,2019-10-01,Active
A0012685,C009376,Savings,37599.0,2023-11-21,Active
A0012686,C009377,Savings,8520.4,2021-07-24,Active
A0012687,C009378,Current,13105.98,2020-09-29,Active
A0012688,C009378,Fixed Deposit,507134.77,2018-06-25,Active
A0012689,C009378,Salary,1982.88,2019-03-13,Active
A0012690,C009379,Current,18284.22,2024-03-19,Active
A0012691,C009380,Savings,18803.37,2019-09-19,Active
A0012692,C009381,Savings,18731.14,2022-06-26,Active
A0012693,C009382,Savings,14587.94,2019-09-23,Active
A0012694,C009383,Current,22536.86,2018-08-17,Active
A0012695,C009384,Savings,24017.23,2020-07-15,Active
A0012696,C009385,Fixed Deposit,104088.95,2020-12-24,Active
A0012697,C009385,Current,13701.14,2022-11-29,Active
A0012698,C009385,Salary,4308.92,2021-03-29,Active
A0012699,C009386,Current,45203.78,2018-08-15,Active
A0012700,C009387,Current,56600.64,2022-01-01,Active
A0012701,C009388,Savings,32427.34,2024-02-15,Active
A0012702,C009388,Savings,84001.6,2020-05-13,Active
A0012703,C009389,Savings,12040.86,2019-12-27,Active
A0012704,C009389,Salary,10318.5,2023-04-06,Active
A0012705,C009390,Savings,61453.1,2024-03-25,Active
A0012706,C009391,Savings,4421.74,2024-05-16,Active
A0012707,C009391,Current,58477.08,2018-01-28,Active
A0012708,C009392,Savings,6787.01,2019-02-16,Active
A0012709,C009393,Savings,32072.58,2024-10-08,Dormant
A0012710,C009394,Savings,7451.35,2021-02-04,Active
A0012711,C009395,Savings,12422.95,2024-02-25,Active
A0012712,C009395,Savings,6027.92,2025-02-18,Active
A0012713,C009396,Savings,18468.34,2018-07-06,Active
A0012714,C009397,Fixed Deposit,134456.31,2021-10-22,Active
A0012715,C009397,Savings,23794.63,2021-09-19,Active
A0012716,C009398,Current,87451.4,2018-10-15,Active
A0012717,C009399,Savings,47316.21,2025-03-08,Active
A0012718,C009400,Fixed Deposit,182408.05,2023-03-20,Active
A0012719,C009400,Savings,18314.59,2025-01-15,Active
A0012720,C009401,Current,8819.43,2025-05-17,Active
A0012721,C009402,Savings,23422.15,2023-09-14,Active
A0012722,C009403,Salary,47236.01,2022-04-04,Active
A0012723,C009404,Savings,11214.09,2019-07-19,Active
A0012724,C009405,Savings,26203.19,2023-04-10,Active
A0012725,C009406,Fixed Deposit,70647.34,2023-04-17,Active
A0012726,C009407,Savings,19519.03,2023-07-05,Active
A0012727,C009408,Savings,38626.47,2022-09-15,Active
A0012728,C009409,Salary,41905.76,2021-09-28,Active
A0012729,C009410,Savings,55377.91,2023-07-03,Active
A0012730,C009411,Salary,4251.12,2021-12-01,Active
A0012731,C009412,Savings,16997.93,2023-11-08,Active
A0012732,C009412,Savings,61968.29,2023-01-05,Active
A0012733,C009413,Current,40236.82,2020-03-05,Active
A0012734,C009413,Current,59987.45,2022-10-13,Active
A0012735,C009414,Fixed Deposit,89527.33,2019-03-15,Active
A0012736,C009415,Savings,57517.35,2021-05-15,Active
A0012737,C009415,Current,28271.55,2024-10-12,Active
A0012738,C009416,Savings,22778.09,2018-08-19,Active
A0012739,C009416,Savings,13079.86,2018-02-27,Active
A0012740,C009417,Salary,14352.83,2020-09-25,Active
A0012741,C009418,Salary,27085.21,2019-07-08,Active
A0012742,C009419,Savings,43455.74,2018-01-17,Dormant
A0012743,C009420,Savings,13635.03,2019-03-29,Dormant
A0012744,C009421,Savings,26143.56,2019-08-26,Active
A0012745,C009421,Savings,52698.46,2021-03-25,Active
A0012746,C009422,Current,15502.51,2022-07-29,Active
A0012747,C009423,Savings,8304.81,2023-10-28,Active
A0012748,C009424,Salary,68738.63,2023-11-11,Active
A0012749,C009425,Current,124908.04,2021-08-11,Active
A0012750,C009425,Savings,53938.99,2024-12-12,Active
A0012751,C009426,Current,21669.57,2020-12-28,Active
A0012752,C009427,Savings,15445.02,2018-04-15,Active
A0012753,C009427,Savings,42533.35,2023-08-08,Active
A0012754,C009428,Fixed Deposit,195191.1,2022-12-29,Active
A0012755,C009429,Current,33576.01,2018-07-12,Active
A0012756,C009429,Savings,32763.04,2020-10-26,Active
A0012757,C009429,Current,16689.67,2023-07-26,Active
A0012758,C009430,Current,11370.56,2020-12-25,Active
A0012759,C009430,Salary,15489.25,2024-09-10,Active
A0012760,C009431,Savings,55017.4,2021-05-28,Active
A0012761,C009432,Salary,29481.14,2023-12-03,Active
A0012762,C009433,Salary,7538.83,2024-08-30,Active
A0012763,C009434,Salary,12434.63,2021-11-14,Active
A0012764,C009434,Savings,36472.02,2023-08-27,Active
A0012765,C009435,Fixed Deposit,167208.35,2020-12-09,Active
A0012766,C009436,Savings,29173.71,2020-11-08,Active
A0012767,C009436,Current,20957.29,2022-09-04,Active
A0012768,C009437,Fixed Deposit,194670.73,2023-11-14,Active
A0012769,C009438,Salary,189447.95,2023-12-05,Active
A0012770,C009439,Salary,69912.49,2019-01-02,Active
A0012771,C009440,Current,125379.21,2021-04-16,Active
A0012772,C009441,Salary,2322.34,2018-05-18,Active
A0012773,C009441,Savings,73125.38,2024-07-11,Active
A0012774,C009442,Fixed Deposit,396960.42,2021-03-22,Active
A0012775,C009443,Salary,14085.01,2018-10-17,Active
A0012776,C009443,Savings,2438.24,2020-04-01,Active
A0012777,C009444,Savings,10078.3,2024-10-16,Active
A0012778,C009445,Savings,88411.77,2018-06-20,Active
A0012779,C009446,Current,1665.59,2019-02-16,Active
A0012780,C009447,Fixed Deposit,48575.95,2024-12-08,Active
A0012781,C009448,Savings,53275.41,2024-01-07,Active
A0012782,C009449,Savings,4958.74,2019-11-23,Active
A0012783,C009449,Fixed Deposit,54152.67,2021-09-20,Active
A0012784,C009450,Salary,101387.77,2023-05-20,Active
A0012785,C009451,Savings,26445.13,2019-08-27,Active
A0012786,C009451,Savings,17641.81,2023-11-04,Active
A0012787,C009452,Savings,10123.75,2020-11-04,Active
A0012788,C009453,Salary,4758.01,2021-03-01,Active
A0012789,C009454,Savings,42041.94,2021-10-13,Active
A0012790,C009454,Fixed Deposit,823698.3,2018-04-02,Active
A0012791,C009454,Savings,12229.33,2018-11-11,Active
A0012792,C009455,Salary,54878.96,2022-06-14,Active
A0012793,C009455,Savings,14902.16,2024-09-12,Active
A0012794,C009456,Salary,4051.5,2024-01-13,Active
A0012795,C009457,Savings,33605.13,2019-06-18,Active
A0012796,C009457,Fixed Deposit,501295.22,2018-04-11,Active
A0012797,C009458,Current,11506.02,2023-04-20,Active
A0012798,C009459,Savings,27803.76,2025-02-24,Active
A0012799,C009460,Savings,19725.72,2022-03-20,Active
A0012800,C009461,Savings,21604.36,2019-06-12,Active
A0012801,C009462,Savings,56420.93,2021-08-20,Active
A0012802,C009462,Current,17743.27,2018-04-02,Active
A0012803,C009463,Savings,34911.16,2019-10-26,Active
A0012804,C009464,Savings,21917.18,2022-01-19,Active
A0012805,C009465,Savings,35457.95,2022-05-10,Active
A0012806,C009465,Savings,16999.99,2022-07-19,Active
A0012807,C009466,Savings,15429.72,2022-12-02,Active
A0012808,C009466,Savings,61224.11,2024-12-23,Active
A0012809,C009466,Current,13846.87,2019-01-11,Dormant
A0012810,C009467,Current,22550.93,2018-09-17,Active
A0012811,C009467,Savings,25732.98,2024-02-17,Active
A0012812,C009468,Savings,15294.34,2019-06-09,Active
A0012813,C009468,Salary,76158.47,2018-04-21,Active
A0012814,C009468,Savings,28985.6,2020-06-01,Active
A0012815,C009469,Current,53570.63,2018-10-07,Active
A0012816,C009469,Savings,48866.09,2020-06-24,Active
A0012817,C009470,Savings,6876.44,2022-02-13,Active
A0012818,C009471,Savings,18679.09,2025-06-22,Active
A0012819,C009472,Fixed Deposit,105385.41,2023-09-10,Active
A0012820,C009473,Salary,22153.1,2024-04-05,Active
A0012821,C009474,Savings,1547.39,2022-01-09,Active
A0012822,C009475,Fixed Deposit,391833.49,2018-11-16,Active
A0012823,C009476,Current,6698.63,2024-12-31,Active
A0012824,C009477,Savings,23215.26,2018-06-07,Active
A0012825,C009478,Savings,25837.62,2025-05-29,Active
A0012826,C009478,Savings,17996.21,2019-03-27,Active
A0012827,C009479,Savings,81816.37,2021-11-16,Active
A0012828,C009480,Current,28072.6,2021-10-31,Active
A0012829,C009481,Savings,8419.85,2022-05-02,Active
A0012830,C009482,Fixed Deposit,326606.66,2020-06-24,Active
A0012831,C009482,Current,128876.28,2022-04-15,Active
A0012832,C009483,Savings,42379.83,2024-06-10,Active
A0012833,C009484,Savings,7813.12,2019-03-07,Active
A0012834,C009484,Salary,80033.31,2019-03-31,Active
A0012835,C009485,Current,25535.74,2025-06-06,Active
A0012836,C009485,Savings,47003.37,2018-02-18,Active
A0012837,C009486,Salary,18866.85,2019-08-17,Active
A0012838,C009486,Fixed Deposit,344508.13,2022-03-24,Dormant
A0012839,C009487,Current,7544.24,2023-10-24,Active
A0012840,C009488,Current,65685.9,2018-01-13,Active
A0012841,C009488,Fixed Deposit,441972.06,2021-12-31,Active
A0012842,C009489,Fixed Deposit,154530.89,2023-06-09,Active
A0012843,C009489,Savings,15879.76,2023-01-20,Active
A0012844,C009489,Fixed Deposit,367264.66,2018-10-16,Active
A0012845,C009490,Salary,25685.63,2022-10-05,Active
A0012846,C009491,Current,9432.15,2023-01-17,Active
A0012847,C009492,Current,15518.99,2019-02-17,Dormant
A0012848,C009493,Savings,13467.43,2018-01-05,Active
A0012849,C009494,Savings,10268.49,2022-08-22,Active
A0012850,C009494,Savings,15102.7,2023-07-12,Active
A0012851,C009495,Savings,13304.41,2019-10-27,Active
A0012852,C009496,Fixed Deposit,233915.53,2023-06-29,Active
A0012853,C009497,Salary,10187.62,2022-04-17,Active
A0012854,C009497,Savings,20400.79,2018-09-02,Active
A0012855,C009497,Salary,13863.27,2019-05-17,Active
A0012856,C009498,Fixed Deposit,111155.99,2024-06-29,Active
A0012857,C009498,Savings,17648.5,2025-04-10,Active
A0012858,C009499,Savings,43728.6,2024-09-16,Active
A0012859,C009499,Savings,15251.49,2022-03-09,Active
A0012860,C009500,Savings,14557.88,2023-04-02,Active
A0012861,C009501,Savings,16579.55,2022-08-15,Active
A0012862,C009502,Salary,9010.92,2020-11-13,Active
A0012863,C009503,Fixed Deposit,185397.06,2020-07-26,Active
A0012864,C009504,Current,31691.41,2023-05-23,Active
A0012865,C009505,Current,103009.51,2024-10-06,Dormant
A0012866,C009505,Salary,12377.07,2025-02-18,Active
A0012867,C009506,Salary,37091.88,2022-07-07,Active
A0012868,C009507,Current,20068.78,2021-06-28,Active
A0012869,C009508,Fixed Deposit,91482.15,2023-11-13,Active
A0012870,C009509,Fixed Deposit,29140.83,2021-02-19,Active
A0012871,C009510,Salary,34527.6,2022-02-20,Active
A0012872,C009510,Salary,38325.58,2018-03-30,Active
A0012873,C009511,Savings,58577.66,2022-11-04,Active
A0012874,C009512,Savings,127187.59,2025-05-19,Active
A0012875,C009512,Savings,5491.61,2021-08-18,Active
A0012876,C009513,Savings,8980.15,2018-03-04,Active
A0012877,C009514,Savings,15558.22,2019-02-26,Active
A0012878,C009514,Savings,51024.39,2018-04-20,Active
A0012879,C009515,Savings,6540.14,2018-08-21,Active
A0012880,C009515,Current,56960.7,2018-06-18,Active
A0012881,C009516,Fixed Deposit,380707.19,2020-06-24,Active
A0012882,C009517,Savings,10812.44,2024-01-26,Active
A0012883,C009517,Savings,60201.25,2019-11-04,Active
A0012884,C009518,Savings,11073.83,2022-08-03,Active
A0012885,C009519,Current,10515.73,2018-10-25,Active
A0012886,C009520,Salary,66014.15,2018-03-19,Active
A0012887,C009520,Savings,51934.5,2023-06-14,Active
A0012888,C009521,Salary,30014.1,2020-10-16,Active
A0012889,C009521,Salary,16318.15,2019-02-14,Active
A0012890,C009522,Fixed Deposit,353903.54,2018-12-23,Active
A0012891,C009523,Savings,24557.13,2024-04-02,Active
A0012892,C009524,Salary,21574.57,2024-05-13,Active
A0012893,C009525,Savings,37439.13,2023-12-21,Active
A0012894,C009525,Savings,5195.91,2018-01-30,Active
A0012895,C009526,Current,22390.14,2022-12-24,Active
A0012896,C009527,Fixed Deposit,245995.96,2021-01-09,Active
A0012897,C009528,Savings,12592.94,2019-05-19,Active
A0012898,C009529,Savings,24075.46,2024-09-01,Active
A0012899,C009529,Fixed Deposit,40716.89,2025-01-16,Active
A0012900,C009529,Savings,16439.31,2019-02-11,Active
A0012901,C009530,Salary,22689.04,2018-02-15,Active
A0012902,C009531,Salary,11029.37,2022-06-24,Active
A0012903,C009531,Savings,108650.48,2018-07-06,Active
A0012904,C009532,Savings,48457.67,2018-10-14,Active
A0012905,C009533,Savings,36738.3,2025-05-29,Active
A0012906,C009533,Savings,32529.33,2021-11-06,Active
A0012907,C009534,Salary,10488.27,2025-02-04,Active
A0012908,C009535,Fixed Deposit,167223.41,2022-12-30,Dormant
A0012909,C009536,Fixed Deposit,55572.07,2019-11-10,Active
A0012910,C009536,Current,11271.03,2021-08-30,Active
A0012911,C009536,Savings,14143.61,2024-12-20,Active
A0012912,C009537,Savings,78369.44,2023-08-23,Active
A0012913,C009538,Current,30622.0,2022-10-08,Active
A0012914,C009538,Salary,14144.54,2023-12-31,Active
A0012915,C009539,Savings,10292.64,2023-11-04,Active
A0012916,C009540,Savings,21379.8,2019-08-27,Active
A0012917,C009541,Savings,16991.24,2023-08-20,Active
A0012918,C009541,Savings,30125.93,2018-12-20,Active
A0012919,C009542,Savings,11806.24,2025-04-11,Active
A0012920,C009542,Savings,14248.45,2020-01-21,Active
A0012921,C009543,Savings,5690.86,2021-10-08,Active
A0012922,C009544,Savings,71426.02,2020-01-06,Active
A0012923,C009544,Savings,7990.72,2022-02-08,Active
A0012924,C009545,Savings,19195.58,2025-05-04,Active
A0012925,C009546,Current,6873.18,2020-06-10,Active
A0012926,C009547,Savings,41681.4,2021-05-25,Active
A0012927,C009548,Savings,20748.84,2021-10-07,Active
A0012928,C009549,Savings,34178.56,2022-09-14,Active
A0012929,C009550,Savings,34010.47,2021-02-22,Active
A0012930,C009551,Savings,24334.53,2022-05-13,Active
A0012931,C009552,Salary,16808.06,2022-03-13,Active
A0012932,C009553,Savings,23155.17,2021-07-28,Active
A0012933,C009553,Salary,74987.85,2024-01-29,Active
A0012934,C009554,Savings,38489.06,2022-02-02,Active
A0012935,C009554,Salary,2986.78,2020-05-12,Active
A0012936,C009555,Savings,14041.75,2024-05-16,Active
A0012937,C009556,Savings,15674.86,2021-05-31,Active
A0012938,C009556,Salary,45194.59,2021-11-14,Active
A0012939,C009557,Savings,3004.3,2023-08-18,Active
A0012940,C009557,Savings,15076.09,2021-07-20,Active
A0012941,C009558,Current,12600.44,2023-01-26,Active
A0012942,C009559,Fixed Deposit,244257.5,2024-09-25,Active
A0012943,C009560,Fixed Deposit,97877.85,2020-09-26,Active
A0012944,C009561,Fixed Deposit,381268.42,2022-07-30,Active
A0012945,C009562,Fixed Deposit,96930.79,2018-08-13,Dormant
A0012946,C009563,Savings,4893.84,2025-02-16,Active
A0012947,C009563,Savings,18029.03,2018-03-21,Dormant
A0012948,C009564,Current,47744.83,2018-05-05,Active
A0012949,C009564,Salary,14396.37,2024-11-09,Active
A0012950,C009565,Current,8482.2,2019-12-07,Active
A0012951,C009566,Savings,15108.4,2018-01-23,Active
A0012952,C009567,Current,15250.34,2023-06-17,Active
A0012953,C009568,Savings,36168.98,2022-12-12,Active
A0012954,C009569,Savings,25030.06,2019-06-22,Active
A0012955,C009569,Savings,58739.53,2022-05-21,Active
A0012956,C009570,Savings,31446.18,2019-01-13,Active
A0012957,C009571,Savings,21928.97,2018-07-15,Active
A0012958,C009571,Savings,16776.78,2021-04-06,Active
A0012959,C009572,Savings,6570.17,2024-06-30,Active
A0012960,C009572,Savings,15056.2,2022-10-04,Active
A0012961,C009573,Fixed Deposit,214007.69,2020-01-01,Active
A0012962,C009573,Salary,9122.26,2020-01-12,Active
A0012963,C009573,Salary,15987.51,2022-01-30,Active
A0012964,C009574,Salary,21203.76,2024-12-04,Active
A0012965,C009575,Salary,20335.64,2019-01-09,Active
A0012966,C009576,Savings,18062.78,2023-11-18,Active
A0012967,C009577,Savings,1360.01,2018-04-26,Active
A0012968,C009578,Salary,22974.86,2025-05-22,Active
A0012969,C009579,Salary,22909.88,2021-09-09,Active
A0012970,C009579,Savings,39550.35,2018-12-26,Active
A0012971,C009580,Savings,44065.35,2024-09-16,Active
A0012972,C009581,Current,33713.47,2018-08-13,Active
A0012973,C009582,Savings,47838.96,2024-04-26,Active
A0012974,C009583,Savings,99972.24,2018-10-21,Active
A0012975,C009584,Savings,52776.27,2018-12-28,Active
A0012976,C009584,Salary,29232.25,2020-11-17,Active
A0012977,C009585,Savings,11545.9,2023-07-12,Active
A0012978,C009585,Savings,7716.49,2019-08-30,Active
A0012979,C009586,Savings,12992.18,2022-03-16,Active
A0012980,C009587,Savings,17005.96,2020-12-06,Active
A0012981,C009588,Savings,21738.78,2024-09-08,Active
A0012982,C009588,Savings,14497.63,2023-06-24,Active
A0012983,C009589,Savings,48186.88,2023-09-21,Active
A0012984,C009590,Savings,15441.49,2019-02-24,Active
A0012985,C009591,Current,1883.71,2024-10-19,Active
A0012986,C009591,Savings,13619.89,2020-10-08,Active
A0012987,C009592,Current,10906.1,2024-11-06,Active
A0012988,C009592,Current,4737.42,2021-04-02,Active
A0012989,C009592,Savings,33276.88,2019-05-22,Active
A0012990,C009593,Fixed Deposit,262184.25,2019-12-15,Active
A0012991,C009594,Salary,10989.65,2023-02-15,Active
A0012992,C009595,Fixed Deposit,31919.7,2021-05-01,Active
A0012993,C009596,Salary,33186.57,2024-07-14,Active
A0012994,C009597,Current,44106.46,2025-05-12,Active
A0012995,C009597,Savings,54425.8,2022-05-15,Active
A0012996,C009597,Savings,42709.27,2025-06-28,Active
A0012997,C009598,Savings,22844.62,2022-02-10,Active
A0012998,C009599,Salary,44454.32,2018-02-04,Active
A0012999,C009600,Salary,7801.35,2022-08-29,Active
A0013000,C009601,Savings,18529.3,2022-02-24,Active
A0013001,C009602,Current,49177.85,2020-01-28,Active
A0013002,C009603,Current,25129.45,2024-05-20,Active
A0013003,C009604,Salary,3900.43,2025-02-28,Active
A0013004,C009605,Savings,9360.28,2023-10-07,Active
A0013005,C009606,Fixed Deposit,608605.85,2019-08-22,Active
A0013006,C009607,Savings,30084.0,2025-06-10,Active
A0013007,C009608,Savings,45764.42,2023-08-01,Active
A0013008,C009608,Salary,22135.24,2023-11-08,Active
A0013009,C009609,Savings,37289.08,2021-03-23,Active
A0013010,C009610,Savings,22386.52,2025-04-13,Active
A0013011,C009611,Savings,20597.44,2018-01-13,Active
A0013012,C009612,Salary,43171.3,2022-08-17,Active
A0013013,C009613,Salary,56867.16,2021-04-02,Active
A0013014,C009614,Savings,25099.84,2024-10-10,Active
A0013015,C009615,Savings,33030.47,2020-01-09,Active
A0013016,C009616,Salary,55056.56,2019-07-05,Active
A0013017,C009617,Current,3761.76,2019-11-11,Active
A0013018,C009618,Savings,37954.11,2020-09-20,Active
A0013019,C009619,Savings,28274.96,2020-10-04,Active
A0013020,C009620,Salary,12353.15,2020-03-04,Active
A0013021,C009620,Fixed Deposit,84254.49,2023-10-26,Active
A0013022,C009620,Savings,8127.78,2018-06-23,Active
A0013023,C009621,Current,35044.14,2024-08-26,Active
A0013024,C009622,Salary,35255.36,2020-02-27,Active
A0013025,C009622,Salary,12898.69,2021-10-20,Active
A0013026,C009623,Fixed Deposit,42075.21,2022-10-18,Active
A0013027,C009623,Fixed Deposit,280958.37,2018-01-03,Active
A0013028,C009624,Current,6104.67,2022-05-25,Active
A0013029,C009625,Salary,22604.72,2018-09-08,Active
A0013030,C009626,Savings,54165.77,2021-09-20,Dormant
A0013031,C009627,Fixed Deposit,203992.72,2022-12-31,Active
A0013032,C009628,Savings,9977.14,2019-03-10,Active
A0013033,C009629,Savings,28698.92,2018-04-25,Active
A0013034,C009629,Savings,30156.62,2021-05-31,Active
A0013035,C009630,Current,65463.72,2021-09-04,Active
A0013036,C009631,Savings,4522.11,2024-01-19,Active
A0013037,C009631,Salary,45438.39,2023-08-22,Active
A0013038,C009632,Savings,25168.36,2022-08-15,Active
A0013039,C009632,Savings,33975.99,2020-05-31,Active
A0013040,C009632,Savings,14193.09,2022-07-26,Active
A0013041,C009633,Salary,38546.03,2020-07-03,Active
A0013042,C009634,Savings,14575.27,2019-06-26,Active
A0013043,C009635,Savings,6746.4,2019-01-19,Active
A0013044,C009636,Salary,9548.56,2025-02-03,Active
A0013045,C009637,Current,19478.77,2018-07-04,Active
A0013046,C009638,Savings,43578.58,2023-01-12,Active
A0013047,C009638,Salary,17853.7,2025-01-06,Active
A0013048,C009638,Fixed Deposit,146751.56,2018-07-12,Active
A0013049,C009639,Savings,26367.06,2024-10-23,Active
A0013050,C009640,Salary,81761.67,2018-11-15,Active
A0013051,C009641,Salary,33115.08,2024-05-11,Active
A0013052,C009641,Salary,74022.99,2021-10-05,Active
A0013053,C009642,Salary,19494.56,2024-05-09,Active
A0013054,C009642,Current,13811.31,2022-11-08,Active
A0013055,C009643,Fixed Deposit,702456.96,2021-11-07,Active
A0013056,C009644,Salary,31736.59,2023-04-27,Active
A0013057,C009645,Fixed Deposit,92748.49,2020-12-23,Active
A0013058,C009646,Salary,6872.17,2025-04-08,Active
A0013059,C009647,Salary,58804.29,2018-05-27,Active
A0013060,C009647,Salary,39266.26,2022-04-06,Active
A0013061,C009648,Current,7894.95,2024-10-26,Active
A0013062,C009648,Fixed Deposit,134531.75,2018-02-23,Active
A0013063,C009649,Savings,17028.38,2023-01-17,Active
A0013064,C009650,Salary,40335.43,2021-12-16,Active
A0013065,C009651,Savings,30218.07,2021-04-17,Active
A0013066,C009652,Salary,178574.51,2023-10-09,Active
A0013067,C009652,Current,21360.28,2023-08-21,Active
A0013068,C009653,Salary,10126.44,2020-05-17,Active
A0013069,C009654,Savings,21557.05,2022-05-09,Active
A0013070,C009655,Fixed Deposit,329134.69,2022-07-23,Active
A0013071,C009656,Fixed Deposit,176334.19,2020-08-25,Active
A0013072,C009656,Salary,118960.36,2021-09-05,Active
A0013073,C009657,Savings,54843.74,2020-06-27,Active
A0013074,C009658,Fixed Deposit,90250.26,2022-02-11,Active
A0013075,C009659,Savings,69974.56,2018-08-15,Active
A0013076,C009660,Current,42120.69,2018-08-18,Active
A0013077,C009661,Savings,1720.79,2020-12-05,Active
A0013078,C009661,Savings,74935.66,2024-01-30,Active
A0013079,C009662,Fixed Deposit,16560.07,2019-12-18,Active
A0013080,C009663,Savings,26475.82,2022-05-03,Active
A0013081,C009664,Salary,25522.42,2024-08-13,Active
A0013082,C009665,Current,151449.25,2021-03-22,Active
A0013083,C009666,Savings,14663.44,2024-03-06,Active
A0013084,C009667,Savings,13292.5,2023-10-20,Active
A0013085,C009667,Current,7808.91,2022-05-16,Dormant
A0013086,C009668,Savings,12991.42,2023-05-30,Active
A0013087,C009669,Fixed Deposit,119011.37,2021-12-20,Active
A0013088,C009670,Salary,28245.18,2025-04-07,Active
A0013089,C009671,Savings,8975.21,2022-07-15,Active
A0013090,C009672,Savings,8218.28,2019-04-29,Active
A0013091,C009672,Savings,10664.45,2018-09-05,Active
A0013092,C009672,Savings,2525.61,2022-03-22,Active
A0013093,C009673,Savings,53614.68,2022-11-01,Active
A0013094,C009674,Savings,28844.15,2018-06-02,Active
A0013095,C009675,Savings,40038.33,2022-11-17,Dormant
A0013096,C009676,Savings,33247.47,2020-12-31,Active
A0013097,C009676,Salary,52943.51,2021-10-28,Active
A0013098,C009677,Savings,27906.93,2023-10-08,Active
A0013099,C009678,Fixed Deposit,200047.67,2020-05-02,Active
A0013100,C009678,Salary,14338.47,2019-01-08,Active
A0013101,C009679,Savings,42791.15,2021-07-17,Active
A0013102,C009680,Savings,21003.61,2019-11-26,Active
A0013103,C009681,Savings,18604.31,2022-07-25,Active
A0013104,C009682,Current,26391.07,2022-04-30,Active
A0013105,C009682,Salary,42418.87,2019-08-27,Active
A0013106,C009682,Current,15306.66,2023-06-11,Active
A0013107,C009683,Salary,28451.9,2022-11-07,Active
A0013108,C009683,Salary,2796.35,2018-02-20,Active
A0013109,C009684,Fixed Deposit,74822.84,2023-07-31,Active
A0013110,C009685,Savings,2412.03,2021-08-16,Active
A0013111,C009686,Savings,49494.65,2018-02-12,Active
A0013112,C009687,Current,3975.8,2025-06-13,Active
A0013113,C009687,Current,20104.7,2023-01-29,Active
A0013114,C009688,Savings,2664.84,2022-12-11,Active
A0013115,C009689,Salary,10313.45,2025-02-01,Active
A0013116,C009690,Fixed Deposit,143258.19,2025-06-18,Active
A0013117,C009691,Savings,5708.58,2024-11-22,Active
A0013118,C009692,Savings,23202.81,2022-03-18,Active
A0013119,C009693,Savings,38794.85,2024-08-18,Active
A0013120,C009694,Savings,32724.56,2024-03-29,Active
A0013121,C009694,Savings,58419.49,2025-02-06,Active
A0013122,C009695,Savings,56549.19,2022-08-16,Active
A0013123,C009696,Salary,33862.28,2025-02-25,Active
A0013124,C009696,Salary,30027.51,2024-12-15,Active
A0013125,C009697,Savings,23221.18,2018-11-23,Active
A0013126,C009697,Salary,10774.75,2023-02-11,Active
A0013127,C009698,Savings,53804.41,2024-10-19,Active
A0013128,C009698,Salary,77287.65,2022-08-17,Active
A0013129,C009699,Fixed Deposit,129094.06,2022-10-01,Active
A0013130,C009700,Fixed Deposit,237493.34,2021-12-14,Active
A0013131,C009701,Savings,12706.0,2019-05-02,Active
A0013132,C009702,Savings,28325.96,2023-09-08,Active
A0013133,C009703,Savings,25213.04,2024-06-19,Active
A0013134,C009703,Salary,5846.48,2022-07-07,Active
A0013135,C009703,Fixed Deposit,32898.05,2023-05-20,Active
A0013136,C009704,Savings,14888.28,2021-09-23,Dormant
A0013137,C009705,Salary,13635.32,2022-02-10,Active
A0013138,C009706,Salary,13233.21,2018-09-21,Active
A0013139,C009707,Fixed Deposit,129572.23,2019-09-02,Active
A0013140,C009708,Savings,17630.47,2019-11-17,Active
A0013141,C009709,Savings,37204.67,2021-01-17,Active
A0013142,C009710,Savings,39639.49,2024-06-30,Active
A0013143,C009710,Fixed Deposit,895984.08,2023-08-08,Active
A0013144,C009711,Salary,2883.6,2018-02-08,Active
A0013145,C009712,Current,10541.16,2025-06-16,Active
A0013146,C009712,Current,29864.46,2019-12-07,Active
A0013147,C009713,Fixed Deposit,239811.47,2024-01-26,Active
A0013148,C009714,Current,12544.47,2022-01-30,Active
A0013149,C009714,Savings,45224.43,2019-02-21,Active
A0013150,C009714,Savings,6211.98,2020-04-25,Active
A0013151,C009715,Savings,34539.81,2022-10-15,Active
A0013152,C009716,Savings,23759.17,2019-03-15,Active
A0013153,C009717,Current,26842.05,2022-06-26,Active
A0013154,C009718,Savings,22648.76,2021-11-10,Active
A0013155,C009718,Savings,34013.3,2021-09-06,Active
A0013156,C009719,Savings,11566.52,2020-02-17,Active
A0013157,C009720,Current,9218.52,2023-03-03,Active
A0013158,C009721,Savings,35108.67,2022-12-25,Active
A0013159,C009722,Salary,21543.08,2024-10-31,Active
A0013160,C009723,Savings,35592.37,2021-03-17,Active
A0013161,C009724,Fixed Deposit,49676.02,2023-05-12,Active
A0013162,C009725,Fixed Deposit,42242.66,2024-09-17,Active
A0013163,C009725,Savings,28510.7,2022-12-12,Active
A0013164,C009726,Savings,11841.7,2019-08-29,Active
A0013165,C009727,Salary,54635.79,2024-12-19,Active
A0013166,C009728,Savings,7839.32,2018-01-03,Active
A0013167,C009729,Current,12367.49,2018-01-05,Active
A0013168,C009730,Savings,25142.03,2019-05-07,Active
A0013169,C009730,Current,13907.62,2018-06-20,Active
A0013170,C009731,Current,36941.58,2021-10-29,Active
A0013171,C009732,Savings,49809.49,2023-09-19,Active
A0013172,C009732,Savings,6503.69,2022-11-21,Active
A0013173,C009733,Current,8970.26,2023-12-11,Active
A0013174,C009734,Savings,15778.81,2018-03-18,Active
A0013175,C009734,Savings,9952.6,2025-06-01,Active
A0013176,C009735,Current,12930.94,2021-02-03,Active
A0013177,C009736,Current,11557.67,2021-11-17,Active
A0013178,C009736,Savings,85276.24,2022-03-24,Active
A0013179,C009737,Fixed Deposit,99912.19,2021-07-31,Active
A0013180,C009737,Fixed Deposit,165075.24,2023-12-28,Active
A0013181,C009738,Salary,5925.92,2021-07-14,Active
A0013182,C009739,Salary,22603.55,2023-06-25,Active
A0013183,C009740,Fixed Deposit,127207.74,2024-04-15,Active
A0013184,C009741,Fixed Deposit,91929.43,2023-12-28,Active
A0013185,C009741,Fixed Deposit,81789.77,2021-04-15,Active
A0013186,C009742,Salary,20915.15,2024-04-09,Active
A0013187,C009743,Savings,34624.53,2019-12-06,Active
A0013188,C009743,Salary,29838.9,2018-10-17,Active
A0013189,C009744,Salary,36960.03,2025-04-12,Active
A0013190,C009745,Salary,48595.55,2020-01-26,Active
A0013191,C009746,Salary,54384.04,2019-12-20,Active
A0013192,C009746,Savings,7459.55,2020-07-14,Active
A0013193,C009747,Savings,37084.49,2018-11-07,Active
A0013194,C009748,Savings,23957.85,2025-04-06,Active
A0013195,C009748,Savings,95540.42,2024-11-17,Active
A0013196,C009748,Savings,39408.1,2019-05-11,Dormant
A0013197,C009749,Savings,80590.1,2018-01-14,Dormant
A0013198,C009749,Current,423786.21,2023-02-27,Active
A0013199,C009749,Savings,12333.84,2019-09-02,Active
A0013200,C009750,Savings,200607.5,2018-10-04,Dormant
A0013201,C009750,Savings,9698.46,2025-01-13,Active
A0013202,C009751,Savings,27935.33,2024-04-22,Active
A0013203,C009752,Savings,70508.03,2018-04-15,Dormant
A0013204,C009753,Savings,18649.96,2018-03-15,Active
A0013205,C009753,Savings,7679.84,2024-08-20,Active
A0013206,C009754,Salary,25283.33,2019-01-08,Active
A0013207,C009754,Current,9231.58,2022-04-04,Active
A0013208,C009755,Savings,17327.88,2018-01-19,Active
A0013209,C009756,Savings,112021.65,2021-02-03,Active
A0013210,C009757,Savings,3862.75,2024-04-06,Active
A0013211,C009758,Savings,53918.13,2020-01-18,Active
A0013212,C009759,Savings,26619.62,2018-02-24,Active
A0013213,C009760,Savings,5048.42,2023-01-04,Active
A0013214,C009760,Savings,5255.07,2019-09-21,Active
A0013215,C009761,Salary,29883.08,2021-06-13,Active
A0013216,C009762,Salary,5880.51,2021-09-07,Active
A0013217,C009763,Fixed Deposit,87547.34,2024-05-03,Active
A0013218,C009764,Fixed Deposit,856731.87,2022-11-07,Active
A0013219,C009765,Salary,8639.39,2023-11-11,Active
A0013220,C009765,Savings,27390.74,2023-10-20,Active
A0013221,C009766,Salary,9817.0,2020-08-09,Active
A0013222,C009766,Savings,7679.07,2023-08-28,Active
A0013223,C009767,Savings,14220.68,2021-04-28,Active
A0013224,C009767,Savings,12504.28,2020-10-31,Active
A0013225,C009768,Current,8779.01,2019-05-29,Active
A0013226,C009769,Savings,27622.2,2023-10-21,Active
A0013227,C009770,Savings,92012.01,2020-03-05,Active
A0013228,C009771,Current,6895.76,2022-01-09,Active
A0013229,C009771,Savings,296794.98,2022-10-29,Active
A0013230,C009772,Salary,61331.44,2025-04-08,Active
A0013231,C009772,Savings,26279.1,2021-01-15,Active
A0013232,C009773,Salary,6793.96,2019-08-29,Active
A0013233,C009774,Fixed Deposit,367022.74,2018-06-08,Active
A0013234,C009775,Current,11541.5,2025-04-23,Active
A0013235,C009775,Salary,18314.68,2018-04-24,Active
A0013236,C009776,Savings,7682.51,2022-03-09,Active
A0013237,C009776,Savings,43486.71,2021-11-29,Active
A0013238,C009777,Savings,6316.72,2023-06-08,Active
A0013239,C009778,Savings,48838.09,2024-12-02,Active
A0013240,C009779,Salary,52583.32,2018-08-06,Active
A0013241,C009780,Savings,6462.38,2023-04-16,Active
A0013242,C009781,Current,7006.35,2018-06-13,Active
A0013243,C009782,Savings,15462.95,2025-02-02,Active
A0013244,C009783,Current,38004.23,2022-04-10,Active
A0013245,C009783,Current,29944.19,2022-01-06,Active
A0013246,C009783,Current,19254.09,2023-02-13,Active
A0013247,C009784,Fixed Deposit,133545.11,2022-03-01,Active
A0013248,C009784,Current,26211.42,2023-12-30,Active
A0013249,C009785,Savings,11005.77,2019-09-19,Active
A0013250,C009786,Fixed Deposit,156198.72,2024-02-06,Active
A0013251,C009786,Salary,11314.13,2020-04-04,Active
A0013252,C009787,Current,23430.86,2020-01-06,Active
A0013253,C009788,Savings,14610.38,2019-05-26,Active
A0013254,C009789,Fixed Deposit,72626.14,2020-01-14,Active
A0013255,C009790,Savings,9952.38,2018-07-21,Active
A0013256,C009791,Current,19001.64,2024-12-05,Active
A0013257,C009792,Savings,53824.27,2018-12-19,Active
A0013258,C009792,Current,12977.66,2022-02-15,Active
A0013259,C009793,Salary,165211.93,2024-02-04,Active
A0013260,C009793,Savings,170190.81,2021-04-25,Dormant
A0013261,C009794,Savings,1837.41,2023-10-06,Active
A0013262,C009795,Salary,32814.15,2023-02-23,Active
A0013263,C009795,Savings,13863.15,2019-08-27,Active
A0013264,C009796,Savings,35579.97,2024-09-25,Active
A0013265,C009797,Savings,37128.37,2019-06-05,Active
A0013266,C009798,Savings,8058.56,2018-01-14,Active
A0013267,C009799,Salary,10664.81,2018-01-02,Active
A0013268,C009799,Savings,16700.94,2022-06-15,Active
A0013269,C009800,Salary,4921.56,2022-01-15,Active
A0013270,C009801,Savings,49667.36,2021-06-18,Dormant
A0013271,C009802,Current,17179.27,2024-04-23,Active
A0013272,C009803,Savings,10469.62,2018-09-15,Active
A0013273,C009803,Savings,28098.95,2019-10-01,Active
A0013274,C009804,Savings,7393.79,2019-12-17,Active
A0013275,C009804,Current,24364.94,2024-06-06,Active
A0013276,C009805,Fixed Deposit,86375.66,2018-07-21,Active
A0013277,C009805,Current,13870.93,2021-02-14,Active
A0013278,C009806,Savings,12813.06,2019-03-11,Active
A0013279,C009807,Fixed Deposit,237990.65,2024-12-10,Active
A0013280,C009807,Savings,24367.73,2018-10-04,Active
A0013281,C009808,Savings,72164.0,2023-08-07,Active
A0013282,C009809,Savings,9032.7,2023-09-08,Dormant
A0013283,C009810,Fixed Deposit,80202.47,2019-12-14,Active
A0013284,C009811,Current,13143.53,2020-03-01,Active
A0013285,C009811,Savings,26858.04,2025-06-02,Active
A0013286,C009812,Savings,13153.5,2021-10-15,Active
A0013287,C009813,Savings,23713.41,2019-06-24,Active
A0013288,C009813,Fixed Deposit,292455.42,2022-03-12,Active
A0013289,C009814,Current,18674.84,2018-03-18,Active
A0013290,C009815,Current,31913.92,2021-02-09,Active
A0013291,C009815,Salary,27759.76,2019-08-18,Active
A0013292,C009816,Savings,53039.13,2019-06-05,Active
A0013293,C009817,Savings,22430.93,2022-09-24,Active
A0013294,C009818,Savings,16572.04,2023-03-28,Active
A0013295,C009819,Salary,5144.81,2018-02-25,Active
A0013296,C009820,Salary,10186.49,2025-04-21,Active
A0013297,C009821,Fixed Deposit,201274.55,2022-02-14,Active
A0013298,C009822,Savings,31935.83,2025-05-22,Active
A0013299,C009823,Savings,8712.48,2023-09-28,Dormant
A0013300,C009824,Savings,9287.59,2021-01-31,Active
A0013301,C009824,Savings,15518.28,2023-08-27,Active
A0013302,C009825,Savings,27909.06,2023-02-27,Active
A0013303,C009825,Fixed Deposit,104025.02,2022-04-26,Active
A0013304,C009826,Fixed Deposit,308225.87,2019-11-04,Active
A0013305,C009827,Savings,20585.54,2022-07-11,Active
A0013306,C009828,Salary,24568.31,2020-02-10,Active
A0013307,C009829,Current,14104.74,2023-07-01,Active
A0013308,C009829,Savings,8844.26,2024-12-27,Active
A0013309,C009830,Savings,98748.04,2018-08-16,Active
A0013310,C009831,Savings,27372.91,2021-05-11,Active
A0013311,C009832,Savings,83140.34,2020-04-24,Active
A0013312,C009833,Fixed Deposit,109844.9,2020-01-16,Active
A0013313,C009833,Salary,82671.59,2023-01-05,Active
A0013314,C009833,Savings,41308.94,2019-05-02,Active
A0013315,C009834,Current,44164.66,2021-11-06,Active
A0013316,C009834,Salary,14742.01,2018-04-02,Active
A0013317,C009835,Savings,39620.8,2022-12-08,Active
A0013318,C009836,Savings,18083.25,2024-05-01,Active
A0013319,C009837,Savings,46598.93,2018-08-30,Active
A0013320,C009837,Savings,39286.29,2021-06-16,Active
A0013321,C009838,Current,4547.86,2019-06-09,Active
A0013322,C009838,Savings,4740.18,2019-03-03,Active
A0013323,C009839,Current,34068.58,2019-09-13,Active
A0013324,C009840,Savings,37230.06,2024-09-02,Active
A0013325,C009840,Current,20992.08,2019-10-28,Active
A0013326,C009841,Savings,18914.5,2022-03-23,Active
A0013327,C009842,Current,8430.74,2023-09-23,Active
A0013328,C009842,Savings,25240.3,2019-07-06,Active
A0013329,C009843,Savings,50054.56,2022-11-22,Active
A0013330,C009844,Salary,30088.57,2025-05-30,Active
A0013331,C009845,Salary,30426.28,2024-09-02,Active
A0013332,C009846,Fixed Deposit,77211.23,2021-02-06,Active
A0013333,C009846,Savings,4469.94,2019-06-17,Active
A0013334,C009847,Savings,22324.35,2018-06-26,Active
A0013335,C009848,Savings,9801.42,2019-07-09,Active
A0013336,C009849,Salary,213654.08,2020-12-27,Active
A0013337,C009849,Fixed Deposit,200349.63,2019-11-24,Active
A0013338,C009849,Savings,3449.91,2024-04-04,Active
A0013339,C009850,Salary,23618.49,2020-01-01,Active
A0013340,C009850,Savings,19224.95,2023-12-19,Active
A0013341,C009850,Current,10822.82,2022-05-03,Active
A0013342,C009851,Salary,7691.49,2025-01-30,Active
A0013343,C009852,Current,18546.63,2020-01-10,Active
A0013344,C009853,Salary,27830.5,2023-01-07,Active
A0013345,C009853,Salary,8472.49,2024-07-04,Dormant
A0013346,C009854,Savings,23573.83,2022-04-13,Active
A0013347,C009855,Savings,16457.67,2020-08-06,Dormant
A0013348,C009856,Salary,30955.45,2023-06-09,Active
A0013349,C009856,Current,12335.31,2018-10-17,Active
A0013350,C009857,Savings,35298.32,2023-10-07,Active
A0013351,C009858,Current,4647.71,2019-01-07,Active
A0013352,C009858,Current,28009.88,2022-07-15,Active
A0013353,C009859,Current,26985.82,2023-11-19,Active
A0013354,C009860,Fixed Deposit,64018.87,2024-06-09,Active
A0013355,C009861,Fixed Deposit,262499.95,2021-12-12,Active
A0013356,C009862,Current,17055.92,2019-09-12,Active
A0013357,C009863,Savings,66927.04,2018-12-25,Active
A0013358,C009864,Savings,16447.15,2024-12-11,Active
A0013359,C009864,Savings,32438.06,2019-01-10,Active
A0013360,C009864,Savings,87826.87,2021-09-15,Active
A0013361,C009865,Savings,1002.03,2022-10-24,Active
A0013362,C009866,Salary,32798.57,2018-02-11,Active
A0013363,C009867,Salary,22686.41,2018-08-28,Active
A0013364,C009868,Savings,18951.61,2021-09-14,Active
A0013365,C009869,Savings,25822.25,2018-09-03,Active
A0013366,C009870,Salary,18707.62,2023-10-05,Active
A0013367,C009871,Salary,1019.3,2020-10-27,Active
A0013368,C009872,Savings,16961.48,2024-08-04,Active
A0013369,C009873,Fixed Deposit,272447.66,2020-08-15,Active
A0013370,C009874,Savings,142283.46,2022-04-09,Active
A0013371,C009874,Fixed Deposit,70119.45,2020-05-19,Active
A0013372,C009875,Savings,29932.88,2019-12-10,Active
A0013373,C009876,Fixed Deposit,355139.08,2018-05-30,Active
A0013374,C009877,Savings,23116.38,2024-10-15,Active
A0013375,C009878,Salary,16121.94,2023-04-14,Active
A0013376,C009879,Salary,8174.92,2024-12-23,Active
A0013377,C009880,Savings,19177.37,2024-06-24,Active
A0013378,C009881,Savings,24357.29,2023-11-06,Active
A0013379,C009882,Savings,35456.86,2022-12-22,Active
A0013380,C009882,Fixed Deposit,340477.11,2024-10-28,Active
A0013381,C009883,Savings,4755.11,2020-10-16,Active
A0013382,C009883,Savings,8687.89,2020-12-24,Active
A0013383,C009884,Salary,5225.25,2021-02-26,Active
A0013384,C009884,Salary,47293.68,2019-04-19,Active
A0013385,C009885,Salary,42236.56,2019-05-29,Active
A0013386,C009886,Savings,37181.37,2025-04-14,Active
A0013387,C009887,Salary,55836.02,2022-11-19,Active
A0013388,C009888,Savings,24472.11,2018-01-14,Active
A0013389,C009889,Savings,22295.08,2022-10-16,Active
A0013390,C009889,Savings,45322.15,2020-03-08,Active
A0013391,C009890,Current,17026.23,2019-01-25,Active
A0013392,C009891,Savings,12744.1,2024-06-21,Active
A0013393,C009892,Savings,11116.26,2025-04-02,Active
A0013394,C009892,Savings,13198.2,2024-04-29,Active
A0013395,C009893,Savings,21765.99,2023-09-27,Active
A0013396,C009894,Fixed Deposit,137863.1,2024-12-06,Dormant
A0013397,C009894,Current,18799.2,2020-05-08,Active
A0013398,C009895,Current,100270.94,2022-03-06,Active
A0013399,C009896,Savings,14764.98,2018-03-08,Active
A0013400,C009896,Fixed Deposit,90273.11,2023-07-09,Active
A0013401,C009897,Savings,19674.72,2022-08-02,Active
A0013402,C009897,Salary,18831.85,2020-05-27,Active
A0013403,C009898,Current,59980.99,2024-12-05,Active
A0013404,C009899,Fixed Deposit,436689.49,2022-03-30,Active
A0013405,C009899,Current,33115.93,2022-09-15,Active
A0013406,C009900,Current,14858.14,2022-12-10,Active
A0013407,C009901,Savings,50451.71,2020-03-22,Active
A0013408,C009902,Fixed Deposit,184856.85,2023-11-19,Active
A0013409,C009902,Savings,126654.1,2020-02-07,Active
A0013410,C009903,Savings,8305.2,2021-12-31,Active
A0013411,C009903,Savings,5166.3,2023-02-27,Dormant
A0013412,C009903,Salary,6496.35,2018-05-03,Active
A0013413,C009904,Savings,98852.77,2024-09-12,Active
A0013414,C009905,Fixed Deposit,414450.66,2020-08-14,Active
A0013415,C009906,Fixed Deposit,255657.76,2018-08-30,Active
A0013416,C009907,Savings,10657.32,2018-08-08,Active
A0013417,C009908,Savings,4327.48,2020-02-28,Active
A0013418,C009909,Fixed Deposit,140307.54,2024-02-23,Active
A0013419,C009910,Fixed Deposit,344696.43,2021-12-13,Active
A0013420,C009911,Savings,104288.59,2025-02-06,Active
A0013421,C009911,Savings,2831.78,2018-09-03,Active
A0013422,C009912,Current,17840.29,2024-07-23,Active
A0013423,C009913,Savings,16794.29,2019-08-14,Dormant
A0013424,C009914,Salary,2941.34,2018-09-06,Active
A0013425,C009915,Savings,15606.1,2024-12-13,Active
A0013426,C009915,Current,16394.03,2021-02-25,Active
A0013427,C009915,Current,99546.68,2019-04-09,Active
A0013428,C009916,Salary,7502.84,2021-05-14,Active
A0013429,C009917,Salary,37544.79,2021-08-07,Active
A0013430,C009917,Savings,27290.85,2018-03-26,Active
A0013431,C009918,Salary,7187.27,2019-10-14,Active
A0013432,C009919,Current,14956.4,2019-11-16,Active
A0013433,C009919,Savings,23484.95,2024-06-05,Active
A0013434,C009920,Current,11993.63,2024-06-22,Active
A0013435,C009920,Salary,24359.02,2018-09-09,Active
A0013436,C009920,Savings,49152.61,2022-08-10,Active
A0013437,C009921,Salary,20000.75,2022-09-01,Active
A0013438,C009921,Current,32244.9,2023-11-10,Active
A0013439,C009922,Fixed Deposit,362714.98,2025-01-24,Active
A0013440,C009922,Salary,3635.27,2022-05-17,Active
A0013441,C009923,Fixed Deposit,192169.19,2022-06-21,Active
A0013442,C009924,Savings,75205.08,2021-10-06,Active
A0013443,C009924,Salary,71405.98,2020-12-23,Active
A0013444,C009925,Savings,21378.47,2023-08-15,Active
A0013445,C009925,Savings,6051.54,2021-06-29,Active
A0013446,C009926,Fixed Deposit,549561.95,2024-08-01,Active
A0013447,C009927,Savings,16710.25,2022-06-19,Active
A0013448,C009928,Current,24033.32,2018-09-29,Active
A0013449,C009929,Savings,165238.03,2021-11-11,Active
A0013450,C009930,Salary,35083.82,2023-09-17,Active
A0013451,C009931,Savings,12982.7,2025-06-20,Active
A0013452,C009931,Fixed Deposit,106245.85,2020-09-05,Active
A0013453,C009932,Savings,50895.21,2019-04-18,Active
A0013454,C009933,Savings,5205.87,2025-03-13,Active
A0013455,C009934,Salary,24523.16,2024-02-24,Active
A0013456,C009934,Salary,17808.14,2019-11-18,Active
A0013457,C009935,Savings,65596.76,2023-10-14,Active
A0013458,C009935,Current,6529.85,2022-04-28,Active
A0013459,C009936,Salary,16166.19,2020-05-28,Active
A0013460,C009936,Savings,11057.82,2020-09-01,Active
A0013461,C009937,Savings,278267.74,2020-04-01,Active
A0013462,C009938,Savings,53220.99,2019-06-04,Active
A0013463,C009939,Current,23380.72,2024-05-06,Active
A0013464,C009940,Current,290967.62,2023-06-12,Active
A0013465,C009940,Salary,3954.15,2025-03-31,Active
A0013466,C009941,Fixed Deposit,141038.09,2024-10-02,Active
A0013467,C009942,Salary,16694.31,2018-04-05,Active
A0013468,C009943,Fixed Deposit,72738.77,2022-08-26,Active
A0013469,C009943,Fixed Deposit,61486.6,2024-10-31,Active
A0013470,C009944,Savings,25124.39,2022-01-17,Active
A0013471,C009945,Current,4278.84,2020-11-09,Active
A0013472,C009946,Savings,42950.66,2020-12-19,Active
A0013473,C009947,Savings,28652.45,2022-12-27,Dormant
A0013474,C009948,Salary,23825.87,2020-03-19,Active
A0013475,C009949,Savings,94373.44,2022-12-29,Active
A0013476,C009949,Savings,12977.79,2022-03-07,Active
A0013477,C009950,Savings,34731.27,2022-05-13,Dormant
A0013478,C009950,Savings,11706.12,2023-12-19,Active
A0013479,C009951,Salary,9181.21,2023-05-20,Active
A0013480,C009951,Fixed Deposit,130160.32,2021-01-11,Active
A0013481,C009952,Fixed Deposit,183111.88,2020-05-19,Active
A0013482,C009952,Savings,29924.09,2023-03-22,Active
A0013483,C009953,Savings,6190.46,2022-09-15,Active
A0013484,C009954,Savings,11817.16,2023-02-24,Active
A0013485,C009955,Savings,17045.72,2019-11-03,Active
A0013486,C009955,Savings,36262.75,2022-04-01,Active
A0013487,C009955,Savings,8734.21,2021-07-27,Active
A0013488,C009956,Fixed Deposit,640767.75,2018-09-14,Active
A0013489,C009957,Current,46860.93,2022-06-27,Active
A0013490,C009958,Savings,30268.63,2018-03-23,Active
A0013491,C009959,Salary,39098.24,2024-11-22,Active
A0013492,C009959,Savings,89891.75,2025-01-22,Active
A0013493,C009960,Savings,15616.69,2019-09-25,Active
A0013494,C009961,Savings,5815.89,2022-12-09,Active
A0013495,C009962,Savings,49824.09,2019-11-01,Active
A0013496,C009962,Savings,12130.2,2025-03-23,Active
A0013497,C009962,Salary,22952.71,2018-04-17,Active
A0013498,C009963,Salary,27601.62,2021-05-20,Active
A0013499,C009964,Savings,7417.89,2020-11-08,Active
A0013500,C009964,Savings,6729.98,2018-10-30,Active
A0013501,C009964,Current,35839.18,2022-02-08,Active
A0013502,C009965,Savings,17566.72,2023-07-04,Active
A0013503,C009965,Savings,69488.87,2023-04-16,Active
A0013504,C009965,Fixed Deposit,396677.55,2020-04-03,Active
A0013505,C009966,Savings,32632.15,2022-01-24,Active
A0013506,C009967,Salary,35422.78,2020-10-03,Active
A0013507,C009968,Salary,16451.3,2025-03-29,Active
A0013508,C009969,Fixed Deposit,100123.55,2021-11-03,Active
A0013509,C009970,Salary,48117.4,2020-10-14,Active
A0013510,C009971,Salary,34006.28,2022-06-29,Active
A0013511,C009971,Current,13493.47,2022-12-24,Active
A0013512,C009972,Current,12346.47,2019-03-30,Active
A0013513,C009972,Savings,17739.16,2022-11-28,Active
A0013514,C009973,Fixed Deposit,281047.07,2022-07-27,Active
A0013515,C009974,Fixed Deposit,155090.99,2018-08-23,Active
A0013516,C009974,Savings,27527.26,2023-03-29,Active
A0013517,C009975,Savings,22034.06,2021-07-17,Active
A0013518,C009975,Savings,16433.94,2018-09-08,Active
A0013519,C009976,Savings,70043.46,2018-06-29,Active
A0013520,C009977,Savings,17018.47,2018-04-10,Active
A0013521,C009978,Savings,22551.54,2024-04-07,Dormant
A0013522,C009979,Savings,19543.02,2022-10-05,Active
A0013523,C009980,Savings,26892.31,2019-01-22,Active
A0013524,C009980,Savings,16367.1,2024-01-02,Active
A0013525,C009980,Fixed Deposit,131223.28,2019-06-03,Active
A0013526,C009981,Fixed Deposit,195730.1,2019-09-08,Active
A0013527,C009982,Savings,4979.29,2022-03-31,Active
A0013528,C009982,Savings,24446.08,2021-05-02,Active
A0013529,C009983,Current,49555.85,2021-05-18,Active
A0013530,C009984,Savings,107124.83,2020-12-29,Active
A0013531,C009985,Salary,15036.71,2021-05-05,Dormant
A0013532,C009985,Savings,33758.85,2018-10-02,Active
A0013533,C009986,Savings,12981.01,2022-11-23,Dormant
A0013534,C009987,Salary,22185.52,2023-06-18,Active
A0013535,C009988,Savings,36499.66,2019-05-26,Active
A0013536,C009989,Current,37198.5,2022-08-05,Active
A0013537,C009990,Salary,19521.33,2018-06-08,Active
A0013538,C009991,Fixed Deposit,176220.73,2020-01-26,Active
A0013539,C009992,Current,6153.89,2020-12-03,Active
A0013540,C009992,Savings,19370.62,2018-06-06,Active
A0013541,C009993,Savings,9846.71,2020-01-06,Active
A0013542,C009994,Savings,8597.82,2024-01-23,Active
A0013543,C009995,Savings,20766.34,2020-12-04,Active
A0013544,C009995,Savings,57433.69,2025-03-04,Active
A0013545,C009995,Salary,18490.86,2024-03-28,Active
A0013546,C009996,Savings,14352.09,2022-11-17,Active
A0013547,C009996,Savings,4025.71,2023-06-03,Active
A0013548,C009997,Savings,31266.63,2025-02-21,Active
A0013549,C009997,Savings,16500.3,2024-12-18,Dormant
A0013550,C009997,Current,30181.13,2025-01-05,Active
A0013551,C009998,Current,26825.67,2023-01-16,Active
A0013552,C009999,Savings,6049.44,2023-02-19,Active
A0013553,C009999,Current,26076.19,2018-08-13,Active
A0013554,C009999,Savings,51007.18,2022-02-20,Active
A0013555,C010000,Current,5414.87,2020-10-11,Active
