CustomerID,CustomerSegment,Age,AnnualIncomeINR,EmploymentType,Gender,BranchID,CustomerSince,CreditScore
C000001,Mass Affluent,36,267885,Salaried,Female,B012,2020-02-14,578
C000002,SME,67,758642,Salaried,Female,B007,2022-06-13,668
C000003,Retail,40,367087,Salaried,Female,B003,2021-11-15,748
C000004,SME,35,333399,Salaried,Female,B003,2019-12-29,733
C000005,Mass Affluent,55,592759,Self-Employed,Female,B014,2020-04-25,638
C000006,Mass Affluent,18,2493189,Salaried,Male,B004,2015-09-13,812
C000007,Retail,44,988500,Salaried,Female,B014,2018-06-19,798
C000008,Retail,38,302484,Self-Employed,Female,B014,2023-09-27,674
C000009,Mass Affluent,55,681279,Retired,Female,B003,2023-06-05,588
C000010,Retail,46,180000,Self-Employed,Male,B013,2020-05-03,768
C000011,Retail,41,180000,Business,Male,B008,2022-12-30,686
C000012,SME,46,669722,Salaried,Female,B006,2019-07-16,680
C000013,Retail,27,954937,Salaried,Other,B002,2016-10-18,642
C000014,Retail,50,1655058,Salaried,Female,B006,2021-12-26,814
C000015,Mass Affluent,24,764580,Salaried,Female,B020,2019-02-24,613
C000016,Retail,43,602498,Salaried,Male,B014,2022-09-18,667
C000017,SME,39,481375,Salaried,Male,B007,2022-03-24,688
C000018,Retail,20,845561,Self-Employed,Female,B017,2015-04-21,689
C000019,Affluent,40,272209,Business,Male,B003,2022-09-11,570
C000020,Mass Affluent,42,386082,Business,Male,B014,2018-07-15,684
C000021,Retail,32,278319,Salaried,Female,B001,2020-07-23,751
C000022,Retail,28,426756,Business,Female,B012,2023-01-03,740
C000023,SME,44,374590,Salaried,Male,B003,2015-02-17,544
C000024,Mass Affluent,43,358457,Business,Female,B019,2022-07-31,788
C000025,Retail,41,395840,Salaried,Female,B012,2019-02-22,760
C000026,Retail,39,688114,Salaried,Female,B014,2018-02-02,598
C000027,Retail,33,1368920,Self-Employed,Female,B001,2015-03-11,699
C000028,Retail,64,723647,Self-Employed,Female,B005,2021-08-05,627
C000029,Mass Affluent,36,413355,Retired,Female,B007,2017-05-07,797
C000030,Mass Affluent,29,797622,Salaried,Male,B020,2015-01-01,813
C000031,Affluent,40,644569,Self-Employed,Male,B019,2022-11-01,771
C000032,Retail,37,669783,Salaried,Male,B006,2019-05-18,837
C000033,Retail,35,591042,Salaried,Male,B018,2017-09-26,753
C000034,Retail,60,1842101,Business,Male,B006,2023-07-28,726
C000035,Affluent,27,639795,Business,Male,B011,2017-03-25,764
C000036,Retail,39,416568,Self-Employed,Male,B003,2022-10-02,659
C000037,Retail,27,362038,Salaried,Male,B009,2017-12-05,643
C000038,Mass Affluent,33,1077990,Salaried,Male,B003,2015-03-21,706
C000039,Retail,58,277474,Salaried,Male,B006,2021-10-06,689
C000040,Affluent,42,1449500,Salaried,Male,B009,2016-04-21,665
C000041,Retail,42,180000,Self-Employed,Male,B008,2019-05-05,832
C000042,Retail,29,1331436,Salaried,Male,B002,2018-12-04,666
C000043,SME,34,1007402,Self-Employed,Female,B019,2020-07-06,614
C000044,Mass Affluent,59,450885,Self-Employed,Male,B016,2018-12-11,615
C000045,Retail,44,368448,Self-Employed,Female,B005,2015-12-29,730
C000046,Mass Affluent,35,1336523,Salaried,Female,B010,2018-07-23,835
C000047,Mass Affluent,44,1932546,Salaried,Male,B020,2018-06-06,576
C000048,SME,42,402659,Salaried,Male,B012,2015-11-29,759
C000049,Affluent,30,874991,Salaried,Male,B012,2016-08-06,809
C000050,Mass Affluent,35,1134109,Business,Female,B006,2021-12-02,656
C000051,Mass Affluent,64,887881,Business,Other,B014,2023-05-11,653
C000052,Mass Affluent,43,621560,Business,Male,B007,2016-11-11,857
C000053,SME,22,465699,Self-Employed,Male,B001,2018-11-06,810
C000054,Mass Affluent,45,718838,Self-Employed,Male,B014,2021-05-03,684
C000055,Retail,53,180000,Salaried,Male,B015,2019-05-10,748
C000056,Retail,29,1434273,Salaried,Female,B013,2017-09-29,720
C000057,Retail,34,197856,Salaried,Female,B001,2016-07-12,785
C000058,Retail,55,347899,Retired,Female,B020,2023-01-21,715
C000059,Retail,39,481868,Salaried,Female,B019,2015-03-19,672
C000060,Retail,37,313497,Salaried,Male,B019,2022-12-29,673
C000061,Retail,24,288175,Business,Male,B006,2017-03-28,811
C000062,Retail,51,1499803,Salaried,Female,B005,2017-05-14,737
C000063,Retail,37,1928627,Self-Employed,Female,B017,2020-03-23,725
C000064,Mass Affluent,18,1641664,Business,Male,B015,2015-12-27,764
C000065,Affluent,22,1032787,Salaried,Male,B007,2019-12-20,760
C000066,Mass Affluent,33,2977648,Business,Female,B017,2015-03-02,634
C000067,SME,27,504634,Salaried,Female,B012,2015-01-07,688
C000068,Mass Affluent,29,474115,Business,Male,B007,2018-07-18,633
C000069,SME,65,604410,Salaried,Female,B013,2022-12-04,657
C000070,Affluent,47,1518998,Salaried,Male,B008,2016-06-04,825
C000071,Retail,18,878175,Self-Employed,Male,B004,2015-08-01,900
C000072,Retail,36,1844174,Salaried,Female,B008,2018-04-03,650
C000073,Retail,38,626023,Business,Female,B016,2015-08-19,679
C000074,Mass Affluent,23,226526,Salaried,Male,B016,2022-11-14,704
C000075,Mass Affluent,45,387346,Business,Female,B011,2016-10-29,527
C000076,Mass Affluent,18,1167950,Salaried,Male,B009,2021-08-08,893
C000077,Retail,51,435035,Business,Male,B011,2020-04-09,630
C000078,Mass Affluent,55,638368,Salaried,Male,B005,2020-08-24,699
C000079,Retail,65,704386,Salaried,Female,B010,2023-09-25,747
C000080,SME,22,1943506,Business,Male,B006,2015-03-29,722
C000081,Affluent,24,1062706,Business,Female,B016,2019-03-20,724
C000082,Mass Affluent,47,935494,Business,Male,B012,2017-01-20,745
C000083,Retail,52,664885,Salaried,Male,B008,2023-09-21,624
C000084,Retail,48,349611,Self-Employed,Female,B013,2021-03-24,717
C000085,Retail,51,702479,Salaried,Male,B013,2018-06-21,809
C000086,Mass Affluent,54,2467984,Self-Employed,Male,B016,2016-02-25,682
C000087,Retail,41,837592,Salaried,Male,B011,2015-01-02,727
C000088,Retail,37,419267,Salaried,Male,B008,2016-03-06,752
C000089,Retail,24,457070,Business,Female,B013,2018-10-15,760
C000090,Affluent,36,1508757,Business,Female,B001,2016-09-27,731
C000091,Retail,37,424456,Business,Female,B020,2017-07-12,740
C000092,Mass Affluent,29,526583,Self-Employed,Female,B020,2019-02-03,653
C000093,Mass Affluent,39,285617,Self-Employed,Male,B019,2019-10-03,626
C000094,Retail,27,500831,Salaried,Male,B004,2016-08-02,747
C000095,Mass Affluent,51,815974,Business,Female,B002,2015-05-27,691
C000096,Mass Affluent,44,494820,Self-Employed,Male,B019,2018-07-11,741
C000097,Retail,34,609685,Salaried,Male,B019,2022-10-17,718
C000098,SME,41,283588,Business,Male,B010,2023-06-28,669
C000099,Mass Affluent,27,417736,Business,Male,B017,2023-10-14,680
C000100,Mass Affluent,28,2399092,Business,Male,B020,2022-11-25,596
C000101,Affluent,32,549963,Salaried,Female,B008,2017-01-15,712
C000102,Mass Affluent,37,759630,Self-Employed,Male,B009,2018-09-15,651
C000103,Retail,41,356230,Business,Female,B018,2017-12-13,754
C000104,Retail,41,620515,Salaried,Female,B002,2017-02-09,716
C000105,Retail,24,503214,Business,Female,B018,2020-10-24,748
C000106,Retail,38,1226740,Retired,Male,B008,2021-05-28,735
C000107,Retail,30,1189451,Self-Employed,Male,B002,2019-08-02,767
C000108,Affluent,18,1273993,Retired,Female,B016,2017-08-29,766
C000109,Retail,73,632147,Salaried,Male,B005,2019-11-09,692
C000110,Retail,30,2259347,Salaried,Female,B010,2022-04-30,762
C000111,Retail,31,1011703,Salaried,Male,B009,2015-02-10,791
C000112,SME,24,236922,Business,Female,B002,2020-02-07,706
C000113,Retail,27,1635234,Salaried,Female,B016,2019-10-07,769
C000114,Mass Affluent,37,597761,Self-Employed,Male,B016,2016-03-21,738
C000115,Retail,54,1257564,Salaried,Female,B017,2020-11-24,762
C000116,Retail,37,302658,Retired,Male,B002,2016-01-28,761
C000117,Retail,35,572859,Salaried,Female,B005,2018-09-25,800
C000118,Retail,52,976916,Self-Employed,Female,B008,2023-09-11,597
C000119,Mass Affluent,33,703108,Self-Employed,Male,B002,2019-08-01,769
C000120,Retail,39,544470,Business,Male,B012,2015-02-10,765
C000121,Mass Affluent,29,180000,Salaried,Male,B013,2023-02-18,813
C000122,Retail,58,370935,Business,Male,B016,2017-10-24,745
C000123,Retail,51,317903,Salaried,Male,B005,2020-08-19,775
C000124,Retail,37,180000,Salaried,Male,B012,2016-07-14,710
C000125,Retail,35,378345,Self-Employed,Male,B015,2017-07-03,657
C000126,Mass Affluent,39,2008402,Self-Employed,Male,B002,2018-01-02,722
C000127,Retail,37,1273319,Salaried,Other,B012,2020-09-26,714
C000128,Retail,22,348648,Business,Female,B010,2023-10-01,741
C000129,Retail,51,409330,Salaried,Male,B008,2018-03-20,880
C000130,Retail,37,409875,Salaried,Female,B011,2019-06-24,740
C000131,Mass Affluent,60,980795,Salaried,Female,B012,2021-12-11,722
C000132,Mass Affluent,44,780690,Business,Male,B017,2016-03-25,722
C000133,Retail,18,377682,Business,Female,B007,2017-02-25,751
C000134,SME,25,407121,Salaried,Female,B015,2022-07-22,730
C000135,Retail,18,1211684,Salaried,Female,B019,2022-08-09,734
C000136,SME,25,1616114,Salaried,Female,B002,2022-05-09,710
C000137,Retail,21,335000,Business,Female,B006,2021-03-25,769
C000138,Retail,42,556053,Salaried,Male,B002,2021-05-03,656
C000139,Retail,36,652231,Salaried,Male,B014,2021-10-28,691
C000140,Mass Affluent,47,530634,Salaried,Female,B008,2016-04-22,804
C000141,Mass Affluent,39,1250878,Self-Employed,Male,B016,2019-10-12,699
C000142,Mass Affluent,36,543453,Salaried,Male,B019,2018-03-14,661
C000143,Retail,61,2073964,Salaried,Male,B018,2020-03-21,733
C000144,Mass Affluent,41,1309715,Self-Employed,Male,B013,2022-03-17,685
C000145,Mass Affluent,38,384056,Salaried,Male,B006,2020-09-08,645
C000146,Retail,30,626639,Business,Male,B004,2019-06-04,784
C000147,Retail,26,318035,Salaried,Female,B010,2017-10-28,685
C000148,Retail,47,465194,Salaried,Male,B015,2018-04-07,732
C000149,Affluent,47,1056667,Salaried,Male,B012,2017-07-10,714
C000150,Retail,56,703918,Self-Employed,Male,B020,2020-08-14,690
C000151,SME,44,2368638,Salaried,Female,B012,2021-06-30,693
C000152,Retail,35,271148,Salaried,Female,B007,2017-01-19,719
C000153,Affluent,45,587280,Salaried,Male,B006,2021-01-08,802
C000154,Affluent,38,431894,Salaried,Male,B005,2018-09-19,742
C000155,Retail,49,488556,Salaried,Female,B019,2016-01-16,826
C000156,Mass Affluent,54,616567,Self-Employed,Female,B014,2023-04-21,682
C000157,Mass Affluent,37,386418,Salaried,Male,B001,2023-02-08,727
C000158,Affluent,58,1118305,Salaried,Female,B011,2019-01-17,637
C000159,Retail,52,1873095,Salaried,Male,B004,2018-09-12,766
C000160,Retail,39,180000,Salaried,Male,B014,2018-12-24,793
C000161,Mass Affluent,46,1483734,Salaried,Female,B018,2016-08-13,771
C000162,Affluent,42,3080491,Salaried,Male,B006,2022-03-14,784
C000163,Retail,39,678746,Salaried,Female,B005,2023-07-29,719
C000164,Retail,60,403438,Business,Male,B017,2018-02-25,751
C000165,SME,45,413647,Self-Employed,Female,B007,2018-11-07,783
C000166,Retail,30,491206,Salaried,Male,B011,2018-04-08,800
C000167,Mass Affluent,28,793692,Business,Male,B014,2016-07-05,720
C000168,Affluent,28,454458,Retired,Male,B002,2017-11-16,677
C000169,Mass Affluent,44,569650,Salaried,Male,B017,2020-08-14,817
C000170,Mass Affluent,35,322336,Salaried,Male,B002,2021-10-28,727
C000171,Retail,43,445864,Retired,Male,B015,2017-08-14,717
C000172,Mass Affluent,49,458972,Business,Male,B007,2020-06-22,671
C000173,Mass Affluent,61,586242,Business,Female,B003,2023-08-13,714
C000174,Retail,35,232997,Self-Employed,Female,B006,2019-11-02,695
C000175,Retail,24,484212,Salaried,Male,B009,2018-11-08,655
C000176,SME,59,521922,Self-Employed,Male,B010,2015-09-10,663
C000177,Mass Affluent,23,676569,Self-Employed,Female,B008,2022-11-21,762
C000178,Retail,23,1489180,Salaried,Female,B007,2017-09-14,702
C000179,SME,58,561748,Business,Male,B001,2022-05-18,730
C000180,SME,51,271976,Business,Male,B010,2023-03-01,704
C000181,Mass Affluent,44,653784,Self-Employed,Female,B018,2015-06-28,656
C000182,Affluent,38,378501,Salaried,Male,B016,2018-11-07,803
C000183,Retail,36,372185,Self-Employed,Male,B004,2019-07-08,739
C000184,Retail,32,495012,Salaried,Female,B009,2015-09-14,769
C000185,Mass Affluent,36,428068,Retired,Male,B018,2019-01-29,749
C000186,Affluent,38,300261,Self-Employed,Male,B011,2017-01-26,714
C000187,Affluent,24,437707,Salaried,Female,B012,2022-06-29,686
C000188,Retail,30,806847,Salaried,Male,B008,2019-01-19,607
C000189,Affluent,18,616019,Business,Female,B001,2022-01-23,581
C000190,Affluent,40,314720,Salaried,Female,B008,2021-07-30,778
C000191,SME,40,342972,Salaried,Female,B005,2022-02-14,791
C000192,Affluent,59,650047,Salaried,Female,B001,2018-03-13,809
C000193,Mass Affluent,43,315849,Business,Male,B003,2019-11-13,712
C000194,Mass Affluent,33,334961,Salaried,Female,B013,2022-03-27,673
C000195,Retail,37,413959,Self-Employed,Male,B016,2019-02-15,763
C000196,SME,44,319010,Salaried,Male,B012,2022-10-02,805
C000197,SME,42,640600,Salaried,Female,B007,2022-06-28,840
C000198,Retail,45,491243,Salaried,Female,B008,2023-04-28,699
C000199,Retail,43,1494709,Salaried,Male,B011,2017-01-17,786
C000200,Retail,36,281954,Business,Female,B013,2022-07-23,753
C000201,Retail,33,1267667,Retired,Male,B011,2019-10-12,724
C000202,SME,33,700083,Salaried,Female,B004,2022-06-03,675
C000203,Retail,29,1581478,Salaried,Female,B006,2017-03-08,809
C000204,Retail,27,1447963,Retired,Female,B019,2021-10-28,801
C000205,Retail,59,454561,Salaried,Female,B008,2015-04-06,709
C000206,Retail,40,240127,Salaried,Female,B006,2015-12-10,773
C000207,Retail,37,545129,Salaried,Female,B017,2016-12-15,763
C000208,Mass Affluent,34,180000,Business,Female,B018,2015-09-01,765
C000209,Mass Affluent,44,921229,Salaried,Male,B003,2016-06-21,655
C000210,Retail,52,662121,Self-Employed,Male,B012,2015-10-03,656
C000211,Mass Affluent,47,406515,Salaried,Female,B015,2020-01-10,709
C000212,Mass Affluent,49,447965,Salaried,Female,B007,2022-06-14,749
C000213,Mass Affluent,33,308756,Salaried,Male,B013,2023-09-07,844
C000214,Retail,39,587650,Business,Female,B010,2019-03-20,618
C000215,Mass Affluent,33,314871,Business,Female,B019,2018-01-18,798
C000216,SME,40,585700,Self-Employed,Male,B009,2019-08-05,631
C000217,Retail,53,754794,Salaried,Male,B012,2020-02-25,737
C000218,SME,44,915479,Salaried,Male,B011,2021-09-10,592
C000219,Retail,57,801500,Salaried,Male,B008,2016-08-24,816
C000220,Retail,36,494275,Salaried,Female,B009,2020-09-19,739
C000221,Mass Affluent,30,800790,Business,Male,B004,2023-04-11,749
C000222,Mass Affluent,45,655078,Salaried,Female,B020,2022-04-04,778
C000223,Affluent,40,651555,Self-Employed,Male,B005,2016-06-17,701
C000224,Retail,43,307886,Salaried,Male,B007,2022-05-21,599
C000225,Retail,41,266544,Self-Employed,Male,B009,2017-12-09,596
C000226,Mass Affluent,34,709529,Self-Employed,Female,B004,2019-06-24,759
C000227,Affluent,41,823077,Salaried,Male,B012,2015-09-29,701
C000228,Retail,50,400711,Salaried,Female,B012,2020-07-08,804
C000229,SME,51,1287148,Salaried,Male,B006,2019-02-15,723
C000230,Retail,34,2529170,Business,Male,B013,2021-12-18,767
C000231,Retail,42,1875658,Salaried,Male,B009,2023-03-31,785
C000232,Affluent,55,504520,Salaried,Male,B009,2019-02-03,784
C000233,Mass Affluent,34,452812,Business,Male,B003,2015-11-19,704
C000234,SME,32,1000615,Salaried,Female,B013,2019-12-17,727
C000235,Retail,48,932801,Salaried,Male,B006,2015-07-12,778
C000236,Mass Affluent,46,291015,Salaried,Male,B018,2016-05-22,738
C000237,Mass Affluent,30,512599,Salaried,Male,B014,2018-03-07,597
C000238,SME,24,922363,Salaried,Male,B002,2017-09-30,569
C000239,Retail,41,335074,Business,Female,B006,2021-02-12,678
C000240,Retail,34,369780,Salaried,Male,B020,2022-12-27,786
C000241,Retail,20,407905,Salaried,Male,B007,2021-05-23,722
C000242,Retail,31,462855,Salaried,Female,B008,2016-04-16,831
C000243,Retail,46,216353,Salaried,Male,B010,2019-07-17,776
C000244,Retail,37,941363,Salaried,Male,B013,2020-11-05,628
C000245,Retail,56,372316,Salaried,Female,B001,2016-03-11,791
C000246,Affluent,18,684354,Salaried,Female,B005,2015-05-18,635
C000247,SME,54,638254,Salaried,Female,B002,2019-12-03,837
C000248,Retail,35,310850,Salaried,Male,B004,2023-01-05,756
C000249,Retail,34,190358,Salaried,Male,B012,2020-05-19,821
C000250,Mass Affluent,22,635788,Salaried,Male,B005,2018-10-19,759
C000251,Retail,44,452005,Salaried,Female,B015,2020-02-09,719
C000252,Retail,19,806738,Salaried,Female,B010,2023-02-21,730
C000253,Retail,48,1017266,Self-Employed,Male,B017,2015-04-27,659
C000254,Retail,22,180000,Self-Employed,Male,B014,2017-04-26,735
C000255,Affluent,24,516326,Self-Employed,Male,B007,2019-01-25,728
C000256,Retail,26,1180941,Retired,Female,B002,2017-08-16,759
C000257,Mass Affluent,31,1527148,Business,Female,B003,2022-12-13,705
C000258,Mass Affluent,49,182349,Salaried,Female,B004,2017-12-22,659
C000259,Retail,56,1268652,Salaried,Male,B016,2018-01-02,720
C000260,Retail,32,311298,Business,Female,B016,2019-02-06,661
C000261,Retail,38,949361,Salaried,Male,B003,2021-08-26,657
C000262,Mass Affluent,44,419951,Self-Employed,Male,B017,2023-06-19,632
C000263,Retail,35,974844,Retired,Male,B017,2017-11-18,711
C000264,Retail,44,474273,Self-Employed,Other,B020,2018-03-31,729
C000265,Mass Affluent,39,235548,Salaried,Male,B007,2022-07-16,682
C000266,Retail,36,411167,Business,Male,B008,2019-09-26,746
C000267,Retail,23,852395,Salaried,Female,B019,2019-07-24,714
C000268,Retail,41,455943,Business,Female,B007,2020-06-14,696
C000269,Retail,50,298671,Salaried,Female,B001,2017-04-01,796
C000270,Affluent,30,262573,Salaried,Male,B016,2018-07-21,677
C000271,Retail,18,354548,Business,Female,B018,2019-11-08,697
C000272,Mass Affluent,35,352559,Salaried,Female,B008,2019-10-11,741
C000273,Retail,56,871453,Salaried,Female,B007,2015-10-13,772
C000274,Mass Affluent,52,464046,Salaried,Female,B010,2018-07-11,646
C000275,Retail,33,494122,Salaried,Male,B002,2022-08-29,728
C000276,Retail,44,533811,Business,Male,B015,2023-07-20,715
C000277,SME,46,852350,Salaried,Female,B014,2020-02-18,768
C000278,Affluent,55,907859,Salaried,Female,B002,2023-09-27,676
C000279,Affluent,22,426003,Self-Employed,Male,B007,2022-12-26,722
C000280,Retail,27,505401,Salaried,Male,B012,2018-12-02,834
C000281,Retail,18,911000,Salaried,Female,B005,2022-05-21,691
C000282,Retail,32,381703,Salaried,Female,B006,2019-08-07,798
C000283,Mass Affluent,51,420349,Salaried,Female,B016,2016-09-24,695
C000284,Retail,33,909768,Salaried,Female,B012,2016-07-19,711
C000285,Affluent,25,413167,Salaried,Male,B009,2020-01-10,693
C000286,Retail,41,704754,Business,Female,B020,2015-11-21,649
C000287,SME,42,214898,Salaried,Female,B012,2022-12-04,650
C000288,Retail,28,876880,Business,Female,B010,2015-01-23,766
C000289,Affluent,33,526565,Business,Female,B017,2015-08-11,684
C000290,Retail,41,781614,Salaried,Female,B011,2019-06-18,670
C000291,Retail,47,1242068,Business,Male,B018,2017-04-18,673
C000292,Mass Affluent,32,483004,Salaried,Male,B004,2017-02-26,608
C000293,Retail,30,221422,Business,Female,B003,2015-02-08,676
C000294,Retail,60,474236,Salaried,Male,B019,2019-11-30,706
C000295,SME,36,1321336,Salaried,Male,B006,2017-02-09,653
C000296,Mass Affluent,42,670034,Business,Female,B008,2023-02-22,741
C000297,Retail,46,300378,Retired,Male,B007,2021-08-29,710
C000298,Retail,19,529001,Salaried,Male,B015,2018-12-05,669
C000299,Retail,39,823862,Salaried,Male,B012,2017-10-06,732
C000300,Mass Affluent,21,553003,Business,Other,B015,2016-12-05,719
C000301,Retail,38,543317,Self-Employed,Female,B009,2016-08-04,771
C000302,Retail,54,377299,Salaried,Male,B002,2019-01-31,627
C000303,Retail,28,397508,Salaried,Female,B020,2015-04-18,828
C000304,Retail,21,693345,Business,Male,B015,2017-02-09,703
C000305,Mass Affluent,60,826365,Business,Male,B018,2018-04-25,777
C000306,Retail,26,536077,Business,Male,B013,2021-04-24,641
C000307,SME,23,435224,Salaried,Female,B016,2017-02-02,720
C000308,Retail,57,980992,Self-Employed,Female,B015,2015-12-18,693
C000309,Retail,26,455562,Salaried,Male,B011,2019-03-11,749
C000310,Retail,57,724139,Self-Employed,Female,B003,2015-10-03,822
C000311,Retail,42,848433,Self-Employed,Male,B010,2015-10-10,724
C000312,SME,53,263821,Salaried,Other,B017,2022-10-05,683
C000313,Mass Affluent,41,657048,Self-Employed,Male,B008,2019-09-15,724
C000314,Mass Affluent,51,180000,Salaried,Female,B005,2015-11-15,565
C000315,Mass Affluent,29,561376,Salaried,Female,B008,2016-12-25,690
C000316,Retail,32,874458,Salaried,Female,B015,2016-04-12,575
C000317,Mass Affluent,18,746897,Business,Male,B011,2019-07-27,787
C000318,Retail,50,1009219,Salaried,Male,B009,2016-01-10,777
C000319,Mass Affluent,44,753497,Salaried,Other,B002,2019-07-06,763
C000320,Retail,28,421749,Salaried,Male,B007,2023-12-05,662
C000321,Retail,20,220620,Self-Employed,Female,B016,2023-12-06,627
C000322,Retail,42,645793,Salaried,Male,B007,2018-01-02,786
C000323,Retail,57,819056,Business,Male,B004,2019-03-05,896
C000324,Retail,37,191430,Business,Female,B005,2019-09-23,764
C000325,Retail,32,780132,Salaried,Male,B014,2015-05-30,826
C000326,SME,29,635213,Self-Employed,Female,B007,2020-01-04,733
C000327,Retail,53,473374,Salaried,Female,B013,2023-08-30,700
C000328,Retail,30,798532,Salaried,Female,B018,2022-05-23,839
C000329,Affluent,35,501666,Salaried,Female,B010,2022-04-16,716
C000330,Affluent,50,481197,Salaried,Male,B002,2016-12-14,789
C000331,Retail,46,262589,Business,Male,B013,2015-08-28,710
C000332,Retail,35,780552,Business,Female,B002,2023-07-30,699
C000333,Mass Affluent,31,256718,Business,Male,B015,2016-09-02,706
C000334,Retail,55,384624,Retired,Female,B005,2020-01-14,749
C000335,SME,27,806895,Salaried,Female,B011,2015-08-24,691
C000336,Affluent,37,538111,Salaried,Female,B006,2015-08-17,865
C000337,Retail,22,1822256,Salaried,Female,B019,2017-07-01,741
C000338,Retail,52,882084,Self-Employed,Female,B015,2017-01-25,708
C000339,SME,34,977793,Salaried,Male,B004,2022-08-10,673
C000340,Mass Affluent,31,1045228,Business,Male,B007,2015-11-04,761
C000341,Mass Affluent,46,512899,Self-Employed,Male,B017,2023-07-25,562
C000342,Mass Affluent,23,424638,Self-Employed,Female,B010,2018-08-01,707
C000343,Mass Affluent,46,272580,Salaried,Female,B017,2018-09-14,775
C000344,SME,35,233247,Salaried,Male,B011,2023-11-25,640
C000345,SME,26,1264873,Salaried,Female,B016,2020-12-14,747
C000346,Affluent,28,400412,Retired,Female,B007,2020-06-18,754
C000347,Mass Affluent,31,1072743,Salaried,Female,B008,2017-07-10,700
C000348,Affluent,34,230491,Self-Employed,Male,B016,2018-06-02,730
C000349,Mass Affluent,26,532832,Retired,Female,B016,2017-01-05,714
C000350,Mass Affluent,42,1367770,Salaried,Female,B004,2015-01-29,656
C000351,Retail,26,713285,Salaried,Male,B007,2021-02-12,840
C000352,Affluent,18,725643,Salaried,Female,B017,2019-12-05,750
C000353,Affluent,60,409868,Self-Employed,Male,B003,2019-10-14,712
C000354,Mass Affluent,41,333678,Business,Female,B017,2021-01-05,718
C000355,Affluent,61,582718,Salaried,Female,B011,2015-01-04,782
C000356,Mass Affluent,28,288658,Salaried,Female,B008,2022-06-23,596
C000357,Retail,44,559522,Salaried,Male,B019,2015-03-24,708
C000358,Retail,49,1135392,Self-Employed,Male,B007,2018-03-23,632
C000359,Retail,37,263314,Salaried,Female,B018,2020-01-02,773
C000360,Retail,23,910820,Self-Employed,Male,B015,2017-09-11,773
C000361,Retail,36,1146273,Salaried,Female,B019,2017-07-07,698
C000362,Mass Affluent,46,506628,Self-Employed,Male,B003,2023-05-04,753
C000363,Retail,45,613154,Salaried,Female,B016,2016-04-20,748
C000364,Mass Affluent,39,439336,Salaried,Male,B015,2015-11-27,835
C000365,Retail,49,490489,Business,Male,B005,2015-12-15,760
C000366,Mass Affluent,48,1021174,Salaried,Female,B014,2020-05-17,641
C000367,Retail,33,961195,Salaried,Male,B002,2016-04-12,669
C000368,Retail,22,774844,Self-Employed,Male,B004,2022-09-25,728
C000369,Retail,41,890762,Self-Employed,Male,B020,2019-10-18,577
C000370,Mass Affluent,31,683310,Salaried,Female,B013,2016-11-17,801
C000371,Retail,41,270282,Salaried,Male,B016,2023-09-20,745
C000372,SME,54,1198143,Salaried,Female,B012,2015-06-18,605
C000373,Retail,44,335680,Salaried,Female,B005,2019-09-18,718
C000374,Retail,53,562189,Salaried,Male,B012,2019-11-13,900
C000375,SME,28,1044760,Business,Male,B008,2023-12-02,684
C000376,Mass Affluent,51,241321,Business,Male,B005,2022-08-10,618
C000377,Retail,57,900435,Salaried,Female,B003,2018-10-13,682
C000378,Mass Affluent,40,276457,Salaried,Female,B013,2018-09-07,599
C000379,Mass Affluent,65,883165,Salaried,Male,B004,2015-09-11,739
C000380,Mass Affluent,30,1311155,Salaried,Female,B008,2015-06-10,647
C000381,Retail,32,371495,Business,Male,B004,2017-04-25,766
C000382,Retail,46,341378,Salaried,Male,B007,2015-01-27,737
C000383,Mass Affluent,40,630399,Salaried,Female,B003,2021-06-11,674
C000384,Affluent,31,334479,Salaried,Female,B004,2022-03-03,617
C000385,Mass Affluent,46,180000,Salaried,Male,B008,2021-07-31,742
C000386,Retail,43,590212,Salaried,Female,B013,2017-09-13,726
C000387,Mass Affluent,33,746023,Self-Employed,Female,B013,2019-06-02,612
C000388,Mass Affluent,41,484649,Salaried,Male,B009,2018-03-24,665
C000389,Retail,47,645765,Salaried,Male,B020,2022-07-09,611
C000390,Retail,32,1186427,Salaried,Female,B020,2016-11-26,656
C000391,Mass Affluent,45,475475,Business,Female,B005,2023-05-24,703
C000392,Retail,29,517816,Salaried,Female,B014,2019-03-06,674
C000393,Retail,32,592352,Salaried,Male,B005,2015-11-24,632
C000394,Retail,51,489238,Salaried,Male,B003,2021-11-21,744
C000395,Retail,46,489320,Salaried,Male,B001,2019-08-25,756
C000396,Retail,18,1821700,Salaried,Male,B010,2019-10-22,771
C000397,SME,35,651095,Salaried,Male,B015,2016-12-28,835
C000398,Affluent,44,494726,Salaried,Female,B017,2016-10-18,748
C000399,Retail,41,1475460,Salaried,Male,B012,2016-01-13,649
C000400,SME,46,1214922,Salaried,Male,B014,2018-06-26,677
C000401,Mass Affluent,40,900280,Self-Employed,Female,B004,2021-08-16,745
C000402,Retail,38,403681,Self-Employed,Male,B011,2022-09-16,746
C000403,Retail,37,3543836,Salaried,Male,B015,2021-07-01,657
C000404,Retail,51,216845,Salaried,Female,B014,2016-04-11,781
C000405,Retail,47,188510,Self-Employed,Male,B018,2017-10-21,638
C000406,Mass Affluent,43,769558,Retired,Female,B009,2022-06-18,613
C000407,Mass Affluent,40,475771,Business,Female,B015,2022-01-29,760
C000408,Retail,33,180000,Salaried,Female,B003,2023-12-13,672
C000409,SME,36,547531,Business,Female,B020,2019-09-28,681
C000410,Affluent,51,631564,Salaried,Male,B013,2021-05-17,676
C000411,Retail,50,537842,Salaried,Male,B002,2020-03-15,730
C000412,SME,32,730241,Salaried,Male,B015,2016-09-19,694
C000413,SME,40,442116,Salaried,Female,B014,2021-12-19,718
C000414,SME,44,548298,Salaried,Female,B007,2020-10-06,775
C000415,Retail,44,1404188,Salaried,Male,B004,2021-10-12,684
C000416,Mass Affluent,44,1118979,Salaried,Female,B004,2020-08-31,752
C000417,Mass Affluent,27,523913,Retired,Male,B010,2018-12-26,826
C000418,Mass Affluent,26,856863,Salaried,Female,B019,2015-09-26,641
C000419,SME,52,1058688,Salaried,Male,B013,2022-04-10,811
C000420,Mass Affluent,56,326202,Business,Female,B006,2018-12-03,653
C000421,Affluent,23,743748,Self-Employed,Female,B008,2015-02-24,666
C000422,Affluent,39,664170,Salaried,Male,B010,2020-04-30,612
C000423,Affluent,48,920015,Business,Female,B017,2022-02-28,680
C000424,Retail,18,324844,Salaried,Male,B009,2021-09-23,744
C000425,Retail,27,586813,Salaried,Male,B014,2018-10-24,768
C000426,Retail,38,367463,Business,Male,B020,2016-05-04,785
C000427,Affluent,32,744532,Salaried,Female,B005,2020-12-03,573
C000428,Retail,41,350915,Business,Male,B003,2019-11-29,601
C000429,Mass Affluent,55,420936,Salaried,Female,B009,2020-11-01,739
C000430,Retail,30,649787,Self-Employed,Female,B012,2021-05-30,755
C000431,Mass Affluent,40,325633,Salaried,Female,B001,2023-10-08,788
C000432,Affluent,35,209907,Retired,Female,B011,2023-04-06,743
C000433,Affluent,41,1178968,Salaried,Female,B005,2016-04-11,634
C000434,Retail,39,394933,Retired,Female,B019,2020-03-29,652
C000435,SME,68,241550,Salaried,Female,B004,2021-11-17,727
C000436,Mass Affluent,55,291876,Self-Employed,Female,B012,2015-04-18,617
C000437,Retail,22,562331,Self-Employed,Male,B016,2016-07-18,651
C000438,Mass Affluent,29,1672430,Salaried,Female,B016,2021-08-27,712
C000439,Retail,30,547916,Business,Female,B001,2022-10-09,702
C000440,Retail,25,876376,Salaried,Female,B003,2019-04-13,718
C000441,Mass Affluent,24,467407,Salaried,Male,B020,2018-10-02,740
C000442,Retail,37,677043,Business,Female,B015,2015-06-09,619
C000443,Retail,31,524570,Business,Male,B020,2021-03-27,724
C000444,Retail,29,869125,Self-Employed,Female,B017,2023-12-20,629
C000445,Retail,61,287366,Salaried,Male,B004,2022-01-23,712
C000446,Retail,32,630058,Salaried,Female,B003,2021-09-03,762
C000447,Mass Affluent,34,663038,Business,Male,B011,2019-11-30,747
C000448,Mass Affluent,47,776093,Retired,Female,B001,2023-06-02,649
C000449,Affluent,34,250174,Self-Employed,Male,B005,2019-12-20,642
C000450,Affluent,26,440346,Salaried,Female,B004,2021-07-04,822
C000451,Mass Affluent,36,886769,Salaried,Male,B020,2015-02-02,771
C000452,Mass Affluent,61,694866,Salaried,Female,B008,2023-02-27,706
C000453,Retail,34,1851809,Business,Male,B011,2017-04-11,802
C000454,Retail,29,425322,Retired,Female,B011,2021-09-09,709
C000455,Retail,44,180000,Self-Employed,Female,B018,2022-07-12,880
C000456,Retail,36,443109,Retired,Male,B010,2015-10-09,702
C000457,Mass Affluent,69,180000,Salaried,Female,B013,2022-10-23,893
C000458,Retail,30,947026,Self-Employed,Female,B020,2023-11-22,732
C000459,Affluent,58,598762,Salaried,Female,B016,2015-05-19,635
C000460,SME,52,777302,Salaried,Male,B017,2020-06-25,722
C000461,Mass Affluent,35,862105,Self-Employed,Other,B018,2016-03-28,769
C000462,Retail,39,1179544,Salaried,Female,B003,2018-06-04,721
C000463,Retail,28,180000,Self-Employed,Male,B001,2022-04-05,679
C000464,SME,33,180000,Self-Employed,Female,B002,2021-07-25,739
C000465,SME,35,367203,Business,Male,B006,2016-06-14,764
C000466,Retail,41,492452,Business,Male,B018,2019-09-30,671
C000467,Mass Affluent,23,683106,Salaried,Male,B017,2018-08-28,716
C000468,Retail,42,650704,Salaried,Female,B014,2015-04-19,650
C000469,Retail,37,672558,Salaried,Male,B017,2016-12-23,745
C000470,Retail,43,217230,Salaried,Female,B009,2016-05-13,654
C000471,Retail,45,357918,Salaried,Male,B019,2020-10-05,736
C000472,SME,37,486558,Salaried,Male,B002,2018-01-23,800
C000473,Mass Affluent,44,544015,Self-Employed,Male,B003,2016-09-25,767
C000474,Retail,38,433392,Salaried,Female,B016,2019-02-24,702
C000475,Mass Affluent,47,707864,Salaried,Male,B016,2019-12-08,628
C000476,SME,42,285754,Salaried,Male,B001,2020-06-05,721
C000477,SME,41,438451,Salaried,Male,B019,2021-04-20,694
C000478,Retail,38,832026,Salaried,Male,B018,2022-12-06,722
C000479,Retail,53,685280,Salaried,Female,B010,2021-01-01,728
C000480,Retail,43,470708,Salaried,Female,B017,2022-10-01,692
C000481,Retail,24,477704,Salaried,Male,B001,2017-08-23,672
C000482,Retail,34,440309,Salaried,Male,B005,2021-01-24,750
C000483,Mass Affluent,36,482583,Salaried,Female,B004,2020-12-26,828
C000484,Retail,39,432446,Salaried,Male,B019,2021-08-22,733
C000485,Retail,41,473459,Salaried,Female,B007,2015-09-26,715
C000486,Retail,29,727152,Business,Male,B008,2015-12-03,792
C000487,Retail,38,717363,Salaried,Male,B019,2017-11-17,702
C000488,Retail,36,255577,Self-Employed,Male,B008,2021-11-18,810
C000489,Retail,51,1922873,Salaried,Female,B009,2018-03-25,776
C000490,Retail,28,421524,Retired,Male,B019,2023-03-11,529
C000491,Retail,39,813789,Salaried,Male,B018,2023-06-15,748
C000492,Retail,31,298973,Self-Employed,Male,B014,2020-01-02,677
C000493,Mass Affluent,59,1552573,Salaried,Male,B018,2018-04-06,775
C000494,Retail,53,851291,Salaried,Male,B005,2023-02-11,607
C000495,Retail,21,769343,Self-Employed,Male,B001,2015-08-19,715
C000496,Retail,30,534137,Salaried,Female,B006,2022-04-04,708
C000497,SME,49,181434,Salaried,Male,B007,2018-06-09,693
C000498,Retail,44,1768282,Retired,Male,B005,2015-12-19,791
C000499,Mass Affluent,44,1045059,Business,Female,B008,2022-01-05,900
C000500,SME,41,486856,Self-Employed,Female,B006,2015-07-24,738
C000501,Retail,49,818940,Business,Female,B001,2019-11-22,813
C000502,Affluent,48,255962,Salaried,Female,B012,2021-08-28,814
C000503,Mass Affluent,36,180000,Self-Employed,Female,B005,2021-06-30,890
C000504,Retail,26,606449,Salaried,Male,B005,2020-10-18,774
C000505,Retail,20,357288,Salaried,Female,B015,2016-07-15,778
C000506,Affluent,38,438445,Business,Male,B017,2020-03-02,712
C000507,Retail,19,579796,Salaried,Male,B005,2015-06-25,653
C000508,SME,42,277328,Self-Employed,Male,B019,2022-01-02,800
C000509,Retail,36,569527,Salaried,Female,B010,2023-10-29,682
C000510,Mass Affluent,60,292725,Salaried,Female,B003,2016-12-21,580
C000511,Retail,43,1158680,Business,Female,B011,2016-01-28,827
C000512,Affluent,39,562117,Business,Male,B008,2015-09-02,708
C000513,Mass Affluent,21,845428,Salaried,Male,B013,2023-09-29,745
C000514,Retail,25,189570,Self-Employed,Female,B006,2023-11-14,643
C000515,Retail,46,880308,Salaried,Female,B003,2017-07-24,781
C000516,Retail,36,1587832,Salaried,Female,B019,2015-05-10,702
C000517,Retail,67,647667,Business,Male,B007,2022-03-17,733
C000518,Retail,38,842456,Salaried,Female,B002,2019-08-10,764
C000519,Mass Affluent,41,513975,Salaried,Male,B019,2016-08-31,716
C000520,Mass Affluent,25,765758,Salaried,Female,B013,2023-06-18,670
C000521,Mass Affluent,49,1698835,Salaried,Female,B011,2016-11-03,721
C000522,SME,29,2583750,Salaried,Male,B009,2020-03-23,694
C000523,Mass Affluent,45,737375,Self-Employed,Male,B019,2016-05-18,532
C000524,Mass Affluent,48,309246,Salaried,Female,B019,2017-01-18,723
C000525,Affluent,40,899716,Salaried,Female,B014,2020-01-27,782
C000526,Retail,58,268396,Salaried,Male,B012,2022-02-02,593
C000527,Retail,32,399837,Salaried,Male,B001,2023-05-05,765
C000528,Retail,57,430655,Salaried,Male,B001,2018-02-14,766
C000529,Retail,25,2261296,Salaried,Male,B017,2023-12-06,805
C000530,Retail,48,1518671,Salaried,Female,B004,2020-04-21,740
C000531,Retail,37,1327413,Salaried,Male,B013,2017-06-16,704
C000532,Affluent,31,1022935,Salaried,Female,B011,2020-08-12,720
C000533,Affluent,21,332441,Self-Employed,Female,B018,2017-06-20,711
C000534,Retail,36,699573,Salaried,Male,B012,2018-09-18,638
C000535,Retail,35,1981434,Salaried,Male,B019,2018-09-25,694
C000536,Retail,41,802578,Salaried,Female,B020,2021-01-16,754
C000537,Retail,47,1172069,Retired,Female,B001,2017-06-13,714
C000538,Retail,30,210722,Business,Male,B018,2017-04-07,688
C000539,Affluent,58,959247,Business,Female,B002,2020-10-15,726
C000540,Retail,33,302358,Business,Female,B011,2020-05-27,669
C000541,Affluent,46,519748,Self-Employed,Male,B015,2018-01-23,732
C000542,SME,40,1512093,Business,Male,B015,2019-10-09,751
C000543,Retail,37,751887,Self-Employed,Male,B006,2022-03-12,730
C000544,Affluent,39,1019115,Salaried,Other,B004,2015-08-29,649
C000545,Mass Affluent,29,532026,Salaried,Male,B012,2023-06-16,780
C000546,Retail,35,180000,Self-Employed,Male,B011,2022-08-28,665
C000547,Retail,24,326685,Business,Male,B008,2020-01-25,722
C000548,Affluent,33,933637,Salaried,Other,B002,2021-09-28,815
C000549,Mass Affluent,34,745827,Salaried,Male,B016,2021-03-18,601
C000550,Affluent,48,1767838,Business,Female,B002,2016-12-15,661
C000551,SME,35,651464,Self-Employed,Male,B004,2022-07-11,724
C000552,Mass Affluent,34,335831,Business,Female,B002,2022-12-21,686
C000553,SME,41,590012,Retired,Female,B009,2017-11-29,616
C000554,Mass Affluent,41,1147703,Salaried,Male,B013,2023-10-08,723
C000555,Mass Affluent,32,191487,Salaried,Male,B020,2022-06-30,566
C000556,Mass Affluent,43,751147,Salaried,Male,B002,2023-10-06,872
C000557,Retail,37,264438,Business,Male,B019,2019-03-24,782
C000558,Mass Affluent,32,666935,Salaried,Female,B008,2021-02-17,659
C000559,Mass Affluent,34,962100,Salaried,Male,B011,2016-02-29,699
C000560,Retail,49,858896,Salaried,Female,B008,2021-11-08,608
C000561,SME,34,1433941,Salaried,Male,B016,2022-10-29,815
C000562,Retail,42,706204,Salaried,Male,B020,2019-03-18,730
C000563,Mass Affluent,25,837782,Business,Male,B017,2023-11-21,625
C000564,Mass Affluent,51,857044,Self-Employed,Male,B015,2018-04-15,694
C000565,Affluent,33,319453,Business,Male,B007,2023-08-31,770
C000566,Retail,43,552287,Salaried,Male,B001,2018-07-18,759
C000567,Affluent,36,180000,Self-Employed,Male,B014,2020-08-06,760
C000568,Affluent,43,766552,Salaried,Female,B016,2017-06-11,729
C000569,Retail,44,180000,Salaried,Female,B003,2022-04-07,560
C000570,Retail,37,1041942,Salaried,Female,B018,2016-03-09,891
C000571,Mass Affluent,18,1757385,Self-Employed,Other,B019,2022-08-27,696
C000572,Retail,51,829731,Salaried,Female,B006,2020-05-19,744
C000573,Retail,37,917295,Salaried,Male,B009,2019-03-18,836
C000574,Mass Affluent,43,1313035,Salaried,Male,B013,2023-10-01,736
C000575,Retail,47,452274,Salaried,Female,B012,2022-08-04,823
C000576,Mass Affluent,34,262384,Salaried,Male,B015,2016-10-30,801
C000577,Retail,45,567385,Salaried,Female,B007,2020-03-28,831
C000578,Mass Affluent,31,365413,Salaried,Male,B012,2023-02-20,763
C000579,Retail,43,630697,Salaried,Female,B017,2020-10-28,698
C000580,Mass Affluent,39,708046,Salaried,Female,B013,2016-01-06,686
C000581,Retail,34,439698,Retired,Female,B017,2018-01-23,847
C000582,Mass Affluent,40,377289,Salaried,Female,B008,2018-04-27,708
C000583,Retail,27,180000,Salaried,Male,B018,2017-05-14,788
C000584,Affluent,42,537645,Salaried,Male,B002,2015-05-02,678
C000585,Mass Affluent,44,451682,Self-Employed,Female,B017,2017-04-13,693
C000586,SME,43,472988,Self-Employed,Female,B012,2023-07-13,732
C000587,Mass Affluent,56,965352,Salaried,Female,B013,2021-04-26,690
C000588,Retail,38,2152443,Business,Female,B015,2022-10-25,676
C000589,Affluent,39,475781,Business,Male,B011,2023-12-04,699
C000590,Retail,26,771136,Retired,Male,B009,2022-11-04,772
C000591,Retail,56,707725,Salaried,Female,B008,2021-04-27,685
C000592,Retail,23,1254449,Retired,Male,B020,2016-07-10,722
C000593,Mass Affluent,42,331714,Business,Male,B015,2023-07-29,839
C000594,Mass Affluent,32,325411,Self-Employed,Male,B017,2018-07-11,759
C000595,Retail,40,351013,Self-Employed,Female,B014,2020-01-16,813
C000596,Affluent,25,180000,Business,Female,B005,2016-07-01,740
C000597,Retail,49,582324,Business,Female,B016,2020-02-05,712
C000598,Retail,28,302690,Salaried,Male,B008,2023-03-04,827
C000599,Retail,52,706410,Salaried,Male,B017,2017-10-30,627
C000600,Retail,29,180000,Business,Female,B011,2017-03-14,781
C000601,Retail,50,578173,Salaried,Other,B018,2020-02-03,811
C000602,Mass Affluent,30,507968,Salaried,Male,B002,2015-04-13,615
C000603,Mass Affluent,32,421030,Salaried,Male,B001,2023-02-05,675
C000604,Retail,39,1147984,Self-Employed,Female,B009,2022-12-01,737
C000605,Retail,30,355645,Self-Employed,Male,B008,2018-02-08,753
C000606,Retail,29,730957,Salaried,Male,B002,2022-10-03,798
C000607,Affluent,30,397916,Self-Employed,Female,B012,2016-06-16,642
C000608,Retail,43,1763942,Business,Female,B006,2016-05-15,671
C000609,Mass Affluent,39,548894,Salaried,Male,B002,2018-05-13,832
C000610,SME,40,930949,Salaried,Other,B012,2015-04-07,779
C000611,Mass Affluent,35,891789,Business,Male,B018,2017-04-01,763
C000612,SME,45,1263434,Business,Male,B005,2021-09-10,720
C000613,Retail,51,659765,Salaried,Male,B013,2016-07-15,717
C000614,Affluent,45,254826,Self-Employed,Female,B004,2021-12-18,782
C000615,Mass Affluent,37,800205,Self-Employed,Female,B008,2018-10-19,778
C000616,Mass Affluent,26,718431,Salaried,Male,B010,2021-04-23,727
C000617,Retail,18,180000,Business,Male,B014,2015-07-24,631
C000618,Retail,38,202386,Salaried,Male,B020,2018-09-27,627
C000619,Retail,18,949363,Self-Employed,Male,B002,2021-12-21,777
C000620,Mass Affluent,37,1510485,Salaried,Female,B002,2020-06-19,748
C000621,Affluent,54,568599,Business,Female,B004,2015-07-11,700
C000622,Mass Affluent,26,1015291,Salaried,Male,B011,2020-01-01,616
C000623,Retail,25,644119,Salaried,Female,B009,2018-02-21,814
C000624,Affluent,46,614368,Salaried,Female,B018,2023-10-03,677
C000625,Retail,18,546680,Salaried,Male,B017,2021-02-18,694
C000626,Retail,43,632322,Business,Male,B002,2021-04-04,709
C000627,Retail,55,772316,Salaried,Male,B007,2018-06-25,637
C000628,Mass Affluent,29,462115,Self-Employed,Male,B012,2020-01-19,625
C000629,Retail,28,1349224,Business,Female,B016,2015-08-13,733
C000630,Mass Affluent,45,313186,Self-Employed,Female,B010,2023-12-05,811
C000631,Affluent,26,1812883,Salaried,Male,B011,2017-02-11,892
C000632,Retail,48,521579,Business,Male,B009,2018-05-30,761
C000633,Mass Affluent,27,580046,Salaried,Female,B004,2023-04-01,850
C000634,Retail,58,398994,Salaried,Female,B016,2022-04-20,764
C000635,Retail,46,782938,Salaried,Female,B019,2019-06-13,805
C000636,Retail,39,469703,Self-Employed,Female,B020,2023-08-28,719
C000637,Retail,58,440497,Self-Employed,Male,B005,2020-06-18,744
C000638,Mass Affluent,50,893692,Salaried,Male,B012,2015-02-26,750
C000639,Retail,43,1276268,Salaried,Female,B010,2016-06-03,728
C000640,Mass Affluent,19,304771,Self-Employed,Female,B014,2018-11-26,698
C000641,Mass Affluent,31,1026136,Salaried,Male,B020,2017-05-22,773
C000642,Mass Affluent,51,1350269,Salaried,Male,B020,2021-09-08,693
C000643,Mass Affluent,25,190506,Business,Male,B012,2017-08-15,750
C000644,Mass Affluent,31,346188,Salaried,Female,B004,2015-06-07,704
C000645,Retail,28,1329316,Salaried,Female,B020,2020-12-14,829
C000646,Retail,43,764698,Business,Female,B009,2023-04-20,807
C000647,Affluent,50,1822508,Salaried,Male,B014,2015-08-25,680
C000648,Mass Affluent,50,534685,Self-Employed,Male,B005,2015-11-29,702
C000649,Retail,30,426243,Business,Male,B009,2023-07-05,698
C000650,Retail,43,1453625,Salaried,Male,B002,2016-09-16,731
C000651,Retail,29,348550,Business,Other,B012,2023-11-01,573
C000652,SME,37,511981,Business,Male,B012,2019-04-17,752
C000653,Retail,45,863155,Salaried,Male,B013,2017-06-28,624
C000654,Retail,51,920513,Salaried,Female,B011,2020-05-14,680
C000655,Retail,18,357257,Retired,Male,B008,2020-12-05,764
C000656,Retail,40,710788,Self-Employed,Female,B012,2018-09-07,842
C000657,Affluent,54,496629,Salaried,Male,B009,2018-10-17,710
C000658,Retail,42,200970,Business,Female,B012,2021-12-07,750
C000659,Affluent,40,444623,Salaried,Female,B011,2017-03-26,641
C000660,Retail,33,207399,Self-Employed,Male,B019,2018-06-07,695
C000661,Affluent,54,390833,Business,Male,B008,2021-10-04,664
C000662,Retail,33,274758,Salaried,Male,B007,2018-11-21,736
C000663,Retail,38,992191,Business,Male,B014,2017-03-20,646
C000664,Mass Affluent,34,729359,Salaried,Male,B002,2021-09-24,801
C000665,SME,40,1631139,Self-Employed,Female,B020,2015-11-18,672
C000666,Affluent,55,329568,Salaried,Male,B012,2015-10-30,703
C000667,Mass Affluent,29,650056,Salaried,Male,B001,2017-04-23,669
C000668,SME,40,292949,Salaried,Male,B010,2022-01-15,631
C000669,Retail,43,397980,Salaried,Female,B001,2021-11-03,606
C000670,SME,30,462791,Self-Employed,Female,B010,2022-01-29,554
C000671,Retail,38,2164188,Self-Employed,Male,B008,2016-02-15,711
C000672,Mass Affluent,59,760106,Business,Male,B013,2020-11-26,790
C000673,Affluent,20,552185,Salaried,Male,B014,2023-11-09,685
C000674,Mass Affluent,34,1209891,Business,Male,B010,2023-06-12,630
C000675,Mass Affluent,42,929249,Salaried,Female,B001,2018-02-24,663
C000676,Retail,35,578522,Salaried,Male,B006,2022-09-06,699
C000677,Affluent,71,930578,Salaried,Female,B012,2017-04-03,668
C000678,Retail,45,491856,Business,Male,B020,2021-11-05,786
C000679,SME,28,4178032,Salaried,Female,B015,2021-01-27,810
C000680,Mass Affluent,18,1326021,Salaried,Male,B013,2020-03-24,701
C000681,Retail,43,460653,Salaried,Female,B015,2023-12-25,606
C000682,Mass Affluent,31,982831,Salaried,Female,B016,2022-09-10,649
C000683,Mass Affluent,53,857232,Business,Other,B012,2021-07-14,710
C000684,Mass Affluent,36,721225,Salaried,Female,B020,2020-02-19,624
C000685,Affluent,33,838438,Salaried,Male,B011,2015-02-28,719
C000686,Retail,33,353841,Retired,Male,B012,2020-06-29,748
C000687,Mass Affluent,50,452208,Retired,Female,B002,2016-05-21,706
C000688,SME,44,1763541,Salaried,Female,B003,2021-12-02,719
C000689,Retail,58,685084,Self-Employed,Male,B017,2016-10-30,653
C000690,Mass Affluent,37,380607,Salaried,Female,B014,2023-03-12,668
C000691,Retail,48,547746,Self-Employed,Female,B007,2023-05-30,716
C000692,Retail,49,423992,Self-Employed,Male,B020,2021-10-31,682
C000693,Mass Affluent,46,1075404,Salaried,Male,B014,2023-01-09,721
C000694,Mass Affluent,33,416707,Retired,Male,B009,2019-04-28,641
C000695,Retail,44,617462,Salaried,Male,B010,2019-05-21,615
C000696,Mass Affluent,38,390057,Self-Employed,Female,B011,2018-03-03,703
C000697,Retail,38,2520140,Business,Male,B011,2015-08-01,800
C000698,Retail,30,903180,Salaried,Female,B019,2020-11-16,608
C000699,Retail,18,880215,Salaried,Female,B013,2022-05-29,817
C000700,Retail,53,944369,Salaried,Female,B010,2017-12-08,822
C000701,Retail,44,464252,Business,Female,B016,2021-01-31,587
C000702,Mass Affluent,24,1612843,Business,Female,B010,2019-03-18,808
C000703,Affluent,47,574177,Salaried,Female,B010,2017-06-19,623
C000704,Retail,53,1899324,Salaried,Male,B012,2017-03-15,751
C000705,Affluent,48,485805,Salaried,Male,B001,2021-12-11,829
C000706,Mass Affluent,29,955268,Self-Employed,Female,B018,2017-10-26,746
C000707,Retail,31,668719,Self-Employed,Male,B020,2022-02-14,757
C000708,SME,33,714011,Salaried,Male,B011,2016-06-11,777
C000709,SME,48,202637,Salaried,Male,B007,2019-10-06,900
C000710,Retail,44,316667,Salaried,Male,B014,2016-12-28,678
C000711,Retail,70,1601027,Salaried,Female,B008,2020-10-21,807
C000712,SME,21,259614,Salaried,Male,B004,2020-10-15,631
C000713,Mass Affluent,38,1071430,Salaried,Male,B003,2016-08-15,635
C000714,Retail,18,3251644,Self-Employed,Female,B010,2019-04-15,745
C000715,Affluent,46,859531,Salaried,Female,B009,2020-09-05,787
C000716,Affluent,51,2390639,Salaried,Female,B015,2022-03-08,763
C000717,Affluent,55,940868,Self-Employed,Male,B008,2016-03-09,692
C000718,Affluent,41,711793,Business,Male,B013,2019-08-07,693
C000719,Affluent,18,765439,Salaried,Male,B007,2020-10-04,661
C000720,Retail,38,534662,Salaried,Male,B013,2015-09-24,741
C000721,Retail,44,524088,Retired,Female,B006,2022-09-17,756
C000722,Mass Affluent,28,426484,Salaried,Female,B010,2019-04-20,799
C000723,SME,36,789980,Salaried,Female,B019,2018-04-17,621
C000724,Retail,25,2507847,Business,Male,B011,2019-05-26,900
C000725,Mass Affluent,32,1514494,Self-Employed,Male,B016,2022-02-09,641
C000726,Mass Affluent,49,685466,Self-Employed,Female,B020,2020-11-18,652
C000727,Retail,46,894411,Salaried,Female,B014,2022-05-16,709
C000728,Mass Affluent,24,567604,Salaried,Male,B009,2023-12-20,720
C000729,Affluent,31,1511532,Salaried,Male,B016,2018-07-24,763
C000730,Mass Affluent,40,207667,Salaried,Female,B009,2016-04-12,765
C000731,Mass Affluent,41,2104462,Salaried,Male,B006,2019-03-21,766
C000732,Retail,32,420952,Salaried,Male,B006,2020-09-01,825
C000733,Mass Affluent,44,467452,Salaried,Female,B018,2016-11-27,790
C000734,Retail,39,271011,Self-Employed,Male,B019,2015-11-23,630
C000735,Retail,18,663493,Business,Female,B017,2022-03-09,693
C000736,Mass Affluent,33,385434,Self-Employed,Male,B004,2023-02-16,678
C000737,Retail,32,1278184,Business,Female,B019,2016-10-20,707
C000738,Retail,46,930540,Salaried,Female,B011,2019-11-29,809
C000739,Mass Affluent,47,382243,Salaried,Female,B011,2020-05-15,774
C000740,Retail,21,339309,Salaried,Male,B011,2016-06-20,712
C000741,Retail,44,395301,Salaried,Female,B019,2021-08-24,804
C000742,Mass Affluent,38,324491,Self-Employed,Male,B008,2020-05-21,790
C000743,Mass Affluent,40,500307,Business,Male,B016,2020-07-19,624
C000744,Retail,32,347395,Business,Male,B008,2017-04-29,655
C000745,Affluent,38,1282166,Salaried,Female,B009,2020-12-13,749
C000746,Retail,52,433982,Business,Male,B012,2019-08-22,710
C000747,Mass Affluent,40,872302,Salaried,Male,B012,2016-03-17,774
C000748,Mass Affluent,39,876973,Salaried,Male,B002,2017-04-08,691
C000749,SME,34,180000,Salaried,Male,B006,2020-09-22,778
C000750,Affluent,51,954007,Self-Employed,Female,B004,2022-06-01,720
C000751,Mass Affluent,25,197840,Business,Female,B013,2018-10-14,762
C000752,Affluent,30,348952,Salaried,Male,B004,2015-07-18,747
C000753,Retail,24,925855,Salaried,Female,B009,2019-08-04,700
C000754,Retail,41,650716,Salaried,Male,B007,2019-10-14,839
C000755,Mass Affluent,52,480892,Salaried,Female,B006,2016-10-14,701
C000756,Retail,35,188292,Retired,Female,B018,2015-11-04,876
C000757,Affluent,27,1123209,Retired,Male,B015,2023-08-27,593
C000758,Retail,57,795598,Retired,Female,B016,2023-11-20,644
C000759,Mass Affluent,44,343858,Salaried,Male,B001,2016-04-18,737
C000760,Retail,42,321156,Salaried,Female,B010,2021-04-02,612
C000761,Retail,37,1169584,Retired,Other,B004,2021-03-22,683
C000762,Mass Affluent,46,729378,Retired,Male,B004,2015-12-26,778
C000763,Mass Affluent,42,247828,Salaried,Male,B018,2021-10-07,707
C000764,Mass Affluent,34,373221,Business,Male,B013,2017-10-11,772
C000765,Retail,36,2141301,Salaried,Male,B001,2023-07-23,819
C000766,Retail,28,1150997,Business,Female,B020,2016-10-28,755
C000767,Affluent,26,600223,Salaried,Male,B010,2021-07-10,649
C000768,Retail,36,608788,Business,Male,B001,2017-06-17,711
C000769,Mass Affluent,52,180000,Salaried,Female,B002,2022-04-06,716
C000770,Mass Affluent,28,1402814,Salaried,Female,B009,2020-11-12,730
C000771,Mass Affluent,48,447424,Salaried,Female,B001,2015-11-11,691
C000772,Mass Affluent,30,354708,Salaried,Male,B015,2016-05-02,727
C000773,Affluent,19,976927,Salaried,Female,B015,2018-10-30,782
C000774,SME,45,398401,Self-Employed,Male,B002,2023-01-14,543
C000775,Retail,57,183461,Salaried,Male,B012,2017-11-07,762
C000776,Retail,30,783136,Self-Employed,Male,B018,2022-06-04,672
C000777,Retail,22,224052,Salaried,Female,B010,2022-11-16,589
C000778,Retail,44,577503,Salaried,Male,B013,2022-05-08,603
C000779,Mass Affluent,29,737581,Self-Employed,Male,B009,2023-01-12,749
C000780,SME,45,500863,Salaried,Female,B003,2023-03-20,700
C000781,Retail,52,502322,Retired,Male,B008,2016-11-17,827
C000782,Retail,43,1644234,Business,Female,B014,2020-06-14,819
C000783,Retail,48,1659670,Self-Employed,Female,B016,2021-03-18,637
C000784,Mass Affluent,48,330474,Salaried,Female,B006,2023-01-06,714
C000785,Mass Affluent,50,407621,Salaried,Female,B009,2018-12-15,818
C000786,Retail,39,422427,Retired,Female,B004,2015-02-06,660
C000787,SME,48,587863,Salaried,Male,B019,2020-05-18,843
C000788,Affluent,41,568864,Business,Male,B015,2023-10-20,712
C000789,Retail,43,1831762,Salaried,Female,B011,2019-11-03,745
C000790,Mass Affluent,73,531835,Salaried,Female,B010,2023-04-08,725
C000791,Affluent,42,307126,Self-Employed,Female,B008,2019-02-21,734
C000792,Retail,23,409411,Business,Female,B003,2017-10-20,777
C000793,Retail,37,764810,Salaried,Male,B019,2020-05-04,660
C000794,Retail,36,507653,Salaried,Female,B004,2021-03-02,731
C000795,Retail,36,735663,Business,Female,B013,2021-05-07,730
C000796,Affluent,49,511944,Salaried,Female,B009,2021-02-07,740
C000797,SME,51,961071,Salaried,Male,B020,2019-09-29,801
C000798,Retail,38,566545,Salaried,Female,B013,2020-01-08,721
C000799,Retail,24,272127,Salaried,Male,B009,2016-09-22,752
C000800,Retail,40,478892,Business,Male,B020,2022-03-06,836
C000801,Retail,33,2525877,Retired,Male,B019,2021-05-17,775
C000802,Affluent,41,1340068,Salaried,Female,B016,2023-06-11,725
C000803,Retail,38,281983,Salaried,Female,B018,2020-07-25,691
C000804,Retail,52,1906234,Salaried,Female,B019,2022-05-08,811
C000805,Retail,42,655925,Salaried,Male,B017,2022-12-15,637
C000806,Mass Affluent,33,436802,Salaried,Female,B012,2021-05-29,755
C000807,Retail,24,499647,Self-Employed,Female,B011,2020-12-24,733
C000808,Mass Affluent,38,622575,Salaried,Male,B017,2015-07-16,749
C000809,Retail,39,1213873,Self-Employed,Other,B006,2019-09-15,784
C000810,Affluent,36,678883,Retired,Male,B015,2020-01-12,684
C000811,Mass Affluent,48,745192,Business,Female,B002,2016-03-30,665
C000812,Retail,24,1318558,Salaried,Female,B014,2018-01-23,628
C000813,Retail,31,462905,Salaried,Male,B003,2022-04-14,723
C000814,Affluent,40,730340,Salaried,Male,B012,2015-01-07,792
C000815,SME,33,798072,Business,Male,B006,2021-09-02,667
C000816,Retail,35,654913,Retired,Male,B005,2020-05-25,604
C000817,Retail,38,829880,Business,Female,B007,2023-10-02,664
C000818,SME,47,382851,Self-Employed,Male,B006,2023-12-25,755
C000819,Mass Affluent,38,1134479,Salaried,Female,B019,2016-11-07,719
C000820,Retail,18,418603,Retired,Female,B014,2020-01-26,759
C000821,SME,32,806300,Business,Female,B018,2018-08-08,774
C000822,Retail,44,687927,Business,Female,B014,2017-09-13,791
C000823,Mass Affluent,47,383996,Salaried,Male,B008,2016-05-27,665
C000824,Retail,48,1722496,Salaried,Male,B014,2019-03-10,843
C000825,Retail,51,1831143,Salaried,Male,B019,2016-12-18,720
C000826,Retail,40,329767,Business,Female,B003,2021-12-23,764
C000827,Affluent,42,1008754,Business,Female,B015,2021-10-27,723
C000828,Retail,28,554064,Salaried,Male,B016,2016-04-20,763
C000829,Retail,18,387199,Self-Employed,Male,B015,2022-10-27,685
C000830,Retail,23,762392,Salaried,Female,B014,2017-06-22,675
C000831,Mass Affluent,31,1031628,Salaried,Female,B015,2017-10-01,743
C000832,SME,24,666229,Salaried,Male,B007,2015-02-10,788
C000833,Retail,36,473739,Salaried,Male,B005,2021-08-23,813
C000834,Mass Affluent,34,1423758,Salaried,Female,B009,2020-03-13,694
C000835,Affluent,49,1457442,Salaried,Female,B016,2020-05-09,782
C000836,Mass Affluent,28,384926,Business,Male,B002,2020-11-10,744
C000837,Retail,41,636514,Salaried,Female,B007,2023-09-11,724
C000838,Retail,34,214992,Business,Female,B012,2021-08-09,734
C000839,Retail,28,1032669,Self-Employed,Female,B016,2018-06-18,718
C000840,Retail,31,1421979,Business,Male,B004,2023-11-16,754
C000841,Retail,18,772888,Business,Female,B002,2015-09-15,601
C000842,Affluent,47,306105,Salaried,Male,B017,2017-09-16,614
C000843,Retail,54,1714493,Salaried,Female,B017,2020-01-13,671
C000844,Retail,36,2245538,Salaried,Female,B003,2017-07-04,775
C000845,Mass Affluent,39,453144,Salaried,Male,B016,2015-01-30,749
C000846,Retail,36,801495,Salaried,Female,B005,2018-01-10,729
C000847,Affluent,30,1020214,Self-Employed,Male,B007,2021-05-22,810
C000848,Mass Affluent,47,1000970,Business,Male,B013,2020-03-16,689
C000849,Retail,43,619093,Salaried,Male,B009,2015-12-21,750
C000850,Mass Affluent,18,1930526,Salaried,Female,B008,2018-08-30,695
C000851,Mass Affluent,28,216911,Salaried,Male,B001,2020-02-02,699
C000852,Mass Affluent,18,218724,Salaried,Male,B004,2016-06-18,828
C000853,Retail,56,593914,Self-Employed,Male,B007,2023-05-25,705
C000854,Retail,37,1863563,Salaried,Male,B011,2017-07-29,737
C000855,Affluent,42,1275037,Business,Male,B008,2018-11-30,719
C000856,Retail,35,227299,Self-Employed,Male,B008,2021-06-10,717
C000857,Retail,51,3809191,Salaried,Male,B020,2021-08-19,755
C000858,Retail,48,860276,Salaried,Male,B011,2015-09-10,646
C000859,Affluent,37,283720,Salaried,Female,B007,2020-05-21,644
C000860,Retail,58,565127,Business,Male,B011,2019-05-18,714
C000861,Affluent,41,1125040,Retired,Male,B018,2017-03-26,704
C000862,Mass Affluent,23,1354298,Salaried,Male,B004,2023-07-13,769
C000863,Affluent,40,574813,Business,Male,B006,2023-12-06,789
C000864,SME,45,842469,Salaried,Female,B007,2022-08-31,645
C000865,Affluent,38,553256,Salaried,Male,B010,2017-06-11,646
C000866,Affluent,34,574860,Salaried,Female,B008,2022-02-13,698
C000867,Retail,58,961065,Retired,Male,B004,2016-10-28,690
C000868,Mass Affluent,26,1530568,Salaried,Male,B009,2016-04-24,725
C000869,Retail,18,286454,Salaried,Female,B006,2022-04-11,786
C000870,Retail,57,515748,Self-Employed,Other,B017,2020-10-05,743
C000871,Mass Affluent,26,405723,Business,Male,B019,2023-11-16,767
C000872,Mass Affluent,36,311602,Self-Employed,Male,B014,2017-02-18,688
C000873,Retail,35,301434,Salaried,Female,B001,2019-01-29,668
C000874,Mass Affluent,53,609810,Retired,Female,B006,2017-04-29,675
C000875,Affluent,55,298797,Retired,Female,B007,2016-07-25,698
C000876,Mass Affluent,25,292284,Business,Male,B001,2022-03-08,731
C000877,Mass Affluent,54,533976,Business,Male,B017,2017-02-10,716
C000878,Affluent,54,317440,Business,Female,B017,2019-02-14,681
C000879,SME,39,835070,Salaried,Male,B007,2020-03-13,720
C000880,Mass Affluent,49,439433,Salaried,Male,B014,2023-03-08,683
C000881,Affluent,50,276026,Self-Employed,Male,B007,2017-12-20,635
C000882,SME,36,2720709,Retired,Male,B013,2015-09-01,767
C000883,SME,37,180000,Business,Female,B018,2021-09-28,716
C000884,Retail,45,1046836,Salaried,Male,B007,2023-11-23,725
C000885,Retail,21,751368,Salaried,Female,B002,2022-06-11,737
C000886,Retail,35,437836,Business,Male,B019,2022-02-14,709
C000887,Retail,26,332592,Self-Employed,Female,B014,2023-03-11,741
C000888,Mass Affluent,55,1845310,Salaried,Male,B001,2023-06-19,856
C000889,Mass Affluent,35,2386209,Self-Employed,Other,B016,2018-02-09,800
C000890,Affluent,42,496013,Salaried,Female,B007,2016-12-24,670
C000891,Retail,37,451275,Business,Male,B016,2022-04-09,597
C000892,Affluent,36,1249645,Business,Male,B020,2017-11-05,789
C000893,Mass Affluent,41,511337,Retired,Female,B012,2021-12-29,754
C000894,Mass Affluent,31,876709,Salaried,Female,B005,2023-07-26,757
C000895,SME,37,862331,Business,Male,B017,2022-08-14,680
C000896,Mass Affluent,37,614735,Self-Employed,Female,B013,2023-06-12,677
C000897,Retail,34,667970,Salaried,Male,B014,2021-08-07,731
C000898,Affluent,43,762930,Salaried,Female,B016,2018-06-16,745
C000899,Retail,34,295701,Business,Female,B013,2018-12-04,863
C000900,Retail,57,385717,Self-Employed,Male,B018,2022-02-07,777
C000901,Affluent,46,694835,Salaried,Male,B018,2018-04-07,738
C000902,Retail,24,446593,Retired,Male,B009,2015-11-28,526
C000903,Affluent,45,3649002,Salaried,Female,B001,2017-10-10,738
C000904,Retail,31,653999,Business,Female,B002,2018-07-27,730
C000905,Affluent,40,193854,Business,Female,B008,2023-12-17,641
C000906,Retail,31,180000,Self-Employed,Male,B013,2017-10-12,763
C000907,SME,18,1023127,Self-Employed,Male,B006,2017-04-16,812
C000908,Affluent,39,657701,Salaried,Female,B019,2023-11-05,856
C000909,Retail,23,1530534,Retired,Male,B019,2019-01-01,729
C000910,Mass Affluent,44,394781,Salaried,Male,B002,2020-11-15,682
C000911,SME,41,554766,Self-Employed,Male,B010,2020-01-26,806
C000912,Retail,32,719401,Salaried,Female,B005,2020-03-15,666
C000913,Retail,59,542474,Salaried,Male,B001,2020-08-20,733
C000914,Retail,25,514090,Self-Employed,Male,B013,2019-05-28,638
C000915,Mass Affluent,32,961571,Business,Female,B012,2021-03-11,799
C000916,Mass Affluent,27,348965,Salaried,Female,B010,2020-09-18,679
C000917,Mass Affluent,61,849903,Salaried,Male,B003,2016-03-14,782
C000918,Retail,54,1969352,Self-Employed,Male,B015,2021-10-14,725
C000919,Retail,23,1759473,Business,Female,B005,2023-04-24,761
C000920,Mass Affluent,30,185510,Salaried,Female,B019,2016-03-20,700
C000921,Retail,30,436405,Self-Employed,Male,B019,2019-10-10,743
C000922,Retail,33,724732,Salaried,Male,B013,2019-05-29,787
C000923,SME,28,1376861,Salaried,Male,B008,2015-02-03,687
C000924,Mass Affluent,32,687707,Salaried,Male,B008,2015-03-03,747
C000925,Mass Affluent,50,1378540,Business,Male,B006,2018-01-07,808
C000926,Affluent,60,388321,Salaried,Male,B009,2023-04-14,659
C000927,Mass Affluent,22,743447,Salaried,Female,B014,2018-04-11,674
C000928,Affluent,28,755710,Self-Employed,Female,B005,2022-04-08,670
C000929,Retail,41,1408954,Self-Employed,Male,B016,2021-06-12,705
C000930,Retail,22,1083001,Salaried,Female,B014,2015-12-19,618
C000931,Retail,42,939578,Salaried,Male,B010,2017-12-17,727
C000932,Retail,45,1042101,Self-Employed,Male,B017,2020-12-10,843
C000933,Mass Affluent,47,273333,Business,Female,B016,2019-06-17,729
C000934,Retail,45,536722,Salaried,Male,B020,2015-01-03,866
C000935,Retail,33,312230,Salaried,Male,B017,2023-06-22,612
C000936,Retail,37,392447,Self-Employed,Female,B016,2018-07-13,636
C000937,Retail,26,535926,Business,Female,B010,2017-03-25,602
C000938,Mass Affluent,44,180000,Business,Male,B018,2023-07-17,539
C000939,Retail,57,548637,Self-Employed,Male,B006,2020-04-30,727
C000940,Mass Affluent,44,360718,Salaried,Female,B017,2015-09-10,641
C000941,Retail,31,302010,Self-Employed,Female,B009,2018-01-16,568
C000942,Mass Affluent,50,638573,Salaried,Other,B008,2015-11-06,696
C000943,Affluent,65,466031,Salaried,Other,B008,2016-06-15,722
C000944,Retail,42,749125,Business,Male,B012,2019-07-25,743
C000945,Affluent,45,393545,Business,Male,B018,2015-07-16,709
C000946,Retail,46,535280,Self-Employed,Male,B002,2018-11-11,760
C000947,Retail,21,2966311,Salaried,Male,B003,2017-07-24,654
C000948,SME,34,899596,Self-Employed,Male,B011,2020-06-12,649
C000949,Retail,33,346188,Self-Employed,Female,B013,2016-04-07,808
C000950,Retail,48,1342865,Salaried,Male,B018,2018-11-03,835
C000951,Affluent,47,1641548,Business,Male,B011,2019-09-30,626
C000952,Retail,38,885429,Salaried,Female,B014,2015-01-23,736
C000953,Affluent,33,360921,Salaried,Male,B020,2022-07-10,657
C000954,Retail,20,1174229,Business,Male,B004,2019-12-27,649
C000955,SME,39,412269,Business,Female,B004,2023-11-13,736
C000956,Mass Affluent,28,1443723,Business,Male,B010,2023-11-14,739
C000957,Mass Affluent,27,513029,Self-Employed,Female,B002,2019-05-03,689
C000958,SME,49,500318,Salaried,Female,B018,2018-05-21,694
C000959,Retail,48,843506,Salaried,Male,B011,2017-03-23,642
C000960,SME,34,1500573,Salaried,Female,B005,2015-02-06,798
C000961,Retail,22,2796913,Self-Employed,Male,B017,2016-02-10,714
C000962,Retail,30,610629,Salaried,Female,B002,2023-07-21,655
C000963,Retail,50,459731,Self-Employed,Male,B003,2019-11-29,716
C000964,Mass Affluent,44,351952,Retired,Female,B007,2017-11-03,698
C000965,Retail,34,228998,Salaried,Female,B002,2016-06-13,665
C000966,Affluent,40,312001,Salaried,Female,B002,2023-09-21,658
C000967,Affluent,18,699311,Salaried,Female,B008,2018-04-16,650
C000968,SME,18,1190886,Salaried,Male,B016,2017-02-21,643
C000969,Retail,61,333452,Salaried,Male,B003,2022-10-23,724
C000970,Mass Affluent,45,1000810,Business,Female,B006,2016-01-21,696
C000971,Retail,39,342644,Self-Employed,Female,B019,2015-04-29,863
C000972,Retail,35,370817,Business,Female,B013,2020-03-13,765
C000973,Retail,20,299383,Salaried,Female,B004,2018-09-15,739
C000974,Retail,50,1425996,Self-Employed,Female,B017,2020-09-10,698
C000975,Mass Affluent,26,1704611,Self-Employed,Female,B009,2017-01-17,698
C000976,Mass Affluent,47,373533,Salaried,Female,B003,2022-09-01,618
C000977,Retail,40,354599,Salaried,Male,B001,2018-08-29,637
C000978,Retail,38,899286,Self-Employed,Female,B001,2021-04-12,644
C000979,Retail,25,1844844,Salaried,Male,B017,2021-06-22,607
C000980,Retail,25,1712958,Business,Male,B013,2022-09-21,714
C000981,SME,43,467145,Salaried,Female,B005,2017-05-02,607
C000982,Retail,40,532522,Salaried,Male,B019,2017-03-26,741
C000983,Retail,40,269462,Salaried,Male,B010,2015-10-23,707
C000984,Retail,42,463734,Salaried,Male,B009,2020-10-16,830
C000985,Affluent,18,638895,Salaried,Male,B006,2017-05-13,739
C000986,SME,50,249529,Salaried,Female,B017,2015-02-25,641
C000987,Affluent,35,421023,Salaried,Male,B007,2022-05-28,625
C000988,Mass Affluent,52,693235,Salaried,Female,B016,2020-09-30,825
C000989,Mass Affluent,18,223396,Salaried,Male,B019,2022-05-08,657
C000990,Retail,45,813884,Salaried,Male,B005,2023-03-05,673
C000991,SME,45,1164662,Self-Employed,Male,B018,2018-12-11,693
C000992,Affluent,23,869092,Self-Employed,Male,B007,2017-09-08,717
C000993,Mass Affluent,32,434421,Salaried,Female,B005,2019-12-15,825
C000994,Affluent,27,1285274,Salaried,Male,B008,2018-12-05,731
C000995,Mass Affluent,48,1478480,Retired,Male,B009,2015-05-08,725
C000996,Mass Affluent,42,737667,Business,Male,B020,2023-04-11,714
C000997,SME,57,661034,Business,Female,B004,2019-01-08,724
C000998,SME,41,401064,Salaried,Female,B003,2020-09-03,777
C000999,Mass Affluent,47,460628,Salaried,Female,B012,2015-03-02,684
C001000,Mass Affluent,52,1204529,Self-Employed,Male,B009,2023-02-01,685
C001001,Retail,45,1996261,Salaried,Female,B010,2016-01-23,788
C001002,Mass Affluent,35,458149,Salaried,Male,B011,2022-05-11,681
C001003,Retail,33,536778,Salaried,Female,B016,2016-11-01,674
C001004,Mass Affluent,38,393950,Salaried,Female,B011,2019-11-22,806
C001005,SME,48,453457,Salaried,Male,B008,2017-03-10,699
C001006,Mass Affluent,31,264867,Self-Employed,Female,B014,2016-10-25,712
C001007,Retail,46,793050,Business,Male,B002,2021-06-20,696
C001008,Retail,43,263132,Salaried,Male,B004,2020-03-23,682
C001009,Retail,25,420133,Salaried,Female,B015,2019-06-16,698
C001010,Mass Affluent,46,576627,Self-Employed,Male,B018,2018-05-11,700
C001011,Retail,41,255393,Salaried,Male,B011,2021-02-25,782
C001012,Retail,33,362824,Self-Employed,Male,B019,2022-07-15,657
C001013,Retail,40,288717,Business,Female,B018,2020-03-24,857
C001014,Affluent,33,1226202,Salaried,Female,B009,2023-01-24,673
C001015,Mass Affluent,42,1514694,Salaried,Male,B005,2020-04-24,781
C001016,Retail,37,359200,Self-Employed,Male,B010,2022-05-07,620
C001017,Retail,22,3615857,Salaried,Male,B017,2020-12-03,673
C001018,Mass Affluent,37,326950,Salaried,Male,B020,2020-06-25,705
C001019,Mass Affluent,34,455689,Salaried,Male,B013,2019-09-02,659
C001020,Mass Affluent,46,826602,Business,Male,B004,2023-04-26,761
C001021,Retail,49,878898,Retired,Female,B014,2019-03-05,759
C001022,Mass Affluent,33,487635,Self-Employed,Male,B008,2021-09-22,670
C001023,Retail,30,1221931,Salaried,Male,B015,2016-07-18,593
C001024,Affluent,21,1307789,Salaried,Male,B003,2018-11-17,764
C001025,Mass Affluent,30,597014,Salaried,Male,B017,2015-06-19,726
C001026,Retail,35,544225,Salaried,Male,B015,2015-09-01,686
C001027,Retail,24,403460,Salaried,Female,B001,2017-12-20,679
C001028,Mass Affluent,49,305139,Business,Male,B005,2023-07-28,671
C001029,Affluent,42,356605,Salaried,Female,B008,2020-05-05,779
C001030,Mass Affluent,38,854807,Business,Male,B009,2023-03-04,696
C001031,Mass Affluent,39,600274,Salaried,Female,B002,2020-10-23,817
C001032,Mass Affluent,42,511934,Self-Employed,Female,B005,2019-03-09,886
C001033,Mass Affluent,46,413958,Business,Male,B004,2016-01-05,766
C001034,Retail,48,419817,Salaried,Male,B012,2023-12-29,878
C001035,Affluent,36,582648,Salaried,Male,B019,2020-12-13,769
C001036,Retail,37,553496,Salaried,Male,B002,2018-03-21,695
C001037,Retail,41,599594,Business,Male,B016,2020-12-03,835
C001038,SME,37,449406,Salaried,Male,B002,2022-04-01,709
C001039,Retail,49,387960,Salaried,Male,B010,2019-02-12,890
C001040,Retail,53,603295,Business,Male,B010,2017-05-09,684
C001041,Retail,43,915342,Self-Employed,Female,B017,2022-02-22,785
C001042,SME,29,431102,Salaried,Female,B012,2019-06-21,720
C001043,Retail,45,180000,Salaried,Male,B007,2022-09-12,645
C001044,Retail,43,246675,Salaried,Male,B009,2022-03-07,657
C001045,Retail,28,1206155,Salaried,Male,B014,2019-06-10,552
C001046,Retail,43,1144656,Salaried,Male,B018,2015-07-12,715
C001047,Retail,33,913535,Salaried,Male,B010,2015-12-21,756
C001048,Retail,47,837282,Self-Employed,Female,B016,2015-02-27,568
C001049,Mass Affluent,45,1162630,Salaried,Male,B001,2021-12-15,502
C001050,Retail,41,480043,Salaried,Male,B009,2018-05-12,657
C001051,Retail,39,656698,Business,Female,B013,2015-04-30,727
C001052,Retail,18,363320,Salaried,Male,B016,2019-01-28,650
C001053,Retail,26,535372,Salaried,Male,B016,2021-03-05,731
C001054,Mass Affluent,38,2058015,Business,Male,B002,2017-04-06,679
C001055,Mass Affluent,56,350592,Business,Female,B009,2017-02-10,622
C001056,Retail,45,281343,Salaried,Female,B013,2019-07-05,770
C001057,Retail,59,529042,Self-Employed,Female,B008,2019-07-18,742
C001058,Retail,40,462666,Self-Employed,Female,B011,2016-11-11,694
C001059,Affluent,39,713239,Business,Male,B017,2023-09-20,589
C001060,Mass Affluent,55,1004550,Business,Male,B020,2016-07-25,682
C001061,Mass Affluent,37,470354,Self-Employed,Male,B011,2018-09-03,656
C001062,Retail,28,2359809,Retired,Female,B011,2022-01-23,681
C001063,SME,42,1335262,Business,Female,B016,2015-05-15,659
C001064,Retail,51,365270,Salaried,Male,B007,2015-12-17,695
C001065,Retail,30,569935,Business,Female,B001,2016-07-27,695
C001066,Retail,45,845892,Salaried,Female,B015,2019-07-13,780
C001067,Retail,38,350071,Self-Employed,Female,B018,2020-01-30,668
C001068,SME,44,180000,Business,Male,B014,2022-05-15,726
C001069,Affluent,42,2102802,Salaried,Female,B013,2015-07-19,655
C001070,Retail,34,292182,Salaried,Female,B002,2021-04-09,669
C001071,Mass Affluent,38,1044199,Business,Male,B020,2018-03-11,674
C001072,SME,35,945968,Salaried,Male,B011,2022-12-11,783
C001073,Affluent,40,353056,Salaried,Male,B019,2020-02-24,693
C001074,Mass Affluent,30,2144941,Self-Employed,Male,B006,2020-01-02,707
C001075,SME,32,625726,Salaried,Female,B017,2017-10-09,686
C001076,SME,34,656209,Business,Male,B001,2019-03-01,709
C001077,Mass Affluent,43,220757,Salaried,Male,B020,2020-11-07,707
C001078,Retail,23,180000,Retired,Male,B005,2019-12-21,681
C001079,Retail,38,512477,Business,Female,B001,2022-03-26,583
C001080,Affluent,31,1394303,Self-Employed,Female,B013,2017-11-10,678
C001081,Retail,34,180000,Self-Employed,Female,B001,2023-08-01,728
C001082,Affluent,32,659452,Salaried,Female,B012,2015-10-30,767
C001083,Retail,41,632685,Salaried,Female,B009,2015-11-21,612
C001084,Retail,37,1344258,Salaried,Female,B013,2017-02-21,625
C001085,Retail,47,1161702,Business,Male,B010,2020-05-04,677
C001086,Retail,43,657282,Self-Employed,Female,B016,2019-10-20,686
C001087,SME,22,564598,Business,Male,B006,2021-04-26,562
C001088,Affluent,28,375787,Salaried,Male,B008,2023-01-21,718
C001089,Affluent,37,284974,Salaried,Female,B007,2018-04-10,785
C001090,Mass Affluent,39,399323,Salaried,Female,B013,2016-09-17,664
C001091,Retail,29,292219,Salaried,Male,B017,2016-03-20,705
C001092,Mass Affluent,53,560379,Business,Male,B012,2023-12-07,738
C001093,Mass Affluent,49,586606,Self-Employed,Male,B011,2015-03-24,706
C001094,Mass Affluent,21,501893,Business,Female,B006,2015-06-03,672
C001095,Retail,43,644200,Business,Male,B015,2016-03-09,675
C001096,Mass Affluent,38,445170,Salaried,Female,B005,2016-02-21,714
C001097,Retail,53,1036919,Salaried,Other,B016,2020-01-28,764
C001098,SME,22,696170,Salaried,Female,B011,2020-11-19,717
C001099,Affluent,62,438042,Salaried,Female,B010,2020-02-23,778
C001100,Retail,30,281092,Salaried,Female,B008,2020-07-07,703
C001101,Mass Affluent,43,569013,Salaried,Male,B005,2015-06-11,705
C001102,Mass Affluent,32,1259760,Business,Male,B010,2016-10-03,801
C001103,Retail,35,880129,Self-Employed,Female,B010,2015-10-26,654
C001104,Affluent,20,982146,Salaried,Male,B001,2021-07-03,767
C001105,Affluent,52,960603,Salaried,Male,B013,2018-12-27,734
C001106,Retail,36,1322276,Salaried,Male,B020,2016-06-16,674
C001107,Retail,37,1050794,Self-Employed,Male,B018,2022-02-08,640
C001108,Retail,64,661048,Salaried,Male,B005,2023-01-17,716
C001109,Retail,50,460508,Business,Male,B016,2021-10-09,727
C001110,Retail,32,1060307,Salaried,Male,B006,2018-10-14,814
C001111,Affluent,32,180000,Business,Female,B010,2023-10-21,728
C001112,Retail,42,1367493,Self-Employed,Female,B007,2020-12-11,605
C001113,Retail,47,939583,Salaried,Male,B020,2017-01-06,734
C001114,SME,58,1740660,Business,Male,B016,2020-07-19,805
C001115,Mass Affluent,21,289801,Salaried,Male,B001,2022-09-29,723
C001116,Retail,47,1276975,Salaried,Other,B007,2021-01-29,740
C001117,Retail,49,923568,Salaried,Male,B012,2022-01-12,584
C001118,Retail,30,404266,Business,Male,B015,2017-01-08,786
C001119,Mass Affluent,35,549111,Salaried,Male,B002,2018-12-12,659
C001120,Retail,21,524714,Salaried,Female,B018,2021-01-16,629
C001121,Mass Affluent,33,473286,Salaried,Male,B004,2018-02-16,672
C001122,SME,42,249712,Self-Employed,Female,B013,2017-08-18,724
C001123,Retail,57,1287230,Salaried,Female,B009,2017-05-20,664
C001124,Affluent,58,324347,Salaried,Female,B004,2015-03-30,763
C001125,SME,28,303260,Salaried,Male,B009,2016-11-22,625
C001126,Retail,55,1308173,Salaried,Female,B001,2021-11-02,724
C001127,Affluent,18,241091,Business,Female,B008,2020-12-19,654
C001128,Mass Affluent,33,492856,Salaried,Male,B001,2019-06-04,696
C001129,SME,36,314397,Business,Female,B016,2020-10-11,805
C001130,Mass Affluent,42,1738546,Self-Employed,Male,B015,2020-01-06,735
C001131,Mass Affluent,40,1261896,Salaried,Female,B015,2015-04-18,723
C001132,Mass Affluent,43,351721,Salaried,Male,B005,2019-09-16,645
C001133,Affluent,37,313830,Retired,Female,B019,2019-06-08,696
C001134,Mass Affluent,50,987953,Salaried,Male,B011,2018-11-11,672
C001135,Mass Affluent,47,795211,Salaried,Male,B019,2021-06-26,570
C001136,Affluent,36,476647,Self-Employed,Female,B003,2017-10-02,738
C001137,Retail,48,448840,Salaried,Male,B004,2020-04-01,627
C001138,Retail,62,515383,Self-Employed,Male,B016,2015-11-03,692
C001139,Retail,32,1078348,Self-Employed,Female,B012,2022-09-08,728
C001140,Retail,57,1665515,Salaried,Male,B007,2015-10-08,666
C001141,Retail,33,1961959,Salaried,Female,B001,2015-07-27,638
C001142,SME,55,372241,Business,Male,B011,2017-03-19,751
C001143,Retail,33,623060,Salaried,Male,B015,2022-01-08,609
C001144,Mass Affluent,47,1436857,Salaried,Male,B019,2017-01-09,654
C001145,Retail,41,340720,Business,Female,B015,2023-12-08,716
C001146,Affluent,19,385129,Salaried,Male,B009,2019-07-28,703
C001147,SME,60,1007165,Business,Male,B013,2017-07-07,691
C001148,Retail,29,442431,Salaried,Female,B018,2022-04-23,811
C001149,Affluent,25,229962,Salaried,Male,B017,2015-06-15,751
C001150,Retail,32,350525,Salaried,Female,B005,2023-01-27,766
C001151,Affluent,67,1142100,Business,Female,B016,2017-12-20,664
C001152,Retail,25,705426,Business,Other,B007,2022-05-13,823
C001153,SME,41,217343,Salaried,Male,B005,2020-08-12,669
C001154,Retail,27,403881,Salaried,Male,B011,2020-07-17,737
C001155,Mass Affluent,29,1961962,Salaried,Male,B016,2016-10-08,734
C001156,Affluent,21,573503,Salaried,Female,B013,2021-07-21,669
C001157,Retail,42,512203,Salaried,Female,B002,2019-01-23,629
C001158,Retail,37,603210,Business,Female,B012,2021-10-17,697
C001159,Retail,27,685580,Retired,Male,B012,2017-08-13,678
C001160,Retail,49,465401,Business,Female,B010,2017-08-18,624
C001161,Mass Affluent,50,1434082,Salaried,Female,B013,2016-12-05,667
C001162,Retail,43,441776,Business,Female,B012,2021-07-28,764
C001163,Retail,52,1144677,Business,Male,B019,2020-10-10,658
C001164,Retail,35,1961606,Salaried,Female,B017,2023-05-05,759
C001165,Affluent,43,766972,Business,Female,B016,2016-05-22,744
C001166,Retail,35,303676,Salaried,Male,B017,2020-10-01,736
C001167,Retail,22,678095,Salaried,Male,B006,2019-03-25,861
C001168,Retail,41,415915,Salaried,Male,B018,2019-07-23,663
C001169,Retail,41,1075651,Salaried,Male,B011,2016-02-03,740
C001170,Affluent,39,686523,Salaried,Male,B012,2020-02-24,709
C001171,Retail,43,555320,Business,Male,B017,2018-02-05,711
C001172,Retail,55,311529,Self-Employed,Male,B002,2017-03-14,527
C001173,Affluent,37,180000,Self-Employed,Male,B013,2021-09-07,664
C001174,Affluent,28,354046,Salaried,Male,B019,2019-05-05,677
C001175,Retail,36,916086,Salaried,Female,B019,2021-12-21,710
C001176,Affluent,37,1294332,Salaried,Female,B004,2022-08-03,612
C001177,SME,50,490470,Salaried,Female,B001,2015-03-10,698
C001178,Retail,40,324694,Business,Other,B002,2021-11-28,650
C001179,Affluent,26,678750,Self-Employed,Male,B018,2015-04-08,641
C001180,Mass Affluent,48,938663,Salaried,Male,B012,2019-06-27,581
C001181,Retail,46,994365,Business,Female,B009,2015-01-16,606
C001182,Retail,40,680877,Salaried,Female,B005,2018-01-07,681
C001183,Retail,49,2304480,Salaried,Male,B016,2019-11-02,774
C001184,Affluent,51,1368819,Retired,Female,B004,2021-09-23,702
C001185,SME,35,271000,Retired,Male,B020,2020-06-09,709
C001186,Mass Affluent,29,231152,Salaried,Female,B003,2018-05-19,741
C001187,Retail,39,287786,Salaried,Female,B018,2015-07-03,647
C001188,Mass Affluent,45,1282241,Salaried,Male,B008,2020-04-27,629
C001189,Mass Affluent,38,197534,Salaried,Male,B002,2021-02-20,736
C001190,Retail,28,807823,Self-Employed,Male,B012,2015-02-09,696
C001191,Retail,41,537231,Salaried,Male,B001,2016-12-03,755
C001192,Affluent,18,267151,Business,Male,B018,2021-11-05,661
C001193,Retail,35,705339,Salaried,Female,B010,2018-08-31,772
C001194,Affluent,48,534986,Business,Female,B008,2023-04-28,644
C001195,Retail,49,1013777,Self-Employed,Female,B004,2020-10-09,721
C001196,Retail,18,208385,Self-Employed,Female,B018,2019-09-12,754
C001197,Retail,37,335665,Self-Employed,Male,B003,2021-12-01,649
C001198,Retail,46,340063,Retired,Female,B003,2020-09-14,614
C001199,SME,26,922419,Retired,Female,B012,2018-06-05,654
C001200,Retail,35,514126,Self-Employed,Female,B019,2016-06-26,700
C001201,Affluent,52,1292648,Self-Employed,Male,B017,2018-02-20,689
C001202,Mass Affluent,34,462994,Self-Employed,Female,B017,2021-04-29,801
C001203,Affluent,57,692531,Salaried,Female,B004,2020-12-10,651
C001204,Retail,31,1574489,Salaried,Female,B007,2021-03-15,785
C001205,Affluent,55,189526,Salaried,Male,B007,2018-10-01,777
C001206,Affluent,39,611417,Self-Employed,Female,B007,2015-10-03,699
C001207,Retail,29,587812,Salaried,Male,B008,2023-09-05,589
C001208,Retail,55,359542,Salaried,Male,B019,2017-07-17,653
C001209,Affluent,26,539379,Salaried,Male,B009,2017-07-01,767
C001210,SME,30,734982,Salaried,Female,B009,2019-02-17,698
C001211,Retail,44,369397,Business,Female,B014,2020-08-15,790
C001212,Mass Affluent,40,622003,Salaried,Female,B018,2020-12-10,706
C001213,SME,42,309235,Business,Male,B009,2018-01-14,632
C001214,Affluent,35,525383,Self-Employed,Female,B005,2019-11-01,721
C001215,SME,26,1097276,Salaried,Male,B008,2023-08-19,845
C001216,Affluent,32,1131161,Business,Other,B004,2023-02-11,668
C001217,Retail,54,1285919,Salaried,Female,B020,2015-12-28,817
C001218,Retail,24,561641,Salaried,Male,B014,2022-07-13,893
C001219,Retail,57,485199,Salaried,Male,B017,2015-02-10,656
C001220,Mass Affluent,42,969327,Business,Male,B016,2019-10-20,600
C001221,Mass Affluent,32,1281006,Business,Female,B009,2018-10-03,644
C001222,Retail,18,633440,Business,Female,B005,2015-04-24,645
C001223,Affluent,18,1603328,Business,Male,B005,2020-03-15,671
C001224,Mass Affluent,35,952233,Salaried,Male,B006,2021-02-25,724
C001225,Mass Affluent,34,413961,Salaried,Female,B006,2018-03-04,578
C001226,Retail,40,447846,Business,Male,B008,2021-02-24,705
C001227,Mass Affluent,58,584419,Business,Female,B016,2015-06-06,751
C001228,Retail,45,216185,Salaried,Female,B014,2018-09-08,718
C001229,Retail,38,418716,Business,Male,B001,2020-04-19,764
C001230,Retail,52,1259486,Salaried,Female,B016,2019-03-15,749
C001231,Retail,41,1438371,Self-Employed,Female,B015,2017-04-29,821
C001232,Retail,57,722596,Salaried,Female,B005,2015-02-13,657
C001233,Mass Affluent,32,806149,Self-Employed,Male,B009,2019-10-07,884
C001234,Retail,26,490528,Self-Employed,Male,B003,2021-06-28,658
C001235,Affluent,18,395770,Business,Female,B007,2015-08-10,645
C001236,Retail,38,869248,Salaried,Male,B007,2021-04-25,707
C001237,SME,25,450814,Business,Female,B016,2016-08-24,727
C001238,SME,25,1800190,Self-Employed,Male,B003,2016-09-06,735
C001239,Retail,50,782516,Self-Employed,Male,B015,2017-09-20,807
C001240,Retail,20,801397,Salaried,Male,B007,2022-07-27,864
C001241,Retail,40,301341,Business,Male,B003,2022-11-30,738
C001242,Mass Affluent,38,180000,Salaried,Male,B016,2022-12-26,844
C001243,Mass Affluent,40,801322,Salaried,Male,B006,2018-07-10,797
C001244,Retail,54,434390,Self-Employed,Female,B008,2015-01-27,579
C001245,Mass Affluent,30,1137412,Salaried,Male,B016,2017-10-27,761
C001246,Retail,54,331506,Salaried,Male,B006,2018-07-11,564
C001247,Retail,20,424810,Salaried,Male,B016,2021-07-31,794
C001248,Mass Affluent,46,1242123,Salaried,Female,B002,2022-02-14,759
C001249,Retail,55,796993,Salaried,Female,B001,2018-05-29,786
C001250,Mass Affluent,18,312958,Salaried,Female,B019,2018-03-23,620
C001251,Retail,39,613410,Business,Male,B014,2022-03-05,759
C001252,SME,38,2068035,Salaried,Female,B019,2015-10-03,738
C001253,Retail,40,658714,Salaried,Female,B004,2015-08-09,675
C001254,Retail,58,544955,Business,Male,B002,2019-06-03,739
C001255,Mass Affluent,31,1073663,Salaried,Male,B002,2023-08-25,660
C001256,Retail,26,754389,Self-Employed,Male,B012,2015-02-20,678
C001257,SME,40,1533507,Salaried,Female,B011,2017-04-21,785
C001258,Mass Affluent,51,980187,Self-Employed,Male,B018,2015-08-28,709
C001259,Mass Affluent,45,1081585,Self-Employed,Male,B019,2015-05-08,737
C001260,Affluent,39,1582768,Salaried,Male,B017,2022-10-16,722
C001261,SME,36,494005,Self-Employed,Female,B004,2021-03-26,745
C001262,SME,18,406561,Self-Employed,Male,B012,2018-10-02,723
C001263,Mass Affluent,45,250186,Salaried,Female,B003,2021-02-20,569
C001264,Mass Affluent,47,523155,Self-Employed,Male,B016,2015-04-11,657
C001265,Retail,31,256296,Salaried,Female,B004,2023-06-03,676
C001266,Retail,34,760895,Self-Employed,Male,B006,2022-10-15,586
C001267,Mass Affluent,27,402688,Self-Employed,Female,B001,2016-12-12,723
C001268,Retail,49,1121528,Salaried,Female,B005,2015-06-11,659
C001269,Retail,35,995326,Self-Employed,Male,B010,2016-01-28,649
C001270,Retail,37,465769,Business,Male,B014,2018-04-24,579
C001271,Retail,46,1131749,Salaried,Female,B005,2018-01-09,687
C001272,Affluent,43,661118,Business,Male,B010,2019-09-16,734
C001273,SME,45,189731,Salaried,Female,B009,2017-01-18,722
C001274,Retail,41,315551,Business,Male,B013,2019-10-16,759
C001275,Mass Affluent,41,374737,Salaried,Male,B017,2020-10-29,686
C001276,Affluent,41,604008,Salaried,Male,B019,2023-01-02,783
C001277,Retail,44,453975,Salaried,Male,B020,2019-09-21,763
C001278,Affluent,45,425426,Business,Female,B001,2015-07-20,700
C001279,Retail,26,875294,Salaried,Female,B009,2016-12-03,697
C001280,Retail,32,1000670,Self-Employed,Female,B018,2016-11-12,852
C001281,SME,37,401365,Business,Female,B005,2017-06-01,683
C001282,Retail,44,345365,Salaried,Male,B014,2021-03-19,839
C001283,Mass Affluent,57,1364660,Salaried,Female,B019,2020-08-26,768
C001284,Affluent,30,3529393,Self-Employed,Male,B015,2015-08-26,656
C001285,Retail,49,325282,Salaried,Male,B004,2022-08-28,716
C001286,Mass Affluent,33,1070810,Salaried,Male,B004,2021-07-21,682
C001287,SME,54,548158,Self-Employed,Female,B018,2018-06-22,663
C001288,Retail,60,931057,Salaried,Female,B018,2021-11-02,714
C001289,Affluent,20,322955,Salaried,Female,B008,2018-08-20,664
C001290,Mass Affluent,35,265946,Salaried,Female,B002,2018-02-10,659
C001291,Mass Affluent,18,289208,Salaried,Male,B016,2021-09-30,722
C001292,Mass Affluent,20,415815,Salaried,Male,B014,2020-01-04,789
C001293,Retail,21,515104,Salaried,Male,B001,2015-09-14,691
C001294,SME,46,1109054,Salaried,Male,B017,2020-10-03,731
C001295,SME,44,349037,Business,Male,B010,2021-10-22,730
C001296,Mass Affluent,48,396367,Business,Female,B016,2018-03-07,655
C001297,Affluent,46,2319871,Business,Male,B003,2018-10-27,812
C001298,Mass Affluent,44,621182,Self-Employed,Male,B019,2019-06-19,691
C001299,Retail,40,722261,Salaried,Male,B011,2023-10-02,669
C001300,Mass Affluent,38,973968,Self-Employed,Male,B015,2015-01-24,806
C001301,Mass Affluent,50,426851,Retired,Female,B018,2022-10-14,742
C001302,Mass Affluent,39,592888,Business,Female,B020,2015-04-02,782
C001303,Affluent,45,486547,Self-Employed,Female,B019,2016-05-10,651
C001304,Retail,18,568473,Salaried,Male,B007,2022-02-23,851
C001305,Retail,26,1037986,Self-Employed,Female,B006,2023-01-20,630
C001306,Retail,50,930259,Salaried,Female,B009,2022-07-22,775
C001307,Retail,32,180000,Business,Male,B013,2023-11-03,765
C001308,Mass Affluent,24,1147741,Salaried,Female,B008,2020-11-10,708
C001309,Mass Affluent,46,479243,Salaried,Female,B018,2016-01-14,779
C001310,Mass Affluent,39,775534,Salaried,Male,B003,2022-07-29,617
C001311,Retail,35,460362,Salaried,Female,B001,2021-12-01,717
C001312,Mass Affluent,56,580132,Salaried,Male,B018,2017-10-25,779
C001313,Retail,54,1410738,Salaried,Male,B004,2016-03-08,795
C001314,Retail,37,746487,Salaried,Male,B018,2018-01-20,779
C001315,Mass Affluent,47,1364633,Salaried,Male,B016,2015-11-07,567
C001316,Affluent,18,580448,Retired,Female,B018,2020-09-24,776
C001317,Retail,51,542528,Salaried,Male,B003,2023-10-20,737
C001318,Retail,27,604768,Salaried,Male,B014,2017-01-31,814
C001319,Retail,23,262899,Salaried,Female,B010,2019-01-19,716
C001320,Retail,19,180000,Salaried,Female,B005,2021-03-21,587
C001321,Mass Affluent,19,361207,Business,Male,B008,2021-01-23,717
C001322,Retail,51,1169851,Salaried,Male,B018,2017-09-25,615
C001323,Mass Affluent,46,1510625,Salaried,Male,B005,2016-02-10,733
C001324,Retail,31,180000,Salaried,Female,B012,2021-06-23,647
C001325,Retail,48,1384743,Salaried,Male,B004,2018-05-05,814
C001326,Retail,32,408266,Self-Employed,Male,B012,2020-02-09,727
C001327,Retail,43,237405,Salaried,Male,B013,2022-06-11,576
C001328,Retail,34,1194433,Self-Employed,Male,B014,2017-07-21,815
C001329,Retail,38,431985,Self-Employed,Male,B014,2016-10-24,884
C001330,Affluent,29,3284690,Business,Female,B019,2019-10-26,667
C001331,Retail,31,387347,Salaried,Female,B010,2019-10-18,629
C001332,SME,45,501347,Self-Employed,Female,B009,2020-04-07,634
C001333,Retail,47,318050,Salaried,Male,B018,2017-10-09,569
C001334,Affluent,34,661404,Salaried,Male,B017,2017-11-27,753
C001335,Mass Affluent,22,1007293,Salaried,Male,B005,2017-10-31,671
C001336,Mass Affluent,66,194854,Salaried,Male,B002,2018-12-04,666
C001337,Affluent,39,918920,Self-Employed,Female,B010,2019-03-06,696
C001338,Mass Affluent,42,460033,Business,Other,B001,2016-07-04,812
C001339,Mass Affluent,25,342866,Salaried,Female,B008,2020-10-04,695
C001340,Mass Affluent,52,241322,Salaried,Male,B008,2022-12-26,683
C001341,Mass Affluent,54,1133465,Retired,Female,B006,2020-05-06,647
C001342,Retail,20,722904,Salaried,Female,B005,2015-04-22,751
C001343,Retail,38,410994,Salaried,Female,B018,2015-05-28,649
C001344,Mass Affluent,37,995831,Salaried,Male,B007,2021-12-20,684
C001345,Mass Affluent,65,846675,Self-Employed,Male,B004,2018-08-24,794
C001346,Affluent,55,1054720,Salaried,Male,B001,2022-02-06,621
C001347,Mass Affluent,23,1742923,Salaried,Female,B002,2018-08-17,596
C001348,SME,31,691122,Self-Employed,Female,B019,2022-04-13,677
C001349,Retail,29,2106902,Salaried,Female,B003,2022-09-20,710
C001350,Retail,43,1517556,Self-Employed,Female,B001,2017-02-19,746
C001351,Retail,56,998413,Retired,Male,B013,2015-02-28,710
C001352,Retail,40,199863,Salaried,Male,B008,2021-06-28,722
C001353,Affluent,45,644384,Business,Male,B012,2018-12-31,832
C001354,Retail,32,704185,Business,Male,B008,2021-12-27,752
C001355,Affluent,44,690248,Salaried,Male,B007,2018-11-25,692
C001356,Retail,34,558668,Business,Male,B008,2016-03-30,714
C001357,Mass Affluent,21,913115,Self-Employed,Male,B015,2016-01-13,702
C001358,Mass Affluent,44,995635,Business,Male,B007,2016-07-10,774
C001359,Retail,39,202354,Self-Employed,Male,B012,2021-06-08,815
C001360,Mass Affluent,27,1447475,Salaried,Male,B018,2018-05-14,710
C001361,Retail,57,229806,Self-Employed,Female,B004,2020-03-02,631
C001362,Retail,31,460860,Salaried,Female,B006,2022-04-25,802
C001363,Retail,46,336973,Salaried,Female,B011,2017-01-22,657
C001364,Retail,35,375322,Self-Employed,Female,B010,2018-12-04,726
C001365,Retail,56,1215823,Business,Female,B019,2023-02-22,533
C001366,Mass Affluent,36,649357,Self-Employed,Female,B018,2017-05-29,671
C001367,Mass Affluent,21,935068,Business,Female,B012,2023-10-01,771
C001368,Mass Affluent,48,904824,Salaried,Male,B017,2019-01-27,764
C001369,Retail,56,180000,Self-Employed,Female,B020,2015-11-12,648
C001370,Mass Affluent,34,417547,Business,Male,B002,2019-03-17,745
C001371,Retail,46,976038,Salaried,Male,B019,2023-11-20,546
C001372,Retail,40,919541,Salaried,Female,B012,2018-05-26,640
C001373,Affluent,35,191539,Business,Female,B011,2022-07-04,656
C001374,Retail,48,1171977,Salaried,Male,B015,2019-09-19,786
C001375,Mass Affluent,30,895485,Salaried,Female,B011,2016-08-28,697
C001376,Mass Affluent,39,320895,Business,Male,B011,2015-02-10,750
C001377,Retail,42,782535,Retired,Female,B010,2023-07-20,768
C001378,Retail,41,516981,Business,Female,B019,2015-12-10,718
C001379,Retail,30,826093,Business,Male,B003,2023-02-01,809
C001380,Affluent,62,186192,Salaried,Female,B004,2016-11-08,659
C001381,Retail,53,477105,Salaried,Male,B003,2017-07-19,733
C001382,Retail,50,1292580,Retired,Male,B015,2023-04-25,573
C001383,Retail,55,851638,Self-Employed,Female,B006,2016-10-20,764
C001384,Mass Affluent,40,1003748,Self-Employed,Female,B009,2022-06-18,759
C001385,Retail,35,515495,Salaried,Male,B008,2018-12-31,690
C001386,Retail,27,865887,Business,Male,B002,2021-08-20,677
C001387,Mass Affluent,31,539651,Salaried,Female,B019,2021-03-31,794
C001388,SME,28,328910,Salaried,Female,B015,2022-02-22,680
C001389,Retail,33,509296,Salaried,Male,B008,2018-09-19,787
C001390,Retail,42,1543883,Self-Employed,Male,B019,2017-05-09,683
C001391,Retail,49,1252552,Self-Employed,Male,B005,2022-06-14,751
C001392,Mass Affluent,49,314819,Salaried,Female,B012,2017-06-18,629
C001393,Retail,26,457446,Salaried,Other,B012,2023-07-30,679
C001394,Mass Affluent,47,329039,Business,Male,B009,2020-03-17,727
C001395,Affluent,52,674263,Retired,Female,B018,2020-02-24,856
C001396,Mass Affluent,36,1147289,Salaried,Female,B010,2019-11-18,804
C001397,Retail,52,2247549,Business,Female,B005,2021-04-13,695
C001398,Affluent,49,237243,Retired,Female,B015,2023-04-02,811
C001399,Mass Affluent,25,1048227,Salaried,Male,B020,2017-01-01,705
C001400,Mass Affluent,63,597010,Salaried,Male,B019,2021-08-02,770
C001401,Retail,31,472619,Retired,Female,B010,2016-01-28,705
C001402,SME,50,326683,Salaried,Male,B017,2016-11-22,665
C001403,Retail,49,1908054,Salaried,Female,B006,2021-07-13,684
C001404,Retail,26,208131,Business,Female,B009,2023-02-22,591
C001405,Retail,41,436413,Self-Employed,Male,B017,2022-12-11,684
C001406,Mass Affluent,49,761791,Self-Employed,Male,B018,2017-12-27,636
C001407,Retail,25,805584,Self-Employed,Male,B014,2023-11-07,742
C001408,Retail,40,1349309,Self-Employed,Female,B006,2016-09-03,776
C001409,Retail,50,338488,Salaried,Male,B011,2017-10-10,689
C001410,Retail,51,900348,Salaried,Female,B019,2022-11-14,624
C001411,Mass Affluent,35,575951,Salaried,Male,B016,2018-12-13,791
C001412,Mass Affluent,56,615891,Business,Female,B002,2016-08-13,693
C001413,Retail,53,445058,Business,Female,B007,2021-02-14,800
C001414,Retail,42,666568,Salaried,Female,B006,2023-09-04,740
C001415,Mass Affluent,32,546962,Salaried,Female,B015,2023-04-24,851
C001416,Retail,26,475974,Business,Male,B013,2022-12-23,706
C001417,Retail,43,426472,Salaried,Male,B007,2015-06-15,576
C001418,SME,55,764370,Salaried,Male,B020,2019-05-09,730
C001419,Mass Affluent,37,252611,Business,Male,B003,2015-06-08,652
C001420,Retail,30,529484,Self-Employed,Male,B015,2017-12-08,651
C001421,Mass Affluent,48,364277,Salaried,Female,B020,2022-06-02,810
C001422,Retail,41,553930,Business,Female,B003,2015-08-12,739
C001423,Mass Affluent,45,558524,Retired,Female,B015,2021-02-18,670
C001424,Retail,33,1054038,Salaried,Female,B003,2017-12-07,722
C001425,Retail,35,920843,Business,Male,B015,2022-04-05,722
C001426,Retail,33,725308,Self-Employed,Male,B001,2015-04-15,588
C001427,SME,44,671292,Salaried,Female,B020,2017-08-19,780
C001428,Mass Affluent,35,529996,Business,Male,B011,2015-10-08,772
C001429,Retail,46,523666,Salaried,Female,B004,2015-01-21,694
C001430,Retail,32,192639,Salaried,Male,B019,2019-12-23,736
C001431,Mass Affluent,44,966679,Salaried,Female,B010,2020-03-10,634
C001432,Retail,47,713492,Self-Employed,Female,B004,2022-05-12,854
C001433,Retail,43,1309202,Salaried,Female,B016,2018-12-10,785
C001434,SME,49,418411,Business,Male,B001,2015-06-23,683
C001435,Retail,34,1361265,Self-Employed,Male,B013,2017-01-22,643
C001436,Mass Affluent,47,529665,Salaried,Male,B019,2015-09-18,686
C001437,SME,42,413383,Self-Employed,Female,B014,2015-06-17,666
C001438,Retail,30,1638389,Salaried,Male,B013,2023-10-22,749
C001439,Retail,18,760108,Salaried,Female,B004,2016-07-18,686
C001440,Retail,20,1777715,Salaried,Male,B010,2015-08-09,595
C001441,Affluent,18,670315,Self-Employed,Male,B008,2022-04-21,689
C001442,Affluent,44,1014098,Salaried,Male,B009,2018-09-24,669
C001443,Affluent,35,1170970,Business,Male,B014,2017-05-21,777
C001444,Retail,40,499715,Salaried,Other,B008,2017-03-07,861
C001445,Affluent,37,751351,Salaried,Female,B001,2023-01-09,713
C001446,SME,45,663263,Salaried,Male,B011,2022-05-19,727
C001447,Mass Affluent,46,1030645,Self-Employed,Female,B016,2018-02-04,664
C001448,SME,39,300200,Salaried,Female,B001,2016-07-08,767
C001449,Affluent,40,886841,Salaried,Female,B019,2020-12-30,704
C001450,Mass Affluent,41,1091417,Salaried,Male,B020,2023-11-08,723
C001451,Mass Affluent,54,384930,Self-Employed,Female,B018,2019-06-14,778
C001452,Retail,18,338319,Salaried,Female,B007,2023-04-25,763
C001453,Retail,32,204190,Salaried,Female,B009,2021-07-28,700
C001454,Mass Affluent,49,2316780,Salaried,Male,B006,2015-08-16,775
C001455,Retail,51,372910,Business,Male,B020,2022-05-30,839
C001456,Affluent,44,1508090,Retired,Male,B006,2018-01-24,742
C001457,SME,37,524131,Self-Employed,Female,B001,2016-05-12,757
C001458,Affluent,59,1225084,Salaried,Female,B006,2017-10-21,762
C001459,Retail,41,875277,Salaried,Male,B016,2021-02-04,647
C001460,Retail,39,2352717,Salaried,Male,B004,2021-01-17,754
C001461,Retail,54,1535654,Salaried,Female,B003,2019-04-11,710
C001462,Mass Affluent,44,689140,Salaried,Male,B009,2020-05-15,808
C001463,Affluent,49,733863,Salaried,Female,B008,2015-11-06,730
C001464,SME,51,932956,Salaried,Female,B007,2020-09-23,685
C001465,Retail,35,3428156,Salaried,Female,B012,2019-08-18,698
C001466,SME,58,627006,Salaried,Female,B001,2022-11-06,841
C001467,Affluent,18,258964,Salaried,Female,B012,2023-06-27,900
C001468,Retail,18,703447,Salaried,Female,B016,2015-07-31,748
C001469,Affluent,32,395637,Salaried,Female,B014,2019-03-24,671
C001470,Retail,34,688324,Salaried,Female,B011,2020-02-25,624
C001471,Retail,43,1267978,Salaried,Female,B020,2023-02-22,686
C001472,Mass Affluent,31,832624,Salaried,Female,B019,2023-06-04,724
C001473,Retail,39,408033,Salaried,Male,B019,2019-03-27,684
C001474,Mass Affluent,37,525867,Salaried,Female,B013,2021-07-16,635
C001475,Mass Affluent,61,300029,Salaried,Male,B012,2015-07-19,746
C001476,Mass Affluent,30,1374838,Business,Male,B010,2022-06-06,696
C001477,Retail,20,1022830,Retired,Male,B015,2019-07-16,702
C001478,Mass Affluent,51,295748,Business,Male,B013,2023-12-04,745
C001479,Mass Affluent,31,3088970,Salaried,Female,B013,2015-10-29,698
C001480,Mass Affluent,38,521081,Salaried,Female,B015,2015-05-20,900
C001481,Retail,32,727070,Salaried,Male,B017,2017-01-16,760
C001482,Retail,47,481805,Retired,Female,B011,2015-01-13,620
C001483,Mass Affluent,24,788387,Business,Other,B010,2016-01-07,774
C001484,Retail,18,637826,Business,Female,B004,2018-12-20,764
C001485,Mass Affluent,53,241889,Salaried,Male,B017,2017-10-09,746
C001486,Affluent,42,1286539,Salaried,Female,B014,2020-11-19,820
C001487,Mass Affluent,51,350247,Salaried,Male,B002,2018-11-17,751
C001488,Mass Affluent,53,1089040,Business,Male,B007,2019-07-26,653
C001489,SME,29,516058,Salaried,Female,B016,2017-05-23,655
C001490,Affluent,40,625212,Self-Employed,Female,B017,2019-03-04,695
C001491,SME,45,820819,Salaried,Female,B004,2023-12-29,782
C001492,Affluent,38,655996,Business,Female,B003,2022-11-26,662
C001493,Retail,36,973029,Salaried,Female,B005,2017-12-14,641
C001494,Retail,37,378645,Business,Male,B006,2020-11-13,900
C001495,Mass Affluent,51,1177213,Salaried,Other,B006,2018-08-29,721
C001496,Retail,36,307072,Self-Employed,Male,B006,2023-12-01,676
C001497,Retail,46,331487,Salaried,Male,B019,2021-10-06,526
C001498,Retail,43,874183,Business,Male,B011,2016-10-29,657
C001499,Mass Affluent,28,1186941,Business,Male,B019,2016-10-27,664
C001500,Mass Affluent,42,721559,Salaried,Male,B014,2016-05-19,718
C001501,Mass Affluent,22,1582654,Self-Employed,Male,B015,2019-06-25,707
C001502,Mass Affluent,43,349009,Salaried,Female,B005,2015-12-20,749
C001503,Affluent,49,281317,Salaried,Female,B012,2023-08-11,631
C001504,Retail,51,1034622,Salaried,Female,B013,2020-08-31,816
C001505,Affluent,29,649645,Self-Employed,Female,B018,2023-12-17,804
C001506,Retail,33,1013262,Self-Employed,Female,B003,2015-06-22,656
C001507,SME,42,307572,Self-Employed,Female,B012,2022-05-26,849
C001508,Mass Affluent,34,449815,Business,Male,B005,2021-11-01,630
C001509,Retail,18,1862622,Business,Male,B013,2018-10-07,654
C001510,Retail,33,526510,Salaried,Other,B013,2019-02-27,656
C001511,Retail,42,1516495,Salaried,Female,B006,2018-03-15,676
C001512,Retail,51,994109,Business,Male,B016,2018-07-14,653
C001513,Retail,58,498388,Salaried,Male,B003,2017-09-21,688
C001514,Mass Affluent,40,1502029,Salaried,Other,B007,2016-01-23,771
C001515,Mass Affluent,45,741786,Business,Other,B010,2015-02-03,699
C001516,Mass Affluent,50,605300,Business,Male,B004,2015-10-31,900
C001517,SME,18,569647,Business,Female,B012,2015-03-24,819
C001518,Mass Affluent,28,798048,Salaried,Female,B006,2019-05-03,810
C001519,Mass Affluent,40,288164,Salaried,Male,B018,2016-04-28,654
C001520,Retail,56,1076305,Salaried,Male,B007,2018-11-30,696
C001521,Mass Affluent,46,799390,Salaried,Female,B002,2016-01-02,687
C001522,Retail,43,413917,Salaried,Female,B008,2021-06-25,644
C001523,SME,36,263071,Salaried,Male,B018,2023-12-20,864
C001524,Affluent,44,509787,Salaried,Male,B013,2020-09-27,796
C001525,Mass Affluent,32,705946,Self-Employed,Male,B003,2022-05-01,707
C001526,Retail,30,664020,Business,Male,B013,2019-09-15,749
C001527,Affluent,31,661366,Salaried,Male,B007,2019-06-16,727
C001528,Affluent,54,929736,Salaried,Female,B001,2021-05-07,651
C001529,Retail,30,284003,Salaried,Male,B018,2016-04-23,775
C001530,Retail,35,575024,Salaried,Female,B016,2019-07-21,727
C001531,Affluent,44,728164,Salaried,Male,B011,2021-07-21,683
C001532,Retail,29,809475,Business,Female,B017,2020-04-06,639
C001533,SME,41,1076180,Salaried,Female,B005,2022-08-22,762
C001534,Retail,41,525661,Salaried,Male,B006,2020-04-10,715
C001535,Retail,32,621153,Salaried,Male,B014,2022-12-04,660
C001536,Affluent,36,370527,Salaried,Female,B014,2015-07-31,804
C001537,Retail,29,772235,Salaried,Female,B019,2017-07-01,730
C001538,Mass Affluent,54,340746,Business,Male,B005,2023-01-18,597
C001539,Retail,42,871181,Business,Male,B018,2020-10-28,823
C001540,Retail,27,1292937,Business,Other,B011,2015-04-22,615
C001541,Mass Affluent,40,813475,Salaried,Female,B012,2015-10-05,684
C001542,Mass Affluent,41,1381705,Business,Female,B019,2021-09-12,723
C001543,Mass Affluent,18,446825,Salaried,Female,B017,2022-01-03,638
C001544,Affluent,54,275274,Business,Male,B017,2019-05-13,709
C001545,Mass Affluent,28,540111,Salaried,Male,B002,2022-09-12,830
C001546,Retail,62,402543,Business,Male,B006,2020-01-26,817
C001547,Retail,48,435371,Salaried,Male,B019,2021-07-07,777
C001548,SME,27,180000,Business,Female,B006,2015-06-16,790
C001549,Affluent,36,672556,Self-Employed,Male,B001,2017-06-17,799
C001550,Mass Affluent,49,608447,Salaried,Male,B014,2021-10-27,786
C001551,Retail,36,1037871,Salaried,Female,B002,2018-12-02,734
C001552,Retail,52,859579,Salaried,Male,B012,2019-01-02,696
C001553,Mass Affluent,35,535369,Salaried,Female,B017,2016-05-28,668
C001554,Affluent,38,1086029,Salaried,Male,B004,2016-02-11,680
C001555,Mass Affluent,49,1067685,Salaried,Male,B004,2023-07-28,580
C001556,Affluent,46,437198,Salaried,Male,B007,2022-03-01,771
C001557,Affluent,29,681570,Salaried,Male,B013,2017-09-09,748
C001558,Retail,44,1601590,Salaried,Male,B017,2016-12-12,729
C001559,Retail,41,741872,Salaried,Male,B014,2019-07-02,695
C001560,Retail,29,351608,Salaried,Male,B017,2018-03-09,748
C001561,Retail,24,289257,Salaried,Male,B016,2015-07-20,729
C001562,Affluent,18,230574,Business,Male,B016,2021-04-03,709
C001563,Retail,36,180000,Business,Female,B006,2021-12-01,775
C001564,Mass Affluent,38,438026,Business,Female,B002,2019-03-17,716
C001565,Retail,45,535641,Salaried,Male,B017,2020-03-05,761
C001566,Retail,48,318084,Self-Employed,Male,B002,2019-05-09,785
C001567,Retail,34,384590,Self-Employed,Male,B018,2022-09-08,644
C001568,Retail,38,322721,Salaried,Female,B020,2022-10-29,758
C001569,Mass Affluent,31,214858,Business,Female,B012,2017-08-15,540
C001570,Retail,40,537276,Retired,Male,B004,2016-06-02,775
C001571,Mass Affluent,50,926653,Self-Employed,Female,B009,2021-09-25,787
C001572,Retail,40,430715,Salaried,Female,B011,2017-01-21,777
C001573,Retail,52,1255634,Self-Employed,Male,B017,2019-12-03,791
C001574,Retail,49,662795,Salaried,Male,B013,2022-10-06,804
C001575,Mass Affluent,55,1072112,Salaried,Male,B019,2023-03-05,714
C001576,Mass Affluent,40,612489,Self-Employed,Female,B008,2016-12-02,765
C001577,Retail,33,928154,Salaried,Male,B005,2022-12-01,785
C001578,Retail,46,239805,Salaried,Male,B010,2023-11-02,673
C001579,Mass Affluent,35,1037458,Salaried,Female,B015,2015-01-12,624
C001580,Retail,45,602541,Self-Employed,Female,B019,2022-12-05,756
C001581,Retail,32,1224859,Retired,Female,B009,2015-06-21,773
C001582,Affluent,30,509265,Salaried,Female,B016,2015-11-07,799
C001583,Mass Affluent,52,1861304,Salaried,Female,B016,2018-01-23,721
C001584,Retail,28,848815,Salaried,Male,B008,2021-04-11,729
C001585,SME,50,333122,Self-Employed,Female,B003,2020-06-27,727
C001586,Affluent,45,1249140,Business,Female,B003,2015-12-04,682
C001587,Retail,40,301668,Salaried,Male,B010,2019-12-03,776
C001588,Mass Affluent,18,290899,Salaried,Male,B012,2015-03-05,764
C001589,Mass Affluent,55,1386625,Salaried,Male,B015,2016-12-21,713
C001590,Retail,29,746185,Business,Female,B015,2022-08-06,724
C001591,Retail,49,628908,Salaried,Female,B019,2019-04-20,709
C001592,Retail,31,432406,Self-Employed,Female,B014,2021-11-18,856
C001593,Mass Affluent,31,1030227,Salaried,Other,B011,2020-08-20,762
C001594,Retail,46,502851,Self-Employed,Male,B006,2017-03-01,623
C001595,Affluent,45,684025,Salaried,Male,B012,2018-08-29,720
C001596,Mass Affluent,26,288364,Salaried,Male,B018,2018-01-09,695
C001597,Retail,55,577925,Salaried,Female,B002,2023-04-20,725
C001598,Mass Affluent,37,672393,Salaried,Female,B016,2021-08-14,683
C001599,Retail,40,849148,Salaried,Male,B004,2018-04-03,787
C001600,Mass Affluent,36,747315,Self-Employed,Male,B004,2023-08-01,713
C001601,Mass Affluent,27,483053,Salaried,Female,B017,2015-03-21,726
C001602,Retail,47,721982,Self-Employed,Female,B020,2017-11-18,739
C001603,Retail,42,1135005,Salaried,Male,B010,2023-05-26,727
C001604,Retail,30,228667,Self-Employed,Female,B018,2019-08-19,625
C001605,Retail,49,538814,Salaried,Male,B019,2019-06-30,657
C001606,Retail,40,687182,Business,Male,B011,2017-09-10,661
C001607,Retail,40,329461,Salaried,Male,B014,2021-05-10,739
C001608,SME,59,1098000,Salaried,Female,B004,2023-03-11,679
C001609,Retail,21,885901,Self-Employed,Female,B016,2021-04-07,669
C001610,Retail,21,1147922,Salaried,Female,B003,2018-06-06,703
C001611,Mass Affluent,24,2442386,Salaried,Female,B011,2016-10-26,758
C001612,Retail,43,743612,Business,Male,B005,2021-07-31,704
C001613,SME,35,499131,Self-Employed,Female,B002,2019-02-27,725
C001614,Mass Affluent,36,1104341,Business,Female,B012,2021-06-09,707
C001615,Affluent,29,409425,Self-Employed,Male,B013,2021-07-18,899
C001616,Retail,57,811276,Salaried,Male,B002,2021-02-03,722
C001617,Retail,61,1177169,Business,Female,B005,2023-06-18,691
C001618,Retail,49,1030556,Business,Male,B019,2020-06-16,550
C001619,Affluent,22,1497727,Salaried,Male,B005,2018-09-16,713
C001620,Retail,34,502372,Salaried,Female,B003,2017-11-30,833
C001621,Retail,48,951287,Self-Employed,Female,B019,2015-09-18,620
C001622,SME,38,637309,Salaried,Other,B019,2018-07-09,665
C001623,Retail,49,707357,Salaried,Female,B011,2016-01-22,873
C001624,Retail,53,707379,Retired,Female,B012,2015-10-28,620
C001625,Retail,60,851689,Salaried,Male,B019,2018-06-07,776
C001626,SME,32,587105,Salaried,Female,B020,2022-03-19,703
C001627,Retail,40,238327,Self-Employed,Male,B010,2019-09-21,638
C001628,Mass Affluent,34,663262,Salaried,Female,B017,2018-02-09,760
C001629,Affluent,18,759055,Business,Female,B012,2021-08-07,561
C001630,Retail,47,583892,Salaried,Male,B003,2022-08-25,781
C001631,Mass Affluent,45,796314,Salaried,Female,B008,2021-02-01,667
C001632,Retail,33,553725,Salaried,Male,B008,2016-02-12,635
C001633,Retail,21,503049,Self-Employed,Female,B013,2022-02-20,813
C001634,Affluent,35,1481983,Self-Employed,Male,B013,2016-02-14,705
C001635,Affluent,47,2601922,Business,Female,B010,2015-06-26,781
C001636,Mass Affluent,54,1062815,Salaried,Male,B015,2019-10-18,837
C001637,Mass Affluent,31,413006,Business,Male,B016,2022-08-23,652
C001638,Retail,51,694492,Self-Employed,Female,B013,2017-06-18,547
C001639,Retail,46,661468,Business,Female,B011,2015-02-18,759
C001640,Retail,44,927876,Salaried,Female,B012,2020-06-16,702
C001641,Retail,25,678057,Salaried,Female,B014,2022-10-30,754
C001642,Retail,25,894898,Salaried,Female,B020,2015-10-09,840
C001643,Retail,30,1918657,Salaried,Female,B003,2016-04-13,587
C001644,Retail,35,181048,Self-Employed,Female,B015,2018-05-19,679
C001645,Retail,59,431753,Business,Male,B011,2023-10-04,739
C001646,Mass Affluent,32,1119402,Self-Employed,Female,B003,2017-10-18,726
C001647,Affluent,47,583003,Salaried,Other,B018,2015-10-23,689
C001648,Retail,34,882034,Salaried,Female,B008,2022-04-15,807
C001649,SME,44,530362,Salaried,Male,B008,2017-11-08,523
C001650,Affluent,38,1654145,Retired,Female,B013,2022-08-01,608
C001651,Retail,41,1276348,Salaried,Female,B006,2016-10-15,767
C001652,Affluent,43,728568,Salaried,Male,B010,2022-12-07,687
C001653,Mass Affluent,36,1781426,Salaried,Female,B015,2018-03-16,778
C001654,Mass Affluent,43,733782,Salaried,Male,B005,2018-01-17,834
C001655,Retail,53,626396,Salaried,Male,B001,2017-04-26,613
C001656,Mass Affluent,31,1560150,Salaried,Male,B008,2015-08-28,693
C001657,Retail,52,241639,Business,Male,B002,2020-03-19,631
C001658,Mass Affluent,36,669165,Business,Female,B001,2017-06-17,767
C001659,Mass Affluent,35,754823,Business,Female,B016,2022-12-12,654
C001660,Mass Affluent,47,519168,Business,Male,B005,2019-11-08,824
C001661,Mass Affluent,35,369572,Salaried,Female,B019,2022-05-23,674
C001662,Mass Affluent,43,572603,Salaried,Male,B011,2018-01-24,669
C001663,Retail,41,224803,Salaried,Female,B008,2023-05-17,784
C001664,Retail,18,1646897,Self-Employed,Female,B004,2015-07-01,719
C001665,Affluent,44,1701301,Self-Employed,Female,B014,2022-12-17,780
C001666,Retail,23,629283,Self-Employed,Female,B017,2022-08-17,631
C001667,Retail,24,490192,Salaried,Female,B009,2015-07-12,717
C001668,Retail,43,229715,Salaried,Female,B004,2023-10-15,812
C001669,Retail,45,392278,Salaried,Male,B002,2021-08-14,718
C001670,SME,52,1573113,Salaried,Male,B010,2019-05-31,613
C001671,Mass Affluent,27,603174,Business,Female,B019,2016-05-07,842
C001672,SME,31,429652,Business,Male,B009,2022-12-25,635
C001673,Mass Affluent,44,618417,Salaried,Male,B016,2022-12-22,664
C001674,Retail,52,422557,Business,Male,B020,2023-10-25,625
C001675,Retail,41,215331,Salaried,Female,B017,2021-08-14,792
C001676,Mass Affluent,29,491639,Salaried,Female,B002,2022-05-28,900
C001677,Retail,56,304183,Salaried,Female,B019,2020-12-03,706
C001678,Affluent,36,792455,Salaried,Male,B002,2018-08-18,860
C001679,Affluent,36,1096971,Self-Employed,Male,B016,2023-02-25,873
C001680,Retail,23,377692,Salaried,Male,B016,2017-04-25,728
C001681,SME,47,680931,Business,Male,B014,2015-05-01,706
C001682,Affluent,48,593943,Retired,Female,B020,2019-08-11,695
C001683,Mass Affluent,31,371626,Salaried,Male,B001,2017-08-15,731
C001684,Retail,58,180000,Salaried,Male,B009,2020-06-21,856
C001685,Retail,33,308252,Self-Employed,Female,B015,2016-12-31,732
C001686,Mass Affluent,46,362297,Business,Female,B015,2020-01-28,702
C001687,Retail,41,658572,Salaried,Male,B011,2015-03-20,718
C001688,Retail,18,702751,Salaried,Female,B005,2017-09-05,754
C001689,Affluent,45,1344705,Business,Male,B008,2015-05-20,688
C001690,Retail,44,306505,Salaried,Male,B007,2019-04-09,700
C001691,Mass Affluent,20,352141,Salaried,Female,B006,2017-03-31,675
C001692,SME,56,394573,Retired,Male,B007,2017-01-09,650
C001693,Affluent,44,530126,Salaried,Male,B019,2015-10-16,760
C001694,Retail,53,692041,Salaried,Male,B014,2020-02-04,652
C001695,Affluent,20,793570,Salaried,Female,B011,2021-07-04,716
C001696,Retail,34,180000,Salaried,Female,B019,2017-05-21,697
C001697,Retail,52,1304635,Retired,Female,B014,2020-06-20,783
C001698,Mass Affluent,22,814144,Salaried,Female,B019,2020-11-17,699
C001699,Retail,35,1064961,Business,Male,B006,2023-06-06,761
C001700,Retail,43,180000,Salaried,Female,B001,2023-11-17,608
C001701,Mass Affluent,18,1030360,Salaried,Male,B014,2018-07-10,804
C001702,Retail,24,314234,Self-Employed,Male,B012,2016-01-07,759
C001703,Retail,54,447627,Business,Female,B012,2020-01-27,810
C001704,Retail,40,1523908,Salaried,Female,B009,2016-06-27,740
C001705,Affluent,52,919993,Self-Employed,Male,B009,2016-12-25,737
C001706,Mass Affluent,41,386481,Salaried,Female,B014,2016-05-11,687
C001707,Retail,66,1006721,Business,Female,B020,2023-07-28,737
C001708,Retail,44,758584,Business,Female,B002,2021-07-10,641
C001709,Retail,53,460423,Self-Employed,Female,B014,2020-09-08,663
C001710,Retail,36,817452,Self-Employed,Male,B007,2018-07-07,672
C001711,Affluent,41,469241,Salaried,Female,B015,2019-04-19,696
C001712,Retail,46,771570,Salaried,Male,B008,2018-03-06,537
C001713,Retail,48,765204,Salaried,Male,B019,2021-06-21,639
C001714,Mass Affluent,39,832274,Salaried,Male,B002,2016-04-04,612
C001715,Mass Affluent,39,2095921,Business,Male,B001,2022-08-13,829
C001716,Mass Affluent,45,1109148,Salaried,Female,B019,2018-12-02,643
C001717,Retail,45,1149310,Salaried,Male,B008,2019-07-09,653
C001718,Retail,28,426001,Business,Male,B007,2023-11-29,711
C001719,Retail,41,223772,Retired,Male,B018,2021-04-13,733
C001720,Retail,43,531089,Salaried,Female,B019,2023-06-28,748
C001721,Mass Affluent,28,437371,Salaried,Male,B013,2018-08-26,675
C001722,Affluent,49,885964,Salaried,Male,B016,2015-06-28,708
C001723,Mass Affluent,44,527660,Salaried,Female,B011,2015-10-05,824
C001724,Affluent,65,1420800,Salaried,Female,B010,2018-08-09,714
C001725,Retail,39,193730,Retired,Female,B019,2023-10-05,727
C001726,Mass Affluent,51,500375,Self-Employed,Female,B005,2015-11-03,783
C001727,Retail,45,764517,Business,Male,B012,2018-01-01,774
C001728,Mass Affluent,60,318245,Salaried,Male,B004,2016-01-08,593
C001729,Retail,28,1080543,Salaried,Female,B016,2016-12-26,746
C001730,Retail,34,1057825,Salaried,Female,B002,2016-03-09,721
C001731,Retail,29,453331,Business,Male,B004,2019-10-10,838
C001732,SME,38,3356682,Salaried,Male,B016,2020-02-01,644
C001733,Retail,27,290137,Salaried,Female,B011,2023-07-31,655
C001734,Retail,22,250080,Salaried,Female,B006,2017-12-03,691
C001735,Retail,18,440838,Self-Employed,Male,B011,2018-10-25,775
C001736,Affluent,18,678999,Salaried,Male,B010,2019-12-20,801
C001737,Mass Affluent,46,210255,Salaried,Female,B015,2022-12-18,698
C001738,Mass Affluent,34,897349,Salaried,Male,B007,2022-01-14,764
C001739,Retail,25,2969416,Salaried,Male,B015,2022-07-04,677
C001740,Mass Affluent,32,242614,Self-Employed,Male,B001,2022-07-05,717
C001741,Retail,33,681707,Retired,Male,B008,2020-10-09,753
C001742,Affluent,28,1118338,Salaried,Female,B005,2021-12-05,854
C001743,Mass Affluent,57,986953,Business,Female,B006,2023-11-26,791
C001744,Retail,55,2440342,Salaried,Male,B004,2019-07-17,802
C001745,Retail,56,442232,Salaried,Male,B015,2015-01-22,699
C001746,Retail,41,2181613,Self-Employed,Female,B004,2016-05-29,599
C001747,Retail,42,576952,Salaried,Male,B003,2022-08-30,880
C001748,Retail,32,430646,Salaried,Female,B016,2022-07-26,605
C001749,Mass Affluent,30,2035237,Self-Employed,Male,B016,2023-05-28,690
C001750,Retail,39,472441,Salaried,Male,B008,2022-11-20,708
C001751,Retail,46,1203730,Self-Employed,Female,B006,2022-09-06,809
C001752,Retail,52,435586,Self-Employed,Female,B013,2019-09-18,801
C001753,Retail,33,262118,Salaried,Female,B009,2016-11-13,677
C001754,Affluent,25,262596,Salaried,Male,B009,2022-12-15,734
C001755,Retail,47,949159,Salaried,Male,B011,2017-09-20,669
C001756,Mass Affluent,19,300479,Salaried,Male,B008,2022-03-05,664
C001757,Affluent,39,523414,Salaried,Male,B013,2020-07-31,770
C001758,Mass Affluent,40,393357,Salaried,Female,B019,2018-10-04,620
C001759,Affluent,35,338902,Salaried,Male,B001,2019-05-08,736
C001760,Retail,22,366855,Salaried,Male,B017,2020-07-22,675
C001761,SME,35,686532,Self-Employed,Female,B006,2016-11-03,568
C001762,Retail,57,180000,Salaried,Male,B012,2015-08-12,705
C001763,Retail,46,1038550,Business,Female,B004,2016-06-20,788
C001764,Mass Affluent,52,258584,Salaried,Female,B016,2021-06-11,739
C001765,SME,26,280931,Salaried,Male,B003,2020-07-26,636
C001766,Affluent,42,234704,Self-Employed,Male,B017,2015-10-30,731
C001767,Retail,40,714720,Retired,Female,B018,2022-05-05,599
C001768,Retail,40,1553810,Business,Female,B018,2018-10-11,871
C001769,SME,45,549365,Salaried,Female,B018,2016-07-31,729
C001770,Retail,41,797040,Self-Employed,Male,B008,2018-07-16,764
C001771,Affluent,26,851653,Salaried,Male,B008,2020-08-24,820
C001772,Affluent,46,971370,Salaried,Female,B013,2022-01-09,731
C001773,Retail,48,312501,Self-Employed,Male,B012,2021-04-19,730
C001774,Retail,54,1690326,Salaried,Male,B015,2018-01-13,658
C001775,Retail,54,482922,Salaried,Female,B010,2022-08-09,573
C001776,Retail,44,720265,Self-Employed,Female,B009,2021-01-19,669
C001777,Affluent,26,544270,Business,Female,B003,2018-06-14,730
C001778,Retail,22,449156,Salaried,Male,B010,2018-01-10,726
C001779,Affluent,37,1105054,Self-Employed,Male,B017,2017-02-12,739
C001780,Retail,49,906646,Salaried,Female,B015,2016-08-12,635
C001781,SME,48,180000,Salaried,Female,B010,2021-09-15,672
C001782,Retail,42,787909,Self-Employed,Female,B020,2022-10-29,785
C001783,Retail,39,2345809,Business,Female,B014,2015-05-28,734
C001784,Retail,60,676991,Salaried,Male,B016,2023-04-11,623
C001785,Mass Affluent,45,430477,Business,Female,B006,2019-05-03,800
C001786,Mass Affluent,38,467633,Salaried,Male,B007,2023-11-01,832
C001787,Affluent,32,416413,Business,Female,B010,2020-06-30,653
C001788,Retail,28,284310,Business,Female,B019,2020-12-16,717
C001789,Retail,27,532130,Business,Female,B018,2020-12-06,704
C001790,Mass Affluent,28,530562,Retired,Male,B009,2018-07-17,641
C001791,Retail,42,886282,Salaried,Female,B002,2016-02-20,718
C001792,Retail,39,427225,Salaried,Female,B009,2022-11-22,746
C001793,SME,35,2217269,Self-Employed,Female,B004,2023-06-09,735
C001794,SME,47,326383,Self-Employed,Female,B011,2022-11-29,860
C001795,SME,59,660270,Business,Male,B017,2019-05-20,651
C001796,Affluent,30,369078,Salaried,Male,B003,2015-06-27,641
C001797,Retail,32,422756,Self-Employed,Female,B015,2018-04-15,796
C001798,Retail,18,500336,Business,Female,B002,2022-02-04,787
C001799,Mass Affluent,39,684993,Salaried,Other,B016,2020-02-18,570
C001800,Affluent,38,1011122,Salaried,Male,B004,2016-07-30,659
C001801,Retail,49,443306,Salaried,Male,B018,2023-06-25,595
C001802,Retail,38,226783,Business,Male,B010,2023-12-13,790
C001803,Retail,33,1461464,Salaried,Female,B006,2018-12-04,785
C001804,Mass Affluent,41,317916,Salaried,Female,B011,2017-01-11,716
C001805,Affluent,45,511174,Salaried,Male,B010,2017-12-24,799
C001806,Affluent,21,621896,Salaried,Male,B001,2019-11-12,767
C001807,Retail,50,561438,Self-Employed,Male,B016,2021-09-09,746
C001808,SME,53,239649,Business,Female,B005,2023-03-05,684
C001809,Mass Affluent,45,1050754,Salaried,Male,B009,2021-02-08,619
C001810,Retail,29,180000,Salaried,Male,B017,2021-04-30,700
C001811,Retail,35,1134325,Salaried,Female,B004,2019-09-21,719
C001812,Retail,52,1272285,Salaried,Female,B002,2020-09-05,759
C001813,Retail,28,1079237,Salaried,Male,B002,2018-06-28,734
C001814,SME,46,492342,Salaried,Female,B005,2016-05-22,716
C001815,Retail,38,652653,Self-Employed,Male,B002,2020-06-18,739
C001816,Affluent,41,388348,Salaried,Male,B013,2016-12-03,649
C001817,Retail,30,627388,Self-Employed,Male,B005,2020-12-15,684
C001818,Retail,43,903144,Salaried,Female,B001,2017-04-07,778
C001819,Retail,42,294463,Salaried,Male,B015,2021-10-02,689
C001820,Retail,22,549848,Business,Male,B019,2019-08-07,702
C001821,Retail,39,439989,Salaried,Male,B014,2017-04-03,757
C001822,SME,46,1286002,Salaried,Female,B012,2019-08-21,667
C001823,Mass Affluent,35,325462,Business,Male,B002,2018-06-06,686
C001824,Mass Affluent,18,901384,Salaried,Female,B020,2017-06-11,597
C001825,Retail,38,579771,Salaried,Male,B001,2022-02-04,796
C001826,Retail,55,553444,Salaried,Female,B003,2023-08-17,808
C001827,Retail,35,919087,Salaried,Other,B011,2017-02-27,785
C001828,Mass Affluent,55,467471,Self-Employed,Female,B017,2023-07-25,732
C001829,Retail,30,641658,Business,Female,B005,2020-05-13,638
C001830,Retail,26,1235396,Salaried,Female,B017,2022-12-18,686
C001831,Mass Affluent,39,362092,Self-Employed,Male,B018,2017-12-13,658
C001832,Retail,30,715559,Self-Employed,Male,B003,2019-04-05,663
C001833,Retail,43,1064016,Business,Male,B015,2015-07-21,693
C001834,Retail,35,812763,Self-Employed,Male,B016,2015-08-11,690
C001835,SME,55,1379807,Retired,Female,B015,2018-02-26,795
C001836,Mass Affluent,34,555036,Salaried,Male,B017,2021-07-05,723
C001837,Retail,40,928304,Salaried,Male,B018,2019-08-09,814
C001838,Retail,46,1228678,Salaried,Female,B008,2023-01-07,669
C001839,SME,50,199816,Business,Male,B014,2019-10-30,746
C001840,Mass Affluent,55,460597,Salaried,Male,B004,2019-01-04,704
C001841,Retail,36,767642,Business,Male,B010,2023-01-22,755
C001842,Affluent,35,1091511,Salaried,Female,B020,2020-07-30,779
C001843,Retail,18,702912,Business,Female,B007,2020-12-15,799
C001844,Mass Affluent,61,1487345,Business,Male,B020,2023-10-18,695
C001845,Mass Affluent,43,423994,Self-Employed,Female,B001,2020-08-07,719
C001846,Retail,47,268878,Business,Female,B007,2020-08-07,785
C001847,SME,45,1005737,Business,Male,B012,2016-04-14,852
C001848,Mass Affluent,40,557510,Salaried,Male,B004,2022-03-14,726
C001849,Mass Affluent,43,348058,Business,Female,B007,2021-01-17,707
C001850,Retail,33,1821474,Salaried,Male,B015,2019-01-12,712
C001851,Retail,36,974967,Business,Female,B002,2016-05-29,581
C001852,Retail,29,916146,Salaried,Female,B002,2017-05-31,742
C001853,Affluent,56,1690128,Salaried,Male,B005,2020-07-03,676
C001854,Retail,45,466530,Business,Female,B003,2022-01-15,641
C001855,Mass Affluent,61,1503681,Self-Employed,Female,B016,2017-11-16,760
C001856,Mass Affluent,64,787577,Salaried,Male,B004,2016-01-04,715
C001857,Retail,24,408977,Salaried,Female,B015,2020-03-31,781
C001858,Mass Affluent,50,597279,Business,Male,B017,2017-11-02,718
C001859,Retail,24,677365,Salaried,Other,B011,2020-12-10,635
C001860,SME,41,1236692,Salaried,Male,B004,2016-12-15,731
C001861,Retail,42,249491,Self-Employed,Female,B004,2016-12-15,585
C001862,Retail,25,192563,Salaried,Female,B004,2016-11-06,774
C001863,Retail,31,359608,Self-Employed,Female,B019,2018-04-24,817
C001864,Retail,43,574156,Salaried,Male,B002,2021-06-25,700
C001865,Affluent,41,954618,Salaried,Male,B016,2018-12-28,734
C001866,Mass Affluent,28,445563,Retired,Female,B020,2022-05-05,814
C001867,Mass Affluent,31,786878,Business,Female,B013,2022-05-15,719
C001868,Retail,23,1700996,Business,Female,B008,2018-08-16,601
C001869,Retail,26,198821,Business,Male,B019,2022-01-21,819
C001870,Retail,35,549223,Salaried,Male,B002,2023-06-17,684
C001871,Mass Affluent,50,2891650,Salaried,Male,B017,2019-02-08,704
C001872,Affluent,51,378026,Self-Employed,Male,B012,2023-06-05,832
C001873,Retail,59,352818,Salaried,Female,B014,2018-04-25,892
C001874,Retail,44,841865,Salaried,Female,B012,2019-09-23,669
C001875,Mass Affluent,41,425211,Salaried,Female,B013,2020-09-21,790
C001876,Affluent,44,1207358,Salaried,Female,B010,2018-05-05,740
C001877,Mass Affluent,44,2998102,Salaried,Male,B004,2023-05-14,845
C001878,Affluent,21,629865,Salaried,Male,B007,2018-05-11,702
C001879,Retail,60,3556154,Business,Male,B002,2022-09-25,744
C001880,Retail,18,446983,Salaried,Female,B015,2019-12-08,686
C001881,Affluent,52,538060,Self-Employed,Female,B004,2015-07-08,848
C001882,Mass Affluent,40,321509,Salaried,Male,B009,2017-04-26,684
C001883,Retail,27,447801,Business,Female,B006,2016-04-17,684
C001884,Mass Affluent,45,513769,Self-Employed,Female,B017,2015-09-30,768
C001885,Affluent,38,785265,Salaried,Male,B007,2022-06-30,664
C001886,Mass Affluent,31,266929,Salaried,Male,B016,2017-08-06,745
C001887,Mass Affluent,24,428601,Self-Employed,Female,B017,2018-01-18,697
C001888,Retail,23,435722,Salaried,Male,B008,2015-09-27,678
C001889,Mass Affluent,32,1072485,Salaried,Female,B003,2022-02-11,710
C001890,Mass Affluent,35,647260,Salaried,Female,B020,2018-02-17,645
C001891,Affluent,26,647336,Salaried,Male,B006,2016-07-20,636
C001892,Affluent,39,633365,Salaried,Male,B018,2018-04-29,681
C001893,Affluent,27,193046,Salaried,Female,B011,2018-07-30,871
C001894,Retail,43,1705583,Salaried,Female,B006,2022-06-15,674
C001895,Mass Affluent,53,328889,Business,Male,B013,2017-05-08,846
C001896,Affluent,42,1070070,Retired,Female,B009,2019-11-16,765
C001897,Mass Affluent,38,518307,Salaried,Female,B008,2021-11-16,703
C001898,Affluent,33,403222,Salaried,Male,B013,2022-11-15,681
C001899,Affluent,55,1182442,Retired,Male,B014,2019-10-16,728
C001900,Retail,37,276176,Business,Female,B001,2017-03-08,854
C001901,Mass Affluent,66,291789,Business,Male,B005,2023-08-28,626
C001902,Retail,26,664669,Salaried,Female,B006,2015-12-25,697
C001903,Retail,42,677656,Salaried,Female,B009,2016-01-15,784
C001904,Mass Affluent,55,1022090,Business,Male,B020,2021-01-23,711
C001905,Affluent,31,955938,Salaried,Male,B013,2022-07-02,729
C001906,Retail,36,573552,Self-Employed,Female,B001,2016-09-07,565
C001907,Retail,46,642157,Self-Employed,Male,B006,2016-07-23,734
C001908,Mass Affluent,43,545938,Business,Female,B007,2018-05-12,752
C001909,Retail,45,1507981,Retired,Male,B010,2015-05-06,712
C001910,Retail,52,316903,Salaried,Male,B004,2015-12-11,699
C001911,Retail,35,612470,Salaried,Male,B018,2016-10-30,807
C001912,Retail,55,989422,Salaried,Male,B016,2017-02-05,762
C001913,Retail,20,1234486,Business,Female,B019,2016-06-23,747
C001914,Retail,51,388737,Salaried,Female,B011,2021-03-08,869
C001915,Retail,52,319286,Salaried,Male,B017,2023-05-07,698
C001916,Affluent,30,267733,Business,Male,B002,2021-05-02,721
C001917,Mass Affluent,23,480107,Salaried,Male,B007,2017-08-27,841
C001918,Mass Affluent,36,707790,Business,Male,B009,2021-04-20,692
C001919,Retail,43,441427,Self-Employed,Male,B014,2018-04-26,854
C001920,Retail,35,945214,Salaried,Other,B017,2015-01-30,714
C001921,Mass Affluent,45,574970,Salaried,Female,B015,2017-08-24,803
C001922,Retail,60,891679,Salaried,Female,B007,2019-12-25,775
C001923,Retail,24,660235,Salaried,Male,B007,2017-02-26,662
C001924,Mass Affluent,18,200640,Self-Employed,Female,B014,2020-07-08,749
C001925,Mass Affluent,38,284158,Salaried,Male,B009,2022-07-09,752
C001926,Retail,32,1272900,Salaried,Female,B009,2020-04-15,757
C001927,Retail,34,326332,Salaried,Male,B017,2015-01-30,872
C001928,Mass Affluent,53,1043872,Business,Female,B002,2015-06-10,765
C001929,Retail,38,651312,Retired,Male,B012,2018-12-17,712
C001930,Mass Affluent,39,316389,Salaried,Female,B016,2021-07-22,645
C001931,Mass Affluent,34,976719,Salaried,Male,B002,2018-05-30,726
C001932,SME,39,439853,Business,Female,B015,2018-04-26,684
C001933,Retail,42,662119,Self-Employed,Male,B006,2023-04-01,661
C001934,Affluent,70,523493,Retired,Male,B011,2019-03-15,713
C001935,Mass Affluent,42,180000,Salaried,Male,B017,2023-12-22,620
C001936,Retail,52,929707,Salaried,Male,B004,2021-11-26,578
C001937,Retail,41,987916,Retired,Female,B019,2020-03-20,739
C001938,Mass Affluent,18,435191,Salaried,Male,B005,2016-05-23,889
C001939,Retail,33,910928,Salaried,Male,B012,2015-02-26,786
C001940,Retail,42,340457,Salaried,Female,B019,2017-12-26,659
C001941,Retail,47,345000,Salaried,Male,B001,2015-01-28,781
C001942,Affluent,41,701119,Business,Other,B011,2022-05-25,900
C001943,Affluent,49,381624,Self-Employed,Female,B006,2020-05-02,686
C001944,Mass Affluent,23,551678,Salaried,Female,B004,2021-03-29,631
C001945,Retail,40,325894,Business,Male,B017,2020-06-18,763
C001946,Retail,54,260331,Salaried,Male,B012,2023-09-14,859
C001947,Mass Affluent,28,686730,Salaried,Female,B010,2023-10-14,743
C001948,Retail,51,690909,Salaried,Male,B014,2018-11-02,717
C001949,Retail,51,607537,Business,Female,B007,2016-10-20,687
C001950,Mass Affluent,25,496721,Salaried,Female,B011,2023-01-21,651
C001951,SME,43,379781,Business,Other,B003,2016-11-21,673
C001952,Mass Affluent,41,297127,Salaried,Male,B008,2019-06-11,709
C001953,Mass Affluent,37,289649,Salaried,Female,B020,2020-10-24,855
C001954,SME,22,405212,Business,Male,B005,2021-11-07,544
C001955,Retail,36,1165334,Self-Employed,Female,B004,2021-07-20,889
C001956,Mass Affluent,37,697206,Salaried,Male,B013,2016-08-12,793
C001957,SME,20,758310,Business,Male,B004,2019-10-25,698
C001958,Retail,25,265262,Salaried,Male,B006,2022-07-25,758
C001959,Mass Affluent,29,676982,Business,Male,B002,2021-11-11,665
C001960,Mass Affluent,27,746969,Self-Employed,Male,B005,2023-01-29,866
C001961,Mass Affluent,43,1682004,Salaried,Other,B015,2018-10-18,622
C001962,Mass Affluent,49,592719,Self-Employed,Male,B008,2022-03-06,617
C001963,SME,36,464503,Business,Male,B002,2020-06-09,769
C001964,Affluent,47,364590,Self-Employed,Male,B005,2020-12-30,730
C001965,Retail,49,623759,Salaried,Male,B009,2022-03-11,726
C001966,Affluent,38,528607,Salaried,Male,B008,2019-07-20,700
C001967,Retail,43,1244544,Business,Female,B014,2017-03-31,670
C001968,Retail,37,1078394,Business,Male,B016,2017-07-25,697
C001969,Retail,27,314231,Business,Female,B002,2023-10-22,804
C001970,Retail,31,591407,Self-Employed,Male,B003,2021-08-13,810
C001971,Retail,43,2944787,Salaried,Female,B004,2020-05-30,784
C001972,SME,38,231403,Business,Female,B015,2023-04-03,677
C001973,Mass Affluent,47,531410,Salaried,Female,B005,2022-07-25,638
C001974,Mass Affluent,18,978533,Business,Female,B015,2015-09-10,847
C001975,Retail,21,514138,Salaried,Female,B018,2017-08-17,606
C001976,SME,22,486685,Salaried,Male,B013,2022-04-23,705
C001977,SME,41,442167,Self-Employed,Male,B011,2023-10-25,732
C001978,Affluent,24,300489,Business,Female,B010,2018-02-24,900
C001979,Retail,43,537563,Business,Male,B004,2017-06-15,721
C001980,Retail,47,1168932,Salaried,Female,B020,2015-12-18,769
C001981,Retail,56,262497,Salaried,Male,B005,2020-12-08,758
C001982,Retail,54,713572,Retired,Female,B001,2016-01-09,813
C001983,Retail,31,1209881,Salaried,Male,B013,2021-07-16,786
C001984,SME,21,591999,Self-Employed,Female,B014,2020-09-09,764
C001985,Retail,32,456291,Retired,Female,B016,2022-10-03,746
C001986,Retail,50,930058,Business,Female,B013,2018-09-30,773
C001987,Retail,35,334203,Salaried,Female,B015,2020-07-09,698
C001988,Retail,39,789314,Self-Employed,Female,B009,2015-07-23,522
C001989,Retail,33,538442,Salaried,Female,B003,2018-10-27,673
C001990,Retail,56,624935,Salaried,Male,B002,2016-02-16,758
C001991,Retail,28,1784112,Salaried,Male,B012,2022-02-21,674
C001992,Affluent,40,1272134,Business,Female,B018,2022-04-03,715
C001993,SME,51,1571722,Salaried,Male,B004,2018-06-05,703
C001994,Retail,59,352573,Self-Employed,Female,B020,2017-04-02,695
C001995,Retail,31,308832,Self-Employed,Female,B015,2017-06-22,768
C001996,Affluent,50,812660,Salaried,Male,B001,2017-11-21,735
C001997,Retail,32,740662,Salaried,Male,B008,2022-07-01,720
C001998,Retail,54,180000,Business,Male,B017,2020-07-27,560
C001999,Affluent,58,747243,Salaried,Male,B005,2015-12-12,602
C002000,Retail,29,2270335,Self-Employed,Male,B007,2018-05-05,759
C002001,Mass Affluent,46,2059080,Salaried,Female,B003,2017-01-16,649
C002002,Mass Affluent,51,380744,Salaried,Female,B006,2015-10-21,767
C002003,Retail,36,952508,Salaried,Male,B013,2022-09-22,682
C002004,Retail,45,336656,Salaried,Male,B016,2020-12-09,680
C002005,Affluent,46,563741,Salaried,Female,B017,2019-07-18,604
C002006,Retail,61,352052,Self-Employed,Female,B006,2016-01-10,710
C002007,Retail,18,280639,Salaried,Female,B005,2017-08-23,581
C002008,Mass Affluent,38,1065361,Salaried,Female,B018,2015-01-16,645
C002009,Mass Affluent,25,722813,Salaried,Male,B004,2016-03-13,686
C002010,Retail,39,800793,Self-Employed,Male,B012,2021-07-24,760
C002011,Affluent,30,905423,Salaried,Female,B016,2015-07-29,736
C002012,Retail,36,682077,Salaried,Male,B011,2021-01-16,713
C002013,Affluent,29,305660,Self-Employed,Male,B011,2018-08-01,772
C002014,Affluent,41,687928,Self-Employed,Female,B006,2023-07-21,675
C002015,Mass Affluent,51,520773,Salaried,Male,B016,2018-01-09,738
C002016,Retail,35,529810,Business,Male,B006,2023-01-06,645
C002017,SME,55,324914,Salaried,Male,B009,2021-08-25,707
C002018,Retail,50,225404,Salaried,Female,B018,2020-02-04,662
C002019,Mass Affluent,61,414978,Business,Female,B001,2017-05-10,729
C002020,Retail,44,855267,Salaried,Male,B018,2016-01-22,749
C002021,Retail,38,573534,Salaried,Female,B019,2018-12-29,761
C002022,Retail,22,1912164,Business,Male,B009,2019-05-23,681
C002023,SME,30,574982,Salaried,Male,B014,2017-12-03,761
C002024,SME,37,681041,Salaried,Female,B012,2022-10-11,735
C002025,Retail,38,606517,Business,Female,B010,2016-10-23,690
C002026,Retail,65,300729,Salaried,Female,B009,2018-04-08,698
C002027,Mass Affluent,37,591688,Salaried,Female,B012,2015-03-16,770
C002028,Retail,20,299618,Salaried,Female,B005,2023-06-07,736
C002029,Retail,46,573875,Business,Male,B019,2018-04-10,689
C002030,Mass Affluent,46,191133,Salaried,Male,B010,2017-10-02,818
C002031,Mass Affluent,34,573512,Business,Male,B002,2018-12-31,589
C002032,SME,62,660608,Salaried,Male,B006,2022-05-08,667
C002033,Retail,18,692292,Self-Employed,Female,B005,2022-08-05,658
C002034,Retail,53,236153,Salaried,Female,B001,2022-10-13,639
C002035,Mass Affluent,36,820076,Salaried,Female,B018,2019-08-18,685
C002036,Affluent,29,920845,Business,Female,B015,2016-10-08,831
C002037,Mass Affluent,65,321861,Salaried,Male,B002,2023-01-18,644
C002038,Mass Affluent,47,1138442,Self-Employed,Female,B015,2022-12-16,744
C002039,Retail,36,678294,Salaried,Female,B011,2016-05-09,735
C002040,Affluent,35,576969,Business,Female,B013,2019-01-22,808
C002041,Retail,42,867868,Salaried,Male,B020,2021-02-10,758
C002042,Retail,34,1721372,Self-Employed,Female,B015,2016-12-29,778
C002043,Mass Affluent,53,547530,Business,Female,B010,2023-11-13,847
C002044,Retail,40,435211,Salaried,Female,B017,2020-06-22,670
C002045,Retail,50,2320055,Salaried,Male,B005,2021-05-13,713
C002046,Affluent,41,536216,Self-Employed,Female,B001,2023-08-28,673
C002047,Retail,49,761473,Salaried,Male,B019,2020-08-02,583
C002048,Mass Affluent,54,536066,Business,Female,B012,2019-01-04,609
C002049,Retail,57,211102,Salaried,Male,B007,2016-11-21,718
C002050,Affluent,44,491292,Salaried,Male,B002,2016-09-12,648
C002051,Retail,29,1235455,Salaried,Male,B015,2020-05-04,667
C002052,Retail,37,354444,Salaried,Male,B020,2021-09-11,799
C002053,SME,39,1413497,Salaried,Male,B013,2020-04-05,743
C002054,Affluent,33,985647,Salaried,Female,B007,2023-02-13,807
C002055,Retail,31,312359,Salaried,Male,B014,2021-05-20,757
C002056,Retail,41,274256,Salaried,Female,B020,2020-04-09,741
C002057,Affluent,28,269348,Salaried,Male,B016,2021-03-28,805
C002058,Mass Affluent,26,460032,Salaried,Male,B009,2019-08-10,716
C002059,Affluent,20,295506,Salaried,Female,B019,2022-11-11,746
C002060,Affluent,44,1325850,Salaried,Male,B005,2023-06-20,686
C002061,Retail,43,277999,Business,Male,B010,2023-03-05,720
C002062,Retail,35,336070,Salaried,Male,B008,2021-05-12,690
C002063,Mass Affluent,50,1610309,Business,Female,B014,2016-04-23,741
C002064,Retail,28,505576,Salaried,Male,B011,2015-12-13,627
C002065,Retail,43,789093,Salaried,Female,B001,2023-04-11,698
C002066,SME,40,811484,Salaried,Male,B010,2023-01-21,770
C002067,Mass Affluent,31,233119,Salaried,Female,B002,2015-06-21,634
C002068,Affluent,34,1011041,Business,Male,B007,2016-06-26,755
C002069,Mass Affluent,33,893872,Salaried,Male,B017,2023-06-08,789
C002070,Mass Affluent,42,916957,Salaried,Male,B005,2022-11-05,820
C002071,Retail,46,385982,Salaried,Male,B010,2020-02-16,631
C002072,Retail,34,723028,Business,Female,B005,2017-09-05,683
C002073,Retail,31,536206,Self-Employed,Female,B005,2016-06-27,771
C002074,Retail,41,637446,Salaried,Male,B009,2015-07-21,679
C002075,Affluent,21,362034,Business,Female,B011,2023-11-26,670
C002076,Retail,39,530209,Business,Female,B015,2022-07-27,717
C002077,Retail,56,1132198,Salaried,Male,B005,2016-06-22,692
C002078,Retail,31,180000,Salaried,Female,B017,2021-08-27,751
C002079,Retail,37,472983,Salaried,Male,B019,2019-12-05,666
C002080,Retail,50,908798,Self-Employed,Female,B014,2018-11-18,696
C002081,Retail,47,295841,Salaried,Male,B002,2023-04-24,720
C002082,Retail,40,778337,Business,Female,B014,2019-05-24,700
C002083,Retail,38,813872,Salaried,Female,B020,2017-05-31,657
C002084,Retail,25,543147,Business,Female,B004,2023-05-28,624
C002085,Affluent,44,729778,Self-Employed,Female,B003,2021-04-12,751
C002086,Retail,24,1729432,Business,Female,B015,2020-12-03,687
C002087,Retail,18,387569,Salaried,Male,B016,2018-02-14,725
C002088,Mass Affluent,50,243432,Business,Male,B010,2017-04-28,629
C002089,Retail,43,455328,Self-Employed,Male,B018,2018-12-26,778
C002090,Affluent,49,314349,Self-Employed,Male,B019,2020-12-12,716
C002091,Mass Affluent,31,770620,Salaried,Female,B002,2015-02-02,686
C002092,Retail,44,446237,Business,Male,B010,2016-04-17,834
C002093,Mass Affluent,34,893774,Salaried,Female,B002,2020-06-11,672
C002094,Retail,35,725020,Business,Male,B016,2022-04-05,748
C002095,Mass Affluent,50,384347,Salaried,Male,B005,2017-02-01,738
C002096,Retail,37,329390,Business,Female,B004,2018-12-29,677
C002097,Affluent,31,242607,Business,Male,B017,2019-09-24,713
C002098,Retail,24,1188372,Salaried,Male,B013,2022-12-07,729
C002099,Mass Affluent,43,843723,Salaried,Male,B012,2020-03-28,753
C002100,Mass Affluent,51,459393,Salaried,Male,B017,2015-01-23,714
C002101,Retail,30,889800,Salaried,Female,B009,2023-03-15,729
C002102,Retail,47,292684,Self-Employed,Male,B020,2017-09-21,740
C002103,Mass Affluent,29,339771,Salaried,Female,B001,2018-01-10,561
C002104,Affluent,47,318409,Salaried,Female,B001,2021-02-28,687
C002105,Retail,39,718181,Salaried,Female,B002,2022-02-15,728
C002106,Affluent,42,405010,Salaried,Male,B014,2023-09-14,547
C002107,SME,31,233174,Self-Employed,Male,B005,2023-08-12,728
C002108,Affluent,43,636696,Salaried,Male,B001,2020-04-13,858
C002109,Retail,32,870786,Business,Male,B001,2018-10-11,772
C002110,Mass Affluent,34,549257,Salaried,Female,B015,2021-02-26,664
C002111,Retail,22,1258614,Salaried,Male,B001,2018-10-17,876
C002112,SME,31,1011050,Salaried,Male,B016,2016-01-20,620
C002113,Retail,33,1241494,Salaried,Male,B010,2017-06-30,681
C002114,Retail,42,998631,Salaried,Female,B005,2017-11-08,812
C002115,Mass Affluent,46,699413,Salaried,Female,B002,2017-04-23,721
C002116,Retail,32,267314,Salaried,Male,B014,2022-05-16,774
C002117,SME,37,479117,Salaried,Female,B011,2016-11-25,791
C002118,SME,58,430032,Salaried,Male,B019,2019-05-17,777
C002119,Mass Affluent,40,336772,Self-Employed,Other,B019,2022-05-16,626
C002120,Retail,33,412940,Business,Male,B019,2015-05-01,667
C002121,Mass Affluent,21,231606,Salaried,Male,B003,2018-03-04,704
C002122,Retail,30,1065812,Salaried,Female,B011,2021-04-21,756
C002123,Retail,29,301460,Salaried,Male,B020,2018-10-19,719
C002124,Affluent,61,1017964,Business,Female,B016,2018-09-19,650
C002125,Retail,30,1421278,Self-Employed,Male,B017,2022-02-05,681
C002126,Retail,40,364647,Salaried,Male,B020,2015-01-06,778
C002127,SME,43,418427,Salaried,Male,B004,2023-10-11,562
C002128,Retail,51,829633,Retired,Female,B015,2021-03-19,713
C002129,Retail,39,451788,Salaried,Male,B011,2017-05-31,786
C002130,SME,33,356759,Salaried,Male,B016,2020-07-11,800
C002131,Retail,33,799153,Salaried,Female,B020,2022-07-25,590
C002132,Affluent,43,370749,Salaried,Female,B004,2022-05-05,666
C002133,SME,31,2407792,Salaried,Male,B005,2023-10-09,840
C002134,SME,27,864406,Salaried,Male,B019,2020-06-19,614
C002135,Mass Affluent,33,927024,Self-Employed,Male,B016,2020-09-30,751
C002136,Retail,24,565985,Salaried,Female,B019,2018-07-02,786
C002137,Retail,59,2013978,Business,Female,B016,2017-01-11,769
C002138,Affluent,46,370265,Salaried,Male,B001,2021-07-24,757
C002139,Affluent,57,983740,Self-Employed,Male,B003,2021-05-06,720
C002140,Mass Affluent,44,251414,Salaried,Female,B002,2021-09-18,733
C002141,Retail,56,2664528,Salaried,Male,B010,2022-04-18,653
C002142,Retail,43,1022356,Business,Female,B006,2023-11-05,727
C002143,Retail,47,325711,Salaried,Male,B008,2023-11-15,798
C002144,Mass Affluent,18,844415,Business,Female,B006,2019-07-29,609
C002145,Retail,29,1197170,Self-Employed,Male,B020,2019-05-16,696
C002146,SME,39,335563,Self-Employed,Female,B019,2016-09-09,665
C002147,Mass Affluent,40,444844,Salaried,Male,B016,2020-01-26,796
C002148,Retail,38,314553,Business,Male,B004,2022-11-11,683
C002149,Mass Affluent,44,819075,Salaried,Female,B016,2023-04-20,884
C002150,Retail,44,675413,Retired,Male,B009,2016-02-03,833
C002151,Mass Affluent,49,612376,Business,Female,B009,2021-07-16,652
C002152,Mass Affluent,46,355433,Salaried,Male,B008,2022-04-18,641
C002153,Affluent,52,524496,Business,Female,B005,2019-06-12,812
C002154,Affluent,52,376798,Salaried,Female,B017,2015-01-07,706
C002155,Retail,41,822199,Retired,Female,B016,2020-09-02,640
C002156,Retail,62,302646,Self-Employed,Female,B018,2016-07-22,638
C002157,Mass Affluent,54,356957,Salaried,Male,B006,2016-12-27,803
C002158,Retail,30,1019310,Salaried,Male,B010,2021-06-25,737
C002159,Retail,43,450789,Self-Employed,Female,B020,2016-06-20,644
C002160,Retail,19,1884697,Self-Employed,Female,B016,2019-01-19,721
C002161,Mass Affluent,21,681553,Salaried,Male,B019,2018-12-12,716
C002162,Retail,34,184624,Salaried,Male,B008,2016-04-27,780
C002163,Mass Affluent,29,253693,Salaried,Male,B018,2022-02-26,659
C002164,SME,34,408806,Business,Male,B005,2018-01-14,669
C002165,Retail,43,972316,Salaried,Male,B013,2021-12-25,684
C002166,Retail,52,910210,Retired,Female,B015,2017-03-12,749
C002167,Retail,52,438150,Salaried,Male,B006,2020-05-01,631
C002168,Affluent,44,1336715,Salaried,Male,B002,2019-11-28,776
C002169,Retail,27,742932,Salaried,Female,B015,2022-09-11,693
C002170,Retail,33,487599,Business,Male,B011,2018-10-19,794
C002171,Retail,46,1286198,Salaried,Male,B005,2017-11-26,641
C002172,Affluent,30,354999,Salaried,Male,B010,2015-10-13,705
C002173,Retail,25,860709,Business,Female,B020,2016-05-21,683
C002174,Affluent,44,919741,Business,Male,B020,2016-09-17,878
C002175,SME,38,896872,Business,Male,B018,2022-09-03,725
C002176,Retail,37,542290,Business,Female,B012,2018-04-26,644
C002177,Affluent,51,1056847,Business,Female,B017,2015-05-10,590
C002178,Retail,51,1986160,Business,Male,B017,2020-05-01,745
C002179,Affluent,59,542392,Self-Employed,Male,B004,2021-06-09,669
C002180,Mass Affluent,32,626914,Self-Employed,Male,B019,2023-02-19,646
C002181,Affluent,44,1094724,Salaried,Male,B018,2022-08-06,766
C002182,Retail,39,504834,Self-Employed,Female,B020,2016-06-19,709
C002183,Retail,43,495952,Salaried,Male,B010,2015-08-15,733
C002184,Retail,27,282269,Business,Female,B014,2019-10-02,725
C002185,Retail,24,195632,Self-Employed,Male,B020,2016-10-19,704
C002186,Retail,39,286947,Retired,Male,B013,2019-12-17,805
C002187,Retail,30,1051218,Salaried,Female,B014,2021-06-29,586
C002188,Retail,49,307636,Self-Employed,Female,B004,2020-08-17,601
C002189,Retail,22,823151,Salaried,Female,B004,2022-12-15,679
C002190,Affluent,23,1575609,Business,Male,B004,2015-02-25,743
C002191,Retail,34,665177,Salaried,Female,B011,2019-05-16,763
C002192,Retail,22,338112,Salaried,Male,B001,2022-02-11,615
C002193,Retail,57,550562,Salaried,Female,B006,2023-04-16,803
C002194,Retail,37,768021,Salaried,Male,B005,2015-10-01,870
C002195,SME,32,770595,Salaried,Female,B005,2018-01-25,744
C002196,Retail,44,647434,Retired,Female,B012,2020-01-25,684
C002197,Mass Affluent,49,904621,Salaried,Male,B015,2022-05-29,790
C002198,SME,41,1149023,Self-Employed,Male,B006,2018-01-26,801
C002199,Affluent,38,439239,Salaried,Female,B012,2022-09-15,697
C002200,Mass Affluent,28,1495191,Salaried,Female,B014,2018-05-19,689
C002201,Affluent,46,743358,Retired,Male,B011,2019-04-27,717
C002202,SME,55,180000,Salaried,Male,B008,2016-07-18,782
C002203,Mass Affluent,37,531033,Business,Male,B020,2017-11-22,791
C002204,Mass Affluent,30,535996,Business,Male,B007,2021-05-13,704
C002205,Mass Affluent,41,1210782,Business,Female,B006,2023-04-03,781
C002206,Mass Affluent,39,411212,Salaried,Female,B013,2019-01-07,682
C002207,Mass Affluent,26,661087,Business,Female,B006,2019-08-05,864
C002208,Retail,33,238531,Salaried,Female,B020,2022-10-19,650
C002209,Retail,59,349773,Salaried,Male,B002,2023-01-26,769
C002210,Retail,24,1007237,Salaried,Female,B011,2016-03-02,704
C002211,Retail,31,271253,Salaried,Male,B008,2023-10-07,706
C002212,Retail,29,1124168,Retired,Female,B004,2015-10-23,700
C002213,Retail,30,1258788,Self-Employed,Male,B007,2016-07-15,674
C002214,Mass Affluent,34,1344558,Business,Male,B015,2021-12-01,663
C002215,Retail,44,1638257,Salaried,Other,B019,2022-03-07,649
C002216,Affluent,53,993067,Retired,Female,B010,2015-04-20,712
C002217,Retail,41,791141,Salaried,Male,B003,2017-05-11,725
C002218,Retail,31,897569,Business,Male,B010,2018-09-05,683
C002219,Mass Affluent,56,628456,Business,Female,B019,2023-11-24,570
C002220,Mass Affluent,18,470639,Salaried,Female,B003,2022-03-29,722
C002221,Retail,46,989797,Self-Employed,Female,B018,2020-12-01,709
C002222,Affluent,28,803377,Business,Female,B005,2023-09-23,787
C002223,Affluent,38,1063297,Salaried,Male,B001,2019-08-14,711
C002224,Retail,45,523921,Salaried,Male,B006,2016-07-02,743
C002225,Retail,21,554773,Business,Female,B007,2019-05-27,803
C002226,SME,41,688420,Salaried,Female,B002,2020-12-25,859
C002227,Mass Affluent,41,552586,Salaried,Female,B017,2022-01-20,718
C002228,Mass Affluent,55,3805166,Salaried,Male,B003,2017-06-01,632
C002229,Affluent,69,2109748,Self-Employed,Female,B002,2015-10-07,820
C002230,Retail,22,601677,Salaried,Female,B018,2015-06-26,482
C002231,Retail,55,551068,Business,Female,B014,2017-01-15,647
C002232,Retail,39,801791,Business,Female,B016,2021-04-08,664
C002233,Affluent,30,453863,Salaried,Male,B012,2022-02-02,772
C002234,Mass Affluent,43,448921,Salaried,Male,B018,2019-05-20,709
C002235,Mass Affluent,25,616968,Self-Employed,Female,B008,2020-10-29,641
C002236,Retail,25,471317,Retired,Male,B001,2019-12-25,895
C002237,Retail,20,676125,Salaried,Male,B003,2015-01-13,694
C002238,Retail,45,763176,Retired,Male,B007,2019-09-17,640
C002239,Mass Affluent,43,180000,Salaried,Female,B002,2016-03-19,634
C002240,Mass Affluent,30,180000,Salaried,Male,B016,2015-05-18,635
C002241,Retail,56,345821,Salaried,Male,B009,2018-05-01,723
C002242,Affluent,32,719614,Self-Employed,Male,B003,2021-09-04,684
C002243,Retail,53,363570,Salaried,Male,B019,2017-04-10,684
C002244,SME,40,2693227,Business,Female,B014,2019-02-12,729
C002245,Retail,32,1073240,Retired,Female,B015,2019-07-11,704
C002246,Mass Affluent,38,2142679,Retired,Female,B016,2016-03-30,740
C002247,Retail,25,1077117,Salaried,Male,B019,2016-07-03,699
C002248,SME,41,214313,Salaried,Female,B015,2021-06-15,697
C002249,Retail,39,281266,Salaried,Female,B014,2019-04-30,664
C002250,Retail,45,430316,Salaried,Male,B005,2016-05-02,710
C002251,Retail,49,275761,Salaried,Male,B007,2016-01-03,757
C002252,Retail,40,1211640,Salaried,Female,B003,2018-04-07,787
C002253,Retail,23,541260,Business,Female,B002,2015-06-22,725
C002254,SME,49,685561,Self-Employed,Male,B016,2018-05-27,482
C002255,Retail,39,1468057,Business,Male,B002,2016-08-10,831
C002256,Affluent,18,2099172,Retired,Male,B003,2019-06-03,671
C002257,Mass Affluent,42,502969,Salaried,Female,B012,2018-05-20,725
C002258,Mass Affluent,43,247140,Business,Female,B001,2023-10-15,762
C002259,Retail,35,277150,Salaried,Male,B015,2022-09-09,786
C002260,Retail,37,1266540,Salaried,Female,B001,2015-08-26,900
C002261,Affluent,32,713065,Salaried,Female,B001,2023-02-08,737
C002262,SME,44,336436,Salaried,Male,B015,2018-09-02,771
C002263,Retail,41,950604,Salaried,Male,B003,2022-05-03,736
C002264,Retail,29,298086,Salaried,Male,B014,2020-08-20,790
C002265,Retail,57,189593,Business,Female,B010,2021-09-14,792
C002266,SME,32,180000,Business,Male,B003,2021-02-28,811
C002267,Retail,18,234405,Self-Employed,Female,B020,2022-01-18,643
C002268,Retail,34,1273068,Self-Employed,Male,B018,2016-05-30,707
C002269,Affluent,50,525981,Salaried,Female,B004,2017-05-06,792
C002270,Retail,37,586962,Self-Employed,Male,B017,2021-02-06,705
C002271,Retail,21,677534,Salaried,Other,B020,2021-10-14,753
C002272,Mass Affluent,28,311100,Salaried,Male,B004,2017-01-04,732
C002273,SME,27,439284,Salaried,Male,B015,2016-02-17,704
C002274,Retail,33,467644,Self-Employed,Male,B011,2022-02-03,595
C002275,Retail,36,327601,Self-Employed,Female,B003,2021-07-04,679
C002276,Retail,44,437525,Salaried,Female,B007,2022-02-20,747
C002277,Retail,40,554382,Salaried,Male,B010,2023-11-30,737
C002278,Mass Affluent,41,510718,Business,Female,B019,2023-03-28,693
C002279,Retail,59,795126,Business,Female,B020,2020-12-18,703
C002280,Retail,48,437585,Salaried,Male,B008,2019-12-01,866
C002281,Retail,48,1637751,Salaried,Male,B015,2020-05-14,733
C002282,Mass Affluent,19,306632,Salaried,Male,B013,2016-10-23,677
C002283,Mass Affluent,31,425066,Salaried,Female,B003,2016-01-06,634
C002284,Affluent,21,775132,Business,Male,B015,2016-03-31,793
C002285,Retail,31,896390,Self-Employed,Male,B010,2015-01-25,721
C002286,Affluent,48,273946,Self-Employed,Male,B015,2017-10-14,658
C002287,Affluent,35,561242,Salaried,Female,B014,2018-11-12,588
C002288,Retail,51,1008911,Business,Male,B009,2023-05-11,711
C002289,Retail,47,211716,Salaried,Male,B015,2015-11-05,862
C002290,Retail,40,566712,Salaried,Female,B014,2021-02-04,803
C002291,Retail,51,228247,Salaried,Female,B015,2021-03-03,685
C002292,Retail,54,353725,Business,Female,B014,2015-01-05,755
C002293,Retail,44,634316,Self-Employed,Female,B010,2015-06-27,619
C002294,Retail,42,520955,Salaried,Male,B012,2015-11-11,706
C002295,Affluent,46,285869,Business,Male,B020,2017-07-05,722
C002296,Retail,24,1327221,Salaried,Female,B014,2022-12-04,624
C002297,Affluent,38,483017,Self-Employed,Female,B015,2019-08-14,657
C002298,Mass Affluent,39,857789,Retired,Male,B012,2019-06-05,671
C002299,Affluent,35,1592525,Salaried,Male,B002,2020-12-18,749
C002300,Mass Affluent,30,386549,Salaried,Male,B019,2018-06-02,738
C002301,Retail,50,895226,Salaried,Female,B017,2021-06-11,656
C002302,Mass Affluent,41,785866,Self-Employed,Male,B015,2015-11-06,763
C002303,Retail,42,243161,Salaried,Female,B010,2023-08-29,721
C002304,Retail,55,1315054,Salaried,Male,B011,2015-09-19,841
C002305,SME,37,640686,Salaried,Male,B014,2022-10-27,632
C002306,Retail,35,424362,Salaried,Female,B009,2016-03-13,833
C002307,Retail,54,209385,Self-Employed,Female,B003,2016-06-05,686
C002308,Mass Affluent,23,262080,Business,Female,B001,2023-09-25,831
C002309,Affluent,40,559136,Self-Employed,Male,B006,2019-08-20,765
C002310,Mass Affluent,31,251469,Salaried,Male,B006,2019-01-06,625
C002311,Retail,42,905253,Business,Male,B005,2018-04-12,730
C002312,Mass Affluent,45,468982,Salaried,Female,B004,2018-11-20,822
C002313,Retail,46,217459,Salaried,Female,B003,2015-08-18,669
C002314,Mass Affluent,50,389948,Salaried,Male,B013,2021-01-13,803
C002315,SME,36,300681,Business,Male,B004,2015-11-30,803
C002316,Mass Affluent,37,270762,Self-Employed,Female,B007,2022-07-22,829
C002317,Affluent,45,180000,Salaried,Female,B019,2018-08-21,758
C002318,Retail,49,640091,Business,Male,B011,2022-08-23,668
C002319,Mass Affluent,25,322769,Business,Male,B010,2023-04-13,771
C002320,Affluent,42,2031912,Salaried,Female,B019,2015-10-26,805
C002321,Retail,35,1143791,Salaried,Male,B019,2022-07-30,778
C002322,Affluent,40,1732620,Salaried,Female,B005,2020-08-22,568
C002323,Retail,35,955315,Salaried,Female,B001,2016-12-01,736
C002324,Mass Affluent,31,410312,Business,Female,B011,2016-01-18,770
C002325,Affluent,28,740691,Business,Female,B013,2015-06-24,826
C002326,Mass Affluent,37,492817,Salaried,Other,B008,2021-09-16,611
C002327,Retail,43,748700,Salaried,Female,B016,2016-10-04,642
C002328,Mass Affluent,32,1070904,Salaried,Female,B009,2023-01-01,716
C002329,Mass Affluent,52,884731,Salaried,Female,B004,2019-07-14,898
C002330,SME,66,603262,Self-Employed,Female,B019,2021-11-08,775
C002331,Retail,44,626231,Salaried,Male,B007,2016-11-10,670
C002332,Retail,39,692058,Salaried,Male,B012,2015-09-25,718
C002333,Mass Affluent,29,1231179,Salaried,Male,B009,2022-06-11,770
C002334,Retail,43,436439,Business,Male,B013,2016-11-05,744
C002335,Mass Affluent,55,507128,Salaried,Female,B012,2015-12-06,737
C002336,Mass Affluent,60,431416,Salaried,Male,B009,2020-02-01,689
C002337,Affluent,54,656009,Self-Employed,Female,B012,2017-11-16,693
C002338,Mass Affluent,48,907575,Salaried,Male,B016,2020-04-24,746
C002339,Mass Affluent,44,729022,Self-Employed,Female,B013,2020-03-21,765
C002340,Retail,27,577923,Salaried,Male,B003,2022-02-24,594
C002341,Retail,38,1204996,Retired,Female,B006,2020-12-22,708
C002342,Retail,37,358056,Salaried,Female,B014,2019-02-13,812
C002343,Retail,38,226344,Salaried,Male,B002,2022-10-31,873
C002344,Mass Affluent,31,739473,Salaried,Female,B020,2022-10-19,780
C002345,Mass Affluent,47,584502,Business,Male,B003,2017-11-06,761
C002346,Mass Affluent,36,538236,Self-Employed,Male,B016,2016-09-19,801
C002347,Affluent,35,254495,Salaried,Female,B008,2017-03-16,745
C002348,SME,31,682676,Salaried,Male,B006,2021-10-01,639
C002349,Affluent,42,1927015,Salaried,Female,B003,2023-07-18,698
C002350,Mass Affluent,55,252504,Self-Employed,Male,B005,2017-12-20,620
C002351,Mass Affluent,39,541755,Self-Employed,Male,B004,2023-05-14,782
C002352,Retail,42,630177,Salaried,Female,B006,2019-12-09,580
C002353,Retail,60,449606,Business,Male,B002,2021-01-02,743
C002354,Retail,52,667669,Salaried,Male,B003,2022-07-12,751
C002355,SME,45,448703,Retired,Male,B008,2019-02-28,718
C002356,Affluent,45,662993,Business,Female,B015,2017-10-26,528
C002357,Retail,32,508390,Self-Employed,Male,B010,2023-12-21,621
C002358,Retail,31,422988,Business,Female,B015,2017-05-12,729
C002359,Affluent,41,570681,Salaried,Female,B006,2018-06-27,776
C002360,Retail,41,820365,Self-Employed,Male,B012,2016-03-07,720
C002361,Retail,30,218018,Salaried,Female,B008,2021-07-19,814
C002362,Affluent,47,941963,Business,Female,B006,2016-09-09,758
C002363,Retail,36,374351,Salaried,Female,B016,2017-02-17,721
C002364,Retail,51,896864,Salaried,Female,B015,2018-12-11,717
C002365,Mass Affluent,38,388219,Business,Female,B020,2016-06-16,672
C002366,Affluent,37,953934,Business,Female,B015,2020-08-09,890
C002367,Mass Affluent,29,581210,Salaried,Female,B008,2016-05-01,778
C002368,Retail,30,327933,Salaried,Male,B019,2015-02-24,748
C002369,Retail,53,451115,Salaried,Male,B014,2021-02-02,712
C002370,Retail,42,1303507,Salaried,Male,B016,2019-11-07,734
C002371,Mass Affluent,43,620557,Salaried,Male,B012,2023-01-10,586
C002372,Affluent,57,445504,Salaried,Male,B003,2021-11-20,723
C002373,Retail,25,1259259,Salaried,Other,B020,2021-12-17,717
C002374,Affluent,46,1046062,Salaried,Female,B005,2020-03-01,531
C002375,Retail,22,347506,Salaried,Male,B013,2017-09-14,813
C002376,Retail,34,525322,Business,Male,B015,2018-02-15,740
C002377,Retail,26,190814,Salaried,Female,B008,2020-01-04,733
C002378,Retail,48,1057538,Salaried,Male,B014,2018-12-12,672
C002379,Mass Affluent,18,601588,Salaried,Male,B015,2015-07-21,819
C002380,Mass Affluent,36,927538,Business,Male,B019,2017-05-13,747
C002381,Retail,26,180000,Business,Male,B008,2020-03-07,645
C002382,Mass Affluent,30,499882,Salaried,Female,B010,2023-03-26,625
C002383,Retail,31,669053,Business,Male,B013,2018-03-14,647
C002384,Affluent,54,180000,Salaried,Male,B004,2015-06-30,688
C002385,SME,35,919251,Salaried,Male,B011,2020-09-14,678
C002386,Retail,58,486228,Salaried,Male,B002,2017-11-25,680
C002387,Mass Affluent,60,191783,Salaried,Female,B019,2018-11-21,749
C002388,Retail,62,429448,Self-Employed,Female,B018,2016-06-15,682
C002389,Retail,38,807362,Salaried,Female,B006,2018-06-07,807
C002390,Retail,41,331428,Self-Employed,Female,B014,2018-05-19,857
C002391,Affluent,43,582450,Salaried,Male,B018,2016-04-14,640
C002392,Mass Affluent,35,452774,Salaried,Male,B011,2019-12-13,811
C002393,Retail,44,180000,Salaried,Female,B007,2023-06-05,655
C002394,Affluent,29,900025,Salaried,Female,B015,2016-04-03,786
C002395,Mass Affluent,18,1014304,Business,Male,B001,2018-11-18,750
C002396,Affluent,47,1265984,Business,Female,B010,2021-01-15,802
C002397,Mass Affluent,35,603525,Salaried,Female,B009,2018-03-15,641
C002398,Mass Affluent,28,822149,Salaried,Female,B016,2021-07-27,769
C002399,Retail,30,210146,Salaried,Male,B016,2019-09-01,646
C002400,Retail,56,701353,Retired,Female,B017,2017-05-23,700
C002401,SME,44,487974,Salaried,Female,B012,2023-07-16,662
C002402,Retail,22,570726,Salaried,Male,B007,2019-04-09,642
C002403,SME,26,290226,Self-Employed,Female,B002,2015-04-20,726
C002404,Mass Affluent,36,1244714,Salaried,Male,B003,2023-04-12,775
C002405,Retail,44,205161,Retired,Male,B006,2016-05-01,728
C002406,Retail,30,716041,Self-Employed,Female,B019,2015-08-05,721
C002407,Retail,37,330481,Retired,Female,B008,2020-11-21,704
C002408,SME,40,2378010,Business,Female,B004,2019-10-19,786
C002409,Retail,40,942860,Self-Employed,Female,B007,2016-11-10,664
C002410,Retail,18,588988,Business,Female,B004,2019-04-30,782
C002411,Retail,41,307594,Self-Employed,Female,B018,2019-10-04,718
C002412,Retail,20,1070037,Salaried,Female,B007,2018-07-30,900
C002413,Retail,36,180000,Salaried,Male,B001,2019-04-07,728
C002414,Retail,33,770192,Salaried,Female,B005,2023-06-27,712
C002415,Affluent,27,836040,Salaried,Female,B010,2022-09-14,592
C002416,Retail,48,804772,Salaried,Female,B014,2017-08-01,809
C002417,Retail,27,1034352,Salaried,Female,B001,2019-04-20,655
C002418,Retail,33,415589,Salaried,Male,B012,2018-12-16,721
C002419,Retail,49,857468,Salaried,Female,B019,2019-10-20,699
C002420,SME,33,388167,Business,Female,B002,2022-10-30,760
C002421,Mass Affluent,31,349737,Business,Male,B014,2021-12-27,700
C002422,Retail,36,306711,Business,Male,B003,2018-07-01,633
C002423,Mass Affluent,45,509354,Salaried,Female,B019,2017-06-19,652
C002424,Retail,55,1235493,Salaried,Male,B003,2015-08-29,643
C002425,Retail,29,1829374,Salaried,Female,B013,2015-07-21,733
C002426,SME,30,503285,Salaried,Male,B017,2023-10-12,810
C002427,Affluent,36,394532,Salaried,Female,B003,2019-02-10,698
C002428,SME,42,1423765,Business,Male,B014,2016-03-01,762
C002429,Retail,31,795251,Self-Employed,Male,B002,2021-07-29,783
C002430,Mass Affluent,47,611441,Salaried,Male,B013,2016-01-02,741
C002431,Retail,29,292414,Retired,Male,B009,2020-11-02,661
C002432,Retail,18,1521627,Business,Female,B010,2023-11-03,809
C002433,Affluent,45,637672,Self-Employed,Female,B008,2015-12-03,664
C002434,Retail,46,600062,Salaried,Female,B007,2018-04-29,742
C002435,Affluent,50,853221,Business,Female,B001,2017-07-20,720
C002436,Mass Affluent,18,608601,Salaried,Female,B008,2023-03-03,753
C002437,Retail,32,1564691,Salaried,Male,B008,2020-08-30,747
C002438,Mass Affluent,36,1158174,Self-Employed,Male,B006,2016-10-17,776
C002439,Mass Affluent,58,416574,Salaried,Male,B018,2019-09-06,726
C002440,Retail,37,634867,Business,Male,B004,2016-05-06,761
C002441,Affluent,24,410102,Business,Male,B011,2018-03-06,783
C002442,Mass Affluent,42,2048814,Salaried,Male,B020,2018-06-13,612
C002443,Retail,53,375050,Salaried,Female,B016,2023-06-02,813
C002444,Mass Affluent,51,555329,Salaried,Female,B012,2015-01-23,707
C002445,SME,45,760124,Salaried,Female,B004,2020-12-28,743
C002446,Retail,42,833511,Salaried,Female,B009,2023-07-07,731
C002447,Affluent,18,930206,Salaried,Female,B001,2023-11-08,692
C002448,Retail,39,1009851,Salaried,Male,B006,2015-08-10,712
C002449,Affluent,41,941325,Business,Male,B001,2022-08-22,729
C002450,Mass Affluent,37,452821,Salaried,Male,B020,2020-05-05,706
C002451,Retail,47,420648,Business,Female,B008,2020-08-29,797
C002452,Retail,37,615096,Salaried,Male,B013,2023-09-09,783
C002453,Affluent,35,419191,Salaried,Male,B019,2020-01-21,684
C002454,Retail,50,391276,Business,Male,B020,2023-01-31,860
C002455,Mass Affluent,34,456081,Salaried,Male,B004,2018-08-23,615
C002456,Retail,40,2352696,Self-Employed,Female,B007,2023-07-26,645
C002457,Affluent,49,1636663,Self-Employed,Female,B018,2020-02-15,715
C002458,Mass Affluent,28,513609,Self-Employed,Female,B010,2020-05-18,741
C002459,SME,27,180000,Salaried,Female,B015,2022-06-18,669
C002460,Retail,54,408806,Business,Male,B013,2018-03-09,695
C002461,Mass Affluent,32,1063099,Self-Employed,Male,B020,2020-12-04,648
C002462,Mass Affluent,47,216877,Self-Employed,Female,B018,2018-03-07,699
C002463,Retail,19,888405,Business,Male,B012,2015-11-17,612
C002464,Retail,18,852134,Salaried,Male,B015,2021-05-04,695
C002465,Retail,43,606795,Salaried,Female,B008,2016-03-11,692
C002466,Mass Affluent,38,585512,Salaried,Female,B011,2022-09-14,641
C002467,Mass Affluent,43,333271,Salaried,Male,B003,2017-12-10,824
C002468,Retail,60,943754,Salaried,Female,B014,2017-09-08,762
C002469,Mass Affluent,25,733900,Salaried,Male,B008,2021-06-25,806
C002470,Retail,39,439010,Salaried,Female,B006,2019-06-17,724
C002471,Retail,55,360204,Salaried,Female,B001,2017-01-01,754
C002472,SME,27,276222,Business,Female,B010,2019-10-15,710
C002473,SME,33,763886,Salaried,Male,B002,2018-09-23,709
C002474,Mass Affluent,20,526089,Business,Female,B008,2017-01-14,772
C002475,Retail,64,530467,Salaried,Male,B014,2020-09-02,666
C002476,Affluent,18,217492,Self-Employed,Male,B001,2017-11-25,710
C002477,Retail,48,294437,Salaried,Male,B007,2017-05-24,846
C002478,Retail,24,274340,Salaried,Male,B001,2017-04-03,715
C002479,Retail,27,988924,Retired,Male,B005,2016-12-20,733
C002480,Mass Affluent,51,670843,Self-Employed,Male,B018,2022-11-13,790
C002481,Mass Affluent,31,499192,Business,Male,B017,2022-02-04,801
C002482,Retail,46,1230953,Salaried,Female,B017,2021-04-24,790
C002483,Mass Affluent,54,1122835,Business,Male,B013,2018-09-23,644
C002484,SME,41,1230853,Salaried,Male,B004,2021-02-02,687
C002485,Retail,49,512654,Salaried,Female,B016,2018-12-24,841
C002486,Mass Affluent,40,239269,Salaried,Male,B017,2019-02-25,706
C002487,Affluent,40,1819204,Salaried,Male,B018,2022-03-27,758
C002488,Retail,32,843589,Salaried,Male,B002,2023-01-16,777
C002489,Retail,60,855030,Self-Employed,Male,B012,2020-01-21,835
C002490,Mass Affluent,47,930986,Business,Female,B010,2019-11-01,657
C002491,Mass Affluent,45,3616289,Salaried,Male,B009,2015-09-25,738
C002492,Affluent,47,562080,Retired,Male,B004,2016-12-17,717
C002493,Retail,32,1526364,Business,Male,B015,2016-03-22,900
C002494,SME,49,344719,Salaried,Male,B010,2022-06-15,679
C002495,Retail,56,1019258,Salaried,Male,B009,2015-08-28,653
C002496,Retail,24,1912501,Salaried,Male,B007,2015-04-27,858
C002497,Mass Affluent,45,581961,Salaried,Female,B011,2021-05-02,900
C002498,Retail,40,180000,Business,Female,B002,2020-07-21,803
C002499,Retail,33,867389,Salaried,Female,B020,2016-10-17,610
C002500,Retail,27,521099,Salaried,Female,B020,2022-10-22,651
C002501,Retail,51,1038672,Salaried,Female,B016,2020-08-01,659
C002502,Retail,41,443085,Salaried,Male,B006,2016-08-09,862
C002503,SME,37,2832338,Salaried,Male,B008,2023-06-16,715
C002504,Retail,45,642978,Salaried,Male,B018,2020-02-24,741
C002505,Mass Affluent,38,1003381,Retired,Male,B011,2020-08-21,698
C002506,Affluent,31,313290,Salaried,Other,B004,2022-01-06,627
C002507,SME,40,279537,Salaried,Female,B004,2023-01-09,669
C002508,Retail,39,258258,Business,Male,B010,2022-03-17,857
C002509,Affluent,19,259390,Self-Employed,Male,B016,2020-10-31,717
C002510,Mass Affluent,32,932558,Salaried,Female,B003,2016-01-18,591
C002511,Mass Affluent,25,405439,Salaried,Male,B012,2022-04-27,766
C002512,Mass Affluent,21,262805,Salaried,Male,B017,2015-03-25,714
C002513,Affluent,44,381488,Self-Employed,Male,B005,2017-09-10,716
C002514,Retail,32,947944,Salaried,Male,B003,2016-05-27,703
C002515,Mass Affluent,50,932693,Self-Employed,Female,B016,2019-05-08,639
C002516,Mass Affluent,19,1147012,Self-Employed,Male,B019,2021-01-28,673
C002517,Affluent,36,499664,Salaried,Female,B004,2016-05-05,874
C002518,SME,32,2197462,Salaried,Female,B009,2015-09-23,782
C002519,Retail,22,1212256,Retired,Female,B004,2023-06-07,769
C002520,SME,39,279703,Business,Male,B010,2021-01-01,707
C002521,Retail,23,1017211,Self-Employed,Female,B017,2019-09-30,727
C002522,Retail,41,607499,Salaried,Female,B016,2019-11-22,838
C002523,Retail,47,538955,Salaried,Male,B007,2023-10-12,728
C002524,Retail,42,603851,Salaried,Male,B015,2016-09-28,739
C002525,Mass Affluent,43,389186,Business,Other,B018,2022-11-18,759
C002526,Retail,50,1156065,Self-Employed,Male,B006,2022-12-20,634
C002527,Retail,39,412023,Business,Female,B015,2018-12-15,711
C002528,SME,30,416890,Retired,Female,B011,2020-10-16,634
C002529,Affluent,32,983439,Self-Employed,Male,B020,2018-07-01,526
C002530,Affluent,33,2459564,Self-Employed,Female,B005,2022-09-23,616
C002531,Affluent,28,434384,Salaried,Male,B016,2021-09-13,717
C002532,Mass Affluent,48,266850,Salaried,Male,B012,2018-10-11,813
C002533,Retail,45,1258692,Salaried,Female,B004,2019-10-29,744
C002534,Retail,21,681099,Salaried,Female,B002,2017-02-20,753
C002535,Mass Affluent,30,831688,Salaried,Female,B016,2015-09-07,791
C002536,Retail,27,613538,Salaried,Female,B008,2023-11-10,850
C002537,Mass Affluent,42,882507,Business,Male,B017,2017-06-03,772
C002538,Retail,51,760105,Retired,Female,B009,2018-07-14,668
C002539,Retail,44,426956,Business,Male,B006,2016-01-19,717
C002540,Mass Affluent,31,948091,Salaried,Male,B004,2018-07-12,818
C002541,Mass Affluent,35,830473,Salaried,Female,B013,2016-06-20,769
C002542,Mass Affluent,24,471373,Salaried,Male,B014,2019-06-28,667
C002543,Mass Affluent,25,536179,Salaried,Male,B012,2022-10-01,741
C002544,Retail,48,360000,Self-Employed,Female,B003,2019-11-24,815
C002545,Retail,55,810099,Salaried,Female,B015,2022-03-02,791
C002546,Affluent,31,815880,Salaried,Male,B015,2020-09-02,771
C002547,Mass Affluent,40,585078,Salaried,Male,B015,2023-04-03,648
C002548,Retail,47,286219,Self-Employed,Male,B015,2023-10-04,651
C002549,Affluent,21,180000,Business,Female,B008,2018-04-12,728
C002550,Retail,27,516216,Business,Male,B017,2020-08-27,851
C002551,Retail,61,699755,Retired,Male,B014,2019-01-14,761
C002552,Retail,28,912301,Salaried,Female,B006,2017-12-22,721
C002553,Mass Affluent,35,1252948,Business,Male,B017,2019-07-05,675
C002554,Mass Affluent,32,475710,Self-Employed,Male,B002,2018-03-21,775
C002555,Retail,18,214557,Self-Employed,Male,B011,2020-02-19,803
C002556,Affluent,40,429680,Business,Female,B016,2016-04-18,697
C002557,Retail,39,2480096,Salaried,Female,B019,2019-03-11,705
C002558,Retail,41,1747045,Business,Female,B017,2020-08-05,684
C002559,Retail,38,792496,Salaried,Male,B006,2022-08-29,643
C002560,Retail,34,453223,Salaried,Female,B014,2020-01-09,608
C002561,Retail,33,565437,Salaried,Female,B013,2023-06-07,774
C002562,Mass Affluent,33,1828926,Business,Male,B007,2015-08-12,628
C002563,Affluent,28,687749,Self-Employed,Female,B013,2021-02-25,784
C002564,Mass Affluent,30,468530,Self-Employed,Female,B006,2015-05-13,562
C002565,Retail,28,1420824,Salaried,Female,B002,2022-12-05,767
C002566,Retail,45,180000,Salaried,Female,B005,2022-01-30,690
C002567,Retail,42,312300,Self-Employed,Female,B012,2016-01-17,743
C002568,Retail,39,355566,Salaried,Female,B015,2023-12-07,702
C002569,Affluent,60,1150540,Salaried,Male,B006,2015-08-19,688
C002570,Retail,29,416723,Salaried,Other,B001,2016-12-05,641
C002571,Mass Affluent,51,189514,Salaried,Female,B011,2022-03-07,717
C002572,Affluent,36,382608,Salaried,Male,B012,2017-06-19,827
C002573,Retail,41,441778,Salaried,Male,B003,2018-09-08,771
C002574,Affluent,46,574246,Business,Male,B019,2020-07-21,638
C002575,Mass Affluent,34,652154,Self-Employed,Female,B013,2015-02-21,698
C002576,Mass Affluent,27,1125427,Business,Female,B011,2021-07-12,692
C002577,Mass Affluent,29,489854,Salaried,Male,B007,2017-09-19,757
C002578,Retail,18,410813,Self-Employed,Male,B012,2016-08-17,612
C002579,Retail,46,618491,Salaried,Female,B018,2020-04-07,793
C002580,Retail,45,702504,Salaried,Female,B016,2015-11-29,900
C002581,Retail,56,405883,Salaried,Male,B008,2018-12-29,731
C002582,Mass Affluent,44,198337,Self-Employed,Female,B013,2019-11-13,704
C002583,Retail,46,436372,Salaried,Female,B017,2016-11-13,794
C002584,SME,38,1014106,Salaried,Male,B004,2022-07-05,645
C002585,Mass Affluent,44,570036,Salaried,Male,B009,2016-04-18,806
C002586,Retail,51,1346727,Business,Female,B009,2022-10-27,655
C002587,Retail,41,831799,Business,Female,B010,2019-03-11,900
C002588,Affluent,33,425720,Business,Male,B011,2022-10-21,587
C002589,Affluent,37,1559008,Salaried,Other,B001,2016-12-20,672
C002590,Mass Affluent,47,341055,Retired,Female,B017,2017-04-04,749
C002591,Retail,34,201961,Business,Male,B007,2018-12-02,770
C002592,Retail,49,750380,Salaried,Male,B011,2020-01-19,685
C002593,Retail,60,360471,Business,Female,B013,2022-10-16,808
C002594,Retail,49,578298,Salaried,Male,B006,2016-01-14,646
C002595,Affluent,47,298911,Salaried,Female,B008,2017-02-02,643
C002596,Mass Affluent,43,601773,Salaried,Male,B010,2020-07-30,628
C002597,Mass Affluent,30,822252,Salaried,Female,B014,2022-07-31,735
C002598,Affluent,29,905155,Salaried,Female,B012,2021-03-02,710
C002599,Mass Affluent,29,286303,Business,Female,B011,2015-12-24,635
C002600,Retail,45,248825,Salaried,Female,B007,2021-04-15,732
C002601,Retail,35,776886,Salaried,Male,B013,2023-01-29,639
C002602,SME,39,468814,Salaried,Male,B002,2017-06-23,740
C002603,Retail,44,417813,Self-Employed,Female,B003,2018-03-18,785
C002604,SME,30,555846,Business,Male,B001,2016-10-31,644
C002605,Affluent,33,537090,Self-Employed,Male,B006,2022-04-14,692
C002606,Retail,43,765094,Salaried,Female,B001,2017-02-28,827
C002607,Mass Affluent,36,823705,Business,Female,B002,2023-03-10,687
C002608,Affluent,37,1137354,Salaried,Female,B010,2022-01-02,682
C002609,Mass Affluent,28,507289,Business,Female,B012,2015-10-14,884
C002610,SME,37,1146170,Self-Employed,Female,B005,2021-09-01,793
C002611,SME,57,879027,Self-Employed,Female,B009,2017-02-16,692
C002612,Retail,34,1058275,Business,Female,B012,2017-01-03,764
C002613,Retail,26,292227,Self-Employed,Male,B008,2023-05-07,552
C002614,SME,50,561124,Self-Employed,Male,B010,2017-06-21,673
C002615,Mass Affluent,45,2056652,Self-Employed,Female,B014,2020-12-30,698
C002616,Retail,41,246080,Salaried,Male,B020,2016-08-08,684
C002617,Retail,24,1922591,Salaried,Female,B015,2023-11-13,665
C002618,Mass Affluent,26,1868075,Retired,Other,B008,2020-02-26,760
C002619,SME,22,965557,Salaried,Male,B009,2019-11-30,698
C002620,Affluent,44,250021,Salaried,Male,B005,2022-02-24,710
C002621,Mass Affluent,50,521209,Salaried,Female,B001,2018-11-04,693
C002622,Retail,44,1004352,Salaried,Male,B011,2023-12-26,685
C002623,Retail,60,253447,Self-Employed,Female,B004,2017-02-19,764
C002624,Affluent,34,931206,Self-Employed,Male,B006,2023-07-13,766
C002625,Retail,35,643629,Salaried,Female,B017,2016-04-09,773
C002626,Retail,40,414504,Business,Male,B004,2017-01-31,720
C002627,Retail,36,289872,Business,Male,B005,2019-04-02,720
C002628,Mass Affluent,44,1548918,Salaried,Male,B014,2018-09-16,697
C002629,SME,32,994096,Salaried,Male,B018,2016-10-18,779
C002630,Retail,24,539000,Business,Male,B003,2019-09-09,665
C002631,Retail,19,613736,Salaried,Male,B011,2022-12-08,728
C002632,Mass Affluent,44,504134,Self-Employed,Female,B015,2020-10-19,713
C002633,SME,33,185288,Salaried,Male,B007,2017-07-03,648
C002634,Retail,26,1386375,Salaried,Female,B004,2020-03-30,701
C002635,Retail,32,691717,Business,Female,B006,2018-08-06,700
C002636,Retail,60,1115745,Business,Male,B010,2015-08-09,787
C002637,Affluent,27,446608,Salaried,Female,B007,2019-08-21,738
C002638,Retail,47,637032,Business,Male,B003,2022-04-19,771
C002639,Retail,44,738691,Salaried,Female,B015,2019-03-15,612
C002640,Mass Affluent,54,1172839,Salaried,Other,B016,2016-06-24,656
C002641,Affluent,38,1924415,Self-Employed,Female,B003,2021-12-08,806
C002642,Retail,22,478301,Salaried,Male,B012,2023-11-22,660
C002643,Affluent,50,478654,Business,Female,B005,2016-01-27,730
C002644,Retail,36,511434,Self-Employed,Female,B005,2022-03-12,678
C002645,Mass Affluent,53,407212,Salaried,Male,B001,2020-11-09,775
C002646,Retail,48,3351391,Business,Male,B006,2018-08-24,696
C002647,Mass Affluent,50,201119,Salaried,Female,B015,2022-03-19,711
C002648,Retail,65,3439523,Salaried,Female,B013,2015-12-04,664
C002649,Affluent,42,908746,Self-Employed,Female,B007,2019-06-09,690
C002650,Mass Affluent,55,568644,Business,Female,B018,2020-10-06,780
C002651,Mass Affluent,35,348093,Salaried,Female,B019,2020-10-09,716
C002652,Affluent,45,584424,Business,Female,B006,2021-10-07,646
C002653,Affluent,33,415921,Salaried,Female,B008,2015-09-30,772
C002654,Retail,44,1471685,Salaried,Female,B003,2021-03-23,668
C002655,Retail,43,904243,Retired,Male,B017,2022-08-03,737
C002656,SME,18,1777611,Self-Employed,Male,B014,2018-10-14,696
C002657,Retail,32,496789,Salaried,Female,B020,2023-02-02,796
C002658,Mass Affluent,42,657735,Business,Female,B014,2018-09-24,822
C002659,SME,18,563190,Self-Employed,Female,B002,2017-05-13,725
C002660,Retail,38,470574,Self-Employed,Male,B004,2022-11-25,521
C002661,Mass Affluent,50,307371,Self-Employed,Female,B009,2015-12-04,700
C002662,Retail,53,957688,Business,Female,B016,2021-08-21,685
C002663,Mass Affluent,30,748895,Salaried,Male,B001,2019-09-08,712
C002664,Retail,54,581857,Salaried,Male,B002,2021-01-10,779
C002665,Retail,52,832009,Business,Male,B012,2017-10-28,682
C002666,Mass Affluent,18,458994,Salaried,Male,B016,2015-10-09,712
C002667,Affluent,40,605957,Salaried,Female,B015,2020-03-19,742
C002668,Affluent,41,1050741,Salaried,Male,B019,2018-11-22,754
C002669,Mass Affluent,56,1148314,Salaried,Female,B020,2020-05-14,744
C002670,Retail,42,1620114,Self-Employed,Female,B006,2023-10-11,661
C002671,Mass Affluent,54,291698,Salaried,Female,B020,2019-08-07,793
C002672,Retail,30,320930,Salaried,Female,B019,2018-06-04,734
C002673,SME,21,283774,Business,Female,B015,2017-11-23,590
C002674,Affluent,32,393701,Business,Male,B004,2021-11-27,646
C002675,Mass Affluent,56,482533,Salaried,Female,B016,2020-07-12,711
C002676,SME,49,797131,Salaried,Male,B011,2018-03-09,746
C002677,Retail,65,1279067,Business,Female,B007,2021-08-29,777
C002678,Mass Affluent,23,464481,Retired,Male,B002,2020-08-01,838
C002679,Retail,50,871322,Salaried,Female,B007,2018-08-01,713
C002680,SME,47,1376951,Self-Employed,Female,B012,2023-12-25,724
C002681,Retail,36,446309,Salaried,Male,B014,2023-08-20,634
C002682,Mass Affluent,48,499739,Self-Employed,Male,B015,2019-11-19,734
C002683,Affluent,41,626347,Salaried,Female,B020,2018-10-10,745
C002684,Retail,44,201901,Business,Female,B007,2016-10-10,782
C002685,Retail,46,836539,Salaried,Male,B018,2017-08-12,781
C002686,Affluent,50,274178,Self-Employed,Male,B011,2021-08-08,740
C002687,Retail,40,1002487,Salaried,Male,B010,2018-08-11,745
C002688,Retail,59,453419,Salaried,Male,B014,2020-07-19,734
C002689,Retail,37,430597,Salaried,Female,B003,2023-06-05,712
C002690,Retail,60,317604,Salaried,Female,B018,2020-02-25,745
C002691,Affluent,27,852846,Salaried,Male,B012,2022-03-25,687
C002692,Mass Affluent,28,849238,Retired,Female,B001,2017-05-05,633
C002693,Retail,29,446340,Business,Male,B013,2016-08-08,665
C002694,Retail,50,1930241,Self-Employed,Male,B002,2019-03-19,732
C002695,Retail,30,613527,Business,Male,B015,2020-04-22,754
C002696,Retail,55,594581,Salaried,Male,B011,2022-06-07,788
C002697,Retail,33,623581,Business,Male,B006,2018-07-28,879
C002698,Retail,43,385570,Retired,Male,B006,2022-07-16,747
C002699,Retail,46,314483,Salaried,Female,B012,2018-09-25,650
C002700,Mass Affluent,28,470659,Retired,Male,B016,2023-01-18,686
C002701,Retail,24,905982,Salaried,Male,B016,2016-03-17,804
C002702,Mass Affluent,42,180112,Salaried,Female,B010,2022-08-16,786
C002703,Mass Affluent,36,226385,Salaried,Female,B017,2016-01-27,742
C002704,Mass Affluent,44,404244,Retired,Male,B020,2020-03-26,645
C002705,Mass Affluent,24,186938,Self-Employed,Male,B002,2021-10-18,771
C002706,Mass Affluent,35,238905,Self-Employed,Male,B013,2015-04-11,718
C002707,Affluent,37,1015443,Salaried,Male,B017,2018-08-14,738
C002708,Mass Affluent,18,451267,Salaried,Male,B009,2023-04-26,866
C002709,Mass Affluent,50,346228,Business,Male,B015,2020-01-29,698
C002710,Affluent,31,657143,Salaried,Male,B007,2020-11-22,595
C002711,Mass Affluent,55,646565,Salaried,Female,B013,2015-02-28,776
C002712,Retail,31,1279113,Salaried,Male,B010,2015-07-29,641
C002713,Retail,33,188713,Salaried,Female,B018,2020-11-12,606
C002714,Retail,25,328568,Self-Employed,Male,B010,2016-08-24,773
C002715,Affluent,52,407024,Business,Male,B018,2018-09-29,725
C002716,Mass Affluent,44,773688,Salaried,Female,B014,2020-09-29,675
C002717,SME,54,3931049,Salaried,Male,B019,2020-05-30,745
C002718,Mass Affluent,37,878378,Salaried,Male,B001,2023-01-27,792
C002719,Retail,39,504773,Salaried,Other,B004,2016-05-15,834
C002720,Retail,20,272679,Business,Female,B014,2022-07-25,766
C002721,Mass Affluent,32,251377,Salaried,Female,B005,2022-02-24,657
C002722,Mass Affluent,41,1079199,Salaried,Male,B005,2019-09-25,610
C002723,SME,43,357925,Salaried,Female,B020,2023-10-17,775
C002724,Retail,59,476647,Salaried,Male,B014,2018-01-30,679
C002725,Mass Affluent,19,1761911,Self-Employed,Male,B008,2017-07-07,649
C002726,Mass Affluent,42,196847,Salaried,Male,B012,2023-09-27,742
C002727,Mass Affluent,35,715330,Salaried,Female,B017,2015-11-04,697
C002728,Mass Affluent,40,333474,Salaried,Female,B003,2023-01-02,716
C002729,Affluent,40,1738027,Self-Employed,Female,B004,2016-04-17,707
C002730,Retail,37,325986,Business,Female,B005,2019-01-10,818
C002731,Mass Affluent,27,926789,Salaried,Male,B001,2015-03-17,785
C002732,Mass Affluent,24,185233,Business,Female,B002,2016-10-04,666
C002733,Affluent,36,1646753,Self-Employed,Female,B005,2021-01-08,714
C002734,Affluent,23,1090891,Salaried,Female,B019,2019-10-20,748
C002735,Retail,38,417968,Business,Male,B005,2022-03-23,668
C002736,Retail,36,774617,Salaried,Female,B013,2022-12-20,798
C002737,SME,18,1117883,Business,Female,B005,2021-12-13,634
C002738,Mass Affluent,60,662666,Salaried,Male,B008,2020-05-15,770
C002739,SME,40,466088,Self-Employed,Male,B009,2021-09-18,780
C002740,Retail,18,562940,Retired,Male,B015,2015-09-09,753
C002741,Mass Affluent,42,644481,Salaried,Female,B003,2019-10-15,839
C002742,Affluent,37,622381,Salaried,Male,B001,2016-01-10,626
C002743,SME,25,795815,Business,Male,B020,2018-02-16,699
C002744,Retail,42,308932,Self-Employed,Other,B007,2017-10-04,606
C002745,Mass Affluent,29,393703,Business,Female,B013,2015-06-02,743
C002746,Mass Affluent,41,465598,Salaried,Female,B003,2019-03-28,697
C002747,Retail,31,814913,Salaried,Female,B010,2019-06-25,890
C002748,Mass Affluent,29,222225,Salaried,Female,B018,2023-08-12,791
C002749,Mass Affluent,39,663126,Salaried,Female,B016,2016-12-10,764
C002750,SME,21,996690,Salaried,Female,B009,2019-12-26,805
C002751,Retail,38,619177,Self-Employed,Female,B015,2018-03-26,672
C002752,Retail,46,630062,Salaried,Male,B014,2018-05-29,754
C002753,Retail,53,492898,Salaried,Male,B019,2015-06-23,577
C002754,Retail,51,624771,Salaried,Female,B006,2015-08-26,667
C002755,Retail,54,450433,Self-Employed,Female,B007,2017-02-02,774
C002756,Affluent,34,538496,Salaried,Female,B005,2022-02-04,835
C002757,Retail,28,450273,Salaried,Female,B013,2021-12-18,854
C002758,SME,48,533967,Salaried,Male,B005,2023-10-18,702
C002759,SME,33,488089,Salaried,Male,B014,2020-03-16,766
C002760,Mass Affluent,39,278426,Salaried,Female,B001,2015-06-30,706
C002761,SME,47,225493,Salaried,Other,B020,2022-11-30,677
C002762,Affluent,61,631709,Self-Employed,Female,B001,2020-11-15,885
C002763,Mass Affluent,45,888426,Salaried,Male,B009,2021-06-15,658
C002764,Retail,41,1647788,Salaried,Male,B009,2021-08-24,699
C002765,Retail,27,1224574,Salaried,Male,B015,2020-07-28,802
C002766,Mass Affluent,52,1079949,Salaried,Male,B005,2018-10-27,584
C002767,Affluent,43,696399,Salaried,Male,B007,2022-07-01,651
C002768,Retail,35,648351,Self-Employed,Female,B002,2021-11-12,678
C002769,Affluent,34,359234,Self-Employed,Female,B011,2018-04-15,696
C002770,Mass Affluent,35,333776,Business,Male,B010,2017-05-12,769
C002771,Retail,39,679095,Salaried,Female,B019,2017-07-25,722
C002772,SME,23,348690,Business,Female,B005,2016-04-14,696
C002773,Mass Affluent,52,565693,Salaried,Female,B015,2016-12-30,668
C002774,Retail,50,180000,Salaried,Female,B002,2023-05-09,696
C002775,Mass Affluent,37,812869,Salaried,Female,B011,2019-12-09,676
C002776,Retail,35,306233,Salaried,Male,B004,2020-01-01,798
C002777,Mass Affluent,39,237193,Self-Employed,Female,B017,2021-08-13,747
C002778,Retail,41,959610,Salaried,Female,B002,2021-12-08,795
C002779,Retail,36,1122068,Self-Employed,Female,B010,2016-07-10,583
C002780,SME,50,567945,Salaried,Male,B011,2017-08-27,838
C002781,Mass Affluent,23,376457,Salaried,Other,B001,2018-06-21,734
C002782,Retail,31,957008,Business,Male,B018,2015-05-07,695
C002783,Retail,48,363972,Salaried,Other,B005,2022-11-01,644
C002784,SME,43,541566,Self-Employed,Female,B005,2018-02-09,680
C002785,Retail,32,1441343,Salaried,Female,B004,2017-09-05,807
C002786,Retail,43,765747,Salaried,Female,B009,2019-01-05,714
C002787,Retail,30,582266,Salaried,Female,B019,2021-05-07,723
C002788,Retail,36,501498,Business,Other,B003,2016-10-24,644
C002789,Affluent,50,617338,Salaried,Female,B015,2018-12-01,771
C002790,Mass Affluent,49,713252,Self-Employed,Female,B014,2020-02-20,565
C002791,Retail,42,288687,Business,Male,B001,2018-06-14,724
C002792,Mass Affluent,27,1315927,Business,Male,B010,2015-06-11,672
C002793,Retail,35,445474,Retired,Female,B013,2018-11-05,795
C002794,SME,40,525310,Business,Female,B012,2017-03-19,730
C002795,SME,55,1018192,Salaried,Male,B001,2018-07-28,758
C002796,Retail,19,547287,Business,Male,B002,2023-03-17,684
C002797,Affluent,29,1063794,Business,Male,B011,2016-07-09,741
C002798,Affluent,51,581937,Self-Employed,Female,B012,2022-08-11,733
C002799,Retail,54,640018,Salaried,Female,B001,2018-03-10,730
C002800,Retail,38,690159,Salaried,Male,B010,2017-12-13,736
C002801,Retail,56,765071,Salaried,Female,B003,2019-04-12,710
C002802,Affluent,31,863166,Salaried,Female,B009,2016-06-03,738
C002803,SME,22,1188831,Self-Employed,Male,B017,2016-04-28,686
C002804,Affluent,48,1143828,Self-Employed,Male,B019,2015-06-20,667
C002805,Affluent,53,358274,Business,Male,B018,2021-08-20,686
C002806,Mass Affluent,53,1544045,Salaried,Female,B005,2016-12-10,782
C002807,Affluent,30,198661,Salaried,Other,B007,2018-01-05,688
C002808,Affluent,41,398078,Business,Male,B015,2022-12-09,800
C002809,Retail,48,548599,Self-Employed,Male,B006,2023-11-29,751
C002810,Mass Affluent,42,281142,Business,Male,B005,2020-08-14,747
C002811,Affluent,55,719685,Self-Employed,Female,B019,2022-03-03,656
C002812,Retail,35,970527,Self-Employed,Female,B013,2018-06-14,778
C002813,Affluent,38,377558,Business,Male,B007,2019-08-18,695
C002814,Retail,42,810922,Salaried,Female,B002,2019-03-03,521
C002815,Mass Affluent,48,1033680,Salaried,Female,B006,2023-06-18,774
C002816,Affluent,37,180000,Salaried,Male,B015,2015-03-06,776
C002817,Retail,49,671953,Business,Female,B005,2020-02-03,687
C002818,Retail,57,764774,Business,Male,B005,2021-04-02,764
C002819,Retail,33,330545,Salaried,Male,B004,2016-10-27,617
C002820,Affluent,37,275951,Salaried,Male,B013,2015-10-16,713
C002821,Retail,50,383707,Salaried,Female,B018,2021-04-02,856
C002822,SME,60,531308,Retired,Male,B001,2017-01-18,661
C002823,Retail,46,368337,Salaried,Female,B003,2016-02-26,604
C002824,SME,30,860962,Salaried,Female,B007,2016-01-26,716
C002825,SME,41,791490,Salaried,Female,B001,2022-08-12,819
C002826,Retail,50,766076,Business,Female,B014,2017-01-25,601
C002827,Mass Affluent,30,1359342,Self-Employed,Male,B015,2017-10-25,708
C002828,Retail,27,912758,Self-Employed,Female,B016,2018-03-06,783
C002829,Mass Affluent,35,721355,Salaried,Female,B005,2017-01-19,778
C002830,Retail,46,270674,Self-Employed,Male,B003,2023-03-03,731
C002831,Retail,24,1273213,Salaried,Male,B017,2017-12-07,694
C002832,Retail,31,1366850,Salaried,Male,B005,2016-07-11,748
C002833,Retail,42,484455,Salaried,Male,B001,2017-12-23,804
C002834,Retail,51,354558,Self-Employed,Male,B013,2016-12-04,680
C002835,Mass Affluent,42,979857,Business,Female,B018,2022-02-01,782
C002836,SME,43,183775,Salaried,Male,B001,2019-08-21,774
C002837,Retail,50,777327,Salaried,Male,B019,2023-06-18,710
C002838,Mass Affluent,57,1587384,Business,Female,B006,2023-11-22,635
C002839,Retail,55,468332,Self-Employed,Female,B009,2019-12-06,664
C002840,Affluent,18,702299,Salaried,Male,B014,2019-10-15,835
C002841,SME,40,640724,Salaried,Female,B011,2022-08-24,827
C002842,Affluent,49,1182146,Self-Employed,Male,B004,2017-01-29,747
C002843,SME,58,642848,Salaried,Female,B007,2015-08-06,892
C002844,Retail,46,480182,Retired,Male,B018,2020-06-20,726
C002845,Affluent,30,223507,Self-Employed,Male,B018,2019-04-24,634
C002846,Affluent,31,637905,Business,Female,B006,2019-10-23,620
C002847,Retail,31,573382,Business,Male,B005,2019-05-10,633
C002848,SME,42,180000,Self-Employed,Male,B006,2019-11-19,751
C002849,Retail,34,311878,Salaried,Female,B002,2015-11-04,686
C002850,Mass Affluent,18,406859,Salaried,Other,B002,2020-01-30,678
C002851,Retail,26,406914,Business,Male,B001,2023-06-23,719
C002852,Retail,34,589096,Self-Employed,Male,B018,2021-05-19,848
C002853,Mass Affluent,24,558681,Salaried,Female,B010,2019-05-21,852
C002854,Mass Affluent,26,576018,Self-Employed,Female,B007,2019-09-26,744
C002855,Retail,62,2606227,Salaried,Female,B002,2018-02-16,785
C002856,Retail,39,450340,Salaried,Female,B019,2021-04-15,780
C002857,Affluent,35,340985,Salaried,Female,B010,2015-03-03,752
C002858,Retail,46,1661500,Salaried,Male,B012,2017-10-17,644
C002859,Retail,52,1553851,Business,Female,B012,2018-11-24,763
C002860,SME,64,296927,Salaried,Male,B015,2018-03-09,684
C002861,Affluent,58,1320357,Salaried,Male,B018,2016-07-05,674
C002862,Retail,44,180656,Self-Employed,Male,B001,2017-10-30,757
C002863,Affluent,22,3876481,Business,Male,B006,2023-03-27,841
C002864,Affluent,28,1911750,Salaried,Male,B009,2016-07-20,747
C002865,Affluent,35,847836,Self-Employed,Female,B006,2017-04-26,702
C002866,Mass Affluent,45,1048379,Salaried,Male,B006,2017-10-04,703
C002867,Retail,40,800587,Salaried,Female,B006,2023-08-27,769
C002868,Retail,23,390942,Salaried,Female,B016,2019-03-20,705
C002869,Retail,21,1305199,Self-Employed,Male,B015,2021-11-26,707
C002870,Mass Affluent,42,1448715,Self-Employed,Male,B008,2018-11-07,679
C002871,Retail,40,373984,Salaried,Male,B002,2017-11-12,681
C002872,Mass Affluent,37,587647,Salaried,Male,B011,2019-06-25,796
C002873,Retail,44,269175,Salaried,Female,B009,2016-07-14,731
C002874,Retail,53,581702,Business,Male,B016,2015-12-28,683
C002875,Affluent,42,504204,Self-Employed,Female,B002,2022-09-20,726
C002876,Retail,29,1354310,Self-Employed,Female,B011,2017-08-18,757
C002877,Retail,60,1698458,Salaried,Male,B017,2022-06-19,655
C002878,Affluent,37,300531,Salaried,Female,B006,2020-01-23,750
C002879,Retail,40,989173,Salaried,Female,B006,2018-08-31,763
C002880,Mass Affluent,32,1062848,Salaried,Female,B009,2022-04-25,843
C002881,Affluent,27,192639,Salaried,Male,B001,2021-03-04,750
C002882,Retail,28,1123476,Retired,Female,B012,2022-09-07,622
C002883,Affluent,26,229557,Business,Male,B011,2018-06-12,766
C002884,Mass Affluent,18,430366,Self-Employed,Female,B017,2021-05-10,740
C002885,Retail,37,334044,Salaried,Male,B007,2018-03-18,730
C002886,Retail,51,216092,Salaried,Female,B004,2022-02-28,805
C002887,Retail,28,1229539,Salaried,Male,B009,2016-11-22,753
C002888,SME,67,325219,Salaried,Female,B019,2020-04-01,771
C002889,Retail,54,463748,Salaried,Female,B015,2020-04-11,672
C002890,Mass Affluent,39,597346,Business,Male,B006,2018-07-28,753
C002891,Mass Affluent,27,972501,Self-Employed,Male,B004,2015-06-09,689
C002892,Mass Affluent,21,319679,Salaried,Male,B005,2020-03-26,689
C002893,Retail,38,823693,Salaried,Male,B013,2023-08-08,693
C002894,Retail,40,516354,Salaried,Male,B005,2020-01-06,624
C002895,Mass Affluent,37,311588,Salaried,Female,B002,2023-02-20,699
C002896,Retail,51,1164748,Retired,Male,B011,2022-07-19,711
C002897,Retail,55,2316763,Self-Employed,Female,B018,2015-06-12,673
C002898,Retail,44,685050,Salaried,Male,B015,2023-08-21,829
C002899,Retail,45,403873,Salaried,Female,B017,2019-06-27,723
C002900,Affluent,36,371936,Salaried,Female,B017,2019-01-23,695
C002901,Retail,39,1013440,Self-Employed,Female,B020,2023-11-07,674
C002902,Retail,44,605296,Salaried,Female,B019,2020-03-05,813
C002903,Retail,36,300792,Salaried,Female,B020,2020-03-12,678
C002904,Mass Affluent,46,199608,Salaried,Female,B016,2015-08-28,727
C002905,Mass Affluent,27,768714,Salaried,Female,B011,2020-05-19,771
C002906,Retail,31,263608,Salaried,Female,B017,2019-10-02,638
C002907,Affluent,27,461860,Salaried,Male,B008,2016-04-30,699
C002908,Mass Affluent,32,1729510,Salaried,Female,B008,2016-11-01,736
C002909,Affluent,36,349565,Salaried,Male,B012,2023-12-19,713
C002910,Affluent,50,1190137,Salaried,Female,B015,2020-02-03,749
C002911,Retail,39,308940,Salaried,Female,B004,2021-10-07,725
C002912,Retail,25,1059420,Business,Female,B008,2017-10-14,776
C002913,Retail,24,871982,Salaried,Female,B015,2018-05-05,645
C002914,Retail,34,824062,Salaried,Male,B005,2017-12-01,753
C002915,SME,48,403954,Salaried,Male,B010,2021-03-11,719
C002916,Retail,54,907694,Salaried,Male,B020,2022-06-24,725
C002917,Retail,22,765406,Salaried,Male,B019,2015-09-10,745
C002918,Affluent,43,2046922,Business,Female,B015,2015-01-17,641
C002919,Mass Affluent,35,402043,Salaried,Female,B006,2015-04-26,700
C002920,Retail,35,1384126,Business,Female,B009,2020-03-30,791
C002921,Retail,27,334127,Business,Female,B006,2018-05-12,661
C002922,Retail,37,513738,Business,Male,B009,2016-11-23,732
C002923,Affluent,27,396192,Salaried,Male,B008,2017-03-22,731
C002924,Retail,36,434803,Salaried,Male,B016,2020-07-28,737
C002925,Retail,52,541657,Self-Employed,Male,B010,2017-03-05,548
C002926,Mass Affluent,46,1531597,Salaried,Male,B009,2015-05-31,826
C002927,Retail,60,807342,Self-Employed,Male,B008,2021-04-12,655
C002928,Mass Affluent,45,1338199,Business,Male,B014,2017-12-17,817
C002929,Retail,41,605712,Business,Female,B007,2022-07-19,654
C002930,Retail,45,1381199,Salaried,Male,B011,2016-05-21,749
C002931,SME,30,695399,Salaried,Male,B020,2021-04-07,690
C002932,Mass Affluent,18,359212,Salaried,Male,B016,2018-01-20,663
C002933,Retail,48,1191931,Salaried,Male,B017,2019-06-18,900
C002934,Mass Affluent,19,1574143,Salaried,Female,B008,2020-05-18,703
C002935,Affluent,51,908537,Business,Female,B012,2020-05-02,620
C002936,Mass Affluent,47,1029678,Self-Employed,Male,B017,2016-01-27,820
C002937,Retail,30,1377987,Business,Male,B015,2015-02-15,779
C002938,SME,34,503407,Salaried,Female,B007,2015-06-04,829
C002939,Retail,39,376254,Self-Employed,Male,B019,2023-08-08,626
C002940,Retail,29,759517,Business,Male,B017,2016-05-25,657
C002941,Retail,45,1842950,Business,Female,B013,2015-10-09,746
C002942,Retail,46,729751,Business,Male,B008,2018-12-20,695
C002943,Affluent,23,903466,Salaried,Male,B014,2015-01-30,679
C002944,Retail,30,629864,Business,Male,B008,2016-12-21,769
C002945,Retail,39,726619,Salaried,Male,B014,2021-04-28,634
C002946,Affluent,52,425693,Business,Male,B005,2018-09-08,636
C002947,Retail,46,856885,Business,Male,B012,2020-10-31,741
C002948,Retail,18,1061554,Salaried,Female,B020,2023-03-17,652
C002949,Retail,36,225946,Business,Male,B011,2020-01-01,688
C002950,Retail,44,226148,Salaried,Male,B004,2020-09-13,735
C002951,Retail,30,191889,Business,Female,B020,2020-08-14,673
C002952,Mass Affluent,29,1565526,Self-Employed,Female,B002,2022-12-27,660
C002953,Retail,31,328920,Self-Employed,Male,B010,2017-10-26,810
C002954,Retail,36,754121,Salaried,Male,B010,2018-06-24,705
C002955,Affluent,28,1914458,Salaried,Female,B007,2018-01-21,766
C002956,Mass Affluent,46,744766,Retired,Female,B012,2019-12-20,679
C002957,Retail,30,838170,Salaried,Male,B016,2020-07-21,709
C002958,Mass Affluent,28,346852,Business,Male,B010,2015-11-11,734
C002959,Retail,35,745099,Self-Employed,Female,B008,2021-10-18,721
C002960,Retail,55,314227,Self-Employed,Male,B008,2023-12-06,736
C002961,Mass Affluent,45,180000,Self-Employed,Female,B005,2016-06-27,870
C002962,Retail,45,620765,Salaried,Male,B004,2022-09-17,787
C002963,SME,42,739120,Salaried,Female,B012,2021-10-16,759
C002964,Retail,29,425592,Self-Employed,Male,B011,2018-06-13,798
C002965,Affluent,32,369305,Business,Male,B015,2019-04-13,690
C002966,Retail,30,522278,Self-Employed,Female,B013,2023-12-15,835
C002967,Affluent,51,374110,Salaried,Female,B001,2019-04-14,616
C002968,Mass Affluent,42,972005,Retired,Male,B005,2023-10-24,757
C002969,Affluent,21,802218,Self-Employed,Male,B006,2020-11-29,816
C002970,Retail,55,1728754,Salaried,Male,B013,2020-07-31,621
C002971,Mass Affluent,35,476205,Business,Male,B010,2018-02-05,726
C002972,Mass Affluent,46,627858,Self-Employed,Male,B012,2016-03-10,683
C002973,Mass Affluent,51,671663,Self-Employed,Female,B003,2016-01-08,627
C002974,Mass Affluent,18,470824,Self-Employed,Female,B011,2021-05-07,735
C002975,Mass Affluent,44,180000,Salaried,Female,B015,2017-07-08,696
C002976,Retail,36,800678,Salaried,Female,B017,2020-03-11,798
C002977,Retail,18,2736852,Salaried,Other,B005,2021-02-14,716
C002978,Retail,27,1148843,Self-Employed,Female,B005,2019-05-08,645
C002979,Retail,34,2142548,Salaried,Female,B011,2022-07-22,709
C002980,SME,48,1074754,Salaried,Male,B008,2023-09-22,686
C002981,Mass Affluent,37,543566,Business,Female,B011,2020-08-16,823
C002982,SME,41,887100,Salaried,Female,B020,2018-01-04,746
C002983,Retail,35,1202743,Self-Employed,Male,B015,2017-05-07,720
C002984,Affluent,51,211983,Salaried,Male,B009,2022-03-12,857
C002985,Affluent,45,801162,Salaried,Male,B018,2017-11-23,741
C002986,Mass Affluent,41,562814,Salaried,Male,B006,2016-12-31,690
C002987,Mass Affluent,26,1567549,Business,Male,B006,2021-11-03,698
C002988,Retail,40,764285,Salaried,Female,B011,2020-12-27,758
C002989,Affluent,70,180000,Salaried,Female,B020,2015-11-10,668
C002990,Mass Affluent,48,798596,Salaried,Male,B003,2016-04-11,900
C002991,Retail,31,180000,Salaried,Male,B011,2020-01-18,741
C002992,Retail,59,1373476,Business,Female,B003,2022-05-05,731
C002993,SME,30,364236,Business,Male,B018,2018-05-17,593
C002994,Affluent,47,287708,Salaried,Female,B003,2017-04-03,561
C002995,SME,38,363488,Salaried,Male,B020,2015-03-23,676
C002996,Mass Affluent,41,335641,Salaried,Male,B010,2022-09-19,683
C002997,Retail,41,542245,Business,Male,B004,2015-04-06,670
C002998,Retail,36,342955,Salaried,Female,B004,2021-06-24,709
C002999,Retail,35,493436,Business,Male,B001,2016-01-24,582
C003000,Retail,25,220181,Self-Employed,Female,B017,2018-01-14,763
C003001,Retail,27,509465,Salaried,Female,B006,2021-08-15,716
C003002,Retail,43,1512640,Self-Employed,Male,B004,2017-12-31,752
C003003,Retail,31,448249,Salaried,Female,B009,2017-12-11,739
C003004,SME,29,900207,Salaried,Female,B010,2016-04-08,665
C003005,Retail,70,265162,Salaried,Male,B005,2023-09-03,746
C003006,Affluent,66,874570,Salaried,Female,B008,2018-07-08,815
C003007,Mass Affluent,45,1256844,Business,Male,B018,2017-04-06,669
C003008,Retail,47,1515222,Business,Female,B008,2019-12-22,790
C003009,Retail,30,683629,Retired,Female,B018,2015-12-02,810
C003010,Retail,26,928312,Salaried,Female,B007,2020-02-23,729
C003011,Retail,35,261019,Salaried,Male,B008,2020-08-23,709
C003012,Mass Affluent,39,467647,Salaried,Male,B007,2016-12-17,701
C003013,Retail,47,356647,Business,Female,B019,2019-02-03,728
C003014,Retail,19,742798,Salaried,Female,B011,2016-07-17,884
C003015,Retail,63,425638,Salaried,Female,B011,2021-05-17,675
C003016,SME,42,937617,Salaried,Female,B003,2023-08-10,758
C003017,Affluent,22,2985473,Salaried,Female,B020,2015-02-25,745
C003018,Mass Affluent,41,898704,Salaried,Female,B013,2023-05-24,794
C003019,Retail,29,1501932,Salaried,Female,B010,2018-05-18,717
C003020,Affluent,28,277819,Salaried,Male,B006,2018-08-09,744
C003021,Affluent,27,567760,Salaried,Female,B003,2022-07-20,665
C003022,Mass Affluent,36,690824,Self-Employed,Female,B010,2021-09-03,680
C003023,SME,62,625916,Self-Employed,Female,B002,2018-12-03,715
C003024,Retail,40,1988419,Self-Employed,Female,B001,2018-11-28,606
C003025,SME,47,369963,Salaried,Male,B012,2022-10-09,694
C003026,SME,49,740229,Self-Employed,Female,B004,2019-05-12,752
C003027,Retail,37,180000,Salaried,Female,B020,2023-11-27,804
C003028,Retail,26,790738,Business,Male,B011,2023-03-22,683
C003029,SME,21,833618,Salaried,Female,B001,2020-12-05,715
C003030,Retail,35,579964,Salaried,Female,B016,2021-07-12,722
C003031,Mass Affluent,52,775785,Salaried,Male,B006,2015-08-12,682
C003032,SME,49,415720,Self-Employed,Female,B015,2015-11-13,694
C003033,Mass Affluent,42,271223,Salaried,Female,B010,2022-11-10,773
C003034,Retail,43,315569,Salaried,Male,B008,2015-12-02,874
C003035,Mass Affluent,37,344730,Salaried,Female,B017,2021-12-07,739
C003036,Retail,34,259019,Salaried,Male,B013,2018-07-23,794
C003037,Mass Affluent,31,252458,Salaried,Male,B009,2015-09-16,626
C003038,Retail,23,349809,Salaried,Male,B006,2015-10-20,745
C003039,Mass Affluent,59,476021,Business,Male,B017,2018-04-01,827
C003040,Mass Affluent,41,653701,Salaried,Female,B002,2016-05-18,797
C003041,Mass Affluent,34,270802,Business,Female,B018,2019-07-18,706
C003042,Mass Affluent,59,326987,Salaried,Female,B016,2019-03-15,789
C003043,Mass Affluent,61,402485,Salaried,Male,B006,2019-04-01,742
C003044,Mass Affluent,69,797037,Retired,Female,B003,2018-10-23,624
C003045,Retail,36,275915,Business,Male,B003,2017-10-17,663
C003046,Mass Affluent,40,428679,Salaried,Female,B014,2020-08-13,770
C003047,Retail,46,1128894,Self-Employed,Male,B010,2022-09-19,704
C003048,SME,57,357961,Business,Male,B010,2016-09-11,615
C003049,Retail,40,266720,Business,Female,B002,2018-07-20,735
C003050,Retail,28,566931,Business,Male,B007,2015-07-10,678
C003051,Mass Affluent,31,349549,Self-Employed,Female,B014,2017-09-28,531
C003052,Retail,52,180000,Salaried,Male,B017,2023-09-05,712
C003053,Retail,46,682873,Retired,Male,B017,2022-04-11,596
C003054,Mass Affluent,37,1056359,Salaried,Male,B010,2019-08-08,715
C003055,Mass Affluent,36,591343,Salaried,Female,B003,2016-06-19,712
C003056,Mass Affluent,37,1182054,Retired,Female,B017,2016-11-07,884
C003057,Retail,53,911915,Salaried,Male,B013,2018-07-05,761
C003058,Mass Affluent,30,344208,Salaried,Female,B016,2022-09-30,742
C003059,Retail,26,2273576,Salaried,Female,B003,2018-11-18,809
C003060,Mass Affluent,59,739277,Business,Male,B015,2017-02-21,691
C003061,Mass Affluent,39,792349,Salaried,Male,B007,2022-02-09,691
C003062,Mass Affluent,38,314560,Salaried,Female,B013,2015-11-10,669
C003063,Retail,46,219670,Salaried,Female,B007,2021-10-13,801
C003064,Retail,28,296701,Salaried,Male,B011,2019-09-13,733
C003065,Retail,47,1091159,Business,Female,B014,2016-08-16,674
C003066,Retail,35,1823939,Salaried,Female,B011,2015-09-11,775
C003067,Retail,51,723874,Salaried,Male,B019,2022-11-11,636
C003068,Mass Affluent,22,637192,Salaried,Male,B007,2022-08-28,660
C003069,Retail,44,1125109,Salaried,Female,B002,2016-06-08,699
C003070,SME,36,1472459,Self-Employed,Male,B003,2019-08-26,727
C003071,Retail,31,233478,Salaried,Female,B002,2015-06-13,743
C003072,Affluent,47,1728634,Salaried,Female,B005,2021-12-27,705
C003073,Mass Affluent,37,468534,Salaried,Male,B018,2015-12-15,737
C003074,Retail,44,1213806,Business,Male,B016,2017-07-18,774
C003075,Retail,53,299756,Self-Employed,Male,B003,2016-06-19,828
C003076,Mass Affluent,48,1174627,Salaried,Male,B015,2021-02-06,723
C003077,Retail,27,236282,Salaried,Female,B020,2022-01-30,838
C003078,SME,33,1243622,Self-Employed,Male,B020,2019-01-20,729
C003079,Mass Affluent,44,911512,Business,Male,B013,2020-06-15,701
C003080,SME,48,215962,Self-Employed,Male,B006,2023-08-12,684
C003081,Retail,35,1374642,Salaried,Female,B016,2018-03-09,630
C003082,Mass Affluent,41,318157,Retired,Female,B011,2019-08-06,688
C003083,Mass Affluent,41,1261207,Salaried,Female,B014,2017-10-23,772
C003084,Mass Affluent,43,659077,Salaried,Male,B015,2022-10-14,666
C003085,Retail,26,266895,Salaried,Female,B005,2021-05-01,666
C003086,Mass Affluent,23,310548,Salaried,Female,B006,2016-06-25,685
C003087,Retail,18,7583642,Salaried,Female,B015,2019-05-12,763
C003088,Mass Affluent,40,2688410,Business,Male,B019,2017-03-01,675
C003089,Retail,24,523213,Salaried,Female,B011,2018-12-08,583
C003090,Affluent,63,790720,Business,Male,B020,2016-02-04,597
C003091,Retail,46,1311467,Retired,Female,B006,2018-02-17,658
C003092,Affluent,26,259099,Self-Employed,Female,B011,2021-10-03,724
C003093,Affluent,51,939538,Self-Employed,Female,B008,2018-08-02,701
C003094,Affluent,52,1139778,Business,Female,B012,2015-02-15,711
C003095,Mass Affluent,52,759096,Salaried,Female,B017,2018-10-12,815
C003096,Retail,30,1481847,Salaried,Female,B001,2018-01-08,841
C003097,SME,47,662585,Business,Male,B010,2017-02-06,645
C003098,Retail,53,1230742,Salaried,Male,B014,2017-05-09,630
C003099,Mass Affluent,56,699611,Salaried,Male,B007,2017-06-04,793
C003100,Mass Affluent,22,221412,Salaried,Female,B018,2021-09-17,725
C003101,Mass Affluent,37,1104618,Business,Male,B009,2019-01-25,722
C003102,Retail,30,1398555,Business,Female,B016,2018-02-06,651
C003103,Mass Affluent,60,543836,Salaried,Male,B010,2022-02-28,628
C003104,Affluent,44,251268,Salaried,Female,B012,2015-08-26,548
C003105,Retail,49,1054876,Salaried,Female,B009,2020-01-03,727
C003106,SME,44,737038,Self-Employed,Female,B014,2016-04-11,781
C003107,Retail,43,727772,Salaried,Male,B002,2023-12-25,758
C003108,Retail,30,678437,Salaried,Female,B010,2015-07-09,738
C003109,Retail,34,1155099,Self-Employed,Male,B010,2023-03-28,651
C003110,Retail,40,723491,Self-Employed,Male,B002,2016-10-30,623
C003111,SME,32,440641,Self-Employed,Male,B006,2020-12-13,767
C003112,Retail,30,209980,Salaried,Female,B011,2022-05-09,636
C003113,Retail,37,444494,Self-Employed,Female,B009,2022-05-11,662
C003114,Retail,32,1083707,Salaried,Male,B003,2019-06-17,666
C003115,Mass Affluent,40,482671,Salaried,Female,B019,2019-02-04,719
C003116,Mass Affluent,34,1082504,Salaried,Male,B011,2020-10-31,723
C003117,Retail,31,239288,Salaried,Male,B004,2020-09-21,777
C003118,Retail,29,310862,Salaried,Male,B015,2022-07-24,723
C003119,Affluent,39,299353,Salaried,Female,B012,2018-08-08,713
C003120,Retail,49,655189,Salaried,Male,B004,2017-06-05,800
C003121,Retail,46,1923186,Salaried,Male,B015,2021-01-01,676
C003122,Retail,22,2580465,Salaried,Male,B017,2015-07-01,722
C003123,Affluent,48,1193123,Salaried,Male,B018,2018-03-14,648
C003124,Retail,46,180000,Salaried,Male,B005,2018-03-29,731
C003125,Mass Affluent,49,367998,Business,Male,B010,2023-02-07,777
C003126,Retail,51,180000,Salaried,Male,B020,2018-08-23,676
C003127,SME,31,668016,Self-Employed,Female,B009,2018-10-27,836
C003128,Retail,36,1725207,Self-Employed,Male,B018,2021-10-26,722
C003129,Affluent,59,1019441,Business,Male,B012,2017-02-05,759
C003130,Retail,58,190447,Salaried,Male,B008,2020-07-22,612
C003131,Retail,38,1479707,Salaried,Male,B011,2022-10-09,818
C003132,Affluent,46,1312529,Self-Employed,Male,B004,2019-08-07,796
C003133,Retail,47,1635924,Salaried,Male,B009,2022-02-04,582
C003134,Affluent,58,1233795,Salaried,Male,B004,2022-12-29,623
C003135,SME,43,426214,Retired,Male,B018,2022-07-24,776
C003136,Affluent,26,180000,Business,Female,B014,2017-09-20,786
C003137,Retail,34,1284380,Self-Employed,Male,B014,2021-09-27,590
C003138,Affluent,73,993982,Salaried,Male,B001,2022-04-28,771
C003139,Retail,25,180000,Business,Male,B009,2016-02-24,673
C003140,Affluent,40,320581,Salaried,Female,B006,2015-09-19,713
C003141,Mass Affluent,64,326488,Retired,Male,B018,2022-10-19,705
C003142,Affluent,30,962742,Self-Employed,Male,B011,2023-06-04,666
C003143,Retail,18,593985,Salaried,Female,B007,2021-06-17,703
C003144,Mass Affluent,18,505494,Salaried,Male,B008,2016-06-23,655
C003145,Retail,30,456810,Business,Female,B003,2017-06-21,677
C003146,Affluent,20,288659,Business,Female,B011,2017-01-19,638
C003147,Retail,50,1123751,Business,Female,B011,2023-07-28,807
C003148,Mass Affluent,42,374073,Retired,Female,B002,2017-07-03,684
C003149,Affluent,18,1277262,Salaried,Male,B015,2022-11-17,787
C003150,Mass Affluent,21,242610,Salaried,Female,B015,2015-02-19,760
C003151,Retail,53,435785,Self-Employed,Male,B005,2020-07-02,796
C003152,Mass Affluent,41,2151824,Salaried,Male,B020,2016-09-23,688
C003153,Retail,55,698849,Retired,Male,B008,2022-12-27,706
C003154,Retail,51,436188,Business,Male,B016,2019-04-23,727
C003155,Retail,26,398885,Retired,Male,B012,2016-12-23,635
C003156,Retail,49,340980,Salaried,Male,B014,2021-01-21,725
C003157,Retail,45,805798,Salaried,Female,B013,2020-04-02,699
C003158,Mass Affluent,18,1076012,Salaried,Female,B009,2021-04-29,803
C003159,Retail,24,706464,Salaried,Male,B007,2021-05-30,820
C003160,Retail,66,577344,Self-Employed,Male,B017,2015-07-28,847
C003161,SME,29,887093,Salaried,Female,B002,2017-06-07,594
C003162,Retail,44,240800,Business,Male,B008,2022-06-09,769
C003163,Mass Affluent,37,767150,Salaried,Male,B013,2021-06-12,697
C003164,Affluent,41,795885,Business,Male,B008,2015-12-30,672
C003165,SME,38,713876,Self-Employed,Male,B018,2015-04-13,827
C003166,Mass Affluent,50,418230,Retired,Female,B013,2020-06-23,649
C003167,Mass Affluent,49,362546,Salaried,Female,B008,2021-09-12,735
C003168,Affluent,40,257596,Salaried,Male,B016,2019-08-07,654
C003169,Retail,29,1560572,Business,Female,B020,2022-04-10,550
C003170,Affluent,33,578674,Salaried,Male,B003,2022-09-27,615
C003171,Retail,22,455530,Salaried,Female,B015,2015-12-18,559
C003172,SME,35,427575,Business,Male,B010,2018-06-14,689
C003173,Retail,20,322212,Salaried,Male,B018,2020-11-09,630
C003174,Mass Affluent,41,423571,Salaried,Male,B019,2018-03-17,801
C003175,Retail,42,1318472,Salaried,Female,B002,2017-10-05,760
C003176,Mass Affluent,50,875716,Salaried,Female,B010,2023-06-28,655
C003177,Retail,26,1028082,Self-Employed,Male,B016,2017-11-05,648
C003178,Affluent,26,1119308,Salaried,Male,B008,2020-05-30,680
C003179,Affluent,56,2506943,Self-Employed,Female,B007,2015-07-25,694
C003180,Retail,24,610909,Salaried,Female,B004,2022-10-23,806
C003181,Affluent,62,454291,Business,Female,B009,2020-02-12,683
C003182,Affluent,29,797191,Salaried,Male,B002,2020-08-27,727
C003183,Mass Affluent,29,914676,Business,Male,B016,2020-03-30,681
C003184,Retail,48,586868,Business,Male,B007,2015-06-26,760
C003185,Retail,45,335578,Business,Male,B015,2016-03-16,771
C003186,Retail,57,677106,Salaried,Male,B005,2022-07-31,803
C003187,Retail,18,854784,Salaried,Male,B001,2022-01-22,785
C003188,SME,45,751997,Salaried,Female,B020,2017-12-29,551
C003189,Retail,38,181719,Self-Employed,Female,B005,2022-04-29,614
C003190,Affluent,27,213443,Salaried,Female,B013,2023-04-14,735
C003191,Retail,60,956078,Business,Male,B020,2022-11-08,737
C003192,Mass Affluent,42,471033,Retired,Male,B013,2016-06-05,700
C003193,Affluent,38,2547587,Salaried,Male,B018,2018-07-04,787
C003194,Affluent,44,1434661,Salaried,Female,B002,2018-07-04,825
C003195,Retail,20,263129,Business,Male,B018,2022-02-19,672
C003196,Retail,25,1169305,Salaried,Male,B010,2020-08-04,611
C003197,Retail,35,1698167,Salaried,Male,B003,2022-06-07,751
C003198,Retail,42,449215,Business,Male,B010,2016-10-26,678
C003199,Retail,53,567315,Salaried,Male,B009,2022-04-16,571
C003200,Retail,29,420189,Retired,Male,B003,2017-06-24,740
C003201,Retail,27,289224,Business,Female,B006,2023-11-10,751
C003202,Mass Affluent,45,1672317,Salaried,Male,B011,2020-05-19,671
C003203,Retail,38,180000,Salaried,Male,B006,2021-09-05,709
C003204,Retail,18,387011,Business,Male,B005,2017-09-19,742
C003205,Retail,29,455926,Self-Employed,Male,B014,2017-08-15,823
C003206,Mass Affluent,37,664544,Salaried,Male,B002,2017-07-13,763
C003207,Affluent,37,268038,Salaried,Male,B001,2015-02-22,615
C003208,Mass Affluent,40,1447563,Salaried,Male,B005,2023-04-30,824
C003209,Affluent,25,181925,Retired,Female,B008,2020-07-27,839
C003210,Retail,38,183663,Salaried,Male,B010,2022-12-31,750
C003211,Mass Affluent,49,623073,Salaried,Male,B019,2015-01-04,799
C003212,Retail,18,259929,Retired,Female,B003,2019-05-04,635
C003213,Retail,36,686751,Salaried,Female,B018,2023-12-13,723
C003214,Mass Affluent,21,370876,Salaried,Other,B007,2016-11-12,780
C003215,Affluent,39,1014080,Retired,Male,B013,2016-09-21,738
C003216,Retail,22,328263,Salaried,Male,B014,2023-08-13,668
C003217,Mass Affluent,40,1534389,Retired,Male,B018,2020-01-31,650
C003218,Mass Affluent,57,903291,Salaried,Female,B012,2015-07-24,740
C003219,Retail,28,366562,Salaried,Male,B008,2019-06-08,773
C003220,Retail,30,900266,Salaried,Male,B018,2022-02-06,640
C003221,Retail,34,659736,Retired,Female,B006,2018-10-08,682
C003222,Retail,43,999756,Salaried,Female,B012,2022-01-17,884
C003223,Retail,28,885868,Salaried,Female,B003,2023-03-16,765
C003224,Retail,35,757835,Salaried,Other,B003,2018-09-17,703
C003225,Retail,32,625752,Salaried,Female,B016,2018-05-11,789
C003226,Mass Affluent,34,1080131,Self-Employed,Male,B017,2022-09-17,772
C003227,Mass Affluent,43,1284105,Self-Employed,Male,B016,2017-02-14,736
C003228,SME,45,655697,Business,Male,B013,2016-02-06,738
C003229,Retail,23,889737,Business,Male,B013,2018-11-13,674
C003230,Affluent,43,1103395,Self-Employed,Male,B012,2020-04-02,786
C003231,Affluent,74,1705191,Self-Employed,Male,B002,2016-10-01,664
C003232,Mass Affluent,56,1522045,Salaried,Male,B014,2017-01-04,781
C003233,Retail,32,1171847,Retired,Female,B010,2020-10-15,786
C003234,Affluent,40,458404,Salaried,Female,B019,2018-03-19,680
C003235,Retail,39,255587,Salaried,Female,B005,2018-03-03,602
C003236,Retail,44,863050,Self-Employed,Male,B016,2017-05-05,770
C003237,Mass Affluent,34,858814,Business,Female,B005,2018-12-05,775
C003238,Mass Affluent,36,463551,Salaried,Male,B002,2018-05-21,750
C003239,Retail,31,252060,Business,Female,B006,2019-04-22,618
C003240,SME,51,1760222,Salaried,Female,B012,2019-03-05,741
C003241,Mass Affluent,42,791212,Salaried,Male,B013,2022-05-04,843
C003242,Retail,43,273573,Salaried,Female,B013,2021-03-23,835
C003243,SME,52,552467,Business,Male,B014,2022-10-21,808
C003244,Retail,53,250519,Salaried,Female,B019,2018-11-07,761
C003245,SME,50,934573,Salaried,Male,B015,2019-04-21,756
C003246,Mass Affluent,52,1997162,Salaried,Male,B003,2021-02-14,685
C003247,Retail,56,531666,Salaried,Female,B009,2019-11-18,837
C003248,Affluent,28,564993,Salaried,Male,B010,2018-05-26,734
C003249,Mass Affluent,36,501369,Salaried,Male,B007,2018-11-04,801
C003250,Affluent,47,518568,Salaried,Male,B014,2018-04-14,700
C003251,SME,29,362338,Salaried,Male,B017,2021-03-08,763
C003252,Affluent,35,1473296,Salaried,Female,B014,2019-10-20,712
C003253,Mass Affluent,41,681092,Salaried,Male,B010,2015-12-09,614
C003254,Affluent,36,625236,Salaried,Male,B005,2021-12-10,667
C003255,Mass Affluent,40,518010,Salaried,Female,B018,2017-09-20,692
C003256,Retail,26,262315,Salaried,Male,B017,2015-12-13,827
C003257,Affluent,39,1104202,Business,Male,B018,2021-06-28,643
C003258,Retail,40,1513005,Salaried,Male,B004,2016-05-08,651
C003259,Mass Affluent,57,180000,Salaried,Female,B020,2019-02-19,669
C003260,Affluent,36,951529,Business,Female,B001,2020-10-25,805
C003261,Mass Affluent,32,1051027,Salaried,Male,B013,2020-05-12,710
C003262,Mass Affluent,47,1382520,Business,Female,B010,2017-09-02,712
C003263,Affluent,18,1313541,Salaried,Female,B015,2020-08-12,777
C003264,Retail,36,3328248,Salaried,Female,B005,2022-01-29,836
C003265,Affluent,33,778290,Salaried,Female,B018,2023-03-18,858
C003266,Retail,42,1143868,Retired,Male,B004,2015-01-03,829
C003267,Retail,53,604868,Salaried,Female,B001,2020-01-22,707
C003268,Retail,56,356056,Business,Female,B010,2022-10-14,694
C003269,Mass Affluent,42,950803,Self-Employed,Male,B017,2021-04-05,709
C003270,Mass Affluent,22,1144698,Retired,Female,B003,2018-06-21,599
C003271,Affluent,33,749263,Self-Employed,Other,B004,2021-10-10,622
C003272,Retail,35,203929,Self-Employed,Female,B012,2016-06-25,764
C003273,Retail,43,233950,Business,Male,B011,2015-12-09,613
C003274,Retail,40,987989,Business,Male,B003,2018-11-26,647
C003275,Retail,31,473050,Salaried,Female,B011,2019-03-21,733
C003276,Mass Affluent,25,756264,Self-Employed,Female,B003,2022-04-22,646
C003277,Retail,29,821128,Self-Employed,Female,B004,2022-11-16,681
C003278,Retail,29,556996,Salaried,Male,B003,2021-04-23,682
C003279,Retail,57,507997,Business,Male,B012,2020-10-12,551
C003280,Retail,31,551287,Salaried,Female,B012,2016-12-31,716
C003281,Retail,40,881300,Salaried,Female,B017,2015-05-22,694
C003282,Retail,50,819692,Business,Female,B008,2018-08-13,704
C003283,Mass Affluent,41,356950,Self-Employed,Female,B010,2022-09-14,623
C003284,Affluent,27,594242,Salaried,Male,B016,2018-01-01,660
C003285,Mass Affluent,50,301108,Self-Employed,Male,B019,2017-08-21,689
C003286,SME,43,838203,Business,Female,B015,2016-11-23,644
C003287,Retail,18,443336,Salaried,Female,B011,2021-09-28,684
C003288,Mass Affluent,53,957937,Self-Employed,Female,B007,2023-09-29,893
C003289,SME,49,513192,Business,Male,B007,2022-08-15,743
C003290,Retail,43,1262102,Salaried,Female,B018,2021-11-02,689
C003291,SME,57,1427127,Self-Employed,Female,B019,2017-01-21,713
C003292,Retail,48,800839,Salaried,Female,B016,2017-03-15,805
C003293,Retail,51,472587,Business,Male,B003,2022-09-04,676
C003294,Retail,50,326257,Business,Male,B006,2018-05-02,738
C003295,Mass Affluent,47,1121016,Salaried,Male,B001,2016-06-09,814
C003296,Mass Affluent,19,574732,Salaried,Female,B001,2015-10-08,717
C003297,Mass Affluent,21,619075,Self-Employed,Male,B015,2019-01-21,704
C003298,Retail,48,466131,Self-Employed,Female,B020,2022-01-11,825
C003299,Retail,53,244231,Business,Male,B011,2019-09-18,792
C003300,Retail,31,1206337,Salaried,Male,B010,2021-08-22,757
C003301,Retail,27,567855,Salaried,Male,B003,2019-11-19,713
C003302,SME,42,180000,Salaried,Male,B004,2019-01-03,639
C003303,Retail,23,548513,Salaried,Male,B012,2016-05-15,862
C003304,Affluent,37,248733,Salaried,Male,B006,2017-06-28,797
C003305,Affluent,35,880664,Retired,Female,B020,2015-03-25,714
C003306,Retail,37,805434,Salaried,Female,B019,2017-12-01,804
C003307,Mass Affluent,60,1599258,Self-Employed,Female,B016,2015-02-03,791
C003308,Retail,32,229786,Salaried,Male,B010,2016-04-18,677
C003309,Retail,40,1527083,Self-Employed,Female,B006,2018-04-12,701
C003310,Retail,25,840921,Business,Male,B020,2022-11-10,775
C003311,Mass Affluent,49,246765,Salaried,Male,B005,2023-03-27,659
C003312,Retail,37,1967445,Salaried,Female,B010,2021-12-28,768
C003313,Mass Affluent,52,553372,Salaried,Female,B012,2021-02-10,704
C003314,Mass Affluent,18,276615,Business,Male,B018,2015-07-19,667
C003315,Retail,38,1179279,Retired,Female,B003,2020-06-06,655
C003316,Mass Affluent,40,295639,Salaried,Male,B005,2018-03-02,704
C003317,Affluent,49,1272162,Self-Employed,Male,B003,2023-04-21,741
C003318,Retail,32,529619,Salaried,Female,B003,2017-12-02,679
C003319,Retail,48,478155,Self-Employed,Male,B009,2015-04-14,695
C003320,Mass Affluent,33,257460,Retired,Female,B004,2017-11-06,733
C003321,Retail,40,304477,Salaried,Male,B020,2023-08-27,900
C003322,Mass Affluent,49,665962,Business,Male,B017,2021-01-17,743
C003323,Retail,29,206737,Salaried,Female,B007,2017-04-16,749
C003324,Retail,47,939104,Self-Employed,Male,B013,2019-04-27,720
C003325,Retail,43,426580,Salaried,Female,B012,2023-02-06,868
C003326,Retail,35,463718,Self-Employed,Male,B018,2020-06-07,582
C003327,Mass Affluent,32,876544,Salaried,Male,B015,2022-07-13,644
C003328,Retail,18,525464,Salaried,Male,B005,2023-07-25,662
C003329,Affluent,38,1335157,Self-Employed,Male,B001,2022-06-23,782
C003330,Affluent,35,180000,Salaried,Male,B009,2020-06-12,688
C003331,Mass Affluent,46,1009513,Salaried,Male,B009,2022-10-20,776
C003332,Affluent,45,609469,Salaried,Female,B013,2018-05-02,540
C003333,Retail,51,391234,Salaried,Female,B011,2020-03-24,743
C003334,Retail,51,1111843,Self-Employed,Male,B009,2015-03-10,634
C003335,Mass Affluent,74,878631,Business,Male,B005,2023-06-19,782
C003336,Retail,45,696000,Salaried,Female,B014,2019-08-05,644
C003337,Mass Affluent,30,508990,Business,Male,B016,2018-05-12,665
C003338,Retail,48,379319,Self-Employed,Male,B002,2021-06-02,624
C003339,Mass Affluent,57,297560,Salaried,Male,B015,2023-12-03,642
C003340,Affluent,44,1457951,Salaried,Female,B017,2020-09-28,717
C003341,Affluent,18,1026908,Retired,Male,B005,2015-07-21,694
C003342,Mass Affluent,45,868315,Salaried,Male,B010,2016-02-27,669
C003343,Mass Affluent,32,454583,Salaried,Female,B015,2023-11-04,609
C003344,Mass Affluent,24,2250618,Self-Employed,Female,B020,2021-01-21,668
C003345,Mass Affluent,41,382045,Self-Employed,Female,B004,2018-08-19,794
C003346,Retail,22,469272,Business,Male,B004,2018-02-23,730
C003347,Retail,50,1949542,Retired,Other,B007,2023-05-12,747
C003348,Retail,47,579905,Salaried,Male,B001,2015-11-09,817
C003349,SME,38,1856969,Business,Female,B020,2023-01-26,783
C003350,Retail,33,767406,Retired,Male,B002,2015-09-19,807
C003351,Mass Affluent,37,429372,Salaried,Female,B019,2023-02-06,733
C003352,Mass Affluent,28,528294,Self-Employed,Male,B004,2016-09-12,679
C003353,Mass Affluent,38,376533,Salaried,Male,B001,2017-07-29,727
C003354,Mass Affluent,18,941615,Salaried,Male,B001,2016-08-16,728
C003355,Retail,40,1328502,Self-Employed,Male,B003,2022-12-06,579
C003356,Mass Affluent,40,812968,Retired,Female,B018,2016-03-19,696
C003357,Affluent,48,721469,Salaried,Female,B003,2021-12-03,795
C003358,Retail,42,305340,Salaried,Female,B003,2016-09-03,580
C003359,Retail,50,1221256,Business,Male,B013,2019-07-01,597
C003360,Mass Affluent,45,1035731,Salaried,Male,B001,2017-05-06,647
C003361,Affluent,50,718876,Self-Employed,Female,B013,2016-09-18,676
C003362,Retail,68,493260,Salaried,Female,B005,2020-05-01,706
C003363,Affluent,44,617370,Salaried,Female,B017,2021-07-08,849
C003364,Affluent,41,332121,Salaried,Male,B011,2021-05-24,770
C003365,Retail,52,230125,Salaried,Male,B010,2020-05-21,738
C003366,SME,34,493750,Salaried,Male,B015,2018-11-27,707
C003367,Affluent,38,343063,Salaried,Male,B013,2020-09-09,713
C003368,Affluent,44,431370,Salaried,Female,B010,2023-03-23,783
C003369,Mass Affluent,40,436925,Salaried,Female,B009,2021-09-20,804
C003370,Retail,40,570329,Salaried,Male,B007,2019-02-20,668
C003371,Retail,49,546496,Retired,Female,B010,2020-09-05,749
C003372,Retail,20,180000,Salaried,Female,B009,2016-05-16,731
C003373,Retail,61,752246,Salaried,Female,B013,2016-10-02,796
C003374,Retail,44,653539,Salaried,Male,B016,2018-03-19,821
C003375,Affluent,35,1120663,Salaried,Male,B002,2020-04-11,745
C003376,Affluent,57,522149,Business,Female,B008,2018-09-10,708
C003377,Mass Affluent,40,1214165,Salaried,Male,B007,2021-05-16,609
C003378,Affluent,40,543190,Self-Employed,Female,B002,2022-09-20,641
C003379,Affluent,37,748432,Self-Employed,Male,B001,2016-07-29,735
C003380,Retail,55,330561,Salaried,Female,B004,2022-11-15,803
C003381,Retail,39,1255616,Salaried,Male,B006,2017-06-23,839
C003382,Mass Affluent,33,1396785,Self-Employed,Male,B002,2019-04-27,566
C003383,Mass Affluent,50,2040775,Salaried,Female,B007,2020-06-19,689
C003384,Retail,52,421720,Self-Employed,Female,B010,2015-07-21,736
C003385,Mass Affluent,57,846597,Salaried,Female,B009,2022-03-04,781
C003386,Retail,46,235347,Salaried,Male,B002,2023-05-17,692
C003387,Mass Affluent,52,180000,Business,Female,B015,2021-08-21,699
C003388,Affluent,36,865375,Salaried,Male,B015,2020-10-13,731
C003389,Mass Affluent,50,557567,Self-Employed,Female,B016,2016-06-17,587
C003390,SME,47,260244,Salaried,Female,B002,2021-05-14,693
C003391,Affluent,45,674091,Business,Male,B017,2019-02-06,689
C003392,SME,22,1100804,Retired,Male,B011,2017-11-13,745
C003393,SME,35,625120,Self-Employed,Male,B018,2015-02-09,751
C003394,Affluent,38,1333337,Self-Employed,Female,B001,2023-08-19,675
C003395,Mass Affluent,45,390504,Business,Female,B012,2020-04-26,719
C003396,Retail,65,1212832,Salaried,Female,B006,2022-05-21,725
C003397,Retail,48,467537,Business,Male,B018,2019-05-27,700
C003398,Mass Affluent,30,1334801,Salaried,Male,B017,2022-09-21,791
C003399,Retail,34,262606,Salaried,Male,B017,2019-02-14,707
C003400,Retail,54,697085,Business,Female,B002,2021-04-09,870
C003401,SME,33,696127,Self-Employed,Female,B018,2022-06-07,664
C003402,Affluent,50,818158,Salaried,Female,B015,2018-09-03,773
C003403,Affluent,40,477473,Business,Female,B001,2019-10-25,796
C003404,Retail,37,794346,Business,Male,B020,2020-04-28,642
C003405,Retail,33,527444,Salaried,Female,B014,2019-01-13,755
C003406,Retail,18,426090,Self-Employed,Male,B013,2019-04-05,817
C003407,Retail,45,1504311,Salaried,Female,B012,2015-04-29,762
C003408,Retail,27,631218,Business,Male,B008,2022-05-03,561
C003409,Retail,23,224290,Salaried,Female,B007,2019-05-22,778
C003410,SME,42,387401,Salaried,Female,B008,2019-09-18,753
C003411,Mass Affluent,50,1541323,Salaried,Female,B018,2021-12-28,756
C003412,Retail,20,332399,Salaried,Male,B015,2016-02-29,701
C003413,Retail,50,852761,Salaried,Male,B007,2021-03-29,652
C003414,Mass Affluent,29,382022,Salaried,Female,B001,2016-07-29,836
C003415,Retail,46,235591,Self-Employed,Female,B006,2017-05-19,807
C003416,SME,45,819935,Salaried,Male,B016,2018-08-18,808
C003417,Retail,37,484612,Salaried,Male,B014,2021-10-27,704
C003418,Retail,39,1684920,Salaried,Male,B008,2022-08-23,738
C003419,Retail,35,1247046,Self-Employed,Female,B010,2023-02-06,764
C003420,Retail,42,1365597,Salaried,Female,B017,2019-04-12,737
C003421,Mass Affluent,42,1199771,Salaried,Female,B015,2018-04-24,729
C003422,Mass Affluent,29,939279,Salaried,Male,B014,2015-06-01,777
C003423,Mass Affluent,24,246943,Self-Employed,Female,B020,2020-05-08,670
C003424,Retail,50,515357,Salaried,Male,B011,2022-01-11,826
C003425,Mass Affluent,41,927969,Salaried,Male,B006,2018-05-22,724
C003426,Mass Affluent,49,496789,Business,Male,B004,2019-02-19,665
C003427,Affluent,32,588414,Salaried,Female,B005,2020-06-03,660
C003428,Retail,30,960955,Retired,Female,B011,2020-03-15,602
C003429,Retail,28,1191975,Business,Male,B012,2023-05-18,758
C003430,Mass Affluent,37,329391,Salaried,Male,B011,2021-09-26,667
C003431,Mass Affluent,42,927466,Self-Employed,Female,B018,2018-09-04,728
C003432,Retail,33,866233,Salaried,Male,B007,2019-08-17,737
C003433,Retail,56,315502,Salaried,Male,B001,2017-06-23,532
C003434,Retail,32,460685,Business,Male,B016,2020-02-06,702
C003435,Affluent,42,661312,Salaried,Male,B018,2016-09-15,862
C003436,Retail,29,1480886,Salaried,Female,B012,2016-06-19,768
C003437,SME,32,458216,Retired,Male,B011,2023-07-08,740
C003438,Mass Affluent,38,787139,Salaried,Male,B008,2016-11-17,694
C003439,SME,30,1282579,Salaried,Male,B001,2022-04-14,520
C003440,Affluent,40,2003142,Salaried,Female,B016,2017-01-07,727
C003441,Retail,44,695317,Salaried,Male,B002,2018-03-26,735
C003442,Affluent,51,180000,Salaried,Female,B006,2022-12-23,651
C003443,Retail,27,1093512,Self-Employed,Male,B017,2017-02-26,658
C003444,SME,41,688232,Retired,Male,B017,2017-02-11,683
C003445,Mass Affluent,38,346449,Salaried,Male,B002,2015-08-24,735
C003446,Retail,19,952529,Salaried,Male,B019,2021-10-03,605
C003447,Mass Affluent,27,2017058,Business,Male,B009,2016-04-22,585
C003448,SME,44,687301,Self-Employed,Female,B003,2016-11-20,770
C003449,Retail,24,209087,Self-Employed,Male,B010,2022-05-22,683
C003450,Mass Affluent,38,1533932,Salaried,Male,B005,2020-12-12,808
C003451,Mass Affluent,18,608897,Salaried,Male,B009,2019-02-01,646
C003452,Affluent,38,953449,Salaried,Female,B014,2018-03-17,708
C003453,Retail,18,624679,Salaried,Male,B011,2017-02-12,799
C003454,Retail,32,807093,Salaried,Male,B019,2019-09-05,805
C003455,Retail,34,924843,Salaried,Male,B016,2021-05-18,725
C003456,Mass Affluent,40,1013786,Salaried,Male,B014,2015-05-31,638
C003457,Retail,36,660013,Salaried,Male,B014,2018-11-13,591
C003458,SME,25,365971,Salaried,Male,B004,2017-07-09,713
C003459,Retail,26,680496,Salaried,Male,B008,2019-02-09,783
C003460,Mass Affluent,21,1001725,Business,Male,B007,2015-01-04,665
C003461,Retail,41,367633,Self-Employed,Female,B003,2020-02-26,773
C003462,Retail,41,292250,Self-Employed,Female,B014,2023-11-08,605
C003463,Retail,46,1427097,Salaried,Female,B011,2019-06-15,722
C003464,Retail,33,1801649,Salaried,Female,B019,2019-01-05,779
C003465,Mass Affluent,20,615153,Salaried,Male,B004,2022-09-24,787
C003466,SME,36,886891,Salaried,Female,B004,2015-05-06,739
C003467,Mass Affluent,39,766004,Business,Female,B008,2015-04-26,689
C003468,SME,26,180000,Salaried,Male,B015,2020-03-05,672
C003469,Affluent,27,686291,Business,Male,B016,2022-01-31,604
C003470,Mass Affluent,44,1555904,Salaried,Male,B004,2023-10-14,684
C003471,Affluent,40,279663,Business,Other,B010,2023-05-18,824
C003472,Mass Affluent,51,263522,Salaried,Female,B005,2022-06-14,706
C003473,Retail,58,373233,Business,Male,B004,2021-02-12,725
C003474,Mass Affluent,22,440866,Salaried,Female,B002,2018-11-04,739
C003475,Retail,34,925720,Salaried,Female,B018,2015-02-02,695
C003476,Mass Affluent,40,1415653,Retired,Female,B008,2020-01-22,780
C003477,Mass Affluent,43,1394229,Salaried,Female,B015,2022-11-16,731
C003478,Retail,50,917815,Business,Female,B004,2017-09-15,707
C003479,Retail,47,213305,Salaried,Female,B013,2020-03-19,669
C003480,SME,52,212738,Salaried,Male,B014,2022-10-23,773
C003481,Mass Affluent,40,966950,Salaried,Female,B009,2020-08-22,734
C003482,Retail,32,213874,Self-Employed,Male,B006,2020-05-02,721
C003483,Mass Affluent,60,860841,Self-Employed,Female,B012,2015-12-25,717
C003484,Mass Affluent,41,718598,Salaried,Female,B013,2017-04-02,752
C003485,Mass Affluent,36,443936,Self-Employed,Male,B006,2020-08-23,651
C003486,SME,27,180000,Salaried,Male,B020,2015-06-09,647
C003487,Mass Affluent,41,684089,Retired,Male,B019,2017-06-25,745
C003488,Retail,50,836843,Salaried,Male,B020,2022-08-18,775
C003489,Affluent,33,417991,Salaried,Female,B020,2019-09-10,614
C003490,Affluent,38,295058,Salaried,Male,B008,2019-08-28,766
C003491,Retail,42,726035,Business,Male,B005,2023-07-14,810
C003492,Retail,44,233447,Salaried,Female,B008,2021-11-05,573
C003493,Retail,36,895954,Salaried,Male,B013,2022-11-21,674
C003494,Mass Affluent,35,1191809,Self-Employed,Male,B013,2022-06-06,722
C003495,Mass Affluent,33,180000,Business,Male,B005,2022-10-16,890
C003496,Mass Affluent,27,425660,Salaried,Female,B014,2015-11-29,700
C003497,SME,31,581279,Salaried,Male,B018,2023-01-18,692
C003498,Affluent,30,592482,Self-Employed,Male,B015,2019-04-23,741
C003499,Retail,22,338859,Salaried,Male,B001,2023-05-15,660
C003500,Retail,50,251731,Salaried,Female,B007,2020-11-21,720
C003501,Retail,43,444895,Salaried,Female,B010,2015-06-04,709
C003502,Retail,41,911969,Self-Employed,Male,B002,2015-03-22,813
C003503,Mass Affluent,53,869345,Self-Employed,Female,B013,2023-11-25,718
C003504,Affluent,47,876280,Retired,Male,B003,2016-02-03,887
C003505,Retail,30,1352991,Salaried,Male,B008,2018-09-03,627
C003506,Mass Affluent,52,303736,Salaried,Male,B012,2016-08-31,709
C003507,Affluent,50,469301,Salaried,Female,B004,2020-09-08,723
C003508,Retail,27,532076,Business,Female,B008,2018-03-29,726
C003509,Retail,49,180000,Salaried,Female,B001,2016-03-09,623
C003510,Retail,34,694149,Business,Female,B003,2017-10-27,742
C003511,Retail,50,588541,Salaried,Female,B015,2020-01-05,602
C003512,SME,35,286661,Salaried,Male,B015,2019-01-08,646
C003513,Retail,33,1057085,Salaried,Female,B012,2017-02-22,669
C003514,Retail,34,1014547,Retired,Male,B001,2016-12-15,762
C003515,Mass Affluent,28,778071,Retired,Male,B011,2017-07-21,768
C003516,SME,23,197589,Retired,Male,B019,2016-08-12,740
C003517,Retail,18,318771,Self-Employed,Male,B005,2022-06-03,688
C003518,Retail,27,731102,Salaried,Female,B017,2018-11-02,788
C003519,Retail,68,423227,Salaried,Male,B002,2015-07-06,692
C003520,Retail,44,516405,Salaried,Male,B013,2017-11-17,650
C003521,Retail,60,293296,Self-Employed,Male,B003,2016-05-04,777
C003522,Mass Affluent,35,679712,Salaried,Female,B013,2023-04-01,559
C003523,Retail,34,1595661,Self-Employed,Female,B008,2023-05-28,721
C003524,Retail,58,740525,Salaried,Male,B013,2018-09-29,677
C003525,Affluent,43,1128043,Business,Female,B003,2016-11-21,762
C003526,Retail,28,1061436,Retired,Female,B009,2019-10-12,730
C003527,Retail,46,475376,Self-Employed,Female,B002,2023-12-12,713
C003528,Retail,53,531825,Business,Male,B008,2021-04-21,629
C003529,SME,23,1560695,Salaried,Male,B001,2015-08-03,725
C003530,Retail,44,965919,Salaried,Female,B015,2020-12-02,743
C003531,Affluent,24,1120461,Retired,Female,B008,2022-05-22,693
C003532,Affluent,52,668624,Salaried,Female,B008,2017-03-13,716
C003533,Retail,42,465056,Salaried,Female,B007,2018-03-08,771
C003534,SME,46,503341,Salaried,Female,B020,2019-04-02,678
C003535,Retail,37,1468742,Self-Employed,Female,B013,2017-12-14,618
C003536,Retail,19,599684,Self-Employed,Female,B007,2016-08-16,777
C003537,Affluent,34,1350056,Salaried,Male,B007,2022-01-29,754
C003538,Mass Affluent,49,1495578,Retired,Female,B011,2016-07-12,770
C003539,Mass Affluent,61,1091519,Business,Male,B002,2016-05-24,677
C003540,Retail,42,1011612,Salaried,Female,B011,2015-11-09,720
C003541,Retail,31,1807893,Self-Employed,Male,B019,2023-12-25,739
C003542,Affluent,45,346292,Business,Female,B001,2023-09-27,766
C003543,Retail,48,458952,Salaried,Male,B017,2021-11-10,748
C003544,Retail,40,264634,Salaried,Male,B001,2021-12-25,679
C003545,Retail,40,226692,Salaried,Male,B013,2020-05-21,724
C003546,Retail,41,582964,Business,Other,B006,2023-07-10,635
C003547,Affluent,39,714442,Salaried,Female,B005,2019-08-19,731
C003548,Retail,42,833317,Self-Employed,Male,B002,2020-07-29,844
C003549,SME,59,381342,Self-Employed,Male,B010,2018-11-27,594
C003550,Retail,18,458723,Salaried,Male,B019,2020-08-10,704
C003551,Mass Affluent,36,1040347,Salaried,Male,B007,2019-11-27,704
C003552,Retail,29,232200,Salaried,Male,B015,2015-02-03,731
C003553,Retail,52,604964,Salaried,Male,B011,2017-05-19,696
C003554,Retail,37,1402191,Salaried,Female,B006,2021-10-08,635
C003555,Retail,45,504863,Salaried,Male,B005,2017-12-24,743
C003556,Mass Affluent,55,456311,Self-Employed,Female,B004,2019-11-26,766
C003557,SME,27,1345837,Salaried,Male,B006,2019-05-29,812
C003558,Mass Affluent,33,239368,Salaried,Male,B007,2016-05-30,749
C003559,Retail,54,355779,Salaried,Female,B012,2017-08-16,788
C003560,Retail,27,364777,Salaried,Male,B014,2017-11-10,659
C003561,Retail,34,942155,Business,Male,B002,2017-04-11,675
C003562,Mass Affluent,21,211514,Salaried,Male,B020,2021-01-10,586
C003563,Affluent,54,1337799,Salaried,Female,B003,2022-12-27,780
C003564,SME,33,589711,Self-Employed,Male,B005,2021-04-10,708
C003565,Retail,43,1184051,Salaried,Male,B010,2017-12-28,741
C003566,Mass Affluent,46,1344081,Salaried,Female,B007,2020-06-21,776
C003567,Retail,30,360067,Business,Male,B009,2017-07-08,788
C003568,Mass Affluent,18,607194,Salaried,Male,B018,2019-03-26,683
C003569,Mass Affluent,37,517331,Salaried,Male,B006,2019-06-23,672
C003570,Mass Affluent,36,575012,Salaried,Female,B010,2015-02-01,690
C003571,Mass Affluent,38,414341,Salaried,Female,B012,2022-03-17,646
C003572,Retail,38,1237857,Self-Employed,Female,B002,2021-09-28,730
C003573,Affluent,34,531652,Business,Female,B001,2021-03-30,792
C003574,Retail,33,482869,Business,Female,B004,2016-02-03,591
C003575,Mass Affluent,42,1245429,Salaried,Male,B015,2023-11-24,692
C003576,Retail,30,1033226,Business,Female,B002,2022-01-06,626
C003577,Mass Affluent,38,723307,Self-Employed,Female,B003,2015-04-14,661
C003578,SME,33,464926,Salaried,Female,B017,2020-09-13,687
C003579,Affluent,42,1554527,Business,Female,B002,2016-09-18,808
C003580,Affluent,51,301864,Self-Employed,Male,B013,2021-06-15,837
C003581,Mass Affluent,52,1204691,Salaried,Female,B008,2022-07-27,772
C003582,Mass Affluent,53,901558,Salaried,Male,B020,2022-12-11,727
C003583,Mass Affluent,35,263425,Self-Employed,Male,B019,2023-09-19,729
C003584,Affluent,36,629527,Salaried,Male,B010,2022-07-21,773
C003585,Retail,25,254283,Salaried,Male,B007,2022-09-10,776
C003586,SME,35,478566,Retired,Male,B004,2022-12-09,764
C003587,SME,36,719843,Salaried,Female,B018,2023-09-08,790
C003588,Mass Affluent,32,310329,Salaried,Male,B003,2018-12-04,674
C003589,Retail,32,180000,Business,Female,B015,2016-08-17,708
C003590,Retail,20,552189,Salaried,Male,B020,2020-01-01,772
C003591,Affluent,24,689793,Salaried,Female,B017,2016-10-29,687
C003592,Retail,39,469607,Self-Employed,Male,B008,2022-04-12,877
C003593,Affluent,40,594028,Salaried,Female,B015,2021-04-06,767
C003594,Retail,44,533885,Retired,Male,B013,2016-01-14,692
C003595,Retail,36,309651,Salaried,Male,B014,2023-10-21,839
C003596,SME,39,2127188,Business,Female,B004,2015-08-31,775
C003597,Mass Affluent,53,737283,Salaried,Male,B011,2021-12-02,669
C003598,Mass Affluent,38,454929,Salaried,Female,B003,2015-03-10,734
C003599,Mass Affluent,32,351012,Salaried,Male,B019,2016-12-16,664
C003600,Retail,26,463364,Salaried,Male,B013,2023-02-13,750
C003601,Affluent,48,473289,Salaried,Male,B004,2017-11-01,646
C003602,Retail,20,615066,Self-Employed,Male,B013,2018-01-21,729
C003603,SME,30,1263908,Business,Male,B015,2021-12-09,715
C003604,Affluent,44,355654,Salaried,Female,B006,2022-10-25,752
C003605,Retail,18,673475,Salaried,Female,B018,2018-12-14,762
C003606,Mass Affluent,32,1008979,Salaried,Female,B008,2017-02-12,762
C003607,Mass Affluent,40,387195,Salaried,Female,B009,2016-11-18,732
C003608,Retail,35,385751,Salaried,Male,B020,2023-06-07,649
C003609,SME,28,224980,Salaried,Male,B002,2015-03-11,734
C003610,Retail,32,1789545,Salaried,Female,B010,2019-05-10,698
C003611,Retail,48,834707,Business,Male,B002,2018-10-05,832
C003612,Mass Affluent,59,414131,Self-Employed,Female,B009,2020-10-09,769
C003613,Mass Affluent,41,402636,Salaried,Male,B009,2021-07-14,599
C003614,Mass Affluent,18,306903,Salaried,Male,B013,2022-12-19,737
C003615,Affluent,45,664507,Salaried,Male,B010,2020-07-01,891
C003616,Mass Affluent,35,480358,Business,Male,B007,2021-06-09,656
C003617,Mass Affluent,27,330507,Salaried,Female,B013,2020-03-16,760
C003618,Retail,30,363326,Business,Male,B005,2022-04-20,690
C003619,Retail,31,961646,Self-Employed,Male,B012,2023-10-29,833
C003620,Retail,23,468248,Self-Employed,Male,B009,2018-10-31,673
C003621,Retail,38,270074,Business,Male,B009,2021-05-20,712
C003622,Mass Affluent,59,625763,Retired,Female,B018,2023-07-03,764
C003623,Retail,27,384088,Salaried,Female,B008,2015-10-09,627
C003624,Retail,59,913129,Business,Female,B018,2022-07-13,709
C003625,Retail,41,1597894,Self-Employed,Female,B010,2016-10-23,757
C003626,SME,38,180000,Salaried,Female,B001,2016-04-24,561
C003627,SME,35,378955,Self-Employed,Female,B010,2022-04-20,780
C003628,Mass Affluent,30,656528,Retired,Female,B005,2023-02-27,641
C003629,SME,42,570912,Salaried,Male,B018,2018-05-14,637
C003630,Affluent,45,1353749,Business,Male,B019,2016-07-02,809
C003631,Mass Affluent,18,592519,Self-Employed,Male,B013,2016-10-04,678
C003632,Retail,67,685232,Salaried,Female,B006,2017-09-14,596
C003633,Affluent,19,793909,Self-Employed,Male,B017,2020-02-25,736
C003634,Mass Affluent,33,385438,Self-Employed,Male,B014,2022-08-23,792
C003635,Mass Affluent,18,838662,Salaried,Female,B006,2023-08-02,662
C003636,Affluent,36,780983,Self-Employed,Male,B016,2015-12-30,741
C003637,Mass Affluent,34,641626,Self-Employed,Female,B009,2021-09-20,720
C003638,Mass Affluent,33,180000,Business,Male,B004,2023-04-03,646
C003639,SME,42,365870,Salaried,Female,B018,2017-12-17,659
C003640,Retail,36,676986,Salaried,Female,B005,2019-05-07,764
C003641,Mass Affluent,45,564026,Self-Employed,Male,B001,2018-07-14,778
C003642,Retail,25,976299,Salaried,Male,B015,2021-05-01,727
C003643,Mass Affluent,40,981383,Salaried,Male,B012,2023-01-27,515
C003644,Affluent,32,750631,Self-Employed,Female,B014,2018-09-11,855
C003645,Retail,35,981481,Business,Male,B012,2019-05-26,839
C003646,Mass Affluent,42,830469,Salaried,Female,B013,2022-04-23,773
C003647,Retail,33,426169,Business,Female,B003,2018-03-15,647
C003648,Mass Affluent,38,597732,Business,Male,B014,2020-06-21,633
C003649,Retail,26,293733,Salaried,Female,B007,2020-10-13,716
C003650,Affluent,51,1583885,Business,Male,B003,2021-08-12,677
C003651,Retail,47,265476,Salaried,Female,B009,2016-08-13,801
C003652,Mass Affluent,40,180000,Business,Male,B004,2020-01-20,790
C003653,Retail,36,2381204,Salaried,Male,B002,2018-11-17,616
C003654,Affluent,38,564858,Salaried,Other,B003,2020-02-06,802
C003655,SME,51,1073329,Salaried,Female,B001,2023-05-10,704
C003656,SME,46,966170,Salaried,Female,B005,2023-10-14,673
C003657,Affluent,51,1183745,Salaried,Male,B009,2016-11-14,716
C003658,Affluent,35,881096,Salaried,Female,B018,2023-10-16,636
C003659,Retail,44,884683,Salaried,Male,B013,2015-05-11,806
C003660,Retail,52,180000,Salaried,Male,B019,2016-12-17,708
C003661,Retail,29,320723,Salaried,Female,B019,2022-09-21,796
C003662,Affluent,28,180000,Self-Employed,Female,B007,2022-06-02,795
C003663,SME,42,352123,Salaried,Male,B007,2022-11-09,681
C003664,Retail,25,424303,Salaried,Female,B015,2020-05-26,728
C003665,SME,19,556214,Self-Employed,Male,B017,2021-10-17,668
C003666,Mass Affluent,52,324052,Salaried,Male,B003,2020-11-24,811
C003667,Mass Affluent,54,477160,Salaried,Female,B017,2020-09-04,685
C003668,Retail,26,428504,Salaried,Male,B014,2022-03-11,766
C003669,Retail,23,751033,Business,Female,B005,2021-02-07,790
C003670,Mass Affluent,32,982756,Business,Female,B007,2022-05-10,835
C003671,Mass Affluent,53,689636,Salaried,Female,B019,2021-08-22,795
C003672,Retail,34,903821,Self-Employed,Other,B019,2023-06-23,700
C003673,Mass Affluent,40,679241,Salaried,Male,B001,2023-05-06,822
C003674,Affluent,43,1297872,Salaried,Female,B019,2015-09-26,794
C003675,Affluent,41,2015505,Salaried,Male,B017,2021-07-06,621
C003676,SME,55,180000,Business,Female,B015,2015-04-19,797
C003677,Retail,31,1253272,Salaried,Male,B008,2023-12-04,751
C003678,Retail,38,259482,Self-Employed,Male,B008,2017-01-16,711
C003679,Mass Affluent,42,677019,Business,Female,B001,2018-03-11,712
C003680,Retail,38,711098,Salaried,Male,B020,2023-07-15,718
C003681,Retail,26,891061,Business,Male,B009,2015-08-31,695
C003682,Retail,23,580460,Business,Male,B002,2017-02-11,749
C003683,Retail,23,598100,Self-Employed,Female,B001,2019-11-10,795
C003684,Retail,47,750048,Salaried,Female,B016,2020-12-28,646
C003685,Retail,30,479113,Business,Male,B013,2018-03-21,589
C003686,Retail,44,180000,Business,Male,B011,2021-09-13,723
C003687,Retail,40,599316,Self-Employed,Male,B001,2016-06-24,791
C003688,Mass Affluent,28,368777,Salaried,Female,B006,2020-08-28,770
C003689,Mass Affluent,29,348851,Business,Female,B001,2022-03-25,687
C003690,Mass Affluent,40,327475,Retired,Female,B006,2020-06-04,703
C003691,Retail,40,180000,Salaried,Female,B009,2023-11-22,587
C003692,Retail,44,462730,Self-Employed,Male,B013,2015-08-09,816
C003693,Mass Affluent,34,600311,Salaried,Female,B016,2021-05-24,688
C003694,Mass Affluent,30,988448,Salaried,Female,B020,2016-08-05,730
C003695,Mass Affluent,40,408690,Salaried,Male,B004,2015-11-21,700
C003696,Retail,55,1672902,Salaried,Female,B020,2017-09-10,660
C003697,SME,18,876882,Self-Employed,Female,B011,2023-03-19,679
C003698,Retail,30,289520,Self-Employed,Male,B013,2022-05-06,687
C003699,Retail,45,436830,Salaried,Male,B001,2018-12-11,675
C003700,Mass Affluent,41,2232624,Salaried,Male,B003,2016-05-10,770
C003701,Mass Affluent,46,983285,Salaried,Female,B011,2015-01-23,772
C003702,Retail,34,426007,Business,Male,B020,2021-11-14,703
C003703,Retail,21,1071866,Salaried,Male,B008,2021-08-23,729
C003704,Affluent,57,264314,Salaried,Male,B001,2019-06-22,824
C003705,Retail,51,418924,Business,Male,B019,2015-07-08,609
C003706,Retail,39,180000,Salaried,Female,B014,2016-03-24,828
C003707,Retail,30,888325,Self-Employed,Female,B018,2016-10-03,833
C003708,Affluent,34,281270,Salaried,Female,B006,2021-07-24,775
C003709,Retail,42,569383,Salaried,Female,B009,2016-11-28,751
C003710,SME,36,219587,Salaried,Female,B009,2017-04-20,751
C003711,Mass Affluent,39,683482,Self-Employed,Male,B015,2015-01-28,617
C003712,SME,57,571765,Salaried,Female,B005,2022-06-13,761
C003713,SME,49,230197,Salaried,Male,B019,2020-03-25,797
C003714,Retail,26,439949,Self-Employed,Female,B009,2022-10-17,633
C003715,Retail,40,654262,Salaried,Female,B009,2023-07-17,650
C003716,Retail,33,801349,Salaried,Female,B017,2017-10-15,822
C003717,Retail,42,1679205,Business,Male,B015,2016-07-10,704
C003718,Mass Affluent,38,1324179,Salaried,Female,B010,2018-05-26,784
C003719,Retail,72,381895,Business,Female,B009,2023-02-23,651
C003720,Retail,44,378880,Business,Male,B019,2021-06-12,767
C003721,Retail,38,236752,Salaried,Female,B007,2017-03-25,765
C003722,SME,59,311251,Retired,Female,B013,2017-04-08,575
C003723,Retail,41,1049460,Business,Female,B002,2018-04-16,774
C003724,Retail,22,213578,Retired,Male,B018,2016-06-30,682
C003725,Retail,38,542521,Self-Employed,Male,B008,2020-04-18,743
C003726,SME,46,493204,Business,Female,B008,2020-07-21,703
C003727,Mass Affluent,44,366624,Self-Employed,Female,B020,2017-12-15,789
C003728,Retail,50,257346,Business,Female,B009,2019-05-14,799
C003729,Retail,41,180000,Self-Employed,Male,B013,2020-04-28,820
C003730,Retail,40,258855,Business,Male,B020,2019-04-05,809
C003731,Retail,24,568449,Salaried,Female,B012,2016-11-18,794
C003732,SME,56,884840,Business,Female,B007,2020-11-03,711
C003733,Affluent,36,1710747,Business,Male,B013,2016-10-21,708
C003734,Retail,28,745715,Salaried,Male,B013,2023-02-06,687
C003735,Affluent,68,882037,Salaried,Male,B004,2016-07-27,668
C003736,Retail,57,1706620,Salaried,Male,B002,2017-11-03,611
C003737,Mass Affluent,34,747582,Retired,Male,B002,2018-02-02,762
C003738,Affluent,18,1136753,Business,Male,B005,2021-02-03,718
C003739,Retail,31,468809,Salaried,Female,B002,2021-03-06,733
C003740,Affluent,56,958858,Retired,Male,B015,2017-12-28,769
C003741,Retail,41,687752,Salaried,Male,B002,2017-06-29,723
C003742,Retail,24,512721,Salaried,Male,B002,2017-10-12,694
C003743,Retail,48,1640262,Self-Employed,Female,B020,2023-08-01,707
C003744,Retail,37,274491,Salaried,Male,B008,2018-04-09,679
C003745,Mass Affluent,32,343088,Salaried,Female,B005,2017-03-05,791
C003746,SME,33,1289968,Business,Male,B016,2021-08-26,626
C003747,Mass Affluent,53,1127972,Salaried,Female,B014,2022-11-16,751
C003748,Affluent,45,604972,Business,Female,B008,2018-08-26,728
C003749,Affluent,23,748245,Salaried,Male,B011,2022-08-27,625
C003750,Retail,43,839855,Retired,Other,B011,2015-06-16,707
C003751,Retail,40,760663,Business,Male,B008,2020-08-02,764
C003752,Retail,34,701823,Self-Employed,Male,B016,2017-10-20,707
C003753,Mass Affluent,35,347451,Salaried,Male,B008,2016-09-20,666
C003754,SME,29,1341818,Retired,Female,B020,2015-08-21,724
C003755,Retail,32,525472,Salaried,Male,B020,2015-06-12,619
C003756,Mass Affluent,42,315152,Salaried,Female,B012,2022-03-25,681
C003757,Mass Affluent,36,654645,Salaried,Male,B005,2021-12-26,640
C003758,Mass Affluent,45,749959,Retired,Female,B003,2020-03-13,737
C003759,Retail,30,775812,Business,Female,B018,2020-03-16,795
C003760,Retail,47,1129172,Retired,Male,B001,2016-05-20,750
C003761,Retail,53,468743,Self-Employed,Male,B019,2022-05-06,840
C003762,Retail,39,575119,Salaried,Male,B013,2020-10-08,794
C003763,Retail,45,346665,Business,Female,B011,2017-12-21,659
C003764,Mass Affluent,45,698438,Salaried,Female,B001,2023-09-13,706
C003765,Retail,33,343370,Salaried,Male,B018,2020-02-03,748
C003766,Affluent,45,408905,Salaried,Female,B019,2018-03-13,669
C003767,Mass Affluent,18,1137028,Salaried,Male,B013,2016-02-04,753
C003768,Mass Affluent,18,655659,Business,Male,B008,2023-04-25,749
C003769,Retail,35,1514586,Salaried,Female,B018,2020-03-02,740
C003770,Mass Affluent,46,1289224,Salaried,Female,B002,2016-06-27,714
C003771,SME,38,690325,Self-Employed,Male,B019,2015-12-24,650
C003772,Retail,47,755094,Salaried,Male,B019,2016-05-01,749
C003773,Retail,26,513838,Salaried,Female,B005,2015-09-04,725
C003774,Affluent,49,1182599,Business,Female,B008,2018-06-09,668
C003775,Retail,57,759728,Salaried,Male,B020,2020-09-16,724
C003776,Retail,31,1083709,Business,Female,B003,2016-11-09,695
C003777,Retail,47,394046,Salaried,Male,B002,2016-03-21,755
C003778,Retail,39,247703,Salaried,Male,B006,2019-06-29,755
C003779,Mass Affluent,44,831636,Self-Employed,Male,B016,2020-08-25,683
C003780,Retail,57,947423,Salaried,Male,B015,2015-02-23,717
C003781,Affluent,43,630052,Salaried,Male,B004,2017-01-18,687
C003782,Affluent,47,873956,Salaried,Male,B002,2015-01-18,821
C003783,Mass Affluent,25,344857,Salaried,Male,B014,2017-02-10,697
C003784,Mass Affluent,47,1104859,Salaried,Male,B006,2022-02-09,741
C003785,Affluent,57,1285042,Salaried,Male,B020,2018-08-12,847
C003786,Retail,29,1164879,Salaried,Male,B020,2019-05-18,544
C003787,Affluent,35,650349,Business,Female,B004,2023-08-06,765
C003788,Affluent,47,1297443,Salaried,Male,B020,2023-04-13,756
C003789,Mass Affluent,44,285450,Salaried,Female,B001,2023-01-14,677
C003790,Mass Affluent,24,871039,Self-Employed,Male,B014,2022-06-28,624
C003791,Retail,41,955870,Business,Male,B003,2015-01-19,689
C003792,Retail,35,831089,Salaried,Male,B004,2016-08-20,701
C003793,Affluent,28,325606,Salaried,Female,B020,2020-05-12,743
C003794,Retail,54,696461,Salaried,Male,B014,2022-08-26,624
C003795,Affluent,39,507991,Salaried,Female,B020,2015-11-05,652
C003796,Retail,50,180000,Salaried,Female,B019,2021-01-02,687
C003797,Retail,26,279057,Salaried,Other,B009,2022-10-25,862
C003798,Retail,45,1276334,Salaried,Female,B014,2020-06-02,694
C003799,Retail,51,463259,Salaried,Female,B004,2023-08-30,664
C003800,Mass Affluent,36,1192032,Salaried,Male,B004,2019-01-24,775
C003801,Retail,34,1261810,Self-Employed,Male,B012,2015-11-25,606
C003802,SME,25,855757,Salaried,Male,B008,2018-09-22,659
C003803,Mass Affluent,29,402441,Salaried,Female,B016,2018-12-12,581
C003804,Retail,34,1108410,Salaried,Female,B011,2017-02-21,714
C003805,Mass Affluent,28,689345,Salaried,Male,B007,2022-03-17,680
C003806,Affluent,31,617676,Business,Female,B020,2022-12-28,813
C003807,Mass Affluent,41,331751,Retired,Male,B014,2018-01-03,734
C003808,Retail,42,433296,Salaried,Male,B010,2017-09-10,716
C003809,Affluent,51,334904,Salaried,Female,B002,2023-08-23,650
C003810,Affluent,31,1119194,Self-Employed,Female,B013,2022-07-13,702
C003811,Retail,39,1626637,Salaried,Female,B009,2015-12-04,784
C003812,Retail,34,1093704,Business,Female,B018,2017-03-04,653
C003813,Mass Affluent,34,682819,Salaried,Other,B010,2021-02-02,781
C003814,Retail,36,491511,Business,Male,B014,2019-11-17,640
C003815,Affluent,37,817786,Salaried,Male,B003,2017-02-10,705
C003816,Retail,42,457524,Salaried,Male,B007,2023-10-22,771
C003817,SME,35,587893,Salaried,Female,B011,2015-09-04,763
C003818,Mass Affluent,53,351769,Self-Employed,Male,B006,2020-07-28,659
C003819,Retail,20,915844,Business,Male,B015,2023-10-06,679
C003820,Retail,51,946263,Retired,Male,B015,2016-08-11,714
C003821,Mass Affluent,35,1083212,Salaried,Male,B008,2016-12-14,842
C003822,Affluent,37,862203,Self-Employed,Male,B013,2018-01-09,839
C003823,Affluent,39,823950,Salaried,Male,B012,2022-05-02,800
C003824,Retail,47,304431,Self-Employed,Female,B012,2018-05-21,782
C003825,Retail,29,296261,Salaried,Male,B009,2023-09-14,625
C003826,Retail,32,744056,Self-Employed,Female,B020,2022-05-20,805
C003827,Mass Affluent,45,1227228,Business,Female,B017,2023-09-02,645
C003828,Retail,20,504329,Business,Female,B015,2023-09-06,652
C003829,Retail,39,602191,Salaried,Male,B013,2017-06-24,744
C003830,Mass Affluent,30,606271,Salaried,Male,B014,2022-06-29,721
C003831,SME,28,181053,Business,Male,B008,2015-02-17,719
C003832,Retail,21,701489,Retired,Female,B013,2021-02-01,632
C003833,Retail,47,419694,Salaried,Male,B003,2016-02-03,693
C003834,Mass Affluent,41,892594,Business,Female,B008,2020-09-23,630
C003835,Mass Affluent,32,587902,Retired,Female,B006,2018-07-05,800
C003836,Retail,37,534007,Salaried,Male,B011,2021-06-19,584
C003837,SME,27,541622,Self-Employed,Male,B010,2015-06-15,761
C003838,Affluent,33,485106,Self-Employed,Female,B008,2019-10-20,693
C003839,Retail,37,247627,Self-Employed,Female,B008,2017-10-12,625
C003840,Retail,40,1114996,Salaried,Female,B007,2016-04-25,759
C003841,Mass Affluent,43,397380,Salaried,Male,B019,2017-05-30,771
C003842,Affluent,19,442699,Salaried,Female,B012,2019-02-04,700
C003843,Retail,43,631642,Self-Employed,Male,B003,2016-11-29,819
C003844,Mass Affluent,20,290563,Business,Male,B011,2022-04-10,671
C003845,Mass Affluent,44,433776,Self-Employed,Male,B013,2021-02-16,810
C003846,Retail,37,2085263,Salaried,Female,B016,2020-02-29,802
C003847,Mass Affluent,51,746807,Business,Male,B009,2015-02-12,599
C003848,SME,32,343559,Salaried,Female,B016,2022-09-20,884
C003849,Retail,48,180000,Business,Male,B005,2022-06-23,735
C003850,Retail,26,1150367,Self-Employed,Female,B008,2015-08-25,755
C003851,Retail,40,310777,Self-Employed,Male,B012,2017-03-27,628
C003852,Affluent,18,421603,Self-Employed,Male,B003,2020-06-06,848
C003853,SME,49,457775,Salaried,Other,B003,2016-06-15,715
C003854,Retail,58,331423,Salaried,Male,B013,2016-11-15,679
C003855,Affluent,31,570992,Salaried,Female,B003,2022-05-28,734
C003856,Mass Affluent,40,419269,Self-Employed,Male,B009,2016-07-31,702
C003857,Mass Affluent,44,892625,Salaried,Male,B001,2018-06-03,757
C003858,Retail,22,657397,Self-Employed,Male,B006,2021-10-17,646
C003859,Retail,31,1522050,Retired,Female,B019,2021-11-06,806
C003860,Retail,30,1542189,Salaried,Male,B016,2023-10-04,818
C003861,Mass Affluent,65,322563,Self-Employed,Male,B001,2016-10-03,746
C003862,Retail,51,485107,Business,Female,B010,2020-07-31,763
C003863,SME,37,2433847,Salaried,Female,B002,2016-03-02,635
C003864,Retail,48,282571,Business,Male,B003,2018-11-25,641
C003865,Retail,41,1007660,Salaried,Male,B007,2020-10-21,716
C003866,Mass Affluent,46,856735,Salaried,Male,B006,2018-03-17,653
C003867,Mass Affluent,27,345541,Retired,Female,B015,2021-10-04,513
C003868,Retail,54,356550,Retired,Male,B002,2016-03-11,754
C003869,Retail,31,1990504,Salaried,Female,B017,2021-05-18,834
C003870,SME,31,1964806,Salaried,Male,B019,2016-02-13,757
C003871,Retail,45,793438,Business,Male,B014,2015-11-16,719
C003872,Retail,43,243690,Business,Female,B017,2023-02-21,801
C003873,Affluent,39,1358162,Self-Employed,Female,B019,2021-08-13,746
C003874,Retail,48,243021,Salaried,Female,B002,2021-09-07,664
C003875,Retail,26,955093,Business,Female,B016,2022-04-22,651
C003876,Retail,59,209434,Salaried,Male,B020,2019-02-28,646
C003877,Retail,33,602979,Business,Female,B016,2019-02-04,692
C003878,Retail,38,1066532,Salaried,Female,B003,2023-09-05,773
C003879,Retail,59,180000,Self-Employed,Female,B014,2023-05-03,747
C003880,Retail,31,425593,Salaried,Male,B007,2018-03-21,819
C003881,Retail,50,662872,Salaried,Female,B010,2023-08-19,708
C003882,Affluent,37,479725,Business,Male,B009,2020-03-09,668
C003883,Retail,30,387894,Salaried,Male,B008,2017-11-06,793
C003884,Retail,35,550139,Business,Female,B015,2019-06-25,684
C003885,Affluent,45,1177702,Self-Employed,Male,B012,2017-12-29,746
C003886,Mass Affluent,50,1460816,Salaried,Female,B006,2016-05-26,761
C003887,Retail,41,948796,Self-Employed,Male,B015,2022-11-19,869
C003888,SME,21,1646841,Self-Employed,Male,B015,2022-12-31,687
C003889,Retail,46,423826,Salaried,Female,B008,2021-04-04,802
C003890,Retail,37,884338,Salaried,Male,B012,2016-02-19,708
C003891,Affluent,27,309414,Salaried,Female,B020,2020-10-05,807
C003892,Mass Affluent,43,4032576,Salaried,Male,B002,2018-12-24,695
C003893,Retail,51,640357,Salaried,Female,B009,2023-10-07,764
C003894,Retail,39,1011914,Retired,Female,B008,2016-09-08,899
C003895,Mass Affluent,49,190819,Self-Employed,Male,B008,2022-03-26,630
C003896,Retail,44,997046,Salaried,Female,B004,2015-02-19,788
C003897,SME,44,646022,Business,Female,B005,2016-04-14,807
C003898,Retail,36,811268,Business,Female,B017,2017-03-19,689
C003899,Affluent,48,605317,Salaried,Male,B007,2021-12-07,829
C003900,Mass Affluent,49,555052,Salaried,Other,B001,2021-07-07,638
C003901,Affluent,48,491093,Business,Male,B010,2017-08-23,779
C003902,Mass Affluent,36,566033,Salaried,Female,B014,2015-05-25,746
C003903,Mass Affluent,50,1558234,Business,Male,B019,2015-07-25,783
C003904,Retail,43,472544,Salaried,Male,B009,2017-06-24,711
C003905,Retail,28,2604873,Self-Employed,Male,B011,2020-11-07,789
C003906,Retail,35,624421,Business,Male,B012,2020-03-21,795
C003907,Affluent,33,1490562,Salaried,Male,B001,2019-01-14,590
C003908,Affluent,18,1262036,Salaried,Male,B020,2015-06-19,691
C003909,Retail,50,217173,Self-Employed,Female,B017,2018-06-15,725
C003910,Retail,73,249190,Business,Male,B001,2021-11-15,703
C003911,Retail,52,386094,Self-Employed,Male,B001,2018-11-24,757
C003912,Mass Affluent,41,219980,Business,Female,B018,2018-04-04,588
C003913,Retail,33,458720,Salaried,Male,B009,2022-05-25,700
C003914,Affluent,29,611067,Salaried,Male,B017,2016-02-24,736
C003915,SME,41,914636,Self-Employed,Female,B013,2016-02-01,735
C003916,Retail,50,674724,Salaried,Male,B017,2023-12-03,644
C003917,Retail,32,602047,Salaried,Male,B011,2019-08-18,863
C003918,Retail,67,1167198,Self-Employed,Male,B017,2018-01-15,657
C003919,Retail,24,1069936,Retired,Male,B009,2018-06-10,734
C003920,Retail,41,2073569,Salaried,Female,B014,2021-06-14,686
C003921,Retail,40,677382,Salaried,Male,B001,2016-12-15,784
C003922,Affluent,39,180000,Business,Female,B008,2020-12-20,821
C003923,Retail,33,792038,Salaried,Female,B002,2019-07-27,745
C003924,Retail,40,2622281,Salaried,Male,B004,2020-02-17,758
C003925,SME,34,1168903,Business,Male,B018,2015-10-31,685
C003926,Affluent,53,1356787,Salaried,Male,B013,2019-11-18,673
C003927,Retail,57,638147,Salaried,Female,B014,2015-10-07,558
C003928,Mass Affluent,35,1086230,Salaried,Female,B011,2015-07-20,664
C003929,Retail,21,1404004,Salaried,Male,B011,2016-05-05,659
C003930,Affluent,42,482831,Self-Employed,Female,B008,2020-06-17,747
C003931,Mass Affluent,42,433296,Salaried,Male,B012,2019-10-08,632
C003932,Mass Affluent,40,806325,Salaried,Female,B001,2015-10-25,670
C003933,Retail,45,1126589,Self-Employed,Female,B016,2018-03-06,793
C003934,Affluent,54,180000,Retired,Male,B018,2016-03-23,649
C003935,Retail,48,528648,Business,Male,B001,2021-02-22,642
C003936,Retail,45,180000,Business,Male,B020,2020-03-28,844
C003937,Retail,47,554050,Salaried,Male,B018,2023-08-29,854
C003938,Retail,42,1799347,Salaried,Female,B010,2022-08-11,710
C003939,Retail,29,399941,Self-Employed,Female,B011,2020-10-09,778
C003940,Affluent,55,498187,Salaried,Female,B016,2017-04-30,764
C003941,SME,40,922593,Business,Female,B005,2015-03-13,766
C003942,Retail,29,1144691,Salaried,Male,B001,2022-11-10,690
C003943,Retail,27,1117040,Salaried,Female,B018,2016-03-27,738
C003944,Retail,29,614732,Salaried,Male,B007,2019-07-21,737
C003945,Retail,25,869339,Salaried,Female,B001,2015-07-18,754
C003946,Retail,46,844892,Self-Employed,Male,B002,2022-11-11,729
C003947,SME,37,379743,Self-Employed,Male,B002,2015-10-10,742
C003948,Retail,48,192241,Salaried,Male,B016,2020-07-16,684
C003949,Retail,52,334911,Business,Male,B008,2019-11-14,675
C003950,Retail,49,1528596,Salaried,Male,B010,2018-03-20,784
C003951,Affluent,46,2528846,Business,Male,B020,2023-07-09,714
C003952,Mass Affluent,42,565532,Self-Employed,Male,B016,2016-01-06,678
C003953,SME,37,1490768,Self-Employed,Male,B005,2020-08-02,886
C003954,Affluent,38,494536,Retired,Male,B004,2016-04-21,874
C003955,Retail,45,752801,Business,Female,B013,2015-02-27,636
C003956,Retail,28,402501,Salaried,Female,B008,2022-02-08,703
C003957,Mass Affluent,38,1160245,Salaried,Other,B013,2016-12-14,822
C003958,Retail,31,396164,Salaried,Male,B005,2021-09-29,661
C003959,Mass Affluent,52,335872,Salaried,Female,B017,2021-04-05,663
C003960,Retail,47,618513,Business,Male,B015,2021-08-28,731
C003961,Retail,63,1020275,Self-Employed,Male,B007,2016-02-11,767
C003962,Mass Affluent,31,667343,Salaried,Female,B010,2023-11-14,650
C003963,Mass Affluent,32,442333,Salaried,Male,B003,2020-11-28,780
C003964,Affluent,40,334333,Self-Employed,Male,B016,2018-12-26,829
C003965,Retail,31,200427,Salaried,Male,B020,2019-10-15,662
C003966,Mass Affluent,45,446021,Self-Employed,Female,B015,2019-08-30,684
C003967,Retail,38,543232,Salaried,Male,B006,2021-05-21,767
C003968,Retail,34,860062,Salaried,Male,B010,2021-06-06,679
C003969,Retail,51,280987,Business,Female,B007,2022-04-04,567
C003970,Retail,19,926350,Salaried,Male,B019,2022-02-06,708
C003971,Retail,45,407780,Business,Male,B005,2023-08-28,699
C003972,Retail,33,429653,Salaried,Male,B007,2016-08-04,650
C003973,Retail,48,1350996,Salaried,Male,B003,2019-10-19,787
C003974,Retail,51,180000,Business,Male,B002,2022-12-07,706
C003975,Retail,18,270289,Self-Employed,Female,B019,2017-12-30,797
C003976,Retail,37,618068,Business,Male,B002,2022-05-13,575
C003977,Retail,40,598064,Retired,Female,B019,2020-08-03,554
C003978,Mass Affluent,18,198470,Salaried,Male,B018,2021-07-29,774
C003979,Retail,42,435152,Retired,Male,B001,2016-10-02,613
C003980,Retail,33,1118383,Salaried,Male,B009,2016-09-24,635
C003981,Retail,26,281770,Salaried,Female,B016,2021-02-07,645
C003982,Mass Affluent,32,1211263,Business,Male,B008,2023-10-02,848
C003983,Affluent,30,376691,Salaried,Male,B011,2015-04-20,768
C003984,Affluent,33,180000,Business,Female,B016,2021-01-20,591
C003985,Mass Affluent,41,1021814,Salaried,Female,B020,2019-04-13,694
C003986,Retail,50,706186,Salaried,Female,B010,2023-12-31,713
C003987,Mass Affluent,38,231382,Salaried,Male,B016,2020-11-20,628
C003988,Mass Affluent,51,421628,Salaried,Male,B013,2016-02-08,695
C003989,Retail,27,1841168,Salaried,Female,B007,2023-11-11,654
C003990,Retail,41,920446,Salaried,Female,B001,2019-05-14,826
C003991,Retail,62,1238840,Self-Employed,Male,B014,2023-07-13,708
C003992,SME,22,286295,Retired,Female,B009,2018-03-09,606
C003993,Mass Affluent,21,1330567,Salaried,Male,B014,2023-07-01,731
C003994,Mass Affluent,53,237783,Salaried,Male,B004,2021-04-15,750
C003995,Retail,41,242723,Salaried,Male,B009,2017-03-16,668
C003996,Retail,32,1032519,Salaried,Female,B002,2016-06-26,756
C003997,Retail,27,252580,Salaried,Male,B011,2016-06-13,723
C003998,Retail,39,1608962,Salaried,Male,B020,2019-08-20,680
C003999,Affluent,40,265832,Self-Employed,Female,B014,2019-10-28,699
C004000,Mass Affluent,41,318967,Salaried,Male,B004,2021-09-26,712
C004001,Retail,26,1269643,Salaried,Female,B003,2019-06-15,507
C004002,Affluent,35,400791,Business,Male,B010,2017-09-17,708
C004003,Retail,33,1006043,Business,Female,B020,2017-04-10,785
C004004,SME,46,290972,Salaried,Female,B001,2023-01-06,695
C004005,Retail,27,501267,Self-Employed,Male,B009,2019-11-18,789
C004006,Retail,40,971161,Self-Employed,Female,B013,2022-12-06,628
C004007,Retail,68,346267,Business,Female,B011,2016-06-15,607
C004008,Retail,26,1166429,Business,Male,B010,2019-08-22,617
C004009,Retail,31,474729,Salaried,Female,B001,2017-11-20,733
C004010,Mass Affluent,38,648712,Self-Employed,Male,B013,2016-11-28,748
C004011,Affluent,18,312686,Business,Male,B009,2023-05-05,630
C004012,Affluent,23,363651,Self-Employed,Female,B008,2020-02-20,731
C004013,Retail,42,346623,Business,Female,B013,2016-01-26,699
C004014,Mass Affluent,37,403872,Salaried,Male,B008,2021-03-21,696
C004015,Retail,51,1639197,Business,Male,B017,2019-03-07,682
C004016,Retail,36,1243199,Business,Male,B001,2017-09-09,731
C004017,Mass Affluent,35,804804,Self-Employed,Male,B012,2023-03-24,564
C004018,Mass Affluent,31,391047,Salaried,Male,B012,2021-12-31,581
C004019,Retail,35,347088,Business,Male,B011,2020-09-27,705
C004020,Retail,26,319475,Business,Female,B011,2018-10-18,769
C004021,SME,37,492472,Salaried,Male,B016,2017-03-18,737
C004022,Retail,28,719829,Salaried,Male,B005,2016-12-10,779
C004023,Retail,26,894447,Retired,Male,B009,2020-05-05,760
C004024,Mass Affluent,32,605646,Self-Employed,Female,B010,2023-06-14,554
C004025,Retail,44,866508,Salaried,Male,B011,2015-12-12,652
C004026,Retail,41,1102459,Business,Male,B003,2019-01-31,859
C004027,Retail,46,471203,Salaried,Male,B011,2022-09-28,686
C004028,Affluent,29,1225221,Business,Female,B008,2021-12-15,817
C004029,Mass Affluent,39,316557,Self-Employed,Male,B001,2021-04-05,555
C004030,Mass Affluent,58,878379,Retired,Female,B017,2016-10-27,637
C004031,SME,54,612596,Salaried,Female,B016,2017-07-14,707
C004032,Affluent,25,672414,Business,Male,B016,2022-12-18,766
C004033,Retail,28,472415,Self-Employed,Female,B003,2023-02-21,620
C004034,Retail,58,1349768,Salaried,Male,B015,2020-10-25,717
C004035,Mass Affluent,44,405117,Salaried,Male,B002,2021-03-30,715
C004036,Mass Affluent,37,1478491,Self-Employed,Male,B011,2019-01-09,774
C004037,Mass Affluent,36,1484822,Self-Employed,Female,B009,2021-01-27,710
C004038,Mass Affluent,42,804445,Business,Male,B005,2022-01-25,645
C004039,Retail,42,489599,Self-Employed,Female,B003,2017-01-16,720
C004040,Retail,33,348061,Business,Female,B008,2017-09-27,822
C004041,Retail,37,180000,Business,Female,B006,2015-09-30,661
C004042,Retail,33,852225,Salaried,Male,B007,2020-04-26,716
C004043,Retail,41,291330,Salaried,Female,B012,2017-11-14,653
C004044,Mass Affluent,31,319088,Salaried,Male,B007,2017-01-26,815
C004045,Mass Affluent,25,858412,Salaried,Female,B009,2022-11-25,672
C004046,Retail,55,453731,Salaried,Male,B009,2016-07-02,791
C004047,Retail,38,691159,Self-Employed,Male,B001,2021-11-26,755
C004048,Retail,58,809412,Salaried,Female,B003,2018-10-10,581
C004049,Retail,18,1702724,Self-Employed,Male,B005,2019-10-11,761
C004050,Mass Affluent,23,682664,Salaried,Male,B011,2019-01-22,674
C004051,Affluent,44,419759,Salaried,Female,B004,2022-01-07,715
C004052,Affluent,38,571422,Salaried,Female,B012,2020-10-06,650
C004053,Mass Affluent,26,412120,Self-Employed,Female,B001,2021-01-28,900
C004054,Mass Affluent,52,2036057,Salaried,Female,B001,2021-05-09,746
C004055,Retail,29,764240,Salaried,Female,B013,2021-01-02,788
C004056,Retail,52,877401,Salaried,Female,B020,2018-12-31,694
C004057,Retail,38,1445276,Self-Employed,Male,B005,2017-05-03,710
C004058,SME,27,345833,Self-Employed,Male,B020,2017-04-08,585
C004059,Retail,32,237392,Salaried,Male,B002,2019-05-12,742
C004060,Retail,54,591196,Salaried,Female,B019,2021-06-05,627
C004061,Affluent,36,237826,Salaried,Female,B007,2021-01-03,677
C004062,SME,50,459303,Salaried,Female,B016,2023-02-16,669
C004063,Affluent,54,180000,Retired,Male,B004,2016-07-02,602
C004064,Retail,38,249220,Salaried,Male,B018,2023-05-27,687
C004065,Retail,37,1328538,Salaried,Male,B011,2017-12-17,777
C004066,Retail,35,780507,Salaried,Female,B016,2018-07-15,622
C004067,Retail,43,1930247,Self-Employed,Other,B010,2015-02-01,749
C004068,Retail,56,587978,Business,Male,B002,2021-09-23,719
C004069,Retail,26,573486,Salaried,Female,B010,2021-10-14,712
C004070,SME,41,690205,Business,Female,B003,2020-05-15,574
C004071,Retail,41,6183084,Salaried,Male,B012,2020-07-04,671
C004072,Mass Affluent,19,1189303,Business,Female,B020,2019-06-13,841
C004073,Mass Affluent,29,347421,Salaried,Female,B002,2015-08-10,668
C004074,Retail,31,781881,Salaried,Female,B008,2020-09-29,752
C004075,Mass Affluent,47,662551,Self-Employed,Female,B018,2017-03-19,680
C004076,Retail,49,958642,Business,Male,B009,2023-05-04,625
C004077,Retail,18,2027427,Business,Female,B011,2016-12-05,673
C004078,Mass Affluent,46,879175,Self-Employed,Male,B003,2020-03-03,813
C004079,Retail,45,471508,Salaried,Male,B008,2016-07-26,801
C004080,SME,45,2015770,Salaried,Female,B005,2017-06-13,622
C004081,Retail,41,256752,Business,Male,B015,2021-11-11,674
C004082,Mass Affluent,49,503043,Salaried,Female,B010,2017-03-13,632
C004083,Retail,52,1078016,Self-Employed,Male,B014,2022-03-29,683
C004084,Retail,21,358921,Salaried,Female,B005,2018-07-25,761
C004085,Retail,38,580144,Salaried,Female,B018,2019-01-16,734
C004086,Mass Affluent,36,380341,Self-Employed,Male,B012,2023-07-09,808
C004087,Affluent,33,585232,Salaried,Male,B003,2019-05-09,889
C004088,Affluent,34,380768,Salaried,Male,B008,2023-04-14,737
C004089,Retail,41,631633,Self-Employed,Female,B014,2018-04-03,783
C004090,Affluent,25,484286,Salaried,Female,B001,2017-07-28,863
C004091,Mass Affluent,46,1421740,Business,Male,B004,2021-04-13,652
C004092,Mass Affluent,35,770858,Salaried,Female,B008,2021-07-13,816
C004093,Retail,49,969436,Business,Male,B013,2020-03-23,680
C004094,Mass Affluent,32,659005,Salaried,Female,B016,2022-01-15,764
C004095,Affluent,32,452395,Salaried,Male,B016,2018-11-29,664
C004096,Retail,29,745869,Business,Male,B009,2015-02-09,825
C004097,Affluent,32,684539,Self-Employed,Male,B019,2017-11-19,750
C004098,Mass Affluent,30,180000,Salaried,Male,B008,2017-04-11,713
C004099,Retail,44,613229,Salaried,Female,B019,2015-10-24,718
C004100,Retail,51,928625,Retired,Male,B001,2022-12-04,900
C004101,Retail,43,376706,Salaried,Male,B013,2021-06-08,716
C004102,Mass Affluent,38,1054496,Salaried,Other,B013,2022-08-11,604
C004103,Affluent,44,756017,Salaried,Male,B004,2018-07-07,684
C004104,Retail,39,463600,Business,Male,B010,2020-05-01,791
C004105,Affluent,39,853347,Salaried,Female,B011,2016-08-28,851
C004106,Affluent,36,472173,Salaried,Male,B014,2021-10-15,769
C004107,Retail,48,718272,Salaried,Female,B005,2018-08-29,610
C004108,Affluent,18,506731,Business,Male,B013,2023-01-15,670
C004109,SME,18,857296,Salaried,Other,B015,2021-04-08,690
C004110,Mass Affluent,50,1439953,Salaried,Male,B017,2022-08-10,740
C004111,Affluent,37,451896,Salaried,Female,B016,2019-04-01,722
C004112,SME,49,1078555,Salaried,Female,B001,2017-05-13,786
C004113,Mass Affluent,32,494034,Business,Female,B012,2016-05-06,669
C004114,Retail,57,496558,Business,Male,B020,2015-11-07,715
C004115,Affluent,37,464057,Salaried,Female,B019,2023-02-27,674
C004116,Mass Affluent,44,200282,Self-Employed,Male,B007,2020-04-18,739
C004117,Mass Affluent,34,830611,Business,Male,B005,2022-05-30,664
C004118,Retail,29,721664,Self-Employed,Female,B008,2021-01-02,747
C004119,Affluent,20,667038,Salaried,Male,B004,2016-12-30,767
C004120,Retail,48,1648083,Salaried,Male,B014,2020-06-17,758
C004121,SME,43,1770351,Salaried,Male,B006,2017-09-16,688
C004122,Retail,40,1404021,Salaried,Male,B019,2017-07-12,815
C004123,Retail,26,514897,Salaried,Male,B004,2020-05-29,734
C004124,Retail,55,498197,Retired,Other,B010,2021-01-07,792
C004125,Retail,40,309552,Business,Female,B019,2016-04-07,863
C004126,Mass Affluent,47,624608,Salaried,Female,B010,2020-03-18,838
C004127,SME,39,603227,Self-Employed,Female,B013,2015-01-11,695
C004128,Affluent,27,851431,Business,Male,B003,2021-10-10,805
C004129,Retail,50,299519,Salaried,Male,B008,2022-12-10,887
C004130,Retail,44,470436,Salaried,Male,B010,2023-01-22,861
C004131,Affluent,37,199380,Self-Employed,Female,B002,2021-06-06,637
C004132,SME,44,376721,Salaried,Female,B001,2015-02-08,689
C004133,Retail,48,1071851,Salaried,Male,B010,2023-04-27,789
C004134,Retail,46,293244,Salaried,Female,B013,2016-08-13,801
C004135,Retail,20,1864066,Salaried,Female,B001,2019-01-28,764
C004136,Affluent,23,1155994,Self-Employed,Female,B002,2017-09-11,739
C004137,Mass Affluent,47,831089,Salaried,Male,B010,2023-10-29,831
C004138,Retail,31,1427569,Business,Male,B004,2017-10-15,702
C004139,Retail,27,554606,Salaried,Female,B007,2017-07-29,753
C004140,Affluent,43,371496,Salaried,Female,B005,2020-03-03,733
C004141,Retail,27,563725,Business,Female,B016,2017-05-25,650
C004142,Retail,34,196307,Self-Employed,Female,B007,2022-01-07,757
C004143,Mass Affluent,48,1301027,Business,Male,B009,2016-12-05,667
C004144,Retail,22,478259,Self-Employed,Male,B020,2016-09-05,811
C004145,Retail,24,367251,Self-Employed,Female,B009,2022-07-06,660
C004146,Affluent,21,395925,Self-Employed,Male,B011,2017-06-25,653
C004147,Affluent,30,606500,Salaried,Male,B017,2016-08-19,707
C004148,Affluent,40,648515,Business,Female,B011,2019-08-16,810
C004149,Affluent,32,545641,Salaried,Female,B009,2022-02-22,700
C004150,Mass Affluent,56,544067,Salaried,Female,B019,2015-12-14,719
C004151,Affluent,44,857716,Salaried,Male,B008,2022-02-24,760
C004152,Retail,39,293768,Business,Male,B005,2021-04-28,696
C004153,Mass Affluent,53,694578,Retired,Other,B006,2016-12-10,533
C004154,SME,24,488002,Salaried,Female,B019,2019-12-12,716
C004155,Retail,49,180000,Self-Employed,Female,B011,2019-07-12,706
C004156,Retail,36,296718,Retired,Male,B002,2019-01-08,691
C004157,Retail,34,358577,Self-Employed,Male,B003,2015-10-16,715
C004158,Retail,46,1777006,Business,Male,B002,2022-12-06,715
C004159,Retail,34,805173,Salaried,Male,B013,2018-11-05,683
C004160,Affluent,41,715565,Salaried,Female,B011,2021-09-09,706
C004161,SME,38,437203,Salaried,Male,B011,2020-08-07,760
C004162,Retail,42,430051,Retired,Male,B013,2015-10-14,811
C004163,Retail,33,278121,Business,Male,B019,2023-05-01,680
C004164,Retail,49,485298,Business,Male,B013,2022-02-06,799
C004165,Affluent,18,1467148,Salaried,Female,B001,2015-02-01,752
C004166,Retail,46,254717,Self-Employed,Male,B013,2019-04-08,622
C004167,Retail,18,409834,Business,Male,B006,2019-06-26,756
C004168,Retail,31,1095484,Self-Employed,Female,B008,2016-07-05,742
C004169,Retail,45,1093554,Business,Female,B019,2023-06-30,763
C004170,Retail,18,375620,Salaried,Male,B014,2018-11-20,677
C004171,Affluent,41,1278295,Salaried,Male,B006,2023-05-12,628
C004172,Mass Affluent,24,452314,Salaried,Female,B017,2015-10-25,593
C004173,Mass Affluent,28,284266,Salaried,Female,B002,2020-04-23,740
C004174,Retail,28,1588956,Salaried,Female,B016,2018-07-17,782
C004175,Mass Affluent,24,636958,Salaried,Male,B005,2017-04-22,760
C004176,Mass Affluent,20,537979,Salaried,Male,B020,2022-07-10,765
C004177,Retail,62,672209,Business,Male,B006,2019-02-11,829
C004178,Mass Affluent,37,319411,Self-Employed,Male,B002,2019-07-09,753
C004179,Retail,25,416419,Salaried,Male,B005,2018-06-02,708
C004180,Affluent,33,1526779,Salaried,Female,B010,2019-06-14,850
C004181,Retail,39,2008947,Self-Employed,Female,B019,2021-09-28,687
C004182,SME,35,291013,Salaried,Female,B001,2017-11-24,671
C004183,Retail,25,465842,Salaried,Female,B006,2020-09-05,808
C004184,Affluent,29,601714,Self-Employed,Female,B016,2016-10-06,595
C004185,Mass Affluent,52,683605,Salaried,Male,B010,2023-08-13,653
C004186,Affluent,24,323493,Salaried,Female,B008,2017-08-04,674
C004187,Retail,18,915725,Salaried,Male,B020,2017-01-12,641
C004188,Retail,35,961815,Salaried,Male,B019,2022-04-05,729
C004189,Affluent,18,1042766,Business,Female,B020,2018-10-27,856
C004190,Retail,29,978510,Salaried,Male,B007,2023-03-03,700
C004191,Retail,25,632532,Business,Female,B015,2015-12-12,610
C004192,Mass Affluent,25,1142291,Salaried,Male,B005,2018-09-29,618
C004193,Mass Affluent,40,854548,Business,Male,B004,2021-02-21,753
C004194,Retail,42,228700,Business,Male,B019,2021-03-07,718
C004195,Retail,30,229748,Salaried,Male,B019,2019-07-13,783
C004196,Retail,38,733262,Salaried,Male,B010,2023-04-10,741
C004197,Affluent,30,1383970,Salaried,Male,B008,2022-01-19,673
C004198,Mass Affluent,43,801800,Salaried,Male,B020,2022-04-30,647
C004199,Affluent,23,879484,Salaried,Female,B001,2018-08-14,658
C004200,SME,41,301425,Business,Female,B020,2021-09-17,724
C004201,Retail,42,626847,Retired,Male,B013,2015-07-09,606
C004202,Retail,65,1260544,Salaried,Male,B007,2018-10-27,622
C004203,Retail,20,801678,Self-Employed,Female,B002,2015-04-17,710
C004204,Retail,68,642230,Self-Employed,Other,B009,2016-10-29,690
C004205,SME,47,882811,Salaried,Male,B019,2021-10-27,752
C004206,Mass Affluent,59,695187,Self-Employed,Male,B009,2018-08-13,704
C004207,Retail,49,1287400,Self-Employed,Male,B017,2018-11-09,689
C004208,Retail,29,694847,Business,Female,B018,2022-01-19,748
C004209,Mass Affluent,46,588127,Salaried,Male,B010,2018-08-26,727
C004210,Mass Affluent,32,303732,Salaried,Male,B001,2023-06-28,732
C004211,Retail,38,1321185,Self-Employed,Male,B011,2022-07-22,524
C004212,SME,26,325596,Salaried,Male,B019,2018-05-02,693
C004213,Mass Affluent,32,700147,Business,Female,B019,2019-11-09,705
C004214,Retail,49,1009844,Salaried,Female,B002,2022-06-04,752
C004215,Affluent,44,1919842,Salaried,Female,B005,2017-03-19,822
C004216,Retail,50,695227,Salaried,Male,B003,2015-03-04,651
C004217,SME,24,1482181,Salaried,Male,B013,2021-12-16,667
C004218,SME,18,610776,Salaried,Female,B007,2021-05-06,800
C004219,Mass Affluent,51,416819,Business,Male,B011,2018-04-10,709
C004220,Affluent,50,3623167,Salaried,Female,B017,2019-09-03,739
C004221,Retail,41,271829,Salaried,Female,B001,2018-02-26,642
C004222,SME,44,4006969,Self-Employed,Female,B004,2017-06-04,681
C004223,Mass Affluent,49,1729120,Salaried,Male,B001,2021-07-28,703
C004224,Mass Affluent,41,412942,Salaried,Female,B009,2016-10-01,846
C004225,SME,45,915372,Salaried,Male,B018,2022-05-22,776
C004226,SME,48,241867,Salaried,Male,B017,2021-01-04,685
C004227,Affluent,38,882184,Salaried,Female,B019,2017-01-30,707
C004228,Retail,35,739737,Self-Employed,Female,B015,2023-08-17,721
C004229,SME,43,1053779,Salaried,Male,B010,2018-05-28,692
C004230,Mass Affluent,64,461436,Retired,Female,B012,2021-09-18,717
C004231,SME,30,665338,Salaried,Male,B016,2023-08-25,854
C004232,Mass Affluent,34,817710,Business,Female,B012,2022-11-28,794
C004233,Retail,20,436780,Self-Employed,Female,B001,2021-09-17,710
C004234,Retail,44,1496511,Salaried,Female,B013,2015-04-27,808
C004235,Mass Affluent,33,652962,Salaried,Male,B004,2021-12-24,644
C004236,Affluent,24,750525,Business,Female,B020,2019-06-03,782
C004237,Retail,38,349193,Self-Employed,Male,B012,2022-08-27,628
C004238,Mass Affluent,55,205112,Salaried,Female,B019,2021-01-30,584
C004239,Retail,35,250087,Salaried,Male,B015,2023-09-13,725
C004240,Affluent,36,884068,Business,Female,B009,2018-01-25,725
C004241,Retail,55,358971,Salaried,Female,B007,2021-11-30,770
C004242,Retail,39,963623,Salaried,Male,B006,2016-07-01,772
C004243,Retail,26,1759019,Business,Female,B009,2019-06-25,823
C004244,Retail,47,990356,Salaried,Male,B018,2017-05-22,718
C004245,Retail,51,791580,Salaried,Female,B008,2022-02-21,720
C004246,Retail,37,918850,Self-Employed,Female,B018,2018-12-16,801
C004247,Retail,40,1229724,Business,Male,B013,2018-09-10,637
C004248,SME,25,734762,Salaried,Male,B007,2017-05-30,711
C004249,Affluent,29,923648,Business,Female,B012,2019-02-01,670
C004250,Retail,35,415470,Business,Female,B005,2015-11-22,649
C004251,SME,40,318108,Salaried,Female,B016,2020-08-18,753
C004252,Retail,32,431887,Salaried,Male,B008,2023-05-11,659
C004253,Mass Affluent,35,485315,Business,Male,B007,2018-01-19,683
C004254,Mass Affluent,38,472611,Salaried,Female,B001,2016-12-05,721
C004255,Retail,28,1264266,Salaried,Male,B002,2021-05-22,744
C004256,Retail,36,180000,Self-Employed,Female,B009,2018-03-12,808
C004257,Retail,52,522175,Business,Male,B015,2021-09-29,783
C004258,Retail,32,972687,Self-Employed,Female,B007,2016-12-24,777
C004259,Mass Affluent,29,949871,Self-Employed,Male,B007,2020-04-07,658
C004260,Retail,62,352349,Salaried,Female,B020,2023-03-23,854
C004261,Retail,41,1857703,Self-Employed,Male,B013,2017-08-08,697
C004262,Retail,30,244079,Salaried,Male,B004,2019-12-31,666
C004263,Retail,46,477924,Salaried,Female,B019,2019-07-14,668
C004264,Mass Affluent,42,490557,Salaried,Male,B010,2017-12-20,571
C004265,Retail,33,487372,Salaried,Female,B004,2021-05-30,752
C004266,Affluent,38,1452055,Salaried,Other,B012,2021-07-15,595
C004267,Retail,36,606258,Salaried,Male,B003,2017-05-28,619
C004268,Retail,50,738620,Business,Male,B008,2022-11-06,843
C004269,Mass Affluent,46,1062613,Salaried,Female,B017,2015-07-05,824
C004270,Retail,18,395916,Salaried,Female,B006,2023-08-30,636
C004271,Mass Affluent,60,542591,Salaried,Female,B013,2018-06-08,650
C004272,Mass Affluent,36,1783573,Business,Male,B018,2018-03-08,779
C004273,Retail,58,767231,Business,Female,B016,2017-05-31,605
C004274,Retail,47,294475,Salaried,Male,B011,2017-02-14,685
C004275,Retail,42,343881,Business,Female,B014,2017-03-12,699
C004276,Retail,38,1071362,Salaried,Male,B001,2016-10-23,619
C004277,Retail,69,287946,Self-Employed,Female,B012,2015-07-09,643
C004278,Retail,36,441195,Self-Employed,Male,B020,2019-05-27,586
C004279,Retail,32,684765,Salaried,Male,B006,2015-12-19,750
C004280,Mass Affluent,33,605336,Salaried,Male,B007,2020-09-17,676
C004281,Mass Affluent,39,1573442,Business,Female,B011,2018-01-01,571
C004282,Mass Affluent,39,180000,Salaried,Female,B001,2023-01-12,778
C004283,Retail,50,820731,Salaried,Female,B003,2015-01-22,776
C004284,Retail,47,499322,Self-Employed,Female,B013,2016-12-13,744
C004285,Affluent,47,1412314,Salaried,Female,B006,2015-01-31,816
C004286,Mass Affluent,36,514797,Business,Male,B010,2022-11-23,787
C004287,Affluent,46,524585,Salaried,Male,B007,2023-08-16,752
C004288,Retail,48,598412,Salaried,Male,B011,2019-12-05,667
C004289,Mass Affluent,38,390406,Business,Male,B015,2018-12-31,787
C004290,Mass Affluent,42,408641,Business,Male,B011,2018-10-16,704
C004291,Retail,48,544631,Business,Female,B018,2020-07-11,653
C004292,Retail,41,1747885,Salaried,Male,B001,2022-08-05,736
C004293,Mass Affluent,42,435961,Retired,Male,B014,2015-02-23,724
C004294,Retail,54,383775,Salaried,Female,B012,2016-01-06,738
C004295,Retail,41,462586,Salaried,Female,B001,2015-04-07,732
C004296,Affluent,32,601326,Business,Male,B018,2017-06-03,655
C004297,SME,24,1923725,Salaried,Female,B017,2016-06-13,654
C004298,Retail,40,365209,Self-Employed,Male,B014,2017-11-25,775
C004299,Retail,35,3045255,Retired,Male,B012,2021-06-23,716
C004300,Retail,48,805066,Salaried,Female,B001,2018-10-25,610
C004301,Mass Affluent,56,313161,Salaried,Female,B019,2023-07-20,654
C004302,Retail,28,420403,Salaried,Male,B004,2021-05-23,610
C004303,SME,29,180000,Business,Male,B005,2016-10-11,745
C004304,Retail,39,643082,Self-Employed,Female,B005,2015-08-31,746
C004305,Retail,30,1188477,Salaried,Female,B002,2018-08-07,627
C004306,Mass Affluent,37,612248,Salaried,Other,B011,2016-02-17,649
C004307,Affluent,33,1011060,Salaried,Female,B003,2021-03-19,740
C004308,Retail,28,792701,Self-Employed,Male,B008,2017-11-20,678
C004309,Retail,48,1317534,Salaried,Male,B002,2020-03-03,630
C004310,SME,40,317380,Salaried,Male,B004,2017-05-21,771
C004311,Retail,59,1065078,Self-Employed,Male,B007,2019-11-12,706
C004312,Affluent,43,2045370,Salaried,Male,B019,2023-08-06,562
C004313,Retail,53,3179166,Business,Male,B019,2023-04-30,705
C004314,Affluent,31,1510418,Salaried,Male,B007,2022-10-03,874
C004315,Mass Affluent,31,670743,Self-Employed,Female,B008,2019-02-14,745
C004316,Retail,63,320378,Salaried,Male,B014,2015-04-06,725
C004317,Affluent,32,352879,Self-Employed,Female,B004,2015-08-13,740
C004318,Retail,29,536124,Business,Male,B014,2019-04-22,680
C004319,Retail,26,2009978,Self-Employed,Female,B001,2017-01-04,668
C004320,Mass Affluent,60,425043,Self-Employed,Male,B005,2015-08-11,602
C004321,Retail,36,674295,Business,Male,B011,2017-09-17,638
C004322,Mass Affluent,43,1105913,Salaried,Male,B015,2019-08-29,807
C004323,Retail,41,180000,Salaried,Male,B020,2020-12-07,700
C004324,Retail,31,300579,Business,Male,B014,2015-05-18,787
C004325,Retail,36,2135574,Self-Employed,Female,B013,2021-07-03,567
C004326,Retail,48,1181826,Salaried,Female,B007,2023-01-04,709
C004327,Retail,26,1187017,Salaried,Female,B018,2022-08-19,864
C004328,Affluent,46,325792,Salaried,Female,B006,2016-08-17,712
C004329,SME,55,1541337,Salaried,Female,B020,2016-06-23,750
C004330,Affluent,42,352806,Business,Female,B007,2023-08-26,657
C004331,Retail,54,636787,Business,Male,B009,2022-05-05,691
C004332,Retail,24,942447,Salaried,Male,B002,2018-11-15,699
C004333,Retail,19,1031022,Salaried,Male,B008,2015-12-06,691
C004334,Retail,42,826943,Salaried,Male,B006,2019-03-18,668
C004335,Mass Affluent,33,526539,Salaried,Female,B009,2022-11-12,741
C004336,Retail,49,180549,Salaried,Female,B007,2020-10-30,577
C004337,Retail,36,632993,Business,Male,B005,2017-05-15,852
C004338,SME,41,180000,Salaried,Male,B017,2016-02-02,693
C004339,Retail,40,867709,Salaried,Male,B007,2016-12-14,640
C004340,Retail,40,317602,Salaried,Male,B016,2021-08-02,683
C004341,Retail,33,540901,Business,Male,B011,2022-10-18,644
C004342,Retail,24,430279,Business,Male,B014,2015-06-30,652
C004343,Affluent,37,866825,Salaried,Male,B003,2019-03-19,703
C004344,Retail,55,359014,Salaried,Female,B008,2017-10-11,781
C004345,Retail,32,708725,Retired,Male,B015,2022-02-20,805
C004346,Retail,32,676469,Salaried,Male,B009,2018-03-05,753
C004347,Retail,41,626207,Business,Female,B016,2018-07-12,658
C004348,Retail,26,774462,Salaried,Female,B018,2015-07-22,714
C004349,Affluent,50,274599,Business,Female,B008,2017-02-22,647
C004350,Affluent,27,281210,Salaried,Female,B007,2019-02-14,728
C004351,Affluent,36,1523383,Business,Male,B020,2020-02-23,754
C004352,Retail,67,220525,Business,Male,B010,2021-05-23,794
C004353,Affluent,26,2452972,Salaried,Male,B012,2020-12-20,736
C004354,Mass Affluent,55,548608,Salaried,Female,B012,2018-01-25,693
C004355,Retail,40,345198,Salaried,Male,B010,2018-01-22,738
C004356,Mass Affluent,42,1050137,Business,Male,B002,2015-04-04,688
C004357,Retail,30,416330,Salaried,Female,B012,2018-08-11,699
C004358,Retail,48,747517,Salaried,Male,B006,2017-11-05,776
C004359,Mass Affluent,35,1346054,Salaried,Male,B001,2016-04-18,751
C004360,Retail,26,953887,Self-Employed,Male,B009,2023-03-27,707
C004361,Mass Affluent,55,791675,Salaried,Male,B020,2019-01-23,705
C004362,Retail,35,918223,Self-Employed,Male,B016,2015-07-30,678
C004363,Affluent,19,615834,Business,Male,B017,2022-02-19,812
C004364,SME,36,1016521,Self-Employed,Female,B020,2021-10-26,795
C004365,Affluent,48,298755,Salaried,Male,B006,2015-04-09,801
C004366,Retail,46,1548985,Salaried,Male,B004,2015-01-20,709
C004367,Retail,32,542070,Salaried,Male,B009,2015-01-21,743
C004368,Retail,28,673237,Salaried,Male,B020,2023-11-27,745
C004369,Retail,24,489371,Salaried,Male,B008,2020-02-14,753
C004370,Retail,39,889715,Salaried,Male,B018,2022-07-04,647
C004371,Mass Affluent,41,1190478,Salaried,Female,B012,2016-07-14,853
C004372,Mass Affluent,47,314846,Salaried,Male,B007,2017-11-12,552
C004373,SME,37,573579,Self-Employed,Female,B008,2015-04-18,638
C004374,Retail,37,670039,Salaried,Female,B010,2017-04-15,607
C004375,Retail,36,796749,Business,Female,B003,2022-04-06,708
C004376,Retail,41,496417,Salaried,Female,B018,2019-08-28,736
C004377,SME,38,453120,Salaried,Female,B009,2020-09-02,720
C004378,Affluent,49,1067309,Salaried,Female,B005,2022-09-24,593
C004379,Affluent,42,835094,Self-Employed,Male,B013,2019-11-07,767
C004380,SME,40,690200,Salaried,Female,B005,2021-11-05,697
C004381,Mass Affluent,39,1351598,Salaried,Female,B002,2019-07-01,725
C004382,Retail,29,251491,Salaried,Male,B007,2019-04-14,881
C004383,Retail,39,1008202,Salaried,Male,B003,2020-12-02,702
C004384,Mass Affluent,32,764933,Business,Female,B009,2021-09-07,724
C004385,Retail,43,233045,Salaried,Female,B003,2017-08-09,662
C004386,Retail,37,1280547,Business,Male,B006,2020-03-20,805
C004387,SME,57,880369,Self-Employed,Female,B010,2022-04-21,800
C004388,SME,25,960162,Salaried,Male,B003,2019-05-28,746
C004389,Affluent,18,492529,Business,Female,B020,2017-02-16,699
C004390,Affluent,42,984972,Salaried,Male,B009,2022-03-28,713
C004391,Mass Affluent,32,373090,Salaried,Female,B012,2018-11-28,864
C004392,Retail,41,250237,Salaried,Female,B012,2019-06-15,764
C004393,Retail,25,594930,Self-Employed,Male,B016,2017-10-09,638
C004394,Mass Affluent,60,930466,Business,Male,B011,2023-09-09,744
C004395,Mass Affluent,35,1160529,Self-Employed,Female,B012,2015-09-23,718
C004396,Retail,31,661744,Business,Male,B017,2015-03-24,729
C004397,SME,60,629375,Business,Female,B004,2017-07-25,709
C004398,Retail,48,1160073,Salaried,Female,B010,2019-10-10,739
C004399,Retail,54,482930,Salaried,Male,B017,2020-06-18,718
C004400,Mass Affluent,37,416359,Salaried,Male,B008,2015-09-03,698
C004401,Retail,40,1717775,Self-Employed,Male,B007,2018-07-08,743
C004402,Retail,32,500889,Salaried,Female,B018,2017-03-21,727
C004403,Retail,31,1088688,Self-Employed,Male,B008,2017-10-07,830
C004404,Affluent,43,1451989,Business,Male,B002,2019-09-27,708
C004405,Retail,35,687756,Business,Male,B014,2018-03-21,631
C004406,Mass Affluent,63,712253,Self-Employed,Female,B016,2018-10-29,772
C004407,Mass Affluent,48,1930438,Business,Female,B020,2016-11-01,786
C004408,Retail,60,256402,Self-Employed,Female,B010,2020-01-25,599
C004409,SME,18,253591,Salaried,Female,B018,2018-02-15,732
C004410,Retail,60,1019462,Salaried,Male,B005,2016-09-19,702
C004411,SME,18,460006,Salaried,Male,B016,2016-12-07,757
C004412,Mass Affluent,25,1050374,Salaried,Female,B011,2020-12-16,755
C004413,SME,20,578392,Salaried,Female,B019,2023-12-19,752
C004414,Retail,42,1030945,Salaried,Female,B006,2015-07-18,779
C004415,Retail,39,338316,Business,Male,B007,2017-02-05,759
C004416,Retail,48,893779,Salaried,Male,B011,2023-02-24,827
C004417,Retail,38,433244,Business,Female,B018,2018-01-05,714
C004418,Mass Affluent,52,958222,Business,Female,B018,2019-01-10,716
C004419,Retail,29,2790336,Business,Male,B020,2019-08-22,687
C004420,Mass Affluent,53,355672,Salaried,Female,B008,2021-12-30,685
C004421,Retail,39,476645,Salaried,Male,B010,2017-12-11,715
C004422,Retail,65,552193,Business,Female,B017,2021-02-03,789
C004423,Affluent,49,740050,Self-Employed,Female,B009,2019-12-10,711
C004424,Retail,36,180000,Self-Employed,Male,B013,2019-01-12,735
C004425,Mass Affluent,39,613104,Retired,Male,B008,2023-09-20,816
C004426,Mass Affluent,28,520566,Salaried,Male,B017,2018-06-13,789
C004427,Affluent,43,522953,Salaried,Male,B016,2020-03-25,658
C004428,Retail,36,726601,Salaried,Female,B016,2018-04-04,621
C004429,Mass Affluent,47,755271,Business,Female,B008,2019-04-24,570
C004430,SME,24,747705,Salaried,Male,B010,2020-03-03,786
C004431,Mass Affluent,35,297928,Salaried,Male,B012,2020-08-08,506
C004432,Retail,26,509879,Salaried,Male,B018,2015-10-25,679
C004433,Mass Affluent,27,496155,Business,Female,B009,2016-01-15,678
C004434,Mass Affluent,46,845282,Self-Employed,Male,B004,2015-06-16,737
C004435,Mass Affluent,51,320208,Salaried,Female,B005,2021-08-06,694
C004436,Retail,18,680358,Salaried,Male,B016,2017-04-20,598
C004437,Retail,59,1707332,Salaried,Male,B001,2016-05-18,752
C004438,Affluent,54,180000,Business,Male,B018,2019-06-29,761
C004439,Retail,24,537263,Salaried,Male,B018,2022-09-07,708
C004440,Mass Affluent,48,180000,Salaried,Male,B019,2016-04-01,639
C004441,Retail,34,600107,Self-Employed,Male,B009,2017-05-08,747
C004442,Mass Affluent,38,1032751,Business,Male,B001,2017-07-13,710
C004443,Retail,46,430452,Salaried,Male,B003,2016-12-08,715
C004444,Retail,44,1095393,Salaried,Male,B002,2019-08-16,725
C004445,SME,33,1453130,Salaried,Male,B002,2019-12-13,607
C004446,Affluent,33,779056,Salaried,Female,B017,2021-02-10,576
C004447,Mass Affluent,33,429318,Self-Employed,Female,B006,2016-02-22,685
C004448,Retail,52,850082,Salaried,Female,B005,2016-12-15,801
C004449,Mass Affluent,19,1789173,Business,Male,B011,2022-09-25,645
C004450,Mass Affluent,37,252570,Self-Employed,Female,B009,2017-03-05,802
C004451,Mass Affluent,56,1233030,Salaried,Male,B004,2017-07-29,763
C004452,Retail,47,259598,Business,Male,B007,2015-05-03,885
C004453,Mass Affluent,51,223745,Salaried,Female,B013,2020-07-27,739
C004454,Affluent,37,269116,Salaried,Female,B016,2022-04-05,681
C004455,SME,26,584834,Retired,Male,B020,2018-12-21,634
C004456,Retail,40,1363587,Business,Female,B017,2015-03-02,758
C004457,Mass Affluent,31,180000,Business,Female,B020,2019-09-29,693
C004458,Mass Affluent,64,1141537,Self-Employed,Female,B002,2023-02-07,674
C004459,Retail,37,543164,Salaried,Male,B005,2015-04-02,684
C004460,Retail,46,292965,Retired,Female,B018,2017-06-16,674
C004461,Retail,58,881349,Salaried,Female,B013,2015-08-22,665
C004462,Retail,27,440667,Business,Female,B018,2017-08-27,675
C004463,Retail,18,2605074,Business,Male,B011,2022-01-22,860
C004464,Mass Affluent,44,829589,Business,Male,B014,2020-01-30,681
C004465,Mass Affluent,46,622224,Salaried,Male,B012,2017-10-14,738
C004466,Mass Affluent,34,914403,Business,Female,B004,2017-02-26,700
C004467,SME,26,1436866,Self-Employed,Female,B007,2022-11-13,637
C004468,Retail,42,1530683,Self-Employed,Male,B013,2017-10-16,758
C004469,Retail,39,1096803,Business,Female,B019,2020-06-02,751
C004470,Mass Affluent,43,1468284,Salaried,Female,B011,2022-11-14,698
C004471,Retail,27,1311664,Salaried,Female,B007,2019-07-12,767
C004472,Retail,43,1083518,Self-Employed,Male,B015,2018-06-14,705
C004473,Retail,48,464343,Salaried,Male,B019,2018-10-16,726
C004474,Retail,22,1358497,Self-Employed,Female,B020,2023-10-15,780
C004475,Affluent,55,454098,Salaried,Female,B017,2022-04-25,694
C004476,Retail,42,712123,Salaried,Male,B001,2021-04-08,828
C004477,Retail,48,469856,Salaried,Other,B012,2015-10-19,667
C004478,Retail,25,929845,Salaried,Male,B019,2021-10-20,775
C004479,Mass Affluent,47,1378354,Self-Employed,Male,B005,2017-01-29,728
C004480,Retail,21,460571,Self-Employed,Male,B010,2023-07-23,731
C004481,Mass Affluent,29,239680,Salaried,Male,B011,2022-01-19,777
C004482,Retail,42,1157224,Business,Male,B016,2015-02-19,764
C004483,Retail,36,1176229,Self-Employed,Male,B018,2022-10-12,644
C004484,Mass Affluent,39,1658770,Business,Male,B009,2022-10-17,682
C004485,Retail,60,1072727,Salaried,Male,B009,2021-02-14,696
C004486,Retail,39,1088940,Salaried,Male,B014,2023-03-05,712
C004487,Retail,47,376383,Salaried,Female,B020,2020-06-29,769
C004488,SME,38,968742,Salaried,Female,B006,2022-06-22,615
C004489,Retail,38,2422045,Business,Female,B012,2023-11-23,759
C004490,Mass Affluent,28,418838,Retired,Male,B011,2021-03-16,742
C004491,Retail,43,271847,Business,Male,B004,2022-05-30,790
C004492,Retail,67,657402,Salaried,Female,B006,2022-07-30,637
C004493,Retail,40,1103526,Salaried,Female,B018,2018-07-03,725
C004494,SME,36,690670,Business,Female,B006,2022-11-12,740
C004495,Retail,52,1912910,Salaried,Female,B001,2021-08-02,608
C004496,Retail,50,342983,Business,Male,B010,2022-05-19,686
C004497,Retail,44,224038,Salaried,Female,B012,2021-02-15,649
C004498,Retail,36,1518958,Salaried,Female,B007,2020-02-15,676
C004499,Retail,52,240271,Retired,Female,B011,2019-01-23,794
C004500,Mass Affluent,40,737347,Retired,Male,B020,2017-10-29,787
C004501,Retail,49,1492359,Business,Male,B001,2023-01-06,708
C004502,Retail,30,690571,Salaried,Male,B016,2017-02-13,825
C004503,Mass Affluent,33,381185,Business,Male,B004,2019-08-31,704
C004504,Retail,40,1371854,Salaried,Female,B006,2017-10-08,645
C004505,Retail,25,670443,Salaried,Female,B010,2019-02-17,763
C004506,Retail,35,519757,Salaried,Male,B007,2018-04-27,750
C004507,Mass Affluent,25,1746221,Business,Male,B012,2023-06-22,710
C004508,Retail,22,469860,Salaried,Male,B019,2015-10-24,704
C004509,Retail,66,406409,Self-Employed,Female,B010,2021-07-03,715
C004510,Retail,32,333669,Self-Employed,Female,B002,2017-09-06,756
C004511,Mass Affluent,33,1322602,Self-Employed,Female,B009,2019-11-11,757
C004512,Retail,40,792268,Salaried,Male,B001,2015-01-11,766
C004513,Mass Affluent,27,437061,Salaried,Female,B010,2023-05-31,703
C004514,Affluent,33,235472,Business,Male,B001,2023-11-23,708
C004515,Mass Affluent,59,1499068,Self-Employed,Male,B002,2017-03-22,720
C004516,Retail,43,441256,Business,Female,B005,2018-09-10,662
C004517,Retail,50,183912,Salaried,Female,B017,2023-10-19,645
C004518,Retail,56,635051,Salaried,Female,B013,2022-01-10,803
C004519,Retail,41,1173998,Salaried,Male,B006,2018-02-20,719
C004520,Retail,37,958161,Salaried,Female,B010,2016-03-19,659
C004521,Affluent,23,632517,Salaried,Male,B002,2022-08-22,678
C004522,Retail,35,450232,Salaried,Male,B005,2017-06-18,683
C004523,Retail,37,416763,Self-Employed,Other,B019,2018-06-16,756
C004524,Mass Affluent,30,1375144,Business,Male,B002,2021-01-11,815
C004525,Mass Affluent,56,180000,Business,Female,B001,2023-03-25,691
C004526,Retail,51,323747,Business,Male,B008,2017-10-27,585
C004527,Affluent,50,563766,Self-Employed,Male,B015,2016-03-13,743
C004528,Retail,38,180000,Salaried,Male,B006,2019-01-20,617
C004529,Mass Affluent,28,520745,Salaried,Female,B004,2019-10-28,690
C004530,Affluent,54,270265,Salaried,Male,B012,2022-04-17,827
C004531,Mass Affluent,43,816923,Business,Female,B016,2017-05-12,622
C004532,Mass Affluent,48,413374,Salaried,Female,B002,2016-09-06,674
C004533,Retail,46,462713,Salaried,Female,B008,2020-02-22,642
C004534,Retail,42,395025,Salaried,Female,B006,2023-03-30,622
C004535,Mass Affluent,61,931200,Retired,Male,B003,2015-04-13,679
C004536,Retail,32,573718,Business,Male,B001,2016-10-21,701
C004537,Affluent,36,1109722,Salaried,Male,B008,2018-04-24,801
C004538,Retail,57,1315672,Salaried,Female,B012,2016-11-18,684
C004539,Retail,40,497876,Salaried,Female,B007,2021-10-01,755
C004540,Retail,38,381385,Salaried,Female,B017,2020-05-05,839
C004541,Retail,36,456967,Salaried,Male,B013,2018-10-08,858
C004542,Mass Affluent,46,3385020,Salaried,Female,B018,2015-10-23,678
C004543,Mass Affluent,36,401645,Self-Employed,Male,B016,2022-01-08,830
C004544,Mass Affluent,35,535581,Salaried,Male,B008,2016-06-05,760
C004545,Affluent,46,689751,Retired,Female,B012,2018-05-30,807
C004546,Affluent,40,855939,Salaried,Male,B006,2016-11-16,643
C004547,Affluent,28,641699,Business,Female,B002,2020-06-03,694
C004548,Retail,39,1900727,Self-Employed,Male,B007,2019-06-09,749
C004549,Mass Affluent,54,699461,Business,Male,B004,2020-03-20,616
C004550,Retail,47,544515,Self-Employed,Male,B020,2016-05-19,673
C004551,Retail,56,1116831,Self-Employed,Male,B016,2020-10-03,634
C004552,Mass Affluent,31,337181,Salaried,Male,B017,2016-10-09,693
C004553,Retail,51,851846,Salaried,Female,B003,2023-05-10,703
C004554,Retail,32,471488,Salaried,Male,B003,2016-09-19,900
C004555,Retail,25,1383810,Salaried,Female,B014,2023-07-25,739
C004556,Retail,30,1454815,Salaried,Male,B014,2017-08-08,619
C004557,SME,40,535806,Salaried,Male,B007,2022-09-03,731
C004558,Retail,50,340760,Salaried,Male,B001,2019-11-09,542
C004559,Retail,42,180000,Business,Male,B015,2017-03-21,775
C004560,Retail,37,694586,Business,Male,B014,2020-02-10,780
C004561,Retail,28,180000,Self-Employed,Female,B004,2015-02-25,619
C004562,SME,47,567733,Salaried,Male,B004,2015-06-13,750
C004563,Retail,50,416675,Salaried,Male,B011,2021-12-11,701
C004564,Mass Affluent,42,862357,Salaried,Male,B001,2020-08-17,665
C004565,Mass Affluent,27,594703,Salaried,Male,B011,2022-04-13,823
C004566,SME,48,415219,Retired,Female,B012,2015-05-27,686
C004567,Mass Affluent,52,1041925,Salaried,Male,B015,2018-11-30,742
C004568,Affluent,56,295180,Salaried,Male,B015,2020-10-14,696
C004569,Retail,34,865173,Self-Employed,Female,B004,2020-12-26,817
C004570,Retail,44,2292376,Salaried,Female,B006,2015-07-14,702
C004571,Retail,33,1123890,Retired,Male,B002,2021-05-25,674
C004572,Affluent,29,460997,Salaried,Male,B009,2016-04-02,719
C004573,Retail,56,309519,Business,Male,B008,2022-11-08,629
C004574,Retail,45,1101533,Self-Employed,Female,B019,2016-03-04,855
C004575,Retail,53,270732,Salaried,Female,B008,2015-07-14,824
C004576,Retail,26,602350,Salaried,Female,B020,2019-07-17,705
C004577,Retail,42,960890,Salaried,Male,B010,2015-10-22,666
C004578,SME,45,311410,Salaried,Female,B017,2022-04-11,686
C004579,Retail,30,300438,Business,Male,B019,2020-09-28,641
C004580,Mass Affluent,55,254758,Business,Male,B001,2017-03-30,678
C004581,Mass Affluent,36,1691462,Self-Employed,Female,B015,2021-08-22,680
C004582,Retail,44,1809779,Salaried,Male,B011,2019-06-16,636
C004583,Retail,33,1792347,Salaried,Female,B007,2015-06-07,798
C004584,Retail,26,1955209,Salaried,Female,B016,2015-05-01,712
C004585,Retail,49,397604,Salaried,Male,B003,2022-06-07,755
C004586,Mass Affluent,43,184693,Salaried,Female,B012,2022-03-10,698
C004587,Retail,42,1815363,Salaried,Male,B016,2015-04-11,643
C004588,Retail,36,1097615,Salaried,Female,B020,2018-09-18,684
C004589,Mass Affluent,43,1041726,Salaried,Female,B019,2018-08-11,676
C004590,SME,53,305184,Retired,Male,B002,2018-12-20,787
C004591,Affluent,31,639069,Salaried,Female,B008,2022-10-14,812
C004592,Affluent,45,665443,Salaried,Female,B019,2023-08-22,630
C004593,Affluent,41,575875,Self-Employed,Male,B011,2022-11-18,710
C004594,Retail,37,345247,Business,Male,B011,2017-05-20,718
C004595,Affluent,21,180000,Retired,Male,B002,2020-10-03,681
C004596,Retail,39,367858,Salaried,Female,B005,2015-08-30,693
C004597,Mass Affluent,46,180000,Salaried,Male,B005,2021-01-02,720
C004598,Mass Affluent,43,458774,Business,Female,B010,2019-08-25,634
C004599,Retail,23,402293,Retired,Female,B002,2016-11-27,731
C004600,Affluent,53,280875,Business,Male,B015,2021-08-12,745
C004601,SME,57,778596,Business,Male,B018,2018-04-11,634
C004602,Retail,38,479977,Salaried,Male,B012,2019-06-05,818
C004603,Affluent,64,503045,Business,Male,B010,2020-05-11,712
C004604,Retail,30,1481891,Retired,Female,B007,2023-02-14,815
C004605,Mass Affluent,25,486984,Self-Employed,Male,B015,2023-06-30,732
C004606,Retail,28,805833,Business,Male,B015,2018-11-17,719
C004607,Mass Affluent,42,296753,Self-Employed,Male,B012,2022-10-21,789
C004608,SME,19,708366,Salaried,Male,B020,2018-12-03,740
C004609,Affluent,36,561309,Self-Employed,Female,B015,2022-06-19,633
C004610,Affluent,71,637203,Business,Female,B003,2020-05-03,726
C004611,Retail,22,270637,Salaried,Male,B016,2015-09-18,752
C004612,SME,33,287896,Self-Employed,Female,B019,2016-10-29,674
C004613,Retail,28,479104,Salaried,Female,B007,2020-03-12,809
C004614,Affluent,36,1424883,Salaried,Female,B017,2018-06-23,703
C004615,Retail,35,235276,Self-Employed,Male,B004,2017-06-06,732
C004616,Retail,32,1788734,Salaried,Male,B015,2018-12-20,714
C004617,Mass Affluent,37,379052,Salaried,Female,B009,2017-03-20,785
C004618,Retail,46,633296,Business,Female,B017,2022-11-12,778
C004619,Retail,54,1151270,Retired,Male,B001,2017-04-30,711
C004620,Retail,36,476157,Salaried,Female,B002,2021-10-31,662
C004621,Retail,39,512130,Self-Employed,Female,B007,2015-08-05,634
C004622,Retail,44,1536355,Salaried,Male,B014,2022-11-18,693
C004623,Retail,25,1223825,Salaried,Male,B005,2016-06-13,725
C004624,Retail,37,946092,Salaried,Male,B004,2020-12-04,707
C004625,Retail,33,545690,Salaried,Female,B013,2021-04-05,701
C004626,Mass Affluent,49,570929,Salaried,Male,B010,2023-03-08,664
C004627,Retail,58,298847,Salaried,Female,B013,2018-07-23,614
C004628,SME,30,498819,Salaried,Female,B012,2023-06-01,712
C004629,Affluent,53,626863,Self-Employed,Female,B018,2022-10-16,645
C004630,Retail,23,587042,Salaried,Female,B011,2022-06-02,721
C004631,Affluent,41,727340,Salaried,Female,B018,2017-02-02,739
C004632,Affluent,42,1235694,Salaried,Female,B012,2022-04-19,804
C004633,SME,23,224650,Salaried,Male,B001,2021-08-19,683
C004634,Mass Affluent,30,397549,Salaried,Male,B016,2015-10-17,624
C004635,Retail,29,1262461,Salaried,Female,B014,2018-02-22,696
C004636,Mass Affluent,25,2980850,Business,Male,B001,2015-06-12,727
C004637,Mass Affluent,18,298572,Self-Employed,Female,B007,2017-06-12,802
C004638,Mass Affluent,37,399589,Self-Employed,Female,B019,2021-02-22,795
C004639,Retail,38,256292,Salaried,Male,B005,2022-01-18,704
C004640,Affluent,38,180000,Business,Female,B017,2019-04-13,696
C004641,SME,47,717192,Salaried,Female,B010,2015-01-12,630
C004642,Retail,18,882879,Salaried,Female,B004,2015-07-14,687
C004643,Retail,35,493820,Business,Male,B014,2018-07-13,750
C004644,Retail,67,496741,Salaried,Female,B006,2017-05-17,806
C004645,Affluent,49,558196,Retired,Female,B012,2019-12-04,762
C004646,Mass Affluent,49,414606,Salaried,Female,B020,2019-09-03,673
C004647,Mass Affluent,28,583242,Salaried,Female,B012,2021-07-12,619
C004648,Retail,37,1477948,Business,Male,B001,2021-05-12,734
C004649,Mass Affluent,18,350420,Salaried,Male,B012,2017-03-25,690
C004650,Retail,45,499173,Salaried,Male,B006,2017-01-22,755
C004651,Retail,54,552228,Salaried,Male,B004,2019-02-26,660
C004652,Affluent,23,414906,Self-Employed,Female,B017,2023-06-27,834
C004653,SME,26,627085,Salaried,Male,B010,2023-12-20,687
C004654,SME,39,180000,Self-Employed,Female,B019,2022-10-04,828
C004655,SME,41,870723,Business,Male,B011,2021-06-18,767
C004656,Retail,33,318938,Salaried,Male,B001,2021-08-09,757
C004657,Retail,30,347411,Self-Employed,Female,B005,2017-08-04,645
C004658,Mass Affluent,30,538107,Retired,Female,B014,2023-07-06,627
C004659,SME,38,243137,Retired,Female,B013,2017-08-29,706
C004660,Retail,45,1425409,Salaried,Female,B002,2018-11-16,631
C004661,Retail,38,351226,Business,Male,B014,2017-05-21,786
C004662,Retail,37,3321524,Business,Female,B006,2022-04-18,783
C004663,Mass Affluent,20,903756,Business,Male,B006,2023-05-26,746
C004664,Retail,49,414693,Salaried,Female,B001,2020-06-25,676
C004665,Retail,38,491652,Salaried,Male,B020,2020-11-17,783
C004666,Retail,34,660841,Salaried,Female,B011,2017-08-23,713
C004667,Retail,42,1810029,Salaried,Female,B004,2019-11-18,664
C004668,Affluent,30,1112779,Salaried,Female,B006,2020-07-04,701
C004669,Retail,34,1059810,Business,Female,B002,2020-09-22,714
C004670,Mass Affluent,40,491916,Salaried,Male,B020,2020-10-13,748
C004671,Mass Affluent,32,415062,Business,Female,B005,2023-11-24,801
C004672,Affluent,21,907999,Salaried,Male,B015,2018-03-16,599
C004673,Retail,19,1427601,Salaried,Female,B008,2016-07-14,843
C004674,SME,44,548513,Salaried,Male,B017,2017-12-26,733
C004675,Mass Affluent,39,384481,Self-Employed,Female,B010,2017-09-22,742
C004676,SME,38,306521,Salaried,Male,B009,2018-10-02,753
C004677,SME,26,202178,Self-Employed,Female,B002,2020-09-24,735
C004678,Retail,39,448768,Salaried,Male,B011,2017-12-29,768
C004679,Retail,35,508556,Salaried,Female,B002,2019-01-17,900
C004680,Retail,32,592226,Salaried,Male,B016,2022-04-22,851
C004681,Mass Affluent,38,853201,Salaried,Female,B004,2022-12-30,711
C004682,Retail,42,442407,Salaried,Male,B017,2015-07-28,841
C004683,Retail,58,1927279,Salaried,Male,B009,2017-09-16,771
C004684,Retail,45,286225,Business,Female,B012,2023-12-23,636
C004685,Retail,48,935172,Salaried,Female,B005,2016-01-16,633
C004686,Retail,51,271569,Salaried,Female,B003,2023-08-21,716
C004687,Retail,31,345203,Salaried,Female,B006,2015-10-13,800
C004688,Retail,35,720237,Salaried,Male,B007,2022-12-29,724
C004689,Retail,29,1182419,Salaried,Female,B004,2019-07-17,799
C004690,Retail,31,500309,Business,Female,B014,2016-02-22,785
C004691,Retail,34,633924,Business,Female,B014,2018-06-15,753
C004692,Affluent,31,1363357,Salaried,Female,B002,2015-12-12,704
C004693,Mass Affluent,41,271113,Self-Employed,Male,B015,2016-01-01,686
C004694,Retail,44,989652,Self-Employed,Female,B012,2015-12-23,693
C004695,Retail,25,383384,Salaried,Female,B014,2015-03-02,773
C004696,Affluent,36,702708,Salaried,Male,B010,2021-08-28,727
C004697,Affluent,36,852146,Salaried,Female,B003,2023-11-09,723
C004698,Affluent,23,279415,Salaried,Male,B002,2019-11-05,673
C004699,Mass Affluent,31,369321,Self-Employed,Female,B002,2016-07-31,800
C004700,Retail,49,924948,Salaried,Female,B011,2020-08-22,778
C004701,Retail,48,506669,Self-Employed,Male,B012,2022-03-04,900
C004702,Retail,21,377303,Business,Female,B015,2023-09-14,730
C004703,SME,44,680961,Salaried,Male,B012,2015-12-29,841
C004704,Mass Affluent,23,297468,Salaried,Male,B011,2018-07-12,695
C004705,Mass Affluent,35,278165,Self-Employed,Male,B020,2020-04-24,618
C004706,Retail,38,180000,Retired,Male,B020,2020-05-14,664
C004707,Affluent,47,758083,Self-Employed,Male,B014,2023-09-15,777
C004708,Retail,37,612608,Salaried,Female,B005,2017-04-12,631
C004709,Retail,28,852619,Salaried,Male,B019,2021-11-20,707
C004710,Retail,26,1327613,Business,Male,B017,2022-06-29,744
C004711,Mass Affluent,41,512898,Self-Employed,Female,B015,2022-11-24,779
C004712,Retail,32,573482,Salaried,Male,B020,2015-09-25,652
C004713,Affluent,35,749958,Self-Employed,Female,B017,2021-04-01,776
C004714,Retail,50,414213,Salaried,Male,B012,2017-07-05,703
C004715,Mass Affluent,44,232623,Salaried,Female,B008,2020-01-27,786
C004716,Mass Affluent,56,283833,Salaried,Male,B015,2019-07-06,767
C004717,Retail,28,584671,Self-Employed,Male,B002,2020-01-05,689
C004718,Affluent,31,1149169,Salaried,Female,B017,2021-03-12,645
C004719,Affluent,41,1661856,Salaried,Male,B010,2016-03-31,788
C004720,Mass Affluent,59,498634,Business,Male,B018,2018-07-25,650
C004721,Affluent,30,669164,Self-Employed,Female,B012,2022-04-03,724
C004722,Mass Affluent,39,2024249,Salaried,Male,B001,2021-07-14,703
C004723,Retail,54,839548,Salaried,Male,B004,2022-11-12,655
C004724,Mass Affluent,40,655974,Salaried,Male,B005,2016-12-19,673
C004725,Retail,50,687824,Salaried,Female,B003,2018-04-03,704
C004726,Retail,61,875858,Salaried,Male,B001,2017-11-30,700
C004727,Retail,42,271438,Salaried,Male,B007,2018-05-21,724
C004728,Mass Affluent,44,983662,Salaried,Male,B020,2020-12-02,693
C004729,Mass Affluent,47,798197,Business,Male,B012,2019-01-24,796
C004730,Retail,29,1217170,Business,Male,B006,2023-10-12,812
C004731,Mass Affluent,23,827251,Salaried,Male,B020,2018-09-30,663
C004732,SME,41,1165309,Salaried,Female,B017,2020-09-11,674
C004733,Retail,32,329330,Salaried,Male,B011,2016-05-29,731
C004734,Retail,51,407178,Salaried,Male,B008,2022-08-24,683
C004735,Affluent,42,662612,Self-Employed,Female,B011,2017-07-20,698
C004736,Retail,50,368206,Business,Male,B013,2017-10-09,707
C004737,Mass Affluent,26,1046279,Business,Male,B009,2016-11-10,652
C004738,Retail,50,239088,Business,Male,B019,2016-05-14,692
C004739,Retail,18,540878,Business,Female,B020,2019-03-02,637
C004740,Mass Affluent,27,415178,Salaried,Female,B005,2018-07-26,721
C004741,Mass Affluent,46,370316,Retired,Male,B010,2015-10-29,892
C004742,Affluent,33,246112,Salaried,Female,B013,2022-11-26,675
C004743,Affluent,35,616526,Business,Female,B005,2017-04-03,644
C004744,Affluent,40,568448,Salaried,Male,B003,2018-07-24,588
C004745,Mass Affluent,55,2068916,Salaried,Male,B017,2022-04-10,696
C004746,Retail,18,3023220,Salaried,Male,B010,2018-01-08,693
C004747,Mass Affluent,53,299691,Salaried,Male,B017,2019-01-14,686
C004748,Retail,53,180000,Self-Employed,Female,B006,2017-03-04,838
C004749,Affluent,33,274926,Business,Female,B014,2021-04-21,727
C004750,Retail,31,576353,Salaried,Male,B009,2019-08-16,805
C004751,Mass Affluent,38,1246744,Salaried,Male,B005,2020-02-14,787
C004752,Retail,31,438772,Salaried,Female,B020,2023-12-30,638
C004753,Affluent,43,873764,Salaried,Male,B008,2020-11-24,789
C004754,Affluent,44,356935,Salaried,Male,B016,2023-09-08,715
C004755,Retail,22,437160,Salaried,Male,B007,2016-09-16,625
C004756,Affluent,29,668708,Salaried,Female,B002,2018-10-23,670
C004757,Retail,26,595673,Business,Female,B009,2019-09-24,801
C004758,Mass Affluent,41,586101,Business,Male,B010,2022-07-03,706
C004759,Affluent,49,297008,Salaried,Male,B019,2016-07-15,689
C004760,Retail,27,1331100,Retired,Female,B004,2023-06-28,783
C004761,SME,49,1324573,Salaried,Male,B013,2015-12-23,813
C004762,Retail,29,1339075,Self-Employed,Male,B002,2021-09-16,749
C004763,Retail,47,386346,Self-Employed,Female,B019,2019-06-28,697
C004764,SME,36,648417,Salaried,Male,B006,2018-01-23,799
C004765,Retail,34,426563,Salaried,Female,B016,2019-05-13,590
C004766,SME,52,318418,Retired,Male,B015,2023-10-19,728
C004767,SME,59,722094,Salaried,Male,B014,2023-05-09,794
C004768,Retail,18,180000,Salaried,Male,B013,2015-05-05,805
C004769,Mass Affluent,46,1040416,Retired,Male,B017,2017-12-22,843
C004770,Retail,41,281794,Salaried,Female,B018,2017-02-07,807
C004771,Retail,46,489542,Salaried,Female,B020,2018-10-27,743
C004772,Retail,23,180000,Business,Female,B001,2021-03-01,659
C004773,Retail,27,1942968,Business,Female,B004,2021-06-25,704
C004774,Retail,32,920370,Retired,Male,B016,2020-12-26,705
C004775,Retail,41,634442,Salaried,Female,B018,2018-04-13,663
C004776,SME,31,383617,Salaried,Female,B010,2019-02-24,518
C004777,Affluent,35,300127,Business,Female,B020,2022-04-10,722
C004778,Mass Affluent,48,526751,Self-Employed,Male,B008,2018-04-20,652
C004779,Mass Affluent,62,730235,Self-Employed,Male,B006,2022-05-01,734
C004780,Affluent,47,516736,Business,Female,B017,2022-08-17,630
C004781,Retail,48,847277,Business,Male,B005,2016-05-11,622
C004782,Mass Affluent,37,2004508,Self-Employed,Female,B004,2023-10-06,683
C004783,SME,29,298682,Salaried,Male,B004,2019-03-26,785
C004784,Retail,35,699696,Salaried,Male,B019,2019-08-04,732
C004785,Mass Affluent,38,1860722,Salaried,Female,B009,2016-10-30,762
C004786,Affluent,26,490262,Salaried,Female,B013,2019-07-05,648
C004787,SME,48,548152,Salaried,Female,B007,2018-07-08,727
C004788,Mass Affluent,56,809769,Self-Employed,Female,B018,2023-07-22,658
C004789,Retail,40,931124,Self-Employed,Female,B018,2023-08-29,802
C004790,Retail,51,1187114,Self-Employed,Female,B017,2019-08-30,805
C004791,Retail,52,644168,Salaried,Female,B008,2018-06-05,682
C004792,Affluent,28,357907,Salaried,Female,B011,2016-03-11,829
C004793,Retail,20,863873,Salaried,Male,B006,2022-08-10,708
C004794,Affluent,34,320037,Self-Employed,Female,B008,2019-11-06,832
C004795,Retail,40,744492,Self-Employed,Male,B008,2016-09-06,638
C004796,Retail,26,630897,Salaried,Female,B019,2018-01-17,638
C004797,Retail,55,620925,Salaried,Female,B015,2021-05-31,759
C004798,Mass Affluent,60,568747,Salaried,Male,B019,2017-05-05,663
C004799,Retail,41,1150749,Business,Male,B006,2023-07-11,749
C004800,Retail,28,896642,Salaried,Male,B004,2016-11-18,648
C004801,Retail,44,942371,Self-Employed,Female,B007,2022-03-15,633
C004802,Retail,28,443882,Salaried,Male,B002,2021-11-25,787
C004803,Retail,52,206351,Salaried,Female,B002,2019-02-02,865
C004804,Affluent,36,463497,Salaried,Female,B014,2015-03-16,710
C004805,Mass Affluent,47,796455,Business,Female,B009,2017-09-05,765
C004806,Retail,49,612769,Salaried,Male,B007,2016-01-23,707
C004807,Affluent,45,452880,Business,Female,B005,2019-10-19,763
C004808,SME,59,692882,Business,Female,B012,2019-02-14,498
C004809,Mass Affluent,41,504342,Self-Employed,Female,B018,2016-06-23,679
C004810,Mass Affluent,33,619337,Salaried,Male,B019,2017-09-02,859
C004811,Affluent,18,180000,Business,Male,B016,2015-01-02,749
C004812,SME,18,987892,Salaried,Male,B012,2017-04-19,716
C004813,Affluent,46,893606,Salaried,Male,B006,2018-04-09,761
C004814,Retail,37,2368215,Self-Employed,Female,B001,2021-10-05,784
C004815,Mass Affluent,30,377727,Salaried,Male,B012,2019-04-06,570
C004816,Mass Affluent,27,432618,Salaried,Male,B011,2022-11-05,701
C004817,Retail,47,671962,Business,Male,B011,2022-10-03,632
C004818,Retail,28,586844,Business,Male,B009,2021-05-22,870
C004819,Affluent,57,1675460,Salaried,Female,B002,2022-09-03,614
C004820,Mass Affluent,65,460132,Salaried,Female,B008,2017-03-21,707
C004821,Retail,29,542946,Business,Male,B001,2023-07-07,764
C004822,Mass Affluent,46,416335,Self-Employed,Male,B001,2015-05-05,764
C004823,Retail,44,1615314,Salaried,Female,B012,2021-06-20,645
C004824,Retail,28,823536,Salaried,Male,B004,2015-02-13,649
C004825,Affluent,28,1665708,Salaried,Female,B001,2021-07-07,666
C004826,Retail,38,3990696,Salaried,Male,B012,2019-11-07,684
C004827,Retail,26,365439,Retired,Male,B014,2021-01-21,690
C004828,SME,51,1209250,Retired,Male,B001,2022-09-11,766
C004829,Retail,36,507781,Salaried,Female,B012,2016-12-11,678
C004830,Retail,27,383739,Salaried,Female,B005,2019-01-18,741
C004831,SME,38,231330,Business,Male,B002,2016-10-27,673
C004832,Mass Affluent,44,2393155,Self-Employed,Female,B004,2021-02-09,752
C004833,Mass Affluent,31,1150846,Salaried,Male,B011,2018-11-07,742
C004834,Affluent,18,518221,Salaried,Male,B018,2018-08-15,698
C004835,Retail,40,898914,Salaried,Male,B019,2016-02-07,661
C004836,Mass Affluent,26,185137,Retired,Female,B018,2022-06-02,682
C004837,Mass Affluent,30,564298,Business,Male,B020,2016-03-16,664
C004838,Affluent,44,365652,Salaried,Female,B015,2016-07-30,725
C004839,Mass Affluent,33,1535407,Business,Male,B015,2021-08-23,776
C004840,Mass Affluent,37,1603978,Business,Female,B009,2022-06-14,755
C004841,Retail,55,1070331,Salaried,Male,B008,2016-07-15,778
C004842,Retail,35,1110667,Self-Employed,Other,B010,2021-06-14,647
C004843,Affluent,61,393278,Self-Employed,Female,B008,2017-09-15,718
C004844,Mass Affluent,47,956184,Self-Employed,Male,B011,2019-02-02,673
C004845,Mass Affluent,29,244773,Self-Employed,Male,B019,2020-09-29,724
C004846,Retail,34,224241,Self-Employed,Male,B012,2015-10-03,764
C004847,Mass Affluent,25,560241,Retired,Male,B007,2017-05-09,688
C004848,Mass Affluent,46,846878,Salaried,Female,B001,2018-11-04,610
C004849,Affluent,54,885115,Salaried,Male,B003,2020-12-02,649
C004850,Mass Affluent,35,265036,Salaried,Male,B013,2022-12-17,577
C004851,SME,19,218855,Salaried,Female,B004,2015-05-16,722
C004852,Affluent,43,447387,Salaried,Male,B010,2020-08-30,690
C004853,Mass Affluent,30,339428,Salaried,Male,B006,2016-06-13,679
C004854,Mass Affluent,31,893138,Business,Male,B004,2015-12-28,617
C004855,SME,42,310620,Business,Female,B008,2023-02-01,679
C004856,Mass Affluent,53,2123298,Business,Male,B014,2015-08-07,711
C004857,Affluent,47,759351,Business,Female,B018,2021-06-24,704
C004858,Mass Affluent,44,545350,Salaried,Male,B008,2021-11-18,783
C004859,Mass Affluent,37,284623,Salaried,Male,B005,2018-11-28,660
C004860,Retail,24,254219,Salaried,Female,B014,2015-05-01,717
C004861,Retail,43,487034,Salaried,Male,B015,2015-03-03,797
C004862,SME,47,411860,Business,Other,B020,2020-07-14,790
C004863,Mass Affluent,32,194657,Self-Employed,Female,B017,2018-01-25,785
C004864,Mass Affluent,35,1463361,Salaried,Male,B004,2017-10-02,705
C004865,SME,51,292521,Salaried,Female,B020,2022-09-11,712
C004866,Mass Affluent,35,754555,Salaried,Male,B013,2018-12-08,702
C004867,Mass Affluent,36,799801,Salaried,Female,B015,2017-06-17,766
C004868,Affluent,38,209491,Salaried,Female,B009,2023-10-06,652
C004869,Mass Affluent,46,467250,Self-Employed,Female,B017,2018-06-23,766
C004870,Retail,42,240007,Business,Female,B003,2020-08-19,653
C004871,Retail,41,782011,Business,Female,B009,2017-03-27,763
C004872,Retail,56,624884,Salaried,Male,B011,2016-07-30,765
C004873,Retail,34,570604,Salaried,Male,B020,2023-05-14,781
C004874,Mass Affluent,29,352066,Business,Male,B005,2022-09-07,762
C004875,Retail,50,1292849,Business,Male,B018,2015-12-15,750
C004876,Retail,42,469346,Self-Employed,Female,B012,2021-10-02,871
C004877,Retail,33,229672,Business,Female,B019,2021-01-21,627
C004878,Retail,35,324777,Salaried,Female,B005,2018-04-17,816
C004879,Mass Affluent,25,180000,Salaried,Male,B012,2015-02-23,846
C004880,Affluent,42,392134,Business,Female,B006,2015-11-15,695
C004881,Mass Affluent,23,332302,Salaried,Female,B017,2017-12-05,787
C004882,Retail,47,942377,Self-Employed,Female,B014,2016-03-05,840
C004883,Retail,33,870334,Salaried,Female,B003,2021-08-21,716
C004884,Retail,24,688943,Salaried,Male,B001,2023-11-24,712
C004885,Mass Affluent,51,1110492,Salaried,Male,B013,2022-01-10,663
C004886,Retail,64,278932,Salaried,Male,B018,2018-02-25,883
C004887,Mass Affluent,44,737922,Salaried,Female,B010,2017-08-14,808
C004888,Retail,36,235622,Salaried,Male,B019,2021-12-13,654
C004889,Affluent,28,440090,Self-Employed,Male,B019,2019-10-16,775
C004890,Retail,42,748971,Retired,Female,B017,2018-06-11,705
C004891,Retail,46,424658,Business,Male,B007,2020-08-21,615
C004892,Affluent,39,1734622,Salaried,Female,B008,2022-02-10,900
C004893,Retail,49,478524,Business,Female,B016,2022-12-20,660
C004894,Retail,56,1009734,Salaried,Female,B016,2019-02-20,693
C004895,Mass Affluent,25,505216,Self-Employed,Female,B016,2021-12-01,707
C004896,Mass Affluent,42,653612,Salaried,Female,B020,2023-03-07,687
C004897,Mass Affluent,18,473267,Salaried,Male,B009,2017-09-16,716
C004898,Retail,30,673221,Business,Female,B013,2021-03-11,795
C004899,Retail,47,1843186,Salaried,Female,B004,2022-08-28,702
C004900,Retail,38,1635955,Salaried,Male,B010,2017-11-10,765
C004901,Retail,21,437147,Salaried,Female,B009,2017-05-22,731
C004902,Affluent,51,517017,Salaried,Female,B018,2016-04-12,636
C004903,Mass Affluent,33,620159,Self-Employed,Male,B012,2017-01-12,756
C004904,Retail,48,910766,Business,Female,B010,2016-03-20,713
C004905,Mass Affluent,45,2002887,Business,Female,B017,2016-12-20,593
C004906,Retail,30,1384082,Business,Male,B012,2023-01-13,637
C004907,Affluent,49,504485,Business,Other,B002,2021-03-08,776
C004908,Retail,43,779681,Salaried,Male,B014,2022-06-04,894
C004909,Retail,41,694818,Salaried,Male,B006,2018-06-26,732
C004910,Mass Affluent,34,404714,Salaried,Male,B011,2015-04-17,506
C004911,Mass Affluent,27,1159488,Salaried,Male,B014,2016-11-01,751
C004912,Mass Affluent,34,180000,Business,Male,B014,2022-01-08,611
C004913,Retail,34,1153913,Salaried,Female,B006,2022-07-15,690
C004914,Retail,48,784184,Salaried,Male,B001,2019-08-28,853
C004915,Retail,21,185440,Salaried,Male,B017,2021-05-24,670
C004916,Retail,55,304838,Salaried,Male,B017,2020-07-08,754
C004917,Affluent,56,180000,Self-Employed,Male,B017,2019-11-07,718
C004918,Retail,32,1807743,Business,Male,B010,2017-11-18,739
C004919,Retail,54,314934,Salaried,Male,B010,2023-09-25,603
C004920,Mass Affluent,28,1084157,Self-Employed,Male,B014,2015-05-13,739
C004921,Retail,51,1109599,Salaried,Female,B001,2015-06-07,807
C004922,Mass Affluent,30,554737,Salaried,Male,B002,2019-07-01,629
C004923,Affluent,50,389537,Salaried,Male,B018,2023-11-19,809
C004924,Retail,23,837337,Salaried,Male,B020,2021-07-09,656
C004925,SME,51,690183,Self-Employed,Female,B003,2019-12-08,787
C004926,Mass Affluent,53,1102664,Salaried,Male,B004,2018-07-07,666
C004927,Retail,23,279858,Salaried,Male,B005,2023-01-07,645
C004928,Retail,58,1166206,Salaried,Female,B020,2019-05-01,766
C004929,Retail,50,1440754,Self-Employed,Female,B003,2023-01-25,750
C004930,Mass Affluent,18,507771,Self-Employed,Male,B003,2020-01-19,616
C004931,Affluent,34,322318,Business,Female,B004,2022-12-23,790
C004932,Affluent,50,438252,Salaried,Male,B006,2015-05-16,630
C004933,SME,47,395775,Self-Employed,Male,B007,2015-08-04,689
C004934,Affluent,40,533461,Salaried,Female,B004,2021-11-16,735
C004935,Mass Affluent,49,371350,Salaried,Female,B015,2019-07-28,666
C004936,Retail,29,807271,Business,Female,B006,2020-02-20,780
C004937,Mass Affluent,40,907578,Self-Employed,Male,B005,2019-11-02,761
C004938,Retail,30,475125,Business,Male,B008,2020-02-21,719
C004939,Mass Affluent,40,180000,Retired,Female,B006,2017-11-07,560
C004940,Retail,50,800228,Business,Male,B017,2018-05-12,807
C004941,Retail,48,230004,Retired,Female,B016,2020-12-21,726
C004942,Retail,41,705680,Self-Employed,Male,B011,2021-07-22,686
C004943,Retail,50,628694,Salaried,Male,B001,2015-04-18,728
C004944,Mass Affluent,51,484491,Salaried,Male,B014,2021-10-06,791
C004945,Retail,59,912393,Business,Male,B013,2020-03-17,744
C004946,Mass Affluent,52,759946,Salaried,Male,B010,2019-03-17,738
C004947,Retail,46,771952,Salaried,Male,B010,2020-08-24,607
C004948,Mass Affluent,49,1023101,Salaried,Male,B008,2019-03-09,602
C004949,Retail,42,458791,Salaried,Male,B009,2021-12-26,704
C004950,Retail,36,454647,Self-Employed,Male,B004,2017-05-02,762
C004951,Mass Affluent,49,1208487,Self-Employed,Male,B011,2015-06-23,800
C004952,Retail,47,910654,Self-Employed,Male,B009,2015-04-21,827
C004953,Retail,42,442141,Self-Employed,Female,B012,2015-04-27,876
C004954,Retail,37,180000,Salaried,Male,B013,2023-07-10,704
C004955,Retail,36,774143,Salaried,Female,B008,2017-10-26,751
C004956,Mass Affluent,35,822847,Business,Male,B013,2015-10-03,735
C004957,Retail,53,272837,Salaried,Male,B001,2023-08-06,682
C004958,Mass Affluent,52,345634,Salaried,Female,B011,2020-01-06,801
C004959,Affluent,51,460283,Self-Employed,Male,B002,2019-02-23,782
C004960,Retail,27,805080,Salaried,Female,B005,2022-04-17,710
C004961,SME,35,3014696,Salaried,Male,B011,2015-05-07,657
C004962,Mass Affluent,36,1240715,Salaried,Female,B004,2018-02-22,637
C004963,Mass Affluent,32,225077,Salaried,Female,B008,2017-04-16,672
C004964,Mass Affluent,59,451869,Salaried,Female,B012,2015-09-15,743
C004965,Mass Affluent,43,564242,Retired,Other,B003,2021-07-26,677
C004966,Mass Affluent,43,831745,Self-Employed,Female,B017,2017-03-22,734
C004967,Retail,34,353831,Salaried,Female,B008,2015-11-05,696
C004968,Retail,48,877322,Self-Employed,Male,B006,2016-12-24,705
C004969,Retail,63,429856,Salaried,Male,B004,2019-03-22,746
C004970,Retail,40,876412,Salaried,Male,B004,2023-07-12,709
C004971,Retail,36,630300,Business,Male,B007,2018-11-27,642
C004972,Retail,38,2267564,Business,Female,B010,2021-01-02,685
C004973,Retail,35,1133611,Self-Employed,Male,B006,2015-07-18,770
C004974,Mass Affluent,39,1409453,Business,Male,B004,2021-02-06,740
C004975,Affluent,32,301705,Business,Other,B010,2015-07-11,725
C004976,SME,29,424566,Self-Employed,Female,B020,2015-05-11,707
C004977,Retail,39,742181,Business,Female,B017,2017-02-05,659
C004978,Mass Affluent,40,269138,Salaried,Male,B020,2018-12-03,619
C004979,Affluent,36,1183734,Salaried,Male,B006,2015-06-13,741
C004980,Retail,55,653106,Business,Male,B011,2021-07-09,706
C004981,Retail,44,1226455,Salaried,Male,B018,2023-03-04,737
C004982,SME,47,820931,Salaried,Female,B009,2018-03-20,784
C004983,Mass Affluent,47,617754,Salaried,Male,B012,2022-09-09,646
C004984,Retail,40,554013,Business,Male,B011,2019-09-10,503
C004985,Retail,41,364007,Salaried,Male,B018,2020-12-01,759
C004986,Retail,30,350196,Salaried,Male,B002,2019-04-01,814
C004987,Affluent,46,1069089,Salaried,Female,B016,2017-08-29,709
C004988,Mass Affluent,35,926248,Self-Employed,Female,B009,2020-06-14,714
C004989,Retail,32,1338193,Salaried,Male,B016,2019-08-21,691
C004990,Retail,53,420835,Self-Employed,Female,B012,2017-04-07,759
C004991,Mass Affluent,24,1244653,Retired,Male,B017,2021-08-05,632
C004992,Mass Affluent,58,534940,Salaried,Female,B013,2021-02-14,809
C004993,Retail,57,874705,Business,Male,B004,2015-08-18,729
C004994,Affluent,37,1389121,Salaried,Male,B013,2022-08-29,703
C004995,Retail,59,2305620,Salaried,Male,B012,2017-02-12,678
C004996,Retail,29,1204721,Business,Male,B002,2021-05-31,785
C004997,Mass Affluent,50,684549,Business,Male,B017,2016-05-31,705
C004998,Retail,39,863982,Salaried,Female,B015,2015-03-15,823
C004999,Affluent,19,1351249,Self-Employed,Female,B013,2023-06-29,778
C005000,Mass Affluent,32,951810,Salaried,Female,B002,2021-07-11,812
C005001,Affluent,37,462856,Salaried,Male,B006,2022-05-14,706
C005002,Retail,48,894748,Business,Male,B012,2015-01-15,756
C005003,Retail,34,1400097,Salaried,Female,B001,2019-05-09,735
C005004,Retail,36,1948878,Business,Male,B015,2017-11-02,700
C005005,Mass Affluent,45,624729,Salaried,Male,B003,2022-03-07,647
C005006,Mass Affluent,44,290335,Self-Employed,Male,B010,2018-08-28,875
C005007,Affluent,38,188697,Self-Employed,Female,B006,2018-08-11,683
C005008,Mass Affluent,36,1006359,Self-Employed,Female,B005,2023-08-05,768
C005009,SME,49,221450,Salaried,Other,B008,2019-07-02,797
C005010,Mass Affluent,36,738747,Salaried,Female,B006,2021-10-08,670
C005011,Retail,26,1208844,Business,Female,B011,2023-08-28,626
C005012,Retail,35,539619,Business,Other,B014,2016-01-30,749
C005013,Mass Affluent,45,226913,Self-Employed,Female,B020,2019-01-17,689
C005014,Retail,37,264533,Self-Employed,Female,B005,2019-05-31,666
C005015,Retail,33,329986,Business,Male,B013,2022-05-01,683
C005016,Mass Affluent,25,553517,Salaried,Female,B009,2019-06-10,745
C005017,Affluent,37,1312417,Salaried,Female,B010,2017-02-28,615
C005018,Retail,42,604603,Business,Female,B011,2016-11-08,707
C005019,Affluent,28,2432253,Salaried,Male,B006,2016-06-07,637
C005020,Affluent,37,1180273,Business,Male,B005,2022-11-05,818
C005021,Retail,27,727048,Salaried,Female,B005,2018-07-20,710
C005022,Retail,38,572732,Salaried,Male,B016,2018-06-09,803
C005023,Retail,58,434174,Self-Employed,Female,B008,2019-08-23,789
C005024,Mass Affluent,41,661143,Salaried,Female,B015,2015-06-22,726
C005025,Mass Affluent,22,853600,Self-Employed,Male,B015,2020-05-10,767
C005026,Affluent,43,739311,Self-Employed,Female,B009,2016-12-07,761
C005027,Mass Affluent,53,433909,Salaried,Female,B015,2019-12-22,791
C005028,Retail,24,306795,Salaried,Male,B008,2023-08-21,714
C005029,Retail,27,2013435,Salaried,Male,B014,2023-09-09,738
C005030,Mass Affluent,42,906137,Self-Employed,Female,B007,2020-11-22,647
C005031,Retail,38,755974,Salaried,Male,B012,2022-11-04,661
C005032,Retail,52,833873,Business,Male,B001,2017-12-02,764
C005033,Retail,37,1227599,Salaried,Female,B015,2021-05-11,755
C005034,Retail,48,442666,Self-Employed,Male,B007,2022-12-05,656
C005035,Retail,56,551508,Business,Male,B015,2019-12-23,723
C005036,Retail,29,367897,Business,Male,B010,2015-04-07,631
C005037,Retail,47,597203,Business,Male,B006,2015-01-15,619
C005038,Retail,35,386668,Salaried,Male,B016,2015-08-17,736
C005039,Mass Affluent,18,311932,Retired,Male,B014,2022-01-23,674
C005040,Affluent,44,209377,Salaried,Female,B012,2019-07-27,738
C005041,Retail,46,1762791,Salaried,Female,B017,2022-11-19,689
C005042,Affluent,22,482739,Salaried,Male,B010,2016-03-07,671
C005043,Retail,34,823300,Business,Male,B010,2017-07-24,807
C005044,Mass Affluent,32,638782,Business,Male,B008,2020-08-07,771
C005045,Affluent,48,828922,Business,Male,B011,2019-12-21,679
C005046,Mass Affluent,22,180000,Salaried,Female,B018,2017-04-17,814
C005047,Affluent,40,442086,Salaried,Female,B013,2017-06-26,649
C005048,Retail,18,1274911,Self-Employed,Male,B020,2016-10-01,648
C005049,Retail,43,2121596,Business,Male,B016,2019-12-01,653
C005050,Affluent,40,473426,Salaried,Female,B014,2016-09-15,680
C005051,Retail,33,510256,Business,Male,B012,2022-06-23,658
C005052,Retail,55,1200027,Self-Employed,Male,B013,2017-10-03,703
C005053,Mass Affluent,18,799034,Business,Female,B013,2018-11-29,659
C005054,Affluent,39,611671,Salaried,Male,B016,2019-09-29,682
C005055,Affluent,52,575346,Business,Male,B001,2018-11-21,715
C005056,Retail,40,414105,Retired,Male,B012,2015-09-15,778
C005057,Affluent,54,404797,Salaried,Male,B009,2015-12-30,743
C005058,Retail,34,653770,Salaried,Male,B013,2023-10-11,806
C005059,Retail,37,737126,Business,Female,B013,2023-08-31,713
C005060,Mass Affluent,53,762489,Salaried,Male,B008,2015-11-26,706
C005061,Retail,49,384282,Salaried,Male,B018,2019-01-31,824
C005062,Retail,65,1426698,Salaried,Male,B018,2015-12-11,779
C005063,Mass Affluent,40,209160,Self-Employed,Male,B009,2016-11-06,792
C005064,Retail,41,846559,Salaried,Female,B001,2021-09-24,868
C005065,Retail,34,422409,Salaried,Male,B007,2022-02-22,655
C005066,Retail,37,341757,Salaried,Female,B013,2022-10-07,603
C005067,Retail,51,485797,Salaried,Female,B015,2015-03-27,744
C005068,Retail,39,213233,Self-Employed,Male,B002,2020-09-24,726
C005069,Affluent,30,755370,Salaried,Female,B008,2023-04-14,657
C005070,Affluent,35,1713588,Business,Male,B020,2019-03-17,739
C005071,Retail,38,394709,Salaried,Male,B005,2021-07-20,706
C005072,Affluent,31,2765541,Self-Employed,Male,B009,2021-10-22,740
C005073,Retail,34,342876,Self-Employed,Male,B017,2015-09-05,767
C005074,Retail,28,455696,Salaried,Male,B014,2020-10-01,775
C005075,Affluent,34,1452159,Business,Female,B009,2018-02-10,767
C005076,Retail,52,275558,Business,Female,B015,2017-09-16,541
C005077,SME,40,517820,Salaried,Male,B020,2018-12-10,772
C005078,Retail,66,1834108,Salaried,Female,B001,2023-05-01,650
C005079,Affluent,31,278838,Business,Male,B013,2015-08-27,716
C005080,Retail,44,880763,Self-Employed,Other,B010,2015-01-14,744
C005081,Retail,41,836152,Self-Employed,Female,B012,2018-08-14,789
C005082,Retail,46,180000,Retired,Male,B014,2022-10-11,696
C005083,Mass Affluent,32,402144,Self-Employed,Female,B006,2017-02-03,726
C005084,Mass Affluent,35,2821147,Salaried,Female,B011,2020-07-16,699
C005085,SME,43,693948,Salaried,Male,B007,2018-08-04,720
C005086,Retail,33,770024,Salaried,Male,B020,2015-01-11,709
C005087,Retail,19,700355,Self-Employed,Male,B004,2015-06-05,771
C005088,Retail,53,2263687,Salaried,Male,B012,2016-03-28,819
C005089,Mass Affluent,49,318612,Salaried,Female,B002,2019-11-27,617
C005090,Affluent,34,386036,Business,Female,B020,2017-01-08,796
C005091,Retail,41,558324,Salaried,Female,B014,2018-07-28,789
C005092,Mass Affluent,50,861054,Salaried,Male,B009,2015-02-21,746
C005093,Retail,54,663043,Salaried,Male,B014,2018-04-17,900
C005094,Mass Affluent,40,675345,Salaried,Male,B006,2019-07-29,702
C005095,Affluent,33,419058,Salaried,Female,B005,2023-02-24,677
C005096,Retail,55,890294,Business,Female,B020,2019-04-27,890
C005097,Retail,40,180000,Business,Other,B019,2017-09-13,597
C005098,SME,37,420320,Salaried,Female,B018,2023-01-02,610
C005099,Affluent,42,351835,Self-Employed,Male,B007,2021-03-10,776
C005100,Mass Affluent,52,293280,Business,Male,B001,2020-10-05,739
C005101,Mass Affluent,39,188575,Salaried,Male,B020,2023-04-21,630
C005102,Retail,50,697893,Salaried,Female,B009,2023-04-18,777
C005103,Mass Affluent,37,793272,Retired,Female,B008,2015-01-11,697
C005104,Affluent,46,796957,Business,Male,B011,2018-09-08,587
C005105,Mass Affluent,29,1106299,Salaried,Female,B007,2020-09-08,766
C005106,Retail,51,1238917,Salaried,Female,B017,2019-02-08,789
C005107,Retail,32,180000,Self-Employed,Male,B015,2018-10-16,630
C005108,Retail,44,904186,Salaried,Female,B008,2016-12-21,617
C005109,Retail,23,675565,Salaried,Male,B020,2020-09-01,541
C005110,Retail,39,670694,Salaried,Male,B012,2022-11-06,713
C005111,Retail,41,553587,Salaried,Female,B005,2017-01-07,685
C005112,Retail,32,419546,Retired,Female,B008,2021-07-16,677
C005113,Retail,38,845605,Salaried,Male,B005,2022-01-08,792
C005114,Mass Affluent,42,317246,Self-Employed,Male,B014,2017-03-28,684
C005115,Retail,45,1228791,Retired,Male,B004,2015-09-13,626
C005116,Retail,40,434176,Salaried,Male,B015,2023-11-18,711
C005117,Retail,54,180000,Salaried,Male,B020,2016-06-10,739
C005118,Retail,52,645564,Retired,Male,B010,2023-02-15,640
C005119,Mass Affluent,39,279113,Business,Male,B017,2019-12-07,635
C005120,Retail,24,275366,Self-Employed,Male,B004,2021-03-09,791
C005121,Affluent,34,935796,Self-Employed,Female,B001,2020-01-01,605
C005122,SME,18,1101562,Salaried,Female,B006,2016-01-17,651
C005123,Mass Affluent,37,558954,Self-Employed,Male,B008,2020-09-19,658
C005124,Mass Affluent,54,180000,Self-Employed,Male,B004,2015-10-30,711
C005125,Affluent,48,847552,Salaried,Male,B014,2023-10-03,759
C005126,Mass Affluent,40,487467,Salaried,Male,B002,2017-01-27,741
C005127,Retail,31,1469680,Salaried,Female,B005,2015-12-07,718
C005128,Retail,40,2155042,Salaried,Male,B015,2020-05-03,861
C005129,Affluent,62,225688,Business,Male,B019,2019-11-24,696
C005130,Retail,55,2993233,Self-Employed,Male,B014,2021-11-29,609
C005131,Retail,37,217906,Salaried,Male,B007,2022-12-24,755
C005132,Mass Affluent,23,422840,Business,Male,B009,2017-10-07,714
C005133,Affluent,63,1169136,Salaried,Female,B001,2023-03-01,713
C005134,Retail,31,375349,Retired,Male,B020,2019-04-11,695
C005135,Mass Affluent,45,353634,Business,Male,B010,2015-10-19,742
C005136,Retail,22,197895,Business,Female,B011,2022-11-19,819
C005137,Mass Affluent,35,251830,Salaried,Female,B012,2016-07-08,825
C005138,Retail,22,353403,Salaried,Male,B001,2022-06-20,868
C005139,Retail,26,992563,Salaried,Male,B008,2022-01-21,770
C005140,Affluent,29,1786412,Salaried,Female,B006,2017-07-06,822
C005141,Retail,44,366445,Business,Male,B012,2015-07-24,761
C005142,Mass Affluent,38,462399,Salaried,Male,B009,2015-03-20,693
C005143,Retail,69,314478,Salaried,Male,B004,2016-06-11,850
C005144,Retail,51,222201,Self-Employed,Male,B006,2021-11-25,688
C005145,Mass Affluent,52,222591,Salaried,Male,B003,2022-11-24,699
C005146,Retail,45,261871,Salaried,Female,B002,2017-07-11,760
C005147,Retail,42,580781,Business,Female,B018,2023-09-10,729
C005148,Retail,52,398795,Salaried,Female,B005,2020-11-14,642
C005149,Mass Affluent,18,469524,Salaried,Male,B012,2020-05-13,808
C005150,SME,32,776545,Business,Female,B002,2016-09-05,687
C005151,SME,24,564983,Self-Employed,Female,B005,2020-07-26,803
C005152,Retail,18,281450,Business,Female,B018,2022-11-07,724
C005153,Retail,31,1117847,Business,Male,B006,2015-09-05,720
C005154,Retail,26,180000,Business,Female,B011,2020-01-18,687
C005155,Affluent,52,362807,Salaried,Male,B007,2022-04-30,761
C005156,Retail,40,1837831,Salaried,Female,B016,2023-08-01,685
C005157,SME,18,748638,Self-Employed,Male,B008,2015-06-28,900
C005158,Retail,42,186434,Business,Female,B003,2018-04-30,791
C005159,SME,28,214385,Self-Employed,Male,B011,2022-08-01,797
C005160,Affluent,40,481052,Salaried,Male,B020,2019-07-18,639
C005161,Affluent,43,437304,Self-Employed,Female,B019,2023-03-19,781
C005162,Retail,31,951297,Salaried,Male,B011,2017-10-31,749
C005163,Retail,41,1251273,Business,Female,B009,2018-04-01,679
C005164,Retail,43,429138,Salaried,Female,B012,2016-02-21,866
C005165,Retail,37,560291,Business,Male,B016,2017-10-12,636
C005166,Retail,31,306667,Self-Employed,Female,B005,2018-11-09,663
C005167,Mass Affluent,39,541497,Self-Employed,Other,B002,2015-02-02,719
C005168,Retail,37,308172,Salaried,Male,B010,2015-03-18,822
C005169,Mass Affluent,42,609584,Salaried,Female,B002,2019-01-12,686
C005170,Mass Affluent,36,399302,Business,Male,B004,2017-05-23,643
C005171,Retail,26,901080,Salaried,Female,B016,2021-03-18,678
C005172,SME,37,1186834,Salaried,Male,B006,2018-04-11,677
C005173,Retail,43,1391295,Salaried,Female,B010,2020-03-10,735
C005174,Retail,41,614241,Salaried,Male,B007,2020-11-03,676
C005175,Retail,38,890305,Salaried,Female,B005,2022-03-28,681
C005176,Affluent,34,433627,Salaried,Male,B013,2015-10-27,709
C005177,Retail,33,347367,Self-Employed,Male,B009,2020-01-06,627
C005178,Retail,34,246679,Self-Employed,Female,B009,2022-02-17,789
C005179,Mass Affluent,51,757488,Business,Female,B015,2019-07-24,707
C005180,Retail,29,180000,Salaried,Female,B004,2016-11-11,672
C005181,Mass Affluent,40,1058226,Salaried,Male,B001,2016-03-11,740
C005182,SME,25,475187,Salaried,Female,B020,2023-06-16,747
C005183,SME,47,496055,Business,Female,B014,2020-09-28,699
C005184,Retail,33,929852,Salaried,Male,B019,2021-12-26,679
C005185,Retail,30,182175,Self-Employed,Male,B001,2017-05-29,738
C005186,Retail,41,519376,Salaried,Female,B010,2019-09-01,598
C005187,Retail,18,1673898,Salaried,Female,B004,2017-08-05,729
C005188,Retail,25,498901,Salaried,Female,B018,2021-10-15,709
C005189,Retail,43,253889,Business,Female,B012,2017-02-19,778
C005190,SME,50,478986,Salaried,Female,B007,2018-03-31,749
C005191,SME,44,1404899,Business,Female,B006,2017-04-02,760
C005192,Retail,41,364894,Business,Female,B009,2021-07-25,629
C005193,Retail,66,220519,Salaried,Female,B002,2020-05-17,839
C005194,Retail,44,442948,Retired,Female,B015,2015-01-02,747
C005195,Retail,28,240771,Salaried,Male,B013,2022-07-26,618
C005196,Mass Affluent,50,180000,Salaried,Female,B011,2023-11-30,630
C005197,Mass Affluent,32,979279,Salaried,Male,B019,2017-05-03,719
C005198,Affluent,31,1185786,Salaried,Male,B006,2017-05-19,684
C005199,Mass Affluent,24,787833,Salaried,Female,B009,2017-02-19,825
C005200,Mass Affluent,34,1072442,Salaried,Female,B012,2021-10-15,762
C005201,Mass Affluent,25,460721,Salaried,Male,B011,2021-08-16,709
C005202,Retail,45,1444574,Self-Employed,Male,B003,2017-05-06,663
C005203,Mass Affluent,38,398815,Salaried,Male,B018,2019-06-27,664
C005204,Retail,24,600201,Salaried,Female,B013,2019-01-07,673
C005205,Retail,38,346730,Business,Male,B013,2021-12-17,670
C005206,Retail,50,241183,Self-Employed,Male,B015,2020-09-15,629
C005207,Retail,57,396876,Business,Male,B019,2022-01-24,688
C005208,SME,19,2555289,Business,Male,B015,2015-10-01,835
C005209,Retail,30,1625566,Self-Employed,Female,B015,2020-02-12,707
C005210,Retail,25,993028,Business,Male,B005,2018-04-21,683
C005211,Retail,43,454124,Salaried,Female,B005,2016-08-23,706
C005212,Mass Affluent,24,447474,Salaried,Male,B002,2018-05-16,700
C005213,Retail,51,1827262,Salaried,Male,B018,2018-02-06,741
C005214,SME,52,608766,Salaried,Female,B006,2022-09-10,783
C005215,Affluent,48,1003102,Self-Employed,Male,B018,2016-07-28,671
C005216,Mass Affluent,31,418640,Business,Female,B007,2022-08-12,682
C005217,Mass Affluent,32,494563,Self-Employed,Other,B020,2016-11-16,643
C005218,Retail,34,996615,Salaried,Female,B020,2017-11-05,793
C005219,Retail,51,372009,Salaried,Female,B003,2021-03-11,844
C005220,Affluent,20,752428,Self-Employed,Male,B017,2016-11-14,714
C005221,Retail,43,380589,Salaried,Female,B020,2016-10-13,765
C005222,Retail,29,835933,Salaried,Male,B019,2022-08-26,736
C005223,Mass Affluent,34,373238,Retired,Female,B008,2018-09-05,674
C005224,Retail,47,1874500,Retired,Female,B019,2021-11-26,688
C005225,SME,22,575461,Business,Male,B019,2022-10-14,730
C005226,Retail,36,992621,Salaried,Female,B006,2023-08-25,773
C005227,Affluent,38,591996,Salaried,Female,B020,2022-04-16,682
C005228,Mass Affluent,39,433130,Salaried,Male,B008,2017-05-17,859
C005229,Affluent,38,871510,Self-Employed,Female,B003,2023-03-18,663
C005230,Retail,45,1270163,Salaried,Female,B005,2016-02-02,699
C005231,Mass Affluent,34,234042,Salaried,Male,B001,2019-11-21,751
C005232,Affluent,43,653343,Business,Male,B001,2022-06-11,621
C005233,Retail,43,559292,Retired,Male,B001,2020-10-11,668
C005234,Retail,42,687651,Self-Employed,Male,B006,2015-03-17,695
C005235,Mass Affluent,45,1446541,Business,Female,B002,2019-01-22,738
C005236,Mass Affluent,42,1019951,Retired,Female,B012,2016-01-23,849
C005237,Retail,38,1272517,Salaried,Male,B017,2021-11-25,727
C005238,SME,25,711906,Self-Employed,Male,B010,2015-12-11,702
C005239,Retail,54,452631,Salaried,Male,B005,2018-10-19,746
C005240,Retail,58,180000,Salaried,Female,B005,2018-07-23,754
C005241,Affluent,35,1505514,Salaried,Female,B002,2019-01-19,705
C005242,Mass Affluent,44,180000,Salaried,Male,B012,2023-06-23,760
C005243,Affluent,33,1683870,Business,Female,B005,2022-12-07,738
C005244,SME,31,971200,Business,Male,B015,2021-07-04,686
C005245,Retail,40,2157034,Salaried,Other,B020,2018-12-02,700
C005246,Retail,70,713115,Salaried,Female,B018,2023-05-15,765
C005247,Retail,57,830580,Salaried,Female,B006,2015-11-21,784
C005248,Mass Affluent,55,531929,Salaried,Female,B014,2021-10-15,651
C005249,Affluent,45,630299,Salaried,Female,B011,2023-07-14,774
C005250,Retail,29,374598,Business,Male,B008,2019-09-26,757
C005251,Retail,50,555910,Salaried,Female,B009,2020-03-18,678
C005252,Retail,18,346090,Salaried,Female,B006,2018-07-11,823
C005253,Affluent,43,618301,Self-Employed,Male,B003,2019-02-04,813
C005254,Retail,51,590080,Business,Male,B008,2023-07-03,697
C005255,Retail,41,592183,Business,Female,B016,2018-03-07,683
C005256,Mass Affluent,57,565798,Self-Employed,Male,B019,2017-05-26,698
C005257,Affluent,23,401492,Salaried,Male,B001,2016-01-20,722
C005258,Mass Affluent,57,863191,Self-Employed,Male,B013,2021-01-19,614
C005259,Mass Affluent,37,736288,Business,Male,B012,2021-08-05,669
C005260,Retail,55,718027,Salaried,Female,B020,2019-05-10,728
C005261,Mass Affluent,50,325308,Retired,Male,B008,2022-01-29,794
C005262,Mass Affluent,56,929453,Salaried,Female,B014,2019-05-23,662
C005263,SME,50,365207,Self-Employed,Female,B006,2019-07-27,637
C005264,Retail,47,427149,Salaried,Female,B003,2022-03-31,724
C005265,Retail,54,636869,Business,Other,B003,2015-03-20,667
C005266,Retail,40,1267157,Salaried,Male,B014,2016-03-26,754
C005267,Retail,46,273648,Salaried,Male,B003,2017-02-25,711
C005268,Affluent,39,315545,Business,Female,B012,2015-08-19,657
C005269,Retail,31,180000,Salaried,Male,B012,2016-02-15,723
C005270,Retail,45,833778,Business,Female,B017,2016-02-10,811
C005271,Retail,41,481883,Salaried,Other,B011,2017-03-27,646
C005272,Retail,53,790604,Retired,Female,B009,2018-08-30,735
C005273,Retail,37,747539,Salaried,Female,B005,2018-05-15,677
C005274,Retail,31,1001397,Self-Employed,Male,B011,2019-12-12,695
C005275,Retail,53,600562,Business,Male,B007,2023-07-27,686
C005276,Mass Affluent,40,378374,Salaried,Male,B010,2019-03-04,628
C005277,Mass Affluent,30,697665,Retired,Female,B009,2015-02-25,800
C005278,Retail,54,785556,Self-Employed,Male,B020,2023-09-10,784
C005279,SME,49,478426,Salaried,Female,B015,2020-06-23,596
C005280,Mass Affluent,59,636492,Salaried,Male,B011,2017-12-11,687
C005281,Affluent,35,250303,Business,Female,B003,2017-10-09,701
C005282,Retail,34,262384,Retired,Male,B015,2023-04-09,813
C005283,Retail,27,203903,Self-Employed,Male,B017,2017-09-24,604
C005284,Retail,33,723784,Salaried,Female,B003,2022-07-30,750
C005285,Retail,35,970593,Salaried,Female,B020,2015-10-11,650
C005286,Retail,47,237532,Salaried,Male,B004,2017-09-20,787
C005287,SME,29,666242,Salaried,Female,B011,2018-01-24,744
C005288,Retail,32,802382,Salaried,Male,B007,2019-11-19,658
C005289,Retail,58,462840,Business,Female,B020,2018-12-02,690
C005290,Mass Affluent,18,1699240,Salaried,Female,B014,2016-01-17,719
C005291,Retail,44,232709,Self-Employed,Female,B004,2019-08-28,620
C005292,Mass Affluent,25,469429,Salaried,Male,B013,2022-07-12,791
C005293,Mass Affluent,30,180000,Business,Female,B001,2023-06-04,653
C005294,Affluent,55,751136,Salaried,Male,B018,2020-06-29,718
C005295,SME,40,372851,Salaried,Female,B013,2015-11-02,684
C005296,Retail,68,180000,Self-Employed,Male,B003,2023-04-17,656
C005297,Mass Affluent,46,882745,Salaried,Male,B008,2016-10-02,686
C005298,SME,30,541839,Salaried,Male,B018,2019-11-07,766
C005299,Affluent,45,491467,Business,Female,B002,2018-07-04,653
C005300,Retail,51,1248583,Salaried,Male,B020,2015-05-23,684
C005301,SME,45,361091,Business,Female,B006,2015-07-21,834
C005302,Retail,37,911871,Self-Employed,Male,B018,2023-05-31,665
C005303,SME,20,1002222,Salaried,Female,B018,2023-04-10,724
C005304,Retail,35,416257,Salaried,Male,B009,2019-02-25,767
C005305,Mass Affluent,57,603312,Business,Female,B015,2020-01-18,727
C005306,Affluent,30,1786677,Self-Employed,Female,B003,2017-01-15,586
C005307,Retail,34,311240,Business,Female,B009,2019-03-16,746
C005308,Retail,50,860604,Salaried,Female,B018,2016-07-06,664
C005309,Retail,46,624719,Self-Employed,Male,B020,2020-01-29,748
C005310,SME,25,1370423,Business,Male,B020,2017-07-30,709
C005311,Affluent,38,586987,Salaried,Male,B007,2015-10-04,698
C005312,Mass Affluent,54,936987,Retired,Male,B017,2022-08-30,868
C005313,Mass Affluent,39,212001,Salaried,Female,B003,2021-03-16,703
C005314,Affluent,55,180000,Salaried,Male,B007,2016-01-06,708
C005315,Retail,55,303361,Salaried,Male,B013,2020-09-30,741
C005316,Retail,29,450305,Salaried,Female,B009,2023-12-15,629
C005317,Mass Affluent,36,476619,Salaried,Male,B009,2016-04-10,701
C005318,Retail,46,1220372,Salaried,Female,B005,2017-03-14,721
C005319,Retail,22,464744,Salaried,Female,B004,2019-03-05,735
C005320,Retail,37,609365,Salaried,Male,B009,2023-03-01,690
C005321,Retail,45,656974,Salaried,Female,B006,2016-09-02,637
C005322,Affluent,32,398001,Salaried,Male,B010,2015-03-09,763
C005323,Retail,45,592903,Business,Male,B018,2019-11-29,786
C005324,Mass Affluent,32,1188188,Business,Other,B003,2022-12-24,664
C005325,Retail,32,728803,Business,Male,B020,2015-12-04,801
C005326,Retail,47,882284,Salaried,Male,B007,2019-01-13,714
C005327,Retail,54,745103,Salaried,Female,B012,2023-08-29,653
C005328,Affluent,31,1750331,Salaried,Male,B005,2022-11-12,718
C005329,Mass Affluent,26,302739,Salaried,Male,B017,2019-06-28,633
C005330,SME,39,3048274,Retired,Female,B019,2017-04-18,763
C005331,Mass Affluent,44,1146595,Business,Female,B004,2017-02-04,741
C005332,Mass Affluent,31,1290416,Salaried,Female,B012,2021-06-02,646
C005333,Mass Affluent,57,1405854,Salaried,Female,B015,2017-01-29,635
C005334,SME,37,1176799,Business,Male,B002,2016-09-08,567
C005335,Affluent,31,259397,Business,Male,B015,2021-04-29,692
C005336,Retail,60,287285,Salaried,Female,B011,2016-07-22,679
C005337,Mass Affluent,53,945218,Salaried,Female,B001,2022-06-25,700
C005338,Mass Affluent,31,873368,Salaried,Male,B014,2020-12-13,671
C005339,Mass Affluent,51,1067101,Salaried,Female,B004,2020-11-10,792
C005340,Retail,32,618470,Business,Male,B006,2023-09-28,670
C005341,Affluent,47,254855,Salaried,Male,B008,2023-01-30,809
C005342,SME,59,558551,Salaried,Male,B020,2018-06-02,685
C005343,Retail,26,971476,Salaried,Female,B002,2020-11-21,670
C005344,Affluent,33,508959,Salaried,Male,B004,2022-06-12,689
C005345,Retail,33,598148,Self-Employed,Other,B017,2019-10-13,694
C005346,Retail,42,611836,Salaried,Male,B009,2021-06-29,875
C005347,Retail,44,427359,Salaried,Male,B019,2021-09-07,599
C005348,Retail,38,353502,Business,Male,B008,2019-12-15,805
C005349,Affluent,20,2362259,Salaried,Male,B009,2021-07-14,751
C005350,Retail,25,1652459,Salaried,Male,B013,2018-04-19,706
C005351,Retail,29,1202938,Salaried,Female,B008,2016-08-10,631
C005352,Retail,45,785798,Salaried,Male,B014,2017-06-25,816
C005353,Retail,24,312272,Salaried,Male,B018,2016-06-01,623
C005354,Retail,29,1068142,Salaried,Male,B018,2019-08-29,742
C005355,Mass Affluent,27,1238778,Self-Employed,Male,B010,2020-05-01,654
C005356,Retail,43,479633,Salaried,Female,B020,2017-03-04,798
C005357,Affluent,51,299743,Self-Employed,Female,B001,2021-02-25,663
C005358,Affluent,41,791894,Retired,Female,B012,2023-05-20,750
C005359,Retail,61,1201197,Salaried,Male,B003,2016-08-08,694
C005360,Affluent,41,395798,Self-Employed,Female,B020,2018-05-22,658
C005361,Retail,38,846061,Business,Female,B012,2018-06-03,615
C005362,Retail,30,332651,Retired,Male,B018,2018-02-06,787
C005363,Retail,41,286600,Self-Employed,Female,B012,2018-02-12,755
C005364,Retail,30,685462,Salaried,Female,B007,2015-09-13,671
C005365,Mass Affluent,28,353392,Salaried,Male,B003,2019-06-10,692
C005366,Affluent,28,793525,Salaried,Male,B007,2016-02-10,627
C005367,Retail,37,209956,Business,Male,B013,2021-12-01,657
C005368,Mass Affluent,33,343730,Salaried,Male,B011,2022-09-27,724
C005369,Retail,68,1171275,Self-Employed,Male,B020,2021-07-13,641
C005370,Affluent,41,941114,Self-Employed,Female,B020,2020-03-26,717
C005371,Retail,41,787849,Salaried,Male,B017,2022-02-06,767
C005372,Retail,33,449154,Salaried,Male,B015,2015-09-16,732
C005373,Retail,73,605371,Retired,Male,B006,2017-01-22,624
C005374,Retail,29,518446,Business,Female,B006,2018-12-28,718
C005375,Mass Affluent,34,2734990,Salaried,Other,B007,2015-12-24,835
C005376,Affluent,50,737018,Salaried,Female,B009,2018-06-25,821
C005377,Retail,41,364539,Salaried,Female,B009,2022-10-22,698
C005378,Mass Affluent,25,569259,Salaried,Male,B018,2019-10-11,686
C005379,Mass Affluent,39,201257,Salaried,Female,B001,2019-06-18,776
C005380,Affluent,46,180000,Salaried,Male,B018,2021-10-22,690
C005381,Retail,45,1552612,Salaried,Female,B018,2016-06-25,615
C005382,Retail,46,716822,Salaried,Female,B012,2022-03-06,754
C005383,SME,63,447375,Salaried,Female,B001,2022-09-03,662
C005384,Mass Affluent,42,589745,Business,Male,B019,2023-11-27,689
C005385,Retail,48,560719,Business,Female,B014,2018-02-04,721
C005386,Retail,18,626948,Salaried,Male,B014,2019-05-05,677
C005387,Retail,60,1265175,Salaried,Female,B016,2015-08-11,770
C005388,Mass Affluent,40,849768,Business,Female,B006,2021-01-16,769
C005389,Mass Affluent,29,459758,Business,Female,B017,2018-02-17,770
C005390,Retail,37,192512,Salaried,Female,B013,2017-05-29,810
C005391,Mass Affluent,46,312757,Self-Employed,Male,B019,2023-05-30,715
C005392,Mass Affluent,50,982329,Salaried,Female,B020,2018-09-24,667
C005393,Mass Affluent,38,1656220,Business,Female,B002,2015-09-29,652
C005394,Mass Affluent,46,339090,Business,Male,B010,2017-03-14,646
C005395,Affluent,36,307356,Self-Employed,Female,B009,2017-02-17,617
C005396,Retail,44,452995,Business,Female,B012,2016-05-14,646
C005397,Affluent,41,1913700,Salaried,Female,B008,2022-03-23,757
C005398,Retail,42,660460,Salaried,Male,B009,2018-06-10,709
C005399,Retail,36,365571,Salaried,Female,B011,2015-07-10,769
C005400,Retail,43,474468,Salaried,Male,B001,2016-03-02,622
C005401,Retail,30,425646,Business,Female,B011,2016-05-13,685
C005402,Retail,41,948248,Business,Male,B019,2021-03-14,900
C005403,Retail,32,2136006,Business,Other,B002,2018-10-07,815
C005404,Affluent,28,653257,Salaried,Female,B014,2017-12-08,886
C005405,Retail,31,1221543,Business,Female,B004,2015-06-28,852
C005406,Mass Affluent,37,250131,Salaried,Male,B020,2016-11-20,715
C005407,Retail,33,2747875,Salaried,Female,B015,2021-09-23,738
C005408,SME,43,251270,Self-Employed,Female,B002,2022-03-25,727
C005409,Mass Affluent,40,1319001,Salaried,Male,B016,2023-10-24,681
C005410,Retail,50,747724,Business,Female,B004,2019-09-27,832
C005411,Affluent,38,264849,Salaried,Male,B002,2016-07-31,797
C005412,Mass Affluent,41,1032072,Salaried,Male,B015,2015-03-05,807
C005413,Affluent,60,588765,Business,Male,B019,2015-12-31,635
C005414,Mass Affluent,34,331726,Salaried,Female,B019,2019-02-12,668
C005415,Mass Affluent,36,604201,Salaried,Male,B016,2021-09-30,738
C005416,Affluent,52,205310,Salaried,Female,B012,2016-09-09,636
C005417,Retail,28,438516,Salaried,Male,B003,2019-03-05,718
C005418,Retail,53,320553,Salaried,Female,B020,2017-03-29,627
C005419,Affluent,36,532923,Business,Male,B015,2020-08-16,631
C005420,Retail,30,194790,Business,Male,B007,2018-04-27,832
C005421,Retail,49,187316,Salaried,Female,B009,2017-03-03,893
C005422,Retail,36,345509,Salaried,Male,B015,2020-02-22,786
C005423,Retail,59,585244,Business,Male,B020,2021-04-20,677
C005424,SME,40,318721,Self-Employed,Female,B013,2019-10-06,712
C005425,Retail,40,809919,Business,Male,B007,2019-03-24,755
C005426,Retail,33,946989,Business,Male,B016,2019-03-15,772
C005427,Mass Affluent,37,346624,Retired,Female,B010,2022-08-18,720
C005428,Affluent,36,1481388,Business,Male,B002,2023-05-28,778
C005429,Retail,54,492771,Business,Female,B019,2022-10-11,733
C005430,Retail,42,1973228,Salaried,Male,B006,2021-03-19,657
C005431,SME,47,506829,Salaried,Female,B018,2019-01-10,752
C005432,Mass Affluent,40,289416,Business,Male,B002,2016-02-20,801
C005433,Retail,34,1333002,Salaried,Female,B001,2015-08-16,746
C005434,Retail,43,304910,Salaried,Female,B015,2020-05-05,660
C005435,Retail,56,1256942,Business,Female,B010,2022-02-25,729
C005436,Retail,27,648937,Salaried,Male,B003,2018-07-28,675
C005437,Retail,44,418051,Salaried,Male,B010,2019-04-11,649
C005438,Affluent,55,364108,Salaried,Female,B003,2023-06-07,649
C005439,Retail,30,567290,Salaried,Female,B006,2015-07-16,664
C005440,Mass Affluent,49,933397,Business,Female,B002,2023-10-24,741
C005441,Retail,49,584567,Business,Male,B009,2020-06-09,820
C005442,Affluent,25,1569654,Business,Female,B008,2019-10-06,787
C005443,Mass Affluent,51,279410,Salaried,Male,B001,2019-02-19,749
C005444,Retail,32,563480,Salaried,Female,B017,2023-12-14,781
C005445,Mass Affluent,43,1227038,Salaried,Male,B013,2018-06-24,811
C005446,Retail,50,274347,Salaried,Female,B005,2017-02-14,809
C005447,Affluent,52,1179801,Business,Female,B007,2023-12-03,715
C005448,Affluent,22,607770,Salaried,Female,B009,2015-05-13,681
C005449,Retail,59,644521,Salaried,Male,B014,2017-04-24,858
C005450,Retail,55,481170,Salaried,Male,B019,2021-01-15,763
C005451,Retail,51,273446,Salaried,Male,B001,2023-09-25,790
C005452,Mass Affluent,43,570038,Business,Male,B003,2016-01-20,637
C005453,Retail,34,418079,Salaried,Female,B016,2023-10-09,828
C005454,Retail,27,1616031,Salaried,Female,B008,2016-01-09,668
C005455,Retail,21,836063,Salaried,Male,B007,2021-09-17,680
C005456,Retail,46,613607,Salaried,Male,B011,2018-10-04,655
C005457,Mass Affluent,51,1412985,Salaried,Female,B015,2017-11-21,716
C005458,Retail,38,578511,Self-Employed,Female,B013,2020-11-14,726
C005459,Mass Affluent,34,947476,Self-Employed,Male,B020,2019-06-02,707
C005460,Retail,40,1278787,Salaried,Male,B006,2017-06-01,722
C005461,Retail,32,502681,Salaried,Female,B005,2021-08-31,643
C005462,Mass Affluent,39,796034,Business,Male,B004,2017-03-30,765
C005463,SME,31,451728,Business,Other,B019,2022-09-25,857
C005464,Affluent,46,1263889,Salaried,Male,B015,2021-02-10,668
C005465,Retail,53,589469,Salaried,Male,B005,2023-03-25,662
C005466,Retail,45,1462398,Salaried,Female,B011,2018-04-22,706
C005467,Affluent,38,682790,Self-Employed,Male,B018,2020-04-01,702
C005468,Retail,50,3139253,Business,Male,B010,2020-09-29,636
C005469,Retail,39,378903,Self-Employed,Female,B016,2022-08-11,616
C005470,Affluent,50,1049150,Salaried,Female,B004,2020-08-11,804
C005471,Affluent,32,583404,Self-Employed,Male,B019,2018-01-05,592
C005472,SME,33,518327,Business,Male,B005,2023-05-01,720
C005473,SME,28,180000,Salaried,Male,B015,2023-01-01,641
C005474,Affluent,34,629067,Business,Female,B006,2019-01-25,808
C005475,Retail,50,318510,Self-Employed,Male,B002,2016-02-03,624
C005476,Retail,29,490602,Salaried,Male,B010,2017-11-28,661
C005477,Mass Affluent,18,326753,Salaried,Female,B020,2016-06-29,627
C005478,Mass Affluent,34,356444,Salaried,Male,B006,2017-01-11,665
C005479,Retail,26,298775,Self-Employed,Female,B019,2021-04-17,642
C005480,Retail,33,300786,Self-Employed,Male,B006,2020-10-14,757
C005481,Retail,62,213293,Salaried,Male,B015,2018-12-23,752
C005482,Mass Affluent,29,766219,Salaried,Female,B001,2018-10-08,900
C005483,Retail,46,607100,Business,Female,B008,2016-01-18,577
C005484,Retail,38,950506,Salaried,Male,B011,2017-11-16,773
C005485,Mass Affluent,43,465075,Salaried,Female,B014,2015-03-08,692
C005486,Mass Affluent,33,390759,Salaried,Female,B001,2022-07-12,771
C005487,Retail,52,566692,Salaried,Other,B014,2016-05-14,702
C005488,Mass Affluent,44,946750,Business,Female,B010,2020-04-05,790
C005489,Mass Affluent,44,729111,Salaried,Female,B017,2017-01-24,859
C005490,Retail,40,605068,Salaried,Female,B011,2018-12-06,665
C005491,Retail,53,924062,Self-Employed,Male,B010,2019-07-12,647
C005492,Retail,45,601973,Self-Employed,Female,B015,2020-07-06,638
C005493,Retail,43,408478,Salaried,Female,B012,2022-06-21,614
C005494,SME,46,1082286,Salaried,Male,B003,2018-10-25,673
C005495,Retail,20,266532,Salaried,Female,B018,2016-08-21,682
C005496,Mass Affluent,41,238341,Business,Female,B007,2019-06-21,729
C005497,Retail,38,590351,Self-Employed,Male,B011,2018-12-30,686
C005498,Retail,52,634426,Retired,Male,B018,2019-12-11,679
C005499,Mass Affluent,31,698122,Salaried,Male,B017,2015-03-02,731
C005500,Retail,41,484918,Salaried,Male,B016,2020-09-28,705
C005501,Retail,60,1445825,Business,Female,B003,2018-05-04,802
C005502,Retail,39,226530,Salaried,Male,B013,2018-07-22,801
C005503,Retail,24,655022,Self-Employed,Male,B008,2021-03-13,679
C005504,Mass Affluent,63,982450,Salaried,Male,B005,2018-08-08,629
C005505,Retail,31,1475509,Salaried,Female,B007,2022-01-16,700
C005506,Affluent,28,1428304,Self-Employed,Female,B019,2022-01-27,700
C005507,Mass Affluent,28,294244,Salaried,Female,B019,2015-06-23,864
C005508,Retail,47,759241,Business,Female,B012,2018-12-24,716
C005509,Retail,53,522069,Business,Male,B009,2023-01-08,701
C005510,Retail,58,592655,Self-Employed,Female,B017,2022-04-07,580
C005511,Affluent,39,1253863,Salaried,Female,B010,2016-08-30,766
C005512,Retail,28,2062933,Business,Female,B018,2020-07-08,703
C005513,Affluent,33,710893,Salaried,Male,B001,2015-02-04,783
C005514,Retail,39,180000,Salaried,Male,B015,2023-02-09,822
C005515,Affluent,39,202851,Salaried,Female,B011,2019-11-13,655
C005516,Retail,53,582136,Self-Employed,Female,B004,2019-08-13,784
C005517,Affluent,25,1147507,Business,Male,B006,2022-10-11,767
C005518,Retail,27,360105,Retired,Male,B013,2022-10-10,688
C005519,Retail,36,529888,Business,Female,B008,2023-01-28,646
C005520,Retail,43,1717406,Retired,Female,B007,2023-11-10,647
C005521,Retail,34,463691,Salaried,Male,B005,2018-11-18,685
C005522,SME,33,1874846,Salaried,Female,B005,2016-02-08,725
C005523,Retail,52,453616,Salaried,Female,B016,2023-07-06,798
C005524,Retail,44,1079988,Self-Employed,Female,B006,2019-02-28,805
C005525,Mass Affluent,28,630734,Salaried,Male,B016,2016-06-13,700
C005526,Retail,33,994005,Self-Employed,Male,B015,2023-09-18,618
C005527,Mass Affluent,45,2213978,Business,Male,B006,2016-05-02,660
C005528,Mass Affluent,25,788171,Salaried,Female,B008,2021-03-22,702
C005529,Retail,45,1361888,Salaried,Female,B003,2018-08-13,680
C005530,SME,35,335432,Salaried,Female,B009,2023-12-13,816
C005531,Retail,43,327504,Retired,Male,B009,2015-11-25,681
C005532,Retail,40,207649,Salaried,Male,B005,2015-04-07,581
C005533,Mass Affluent,27,302100,Retired,Female,B019,2018-03-27,794
C005534,Mass Affluent,32,1608654,Retired,Male,B016,2019-02-26,766
C005535,Retail,55,744252,Salaried,Female,B016,2017-11-06,653
C005536,Mass Affluent,65,504273,Business,Female,B018,2019-04-20,713
C005537,Retail,20,685163,Salaried,Male,B012,2021-07-11,660
C005538,Retail,50,933609,Salaried,Female,B016,2016-02-28,847
C005539,Affluent,42,995215,Salaried,Female,B005,2021-09-16,600
C005540,Retail,62,691598,Business,Male,B003,2020-01-26,650
C005541,Retail,33,1473942,Salaried,Male,B007,2016-03-06,687
C005542,Affluent,49,319237,Salaried,Female,B020,2020-04-01,753
C005543,SME,36,477707,Self-Employed,Male,B014,2017-06-16,795
C005544,Retail,53,1283827,Salaried,Male,B016,2022-07-20,786
C005545,Mass Affluent,64,1117179,Salaried,Female,B001,2023-03-05,757
C005546,Mass Affluent,41,763542,Retired,Male,B005,2022-04-30,592
C005547,SME,26,421590,Salaried,Other,B008,2019-01-07,670
C005548,Affluent,55,1001094,Salaried,Male,B002,2019-11-10,749
C005549,Retail,45,332279,Salaried,Male,B007,2015-01-11,757
C005550,Retail,43,1293672,Business,Male,B006,2017-04-20,663
C005551,Retail,56,1613320,Salaried,Female,B010,2016-06-22,680
C005552,Affluent,26,412589,Salaried,Male,B003,2019-06-23,698
C005553,Mass Affluent,31,3227115,Business,Female,B006,2015-05-06,818
C005554,Mass Affluent,46,313771,Salaried,Male,B019,2017-08-12,726
C005555,SME,31,530628,Self-Employed,Female,B002,2020-12-09,644
C005556,Retail,36,522206,Business,Male,B019,2015-12-18,659
C005557,Retail,53,560848,Salaried,Male,B017,2016-01-03,712
C005558,Retail,44,1514846,Salaried,Female,B004,2016-01-27,618
C005559,Retail,26,797478,Salaried,Female,B003,2023-08-13,646
C005560,Retail,43,349504,Self-Employed,Male,B014,2016-03-25,735
C005561,Retail,53,644067,Salaried,Female,B003,2023-06-04,730
C005562,Mass Affluent,41,923359,Self-Employed,Male,B011,2023-05-27,819
C005563,Affluent,49,841735,Salaried,Male,B010,2018-03-27,650
C005564,Mass Affluent,33,1327892,Salaried,Female,B003,2015-08-24,731
C005565,Mass Affluent,42,635895,Salaried,Female,B009,2021-02-28,825
C005566,Retail,22,1008952,Salaried,Female,B016,2022-07-30,793
C005567,Affluent,46,546976,Salaried,Male,B018,2015-12-28,834
C005568,Affluent,43,394073,Salaried,Female,B005,2017-03-03,609
C005569,Mass Affluent,25,285728,Business,Female,B015,2021-07-06,766
C005570,Retail,56,1660951,Salaried,Male,B016,2022-03-06,632
C005571,Retail,45,225018,Business,Male,B018,2021-06-26,891
C005572,Retail,31,707728,Salaried,Male,B006,2019-10-27,788
C005573,Mass Affluent,46,783051,Salaried,Male,B004,2015-09-14,775
C005574,Affluent,28,317184,Business,Female,B013,2021-08-20,672
C005575,Affluent,30,1077660,Salaried,Male,B001,2022-04-29,744
C005576,Retail,28,249415,Self-Employed,Male,B002,2018-04-13,752
C005577,Affluent,28,411634,Salaried,Male,B015,2021-07-04,674
C005578,SME,44,1123246,Salaried,Male,B004,2018-07-30,726
C005579,Retail,40,257607,Self-Employed,Other,B013,2021-05-30,540
C005580,Retail,47,1020417,Salaried,Male,B014,2021-09-16,853
C005581,SME,18,1239160,Self-Employed,Male,B015,2022-10-26,761
C005582,Retail,35,1205271,Self-Employed,Female,B008,2016-12-21,686
C005583,SME,35,765305,Salaried,Female,B009,2016-07-31,775
C005584,SME,40,347886,Business,Female,B005,2018-05-08,597
C005585,Mass Affluent,39,315223,Salaried,Male,B003,2023-07-02,792
C005586,Affluent,42,432567,Salaried,Male,B007,2019-03-12,711
C005587,Mass Affluent,40,180000,Retired,Female,B008,2023-10-18,594
C005588,Mass Affluent,34,609122,Salaried,Female,B016,2015-02-12,721
C005589,Retail,35,556741,Business,Male,B017,2022-08-02,785
C005590,Retail,38,630337,Self-Employed,Male,B010,2021-10-01,774
C005591,Retail,45,513264,Self-Employed,Female,B001,2017-03-08,722
C005592,Mass Affluent,40,673024,Self-Employed,Female,B019,2018-07-23,724
C005593,Retail,30,631725,Salaried,Female,B018,2023-08-20,638
C005594,Retail,30,232264,Self-Employed,Female,B018,2018-05-21,716
C005595,Retail,45,719747,Retired,Female,B020,2019-07-14,754
C005596,Mass Affluent,47,591831,Salaried,Female,B005,2017-07-20,817
C005597,SME,51,195420,Salaried,Female,B011,2017-02-13,629
C005598,SME,34,1073378,Salaried,Male,B001,2023-12-13,684
C005599,Retail,18,494249,Salaried,Male,B011,2022-09-25,751
C005600,Affluent,43,906952,Business,Female,B011,2023-05-29,575
C005601,Mass Affluent,31,582973,Self-Employed,Female,B005,2020-09-23,688
C005602,Mass Affluent,38,188632,Salaried,Female,B020,2018-08-19,835
C005603,Mass Affluent,41,706107,Self-Employed,Male,B018,2016-09-17,627
C005604,Retail,45,828481,Salaried,Female,B008,2020-07-12,759
C005605,SME,49,1284062,Salaried,Female,B015,2019-11-08,726
C005606,Retail,52,1090337,Business,Male,B003,2020-02-13,727
C005607,Retail,54,1307452,Salaried,Female,B016,2020-01-19,754
C005608,Mass Affluent,40,968312,Salaried,Male,B020,2020-09-15,681
C005609,Retail,20,435877,Salaried,Male,B012,2023-06-19,705
C005610,Retail,32,442620,Self-Employed,Male,B002,2020-06-13,716
C005611,Mass Affluent,54,1141090,Salaried,Female,B020,2015-07-05,775
C005612,Retail,41,466133,Business,Male,B020,2022-05-03,758
C005613,Mass Affluent,63,846680,Retired,Female,B013,2017-11-30,729
C005614,Mass Affluent,35,1822566,Salaried,Male,B019,2023-03-01,667
C005615,Mass Affluent,64,401530,Salaried,Female,B013,2015-10-27,659
C005616,Mass Affluent,39,963262,Business,Female,B018,2021-08-21,632
C005617,Mass Affluent,34,356009,Retired,Male,B016,2015-08-23,669
C005618,Mass Affluent,31,878391,Business,Male,B010,2017-05-30,743
C005619,Mass Affluent,46,1712706,Salaried,Female,B007,2023-01-21,814
C005620,Affluent,23,1432427,Salaried,Male,B002,2018-01-09,730
C005621,Mass Affluent,33,467133,Salaried,Female,B004,2020-09-05,669
C005622,Affluent,38,1668793,Salaried,Male,B004,2017-11-10,720
C005623,Retail,18,518448,Salaried,Female,B001,2021-06-01,677
C005624,Retail,38,2655633,Retired,Male,B016,2017-01-27,770
C005625,SME,58,612778,Self-Employed,Female,B006,2017-05-26,632
C005626,Retail,44,923129,Salaried,Female,B019,2022-12-15,781
C005627,Retail,32,905071,Salaried,Female,B005,2023-11-18,764
C005628,Mass Affluent,34,294678,Salaried,Female,B006,2017-02-11,670
C005629,Retail,43,1467775,Self-Employed,Female,B007,2020-03-03,668
C005630,Retail,33,692033,Salaried,Female,B005,2016-01-15,689
C005631,SME,44,418048,Salaried,Female,B001,2023-03-12,756
C005632,Mass Affluent,33,368186,Salaried,Male,B002,2017-01-01,654
C005633,Retail,28,405524,Self-Employed,Male,B010,2023-10-26,619
C005634,SME,52,570727,Salaried,Male,B002,2022-01-11,705
C005635,SME,47,299839,Salaried,Female,B020,2017-06-05,771
C005636,Retail,18,352933,Business,Male,B014,2023-11-11,600
C005637,Retail,35,195123,Self-Employed,Male,B007,2023-02-05,544
C005638,Affluent,50,354565,Salaried,Male,B010,2021-10-01,768
C005639,Mass Affluent,37,1456475,Retired,Male,B008,2021-08-17,729
C005640,Mass Affluent,33,1309961,Salaried,Male,B001,2023-09-15,717
C005641,Affluent,36,715133,Salaried,Female,B008,2017-10-13,701
C005642,Mass Affluent,40,2359096,Business,Female,B016,2018-09-01,720
C005643,Retail,37,1321569,Business,Female,B014,2021-12-07,769
C005644,Mass Affluent,38,795912,Salaried,Female,B019,2019-08-12,838
C005645,Retail,37,854236,Business,Male,B010,2015-08-07,754
C005646,Affluent,28,635648,Salaried,Male,B018,2019-03-02,664
C005647,Mass Affluent,28,264634,Business,Female,B002,2021-04-15,700
C005648,Retail,27,504567,Salaried,Female,B005,2021-05-10,720
C005649,Mass Affluent,40,180000,Salaried,Male,B002,2021-08-12,745
C005650,Retail,45,294590,Salaried,Female,B020,2017-04-08,746
C005651,Retail,29,1479001,Business,Female,B003,2015-07-16,736
C005652,Mass Affluent,22,630967,Business,Female,B009,2019-08-25,830
C005653,Retail,29,300052,Retired,Male,B011,2020-05-27,762
C005654,Affluent,54,845139,Salaried,Male,B016,2022-04-12,635
C005655,Retail,36,888707,Salaried,Male,B014,2022-04-03,718
C005656,Mass Affluent,37,1634794,Salaried,Male,B014,2016-10-30,804
C005657,Affluent,30,1906096,Salaried,Male,B020,2020-05-14,683
C005658,Mass Affluent,45,996974,Salaried,Female,B011,2016-12-10,681
C005659,Retail,38,224173,Business,Male,B011,2015-03-31,711
C005660,SME,31,2641663,Business,Female,B018,2016-12-22,707
C005661,Retail,28,1446106,Salaried,Male,B011,2022-06-13,698
C005662,Retail,43,1042012,Self-Employed,Male,B014,2017-08-16,682
C005663,Retail,42,593533,Business,Male,B019,2018-01-24,808
C005664,Retail,25,219101,Salaried,Female,B018,2023-05-16,742
C005665,SME,53,416927,Self-Employed,Male,B004,2019-10-20,653
C005666,Retail,32,580469,Salaried,Male,B013,2019-10-16,630
C005667,Affluent,18,462360,Retired,Male,B002,2021-05-26,702
C005668,Affluent,56,1221306,Salaried,Male,B019,2018-02-16,746
C005669,Retail,38,570887,Salaried,Female,B009,2015-02-18,738
C005670,Mass Affluent,44,362164,Salaried,Female,B011,2022-01-15,744
C005671,Retail,57,830810,Business,Female,B017,2021-04-20,772
C005672,Retail,28,350000,Salaried,Female,B005,2021-01-06,705
C005673,Retail,44,207743,Salaried,Female,B009,2015-11-08,819
C005674,SME,52,835527,Business,Male,B016,2016-10-26,699
C005675,SME,29,572382,Salaried,Male,B012,2019-07-23,667
C005676,Retail,55,664385,Salaried,Male,B001,2015-07-21,529
C005677,Retail,23,1467745,Salaried,Male,B017,2019-08-25,779
C005678,Affluent,38,706321,Salaried,Female,B014,2017-02-23,627
C005679,Retail,27,868620,Retired,Female,B007,2016-10-02,814
C005680,Affluent,47,606729,Self-Employed,Male,B016,2016-04-06,517
C005681,Mass Affluent,28,1015783,Business,Female,B015,2021-09-18,731
C005682,Retail,32,180000,Salaried,Female,B004,2017-10-26,647
C005683,Affluent,29,362709,Salaried,Male,B015,2022-11-30,753
C005684,Retail,26,466811,Salaried,Female,B017,2020-09-17,669
C005685,SME,31,439350,Salaried,Female,B002,2023-03-22,819
C005686,SME,39,358662,Business,Male,B008,2016-10-21,636
C005687,Retail,38,568863,Self-Employed,Male,B006,2022-12-09,731
C005688,Retail,37,549351,Salaried,Female,B007,2023-10-29,735
C005689,SME,32,568675,Business,Male,B016,2017-11-30,674
C005690,SME,35,683501,Salaried,Female,B005,2023-09-26,782
C005691,Retail,22,829227,Business,Female,B018,2019-06-14,632
C005692,Affluent,31,362331,Salaried,Male,B020,2015-11-19,746
C005693,Retail,37,427266,Retired,Male,B011,2022-10-24,770
C005694,Retail,42,1093024,Business,Male,B002,2023-07-07,652
C005695,Affluent,41,325273,Salaried,Female,B007,2018-07-31,784
C005696,Retail,25,354876,Self-Employed,Female,B015,2018-06-28,705
C005697,SME,44,363036,Business,Male,B009,2022-09-26,666
C005698,Retail,40,526897,Salaried,Female,B002,2023-10-29,718
C005699,Mass Affluent,55,1147933,Salaried,Female,B004,2020-01-28,647
C005700,Retail,23,843419,Business,Male,B015,2019-06-28,703
C005701,Mass Affluent,37,340197,Salaried,Female,B008,2019-09-12,580
C005702,Mass Affluent,50,1949896,Salaried,Female,B004,2021-08-12,784
C005703,Retail,36,381747,Salaried,Female,B008,2023-08-09,778
C005704,Mass Affluent,29,209167,Salaried,Male,B007,2023-12-31,880
C005705,Retail,30,1963832,Business,Male,B013,2015-08-03,706
C005706,Retail,48,348269,Salaried,Male,B005,2023-02-15,761
C005707,Affluent,22,558270,Retired,Male,B020,2020-03-01,711
C005708,Retail,35,549957,Self-Employed,Female,B018,2017-05-31,745
C005709,Mass Affluent,29,875741,Business,Male,B019,2021-04-18,844
C005710,Mass Affluent,30,181798,Salaried,Male,B011,2023-07-19,783
C005711,Mass Affluent,44,493480,Salaried,Female,B006,2019-11-10,749
C005712,Retail,35,472732,Salaried,Male,B004,2022-11-24,593
C005713,Retail,42,1503938,Salaried,Male,B003,2020-06-14,747
C005714,Retail,25,421414,Self-Employed,Male,B020,2015-12-21,623
C005715,Mass Affluent,48,487090,Business,Male,B006,2020-07-24,748
C005716,Affluent,41,983417,Salaried,Male,B015,2016-11-19,740
C005717,Mass Affluent,53,836595,Salaried,Female,B003,2023-06-16,650
C005718,Retail,35,374766,Salaried,Female,B017,2023-04-08,685
C005719,Retail,44,792659,Salaried,Female,B002,2018-10-30,799
C005720,Retail,48,371531,Business,Male,B016,2019-06-10,799
C005721,Retail,44,1011340,Salaried,Male,B017,2020-03-24,863
C005722,Retail,58,540657,Business,Female,B011,2020-01-19,625
C005723,Retail,21,265100,Self-Employed,Female,B004,2020-08-05,765
C005724,Retail,41,180000,Business,Male,B012,2020-04-09,778
C005725,Retail,35,469899,Salaried,Female,B008,2017-05-11,803
C005726,Retail,34,360513,Retired,Female,B003,2016-10-06,808
C005727,Retail,55,513462,Self-Employed,Male,B011,2017-06-16,771
C005728,Retail,32,581098,Salaried,Male,B013,2016-12-02,826
C005729,Retail,48,180000,Salaried,Female,B009,2015-04-09,731
C005730,Mass Affluent,27,373348,Business,Male,B015,2017-06-19,664
C005731,Retail,50,551610,Salaried,Male,B012,2021-09-28,607
C005732,Retail,39,640315,Salaried,Female,B010,2023-08-19,614
C005733,Retail,36,1008055,Salaried,Female,B004,2019-09-23,753
C005734,Retail,22,1127529,Salaried,Female,B007,2020-07-03,611
C005735,Retail,36,513786,Salaried,Male,B009,2021-03-20,719
C005736,Retail,31,545013,Self-Employed,Female,B006,2022-09-03,699
C005737,Mass Affluent,58,438995,Salaried,Female,B007,2018-09-17,677
C005738,Retail,40,918892,Self-Employed,Female,B017,2023-09-25,767
C005739,Retail,32,467312,Salaried,Female,B004,2019-04-03,696
C005740,Affluent,32,320056,Salaried,Male,B002,2020-12-02,689
C005741,Retail,24,203630,Salaried,Female,B017,2021-03-02,714
C005742,Retail,56,324100,Business,Female,B007,2021-10-24,711
C005743,Affluent,53,504776,Salaried,Male,B011,2022-07-22,731
C005744,Affluent,38,1134154,Business,Female,B020,2020-03-05,801
C005745,Retail,63,618015,Salaried,Other,B018,2021-08-19,704
C005746,Retail,39,646352,Self-Employed,Female,B007,2020-07-20,765
C005747,Retail,51,601317,Self-Employed,Female,B018,2017-02-05,681
C005748,Retail,45,1378582,Salaried,Female,B019,2021-09-01,656
C005749,Mass Affluent,33,834674,Self-Employed,Male,B014,2017-08-15,729
C005750,Retail,41,594290,Salaried,Male,B008,2021-06-07,710
C005751,Retail,43,406586,Self-Employed,Female,B007,2017-04-18,671
C005752,SME,25,264439,Business,Male,B001,2017-07-05,761
C005753,SME,42,1756405,Salaried,Male,B006,2022-11-15,597
C005754,Retail,52,1011593,Self-Employed,Male,B004,2016-11-15,745
C005755,Mass Affluent,31,529123,Salaried,Male,B016,2020-10-27,694
C005756,Retail,37,1925617,Salaried,Male,B015,2016-04-26,682
C005757,Affluent,27,597033,Salaried,Female,B018,2022-06-02,838
C005758,Retail,34,352850,Salaried,Male,B018,2021-02-18,798
C005759,Retail,35,1327443,Salaried,Female,B008,2015-09-19,760
C005760,Retail,56,260939,Self-Employed,Female,B010,2022-03-27,675
C005761,Retail,36,462361,Salaried,Female,B005,2017-07-11,599
C005762,Retail,33,274926,Business,Female,B007,2020-04-13,848
C005763,Affluent,38,356863,Self-Employed,Female,B017,2020-12-14,625
C005764,Mass Affluent,20,683222,Self-Employed,Male,B006,2018-04-21,803
C005765,Retail,18,747029,Salaried,Female,B011,2016-11-04,740
C005766,Retail,24,293097,Salaried,Female,B010,2023-11-06,709
C005767,Retail,43,1944740,Retired,Female,B007,2021-11-03,716
C005768,Affluent,39,180000,Salaried,Female,B007,2019-05-06,786
C005769,SME,49,652722,Salaried,Male,B010,2018-02-07,835
C005770,SME,22,663666,Salaried,Female,B013,2015-03-21,796
C005771,Affluent,37,712082,Salaried,Female,B003,2018-12-17,747
C005772,Retail,21,1062621,Business,Male,B009,2017-04-05,868
C005773,Retail,42,180000,Self-Employed,Male,B005,2020-04-20,768
C005774,Mass Affluent,24,362780,Salaried,Male,B016,2016-02-11,697
C005775,SME,36,661992,Business,Male,B011,2021-11-26,781
C005776,Retail,41,1815161,Self-Employed,Female,B018,2018-04-12,729
C005777,Retail,35,411063,Business,Male,B015,2019-07-06,753
C005778,Affluent,18,529465,Salaried,Female,B005,2021-09-04,793
C005779,Retail,57,961484,Salaried,Female,B008,2023-09-12,755
C005780,Retail,34,273339,Salaried,Female,B008,2020-10-10,738
C005781,Mass Affluent,21,608818,Business,Female,B019,2020-08-16,682
C005782,Retail,47,560367,Salaried,Male,B005,2022-01-18,876
C005783,Retail,48,403806,Business,Male,B004,2020-12-12,746
C005784,Affluent,36,832061,Salaried,Male,B020,2020-05-03,717
C005785,Mass Affluent,56,2437979,Salaried,Male,B018,2019-04-05,776
C005786,SME,31,671720,Business,Female,B012,2020-06-09,802
C005787,Retail,41,180000,Salaried,Male,B001,2022-12-11,733
C005788,Retail,45,340598,Salaried,Female,B008,2018-10-23,660
C005789,Mass Affluent,56,1569450,Business,Female,B009,2021-06-15,690
C005790,Mass Affluent,18,513489,Salaried,Male,B013,2018-12-28,635
C005791,Retail,64,279927,Salaried,Male,B001,2022-04-08,707
C005792,Affluent,52,979837,Salaried,Male,B006,2016-03-08,722
C005793,Retail,44,396151,Self-Employed,Female,B001,2019-11-20,707
C005794,Retail,30,613829,Salaried,Female,B014,2022-11-05,797
C005795,Retail,29,287529,Business,Male,B005,2015-09-16,634
C005796,Retail,42,457232,Salaried,Male,B013,2019-07-01,755
C005797,Retail,44,588355,Salaried,Male,B005,2021-10-31,646
C005798,Mass Affluent,43,561952,Salaried,Male,B015,2015-09-04,798
C005799,Mass Affluent,41,765440,Salaried,Female,B003,2016-07-11,578
C005800,SME,44,683833,Salaried,Female,B004,2020-02-16,733
C005801,Retail,18,309490,Business,Male,B003,2023-01-09,788
C005802,Retail,36,1794911,Salaried,Male,B020,2020-04-25,748
C005803,Retail,24,541872,Salaried,Female,B012,2023-07-06,644
C005804,Retail,39,249405,Business,Female,B014,2017-12-19,753
C005805,Mass Affluent,53,180000,Salaried,Female,B006,2016-03-07,731
C005806,Mass Affluent,29,630049,Salaried,Female,B019,2021-09-27,604
C005807,Affluent,31,328605,Salaried,Male,B005,2018-05-24,662
C005808,Retail,30,870661,Salaried,Female,B017,2019-06-21,676
C005809,Retail,31,619160,Salaried,Female,B019,2017-03-21,626
C005810,Retail,45,7761699,Salaried,Female,B018,2020-12-25,740
C005811,Retail,48,264375,Salaried,Male,B012,2023-04-12,877
C005812,Mass Affluent,55,1193238,Salaried,Female,B018,2017-10-22,718
C005813,SME,28,295506,Salaried,Male,B005,2019-02-28,671
C005814,Retail,47,1029730,Salaried,Female,B013,2017-04-14,685
C005815,Affluent,48,1513165,Business,Male,B004,2019-01-31,564
C005816,Mass Affluent,57,479660,Business,Female,B018,2015-06-23,604
C005817,Retail,29,373512,Salaried,Male,B020,2018-10-28,762
C005818,Mass Affluent,18,541938,Salaried,Female,B009,2023-11-15,695
C005819,Retail,36,370175,Business,Female,B002,2017-10-24,606
C005820,Retail,70,1709284,Self-Employed,Male,B010,2016-08-21,732
C005821,Mass Affluent,27,527687,Business,Female,B013,2019-03-26,700
C005822,Affluent,44,798412,Salaried,Male,B006,2022-01-03,766
C005823,Retail,18,813794,Salaried,Male,B020,2023-09-20,668
C005824,Retail,59,1071540,Business,Male,B008,2023-09-09,864
C005825,Affluent,18,447252,Business,Female,B013,2022-01-08,626
C005826,Affluent,18,988046,Salaried,Male,B004,2020-10-22,656
C005827,Mass Affluent,40,1398034,Retired,Male,B019,2016-08-24,599
C005828,Retail,40,542256,Salaried,Male,B007,2023-09-20,677
C005829,SME,55,252265,Business,Female,B015,2018-01-08,712
C005830,Retail,48,1460474,Salaried,Male,B005,2019-07-15,774
C005831,Mass Affluent,18,671689,Self-Employed,Male,B017,2016-03-18,709
C005832,Retail,37,601640,Self-Employed,Female,B019,2021-10-25,757
C005833,Mass Affluent,31,931527,Salaried,Female,B005,2016-02-11,775
C005834,Retail,24,1519137,Salaried,Male,B011,2021-06-22,678
C005835,Retail,44,519384,Salaried,Male,B004,2017-07-01,632
C005836,Retail,50,1357088,Salaried,Male,B014,2021-01-02,725
C005837,Retail,30,628790,Salaried,Female,B004,2022-11-07,795
C005838,Mass Affluent,35,900006,Salaried,Male,B004,2016-07-23,825
C005839,Affluent,36,404405,Salaried,Male,B002,2022-06-21,578
C005840,SME,32,508743,Self-Employed,Male,B007,2021-12-16,604
C005841,Retail,34,1214356,Salaried,Female,B019,2016-08-13,613
C005842,Mass Affluent,32,180000,Salaried,Male,B001,2022-09-17,804
C005843,Mass Affluent,40,945979,Self-Employed,Female,B012,2021-07-28,802
C005844,Retail,33,767868,Salaried,Female,B019,2023-08-11,709
C005845,Retail,44,1766216,Salaried,Female,B012,2022-05-28,718
C005846,Mass Affluent,33,1153889,Salaried,Female,B009,2016-04-07,766
C005847,SME,46,673094,Self-Employed,Female,B007,2023-09-08,749
C005848,Mass Affluent,32,262495,Salaried,Male,B001,2021-06-07,847
C005849,Retail,46,411394,Retired,Female,B006,2017-04-17,692
C005850,Mass Affluent,30,517718,Business,Female,B010,2021-07-14,763
C005851,Retail,49,1582476,Salaried,Female,B001,2021-09-20,723
C005852,Affluent,19,1009720,Business,Male,B018,2019-06-18,799
C005853,Mass Affluent,39,357866,Salaried,Female,B003,2020-12-07,763
C005854,Retail,33,779580,Salaried,Male,B011,2022-07-23,716
C005855,Affluent,38,445292,Salaried,Male,B014,2022-07-11,684
C005856,Retail,26,394314,Salaried,Female,B006,2020-04-25,703
C005857,SME,37,902799,Business,Female,B011,2018-05-01,637
C005858,Retail,27,546242,Self-Employed,Female,B007,2023-01-17,780
C005859,Retail,36,281508,Salaried,Female,B008,2020-01-23,685
C005860,Retail,35,1027039,Salaried,Male,B005,2016-02-24,731
C005861,Retail,43,662308,Business,Male,B018,2023-06-24,613
C005862,Retail,40,472860,Salaried,Male,B015,2019-04-01,745
C005863,Mass Affluent,60,1582934,Salaried,Female,B018,2017-07-10,685
C005864,Mass Affluent,33,1198242,Salaried,Female,B003,2022-08-11,900
C005865,Mass Affluent,38,649348,Business,Female,B010,2016-05-31,766
C005866,Retail,74,197190,Salaried,Male,B015,2023-10-27,571
C005867,Mass Affluent,37,1234931,Salaried,Female,B008,2022-09-30,805
C005868,Retail,49,438213,Salaried,Female,B008,2021-11-09,735
C005869,Mass Affluent,45,541484,Business,Female,B014,2019-01-25,610
C005870,Retail,65,492826,Salaried,Male,B010,2022-03-24,635
C005871,SME,23,258471,Self-Employed,Female,B013,2022-05-10,646
C005872,Mass Affluent,22,805174,Salaried,Female,B010,2017-09-16,823
C005873,Mass Affluent,27,346955,Self-Employed,Male,B006,2017-01-05,629
C005874,Retail,41,778506,Self-Employed,Female,B018,2022-11-25,723
C005875,Retail,28,326517,Self-Employed,Male,B016,2018-07-04,657
C005876,Retail,18,446575,Self-Employed,Female,B018,2015-05-26,675
C005877,Affluent,29,760712,Salaried,Female,B020,2023-06-10,749
C005878,SME,43,650176,Business,Female,B006,2022-04-05,753
C005879,Retail,29,898779,Self-Employed,Male,B009,2022-09-28,640
C005880,Mass Affluent,52,943997,Salaried,Male,B016,2021-01-18,575
C005881,Mass Affluent,27,1426448,Salaried,Male,B006,2016-08-14,630
C005882,Mass Affluent,39,599710,Business,Female,B011,2023-05-20,694
C005883,Retail,35,1314835,Salaried,Male,B003,2019-10-04,760
C005884,Retail,41,486563,Salaried,Female,B008,2022-09-10,754
C005885,Retail,42,994798,Business,Female,B001,2022-09-05,821
C005886,Affluent,56,1245443,Salaried,Male,B015,2018-07-01,766
C005887,Retail,47,1242397,Salaried,Female,B015,2016-09-06,668
C005888,Retail,34,232457,Self-Employed,Female,B019,2017-06-22,740
C005889,SME,46,180000,Retired,Female,B010,2018-05-26,579
C005890,Mass Affluent,47,860688,Salaried,Female,B019,2017-09-28,767
C005891,Affluent,61,600982,Self-Employed,Female,B009,2020-01-08,767
C005892,Retail,37,719963,Salaried,Male,B007,2022-08-25,641
C005893,Retail,38,636838,Salaried,Male,B014,2020-12-29,846
C005894,SME,53,481268,Business,Female,B002,2023-03-14,777
C005895,Retail,18,870536,Business,Male,B013,2016-01-28,813
C005896,Retail,37,747880,Business,Male,B020,2021-04-07,792
C005897,Retail,47,560488,Business,Female,B004,2020-10-31,675
C005898,Retail,51,611393,Self-Employed,Female,B007,2023-01-05,686
C005899,Retail,18,895974,Salaried,Male,B008,2020-12-15,658
C005900,Affluent,24,407774,Salaried,Male,B016,2022-10-15,553
C005901,SME,18,291288,Self-Employed,Female,B020,2023-06-27,764
C005902,SME,49,288384,Self-Employed,Female,B009,2019-11-11,814
C005903,Retail,41,431109,Salaried,Male,B011,2023-08-30,714
C005904,Retail,55,1574697,Self-Employed,Female,B014,2015-04-16,900
C005905,Retail,39,654080,Self-Employed,Female,B004,2019-11-07,679
C005906,Affluent,64,385896,Retired,Female,B019,2018-02-19,630
C005907,Retail,29,684321,Business,Male,B015,2023-08-14,747
C005908,Mass Affluent,35,304339,Salaried,Female,B014,2015-12-05,725
C005909,Mass Affluent,44,531731,Salaried,Male,B016,2021-04-28,782
C005910,Retail,31,459508,Self-Employed,Female,B020,2017-02-08,748
C005911,Retail,44,253864,Salaried,Male,B003,2022-02-25,809
C005912,SME,38,1221127,Business,Female,B006,2015-09-13,612
C005913,SME,37,469713,Salaried,Female,B004,2017-05-31,719
C005914,Retail,38,585196,Self-Employed,Male,B001,2021-08-03,694
C005915,Retail,47,943748,Retired,Male,B018,2020-09-15,782
C005916,SME,35,754149,Self-Employed,Male,B008,2016-11-26,663
C005917,Retail,27,630877,Self-Employed,Female,B016,2019-07-12,651
C005918,Retail,40,513988,Retired,Female,B020,2022-06-20,717
C005919,Retail,32,963193,Business,Male,B016,2019-08-03,736
C005920,Mass Affluent,28,597191,Retired,Female,B015,2022-09-09,755
C005921,Retail,20,658951,Self-Employed,Male,B002,2016-07-20,656
C005922,Retail,49,1236823,Self-Employed,Male,B012,2019-10-27,773
C005923,Retail,46,1283211,Business,Female,B004,2019-09-17,635
C005924,Mass Affluent,54,714511,Salaried,Male,B011,2016-01-02,671
C005925,SME,39,642217,Business,Male,B002,2022-06-25,713
C005926,Affluent,51,918932,Retired,Female,B006,2015-01-25,793
C005927,Affluent,29,509461,Self-Employed,Male,B017,2016-11-12,631
C005928,Mass Affluent,18,510330,Salaried,Male,B019,2018-03-15,779
C005929,Retail,31,576044,Salaried,Female,B009,2016-10-31,718
C005930,Retail,37,309491,Salaried,Female,B005,2022-10-04,755
C005931,SME,43,2786326,Salaried,Female,B014,2019-07-29,672
C005932,Retail,53,462721,Salaried,Male,B016,2019-06-03,712
C005933,Retail,43,813129,Retired,Male,B001,2018-08-02,745
C005934,Mass Affluent,64,593433,Business,Female,B020,2018-11-13,847
C005935,Retail,40,938328,Salaried,Male,B003,2015-07-16,619
C005936,Retail,40,467449,Business,Male,B010,2021-09-30,675
C005937,SME,43,690804,Self-Employed,Female,B015,2015-01-06,682
C005938,Affluent,43,345256,Salaried,Female,B003,2017-05-21,735
C005939,Retail,43,1321020,Business,Male,B001,2016-01-23,614
C005940,SME,25,922367,Salaried,Female,B013,2017-10-07,625
C005941,Mass Affluent,48,238959,Business,Female,B015,2019-06-30,854
C005942,Mass Affluent,67,605539,Self-Employed,Male,B010,2017-03-04,707
C005943,Retail,29,243014,Self-Employed,Male,B003,2019-04-05,689
C005944,Retail,39,356829,Business,Male,B018,2016-11-02,899
C005945,Mass Affluent,24,1091786,Salaried,Male,B019,2022-04-27,686
C005946,Affluent,47,180000,Business,Female,B005,2021-04-16,688
C005947,Mass Affluent,47,1183638,Self-Employed,Female,B010,2020-06-07,727
C005948,Retail,22,767507,Retired,Male,B016,2017-09-11,778
C005949,Retail,25,569553,Self-Employed,Female,B020,2022-07-03,607
C005950,Affluent,18,1061629,Salaried,Female,B018,2020-10-13,854
C005951,Retail,56,3476396,Business,Female,B008,2018-11-29,784
C005952,Mass Affluent,30,252884,Salaried,Male,B013,2021-06-04,764
C005953,Retail,38,1803912,Business,Male,B008,2017-03-03,678
C005954,Retail,35,1124501,Business,Female,B013,2019-03-04,712
C005955,Mass Affluent,50,379486,Self-Employed,Female,B012,2020-02-20,771
C005956,Mass Affluent,46,843907,Business,Female,B013,2018-10-22,681
C005957,Retail,46,291211,Salaried,Male,B017,2017-08-20,790
C005958,Retail,30,435603,Salaried,Male,B015,2019-02-20,731
C005959,Affluent,46,180000,Self-Employed,Male,B009,2017-01-02,613
C005960,Retail,49,249724,Business,Female,B020,2016-08-20,652
C005961,Mass Affluent,46,768956,Salaried,Female,B004,2021-01-07,678
C005962,SME,25,814500,Business,Female,B012,2019-12-10,704
C005963,Retail,27,808660,Self-Employed,Female,B004,2019-02-14,710
C005964,SME,58,907276,Salaried,Female,B013,2020-09-01,678
C005965,Retail,60,648021,Salaried,Other,B003,2017-12-22,672
C005966,Mass Affluent,38,932492,Salaried,Male,B005,2016-09-02,709
C005967,Retail,38,1205251,Salaried,Male,B013,2022-01-18,706
C005968,SME,41,704221,Business,Male,B014,2018-02-14,627
C005969,Retail,45,452408,Salaried,Male,B008,2020-03-09,726
C005970,Retail,23,545897,Salaried,Female,B011,2019-01-14,759
C005971,SME,42,348406,Self-Employed,Male,B008,2016-05-19,739
C005972,Mass Affluent,28,1043500,Business,Female,B012,2016-08-28,689
C005973,Mass Affluent,39,211323,Business,Female,B011,2019-05-16,742
C005974,Retail,29,540961,Salaried,Female,B017,2019-08-19,746
C005975,Mass Affluent,32,868587,Retired,Male,B013,2015-10-17,753
C005976,Retail,41,309166,Salaried,Male,B004,2019-08-07,754
C005977,Retail,32,241829,Salaried,Female,B013,2015-08-21,753
C005978,Mass Affluent,27,180000,Salaried,Male,B009,2022-05-22,623
C005979,Retail,55,498756,Business,Female,B014,2018-12-03,687
C005980,SME,27,285331,Self-Employed,Female,B012,2021-03-26,654
C005981,SME,18,1060841,Retired,Male,B013,2022-03-21,610
C005982,Mass Affluent,45,218856,Salaried,Male,B008,2017-10-01,586
C005983,Affluent,36,846041,Salaried,Male,B005,2021-05-26,821
C005984,Mass Affluent,39,257393,Salaried,Female,B011,2018-05-08,698
C005985,Retail,41,224396,Salaried,Male,B020,2018-03-02,826
C005986,Affluent,53,274419,Business,Female,B006,2021-06-27,810
C005987,Retail,60,1207004,Salaried,Male,B007,2022-07-04,671
C005988,Retail,42,274539,Salaried,Female,B015,2019-11-25,765
C005989,Affluent,26,1260394,Self-Employed,Male,B005,2023-04-28,801
C005990,Mass Affluent,41,684476,Salaried,Female,B009,2016-08-10,712
C005991,Affluent,45,428369,Salaried,Male,B020,2022-08-21,767
C005992,Retail,50,302765,Salaried,Female,B019,2021-07-11,745
C005993,Mass Affluent,41,2068978,Business,Male,B005,2015-06-28,828
C005994,Retail,33,409322,Salaried,Female,B013,2021-10-17,701
C005995,Mass Affluent,29,410432,Business,Female,B012,2017-05-22,764
C005996,Affluent,38,1541001,Self-Employed,Female,B005,2016-03-13,692
C005997,Mass Affluent,22,1729163,Salaried,Male,B007,2022-10-03,650
C005998,Retail,43,547830,Salaried,Male,B003,2021-12-02,630
C005999,Retail,41,1295539,Retired,Female,B013,2021-11-20,788
C006000,Retail,41,402938,Self-Employed,Female,B011,2019-03-01,780
C006001,Mass Affluent,47,2584951,Salaried,Male,B010,2021-10-02,759
C006002,SME,55,255854,Salaried,Male,B009,2016-06-25,779
C006003,Retail,38,331220,Salaried,Female,B006,2015-06-24,721
C006004,Mass Affluent,40,1408400,Self-Employed,Male,B014,2021-05-14,722
C006005,Affluent,35,497157,Salaried,Female,B010,2020-09-09,764
C006006,Mass Affluent,45,1463866,Business,Female,B017,2015-02-20,741
C006007,Mass Affluent,39,443148,Business,Male,B002,2019-08-28,666
C006008,Affluent,52,920992,Salaried,Female,B002,2017-09-10,754
C006009,Retail,51,382407,Salaried,Female,B004,2022-12-13,779
C006010,Retail,42,571175,Business,Female,B007,2020-04-16,681
C006011,Retail,38,261022,Self-Employed,Male,B020,2022-04-02,710
C006012,SME,36,581622,Retired,Female,B004,2016-09-27,826
C006013,SME,44,339118,Business,Male,B008,2015-06-08,698
C006014,Affluent,44,2307887,Salaried,Female,B014,2023-09-07,677
C006015,Retail,36,487106,Salaried,Male,B020,2023-10-19,830
C006016,Retail,42,275462,Salaried,Female,B003,2015-04-27,710
C006017,Retail,30,940702,Salaried,Male,B011,2019-01-31,773
C006018,Retail,44,273638,Self-Employed,Male,B003,2020-09-17,626
C006019,Mass Affluent,31,1060999,Self-Employed,Female,B005,2021-07-23,720
C006020,SME,47,417503,Salaried,Female,B016,2017-09-11,693
C006021,SME,36,585468,Business,Female,B011,2023-11-12,773
C006022,Mass Affluent,57,530383,Salaried,Male,B001,2023-09-14,778
C006023,Retail,39,508765,Salaried,Male,B009,2022-11-30,639
C006024,Retail,42,624769,Salaried,Female,B005,2017-02-24,793
C006025,Retail,24,389879,Self-Employed,Female,B020,2019-06-07,763
C006026,Affluent,54,295043,Self-Employed,Female,B011,2019-03-08,804
C006027,Affluent,39,615340,Salaried,Male,B002,2018-09-08,776
C006028,Retail,58,463310,Self-Employed,Male,B010,2020-01-07,798
C006029,Retail,40,261283,Salaried,Female,B005,2020-01-12,633
C006030,Retail,37,894448,Salaried,Male,B017,2019-03-06,743
C006031,Retail,33,593660,Self-Employed,Male,B012,2018-03-24,841
C006032,Retail,46,296068,Salaried,Female,B003,2018-02-19,703
C006033,Retail,45,514097,Salaried,Female,B007,2023-06-22,741
C006034,Retail,24,546193,Salaried,Male,B011,2020-09-13,733
C006035,Affluent,33,307022,Salaried,Female,B011,2018-06-07,816
C006036,Mass Affluent,47,4686779,Business,Male,B012,2021-12-13,761
C006037,Retail,32,596970,Business,Male,B005,2020-12-28,593
C006038,Retail,30,520080,Business,Male,B010,2018-11-06,694
C006039,Retail,41,2924571,Salaried,Female,B012,2018-07-29,658
C006040,Retail,40,807312,Retired,Female,B014,2015-07-25,719
C006041,Retail,34,1316344,Salaried,Male,B001,2018-04-01,706
C006042,Mass Affluent,58,637927,Business,Female,B014,2018-12-19,752
C006043,Mass Affluent,37,625582,Business,Female,B007,2015-05-14,866
C006044,Affluent,25,344118,Salaried,Male,B010,2017-09-29,683
C006045,Retail,21,926770,Salaried,Male,B012,2022-03-16,592
C006046,Affluent,50,1995362,Self-Employed,Other,B006,2022-02-24,723
C006047,Retail,27,1672453,Salaried,Female,B016,2019-05-08,701
C006048,Retail,39,273157,Salaried,Male,B010,2019-02-27,664
C006049,Mass Affluent,29,2009506,Salaried,Female,B020,2019-01-26,713
C006050,Mass Affluent,38,350421,Self-Employed,Male,B012,2023-01-30,622
C006051,SME,43,325553,Salaried,Female,B010,2020-10-28,674
C006052,Mass Affluent,24,337349,Business,Female,B010,2023-08-31,649
C006053,SME,34,465337,Salaried,Female,B011,2020-10-12,639
C006054,SME,32,180000,Salaried,Female,B009,2022-01-01,725
C006055,Mass Affluent,28,620927,Salaried,Male,B009,2018-12-13,695
C006056,Mass Affluent,35,506851,Business,Female,B012,2022-11-03,786
C006057,Mass Affluent,32,616413,Self-Employed,Female,B002,2016-12-14,754
C006058,SME,49,434645,Salaried,Male,B014,2021-02-18,746
C006059,Affluent,31,213179,Self-Employed,Female,B009,2021-11-05,827
C006060,Retail,44,506566,Salaried,Male,B018,2019-01-14,693
C006061,Affluent,44,1326358,Business,Female,B013,2017-10-20,813
C006062,Retail,22,311163,Salaried,Female,B016,2017-10-06,724
C006063,Retail,33,339234,Salaried,Female,B013,2016-02-02,751
C006064,Retail,38,806417,Self-Employed,Female,B008,2021-01-30,832
C006065,Mass Affluent,42,268329,Salaried,Male,B012,2017-11-16,807
C006066,Affluent,36,694858,Self-Employed,Male,B019,2021-09-26,710
C006067,Retail,50,800756,Self-Employed,Male,B010,2020-02-17,757
C006068,Retail,40,416116,Business,Female,B002,2016-10-04,693
C006069,Retail,44,368556,Business,Male,B015,2016-06-21,755
C006070,Mass Affluent,32,240098,Self-Employed,Male,B017,2021-09-18,770
C006071,Retail,44,358791,Salaried,Male,B006,2019-07-12,663
C006072,Retail,60,867815,Business,Male,B003,2015-10-28,704
C006073,Retail,45,1034626,Business,Male,B011,2016-09-19,850
C006074,Retail,51,625353,Business,Female,B005,2022-08-30,735
C006075,Retail,36,402436,Business,Female,B013,2022-08-03,757
C006076,Mass Affluent,49,629283,Retired,Male,B016,2023-06-17,729
C006077,Retail,50,352489,Salaried,Male,B010,2019-07-25,647
C006078,Mass Affluent,42,674075,Salaried,Female,B013,2017-08-04,575
C006079,Retail,38,974954,Salaried,Female,B011,2020-04-03,753
C006080,Retail,23,443390,Retired,Male,B016,2016-09-14,614
C006081,Retail,39,355995,Salaried,Male,B006,2020-12-15,708
C006082,Mass Affluent,45,436991,Self-Employed,Female,B001,2020-12-01,755
C006083,SME,31,1216596,Business,Female,B008,2019-10-27,699
C006084,SME,25,3682305,Retired,Male,B020,2021-01-02,660
C006085,Mass Affluent,40,914620,Self-Employed,Male,B017,2023-02-28,743
C006086,Retail,42,572136,Salaried,Male,B010,2017-06-06,687
C006087,Affluent,24,318667,Salaried,Male,B002,2018-04-29,786
C006088,Mass Affluent,39,306069,Retired,Male,B019,2023-04-17,716
C006089,Retail,42,792272,Business,Female,B006,2016-09-11,729
C006090,Affluent,54,361426,Business,Female,B002,2023-10-28,801
C006091,Retail,34,1166245,Business,Male,B018,2020-02-19,701
C006092,Retail,62,405361,Salaried,Female,B014,2019-09-15,637
C006093,Retail,40,1513108,Self-Employed,Male,B006,2017-03-02,620
C006094,Retail,26,459834,Salaried,Female,B012,2021-11-19,737
C006095,Mass Affluent,35,1253464,Business,Female,B020,2015-06-03,734
C006096,Retail,27,929263,Salaried,Male,B008,2021-03-22,735
C006097,Retail,37,1040479,Salaried,Male,B003,2020-07-08,774
C006098,Retail,44,573859,Business,Male,B005,2021-12-26,712
C006099,Mass Affluent,42,389625,Business,Male,B017,2022-02-26,883
C006100,Mass Affluent,27,1156447,Retired,Female,B020,2019-06-23,766
C006101,Retail,25,1924596,Self-Employed,Female,B005,2016-11-03,705
C006102,Retail,44,312745,Salaried,Male,B014,2023-07-26,612
C006103,Retail,46,817325,Salaried,Female,B020,2021-09-06,669
C006104,SME,34,815311,Business,Female,B014,2015-04-11,808
C006105,Retail,18,668276,Self-Employed,Female,B009,2020-01-30,819
C006106,Retail,26,1521060,Business,Male,B008,2019-10-31,801
C006107,Retail,50,362426,Salaried,Female,B011,2021-02-28,664
C006108,Mass Affluent,31,1225209,Salaried,Female,B018,2020-10-07,727
C006109,Mass Affluent,35,501021,Business,Male,B009,2023-12-25,754
C006110,Retail,45,180000,Salaried,Male,B002,2020-08-25,816
C006111,Retail,36,232662,Salaried,Female,B002,2023-01-27,737
C006112,Retail,54,614082,Salaried,Other,B006,2017-02-04,688
C006113,Affluent,35,1326081,Self-Employed,Female,B006,2023-02-01,648
C006114,Affluent,30,1211709,Salaried,Female,B011,2016-07-23,762
C006115,Mass Affluent,52,642535,Self-Employed,Male,B010,2022-03-14,581
C006116,Mass Affluent,40,284999,Retired,Female,B013,2017-01-10,724
C006117,Retail,27,273689,Salaried,Female,B019,2018-09-05,805
C006118,Mass Affluent,44,788613,Salaried,Female,B002,2023-12-24,756
C006119,Mass Affluent,36,583738,Salaried,Female,B020,2017-04-17,757
C006120,Retail,26,1127834,Salaried,Female,B014,2017-01-02,643
C006121,Affluent,40,483515,Salaried,Male,B001,2018-11-07,627
C006122,Retail,37,363274,Self-Employed,Female,B012,2021-05-17,700
C006123,Retail,20,500745,Salaried,Male,B018,2017-02-17,659
C006124,Mass Affluent,27,594919,Salaried,Male,B016,2018-10-04,704
C006125,Mass Affluent,60,180000,Self-Employed,Female,B005,2022-12-10,768
C006126,Mass Affluent,40,815935,Business,Female,B019,2015-11-15,752
C006127,Retail,54,658316,Salaried,Male,B014,2017-06-14,697
C006128,Affluent,42,1110427,Self-Employed,Male,B011,2022-06-06,704
C006129,Mass Affluent,53,996184,Salaried,Male,B017,2023-07-10,688
C006130,Retail,45,1213265,Salaried,Male,B015,2021-06-14,753
C006131,SME,29,1788949,Self-Employed,Male,B016,2017-09-23,899
C006132,Mass Affluent,46,656973,Self-Employed,Female,B014,2022-07-25,674
C006133,Retail,29,180000,Self-Employed,Male,B017,2019-11-01,666
C006134,Affluent,49,1050201,Salaried,Female,B004,2021-01-08,731
C006135,Retail,41,1308152,Business,Male,B014,2017-04-28,648
C006136,Retail,39,517553,Salaried,Male,B004,2021-11-08,758
C006137,Retail,34,180000,Salaried,Female,B003,2020-11-11,880
C006138,SME,48,1179487,Self-Employed,Female,B004,2016-10-01,864
C006139,Retail,37,592503,Salaried,Male,B006,2018-06-06,691
C006140,Mass Affluent,18,252003,Salaried,Female,B004,2019-03-01,654
C006141,Retail,20,504254,Salaried,Male,B007,2019-02-03,791
C006142,Mass Affluent,25,598087,Self-Employed,Female,B007,2016-08-07,775
C006143,Mass Affluent,48,504144,Salaried,Female,B018,2020-10-31,753
C006144,Mass Affluent,48,431967,Self-Employed,Male,B012,2021-02-17,709
C006145,Retail,43,1113979,Business,Female,B016,2021-11-08,758
C006146,Mass Affluent,42,1444003,Retired,Female,B006,2017-05-29,704
C006147,SME,55,2106294,Salaried,Female,B005,2020-09-24,766
C006148,Mass Affluent,43,312470,Self-Employed,Female,B010,2016-04-06,744
C006149,Retail,46,1397496,Salaried,Female,B017,2017-01-01,714
C006150,SME,39,679266,Business,Female,B003,2016-09-02,776
C006151,Retail,34,766008,Business,Female,B009,2023-04-03,636
C006152,Mass Affluent,36,1321199,Salaried,Male,B010,2020-04-09,778
C006153,Affluent,62,580853,Self-Employed,Male,B010,2022-10-16,784
C006154,Retail,27,532877,Business,Male,B006,2020-11-18,662
C006155,Retail,42,382273,Salaried,Male,B004,2022-05-27,657
C006156,Retail,22,281075,Self-Employed,Female,B011,2015-08-23,599
C006157,Mass Affluent,32,397763,Business,Female,B020,2020-03-25,781
C006158,Mass Affluent,48,670581,Business,Male,B009,2018-08-29,724
C006159,Retail,19,580703,Salaried,Male,B012,2017-08-18,649
C006160,Retail,49,468496,Business,Female,B010,2018-10-17,792
C006161,Retail,62,477989,Self-Employed,Female,B006,2022-11-16,691
C006162,Retail,43,1188329,Salaried,Male,B013,2019-12-14,670
C006163,Retail,53,672560,Self-Employed,Male,B005,2017-08-16,805
C006164,Affluent,42,314578,Salaried,Female,B004,2021-04-11,659
C006165,Retail,47,623012,Salaried,Female,B003,2021-04-14,713
C006166,Affluent,44,895509,Business,Female,B005,2017-10-11,699
C006167,Mass Affluent,33,1117242,Retired,Female,B018,2015-09-20,703
C006168,Retail,32,865771,Business,Female,B003,2023-11-09,672
C006169,Mass Affluent,52,1041562,Salaried,Female,B005,2023-12-13,786
C006170,Mass Affluent,39,833696,Salaried,Female,B009,2022-06-24,709
C006171,Retail,37,180000,Retired,Male,B006,2016-09-09,692
C006172,Retail,37,540636,Business,Male,B015,2016-04-27,716
C006173,Retail,42,565812,Retired,Male,B018,2021-03-05,673
C006174,Retail,26,2258635,Salaried,Male,B008,2023-04-12,763
C006175,Retail,37,982917,Business,Male,B012,2015-05-16,702
C006176,Retail,42,496614,Business,Female,B006,2018-11-05,796
C006177,Retail,25,363098,Salaried,Female,B008,2015-08-11,866
C006178,Retail,41,479768,Salaried,Male,B015,2023-06-19,660
C006179,Retail,29,354771,Business,Female,B016,2019-01-20,573
C006180,Retail,42,2474585,Salaried,Female,B005,2015-10-13,709
C006181,Retail,63,594075,Salaried,Female,B011,2021-10-29,663
C006182,SME,38,1025637,Salaried,Female,B017,2023-06-25,658
C006183,Retail,27,838738,Salaried,Male,B013,2022-03-05,676
C006184,Mass Affluent,42,919837,Salaried,Female,B020,2020-07-17,743
C006185,Retail,44,338495,Salaried,Male,B016,2019-01-08,577
C006186,SME,29,1431041,Salaried,Female,B018,2022-02-17,793
C006187,Retail,20,566525,Business,Male,B013,2017-03-24,813
C006188,SME,29,1591115,Salaried,Female,B003,2017-03-02,656
C006189,Mass Affluent,38,791250,Salaried,Female,B003,2015-11-29,663
C006190,Retail,34,1876224,Salaried,Female,B006,2020-12-02,720
C006191,Affluent,51,886371,Business,Female,B015,2023-06-15,702
C006192,Mass Affluent,45,531808,Salaried,Female,B019,2018-09-23,717
C006193,Retail,40,1496053,Salaried,Male,B003,2015-05-24,719
C006194,Affluent,20,656440,Salaried,Female,B003,2022-11-21,670
C006195,SME,46,851231,Business,Male,B003,2022-05-12,712
C006196,Retail,61,635838,Self-Employed,Other,B018,2022-03-18,663
C006197,Retail,48,422133,Salaried,Female,B008,2017-11-03,757
C006198,Affluent,32,540938,Business,Male,B016,2021-03-06,682
C006199,Mass Affluent,38,952893,Salaried,Female,B003,2023-04-14,624
C006200,Affluent,44,1128718,Salaried,Male,B011,2022-05-18,616
C006201,Mass Affluent,54,180000,Self-Employed,Male,B016,2023-06-20,722
C006202,Retail,31,738879,Salaried,Male,B002,2018-01-19,715
C006203,SME,34,570375,Self-Employed,Male,B001,2023-01-26,668
C006204,Retail,39,246247,Salaried,Male,B008,2017-11-11,780
C006205,Retail,38,1047657,Business,Male,B012,2019-08-25,828
C006206,Mass Affluent,48,1941560,Salaried,Female,B019,2016-02-14,806
C006207,Mass Affluent,42,1571863,Salaried,Male,B018,2023-11-02,821
C006208,Retail,24,180000,Business,Female,B018,2017-07-03,786
C006209,Affluent,32,740906,Business,Female,B011,2018-03-28,768
C006210,Retail,32,393330,Salaried,Female,B018,2022-09-30,773
C006211,Retail,18,448353,Self-Employed,Female,B006,2015-03-28,767
C006212,Affluent,49,509287,Self-Employed,Female,B001,2016-02-11,728
C006213,Retail,40,180000,Business,Male,B009,2016-12-21,742
C006214,Retail,33,180000,Salaried,Female,B020,2016-06-03,736
C006215,Retail,49,634163,Self-Employed,Male,B016,2022-06-18,854
C006216,SME,42,704816,Business,Female,B005,2020-08-19,725
C006217,Retail,25,528444,Salaried,Female,B019,2020-09-08,729
C006218,Retail,46,266470,Salaried,Male,B017,2022-09-23,798
C006219,Mass Affluent,54,461411,Salaried,Male,B008,2021-05-14,747
C006220,Retail,37,1535276,Business,Male,B019,2023-10-10,764
C006221,Retail,38,473965,Business,Female,B018,2020-06-09,729
C006222,Mass Affluent,40,432729,Salaried,Male,B012,2019-01-20,726
C006223,Retail,26,1340630,Salaried,Male,B016,2018-05-05,786
C006224,SME,41,521492,Self-Employed,Male,B014,2016-07-21,601
C006225,Retail,29,933752,Business,Male,B004,2015-10-03,736
C006226,Retail,39,809555,Salaried,Male,B008,2016-04-21,597
C006227,Retail,41,335952,Salaried,Female,B012,2021-02-23,602
C006228,Retail,45,315126,Business,Male,B011,2021-12-06,564
C006229,Mass Affluent,45,249832,Salaried,Female,B013,2018-04-23,757
C006230,Retail,29,311260,Salaried,Female,B008,2019-04-06,633
C006231,Retail,41,1027079,Self-Employed,Female,B018,2017-11-06,674
C006232,Mass Affluent,50,351693,Business,Male,B013,2015-03-20,779
C006233,Mass Affluent,26,548556,Self-Employed,Female,B004,2015-01-27,695
C006234,Retail,58,499623,Salaried,Male,B001,2017-01-16,681
C006235,Retail,28,767906,Retired,Female,B010,2020-06-09,801
C006236,Retail,57,247115,Salaried,Male,B006,2021-11-28,750
C006237,Retail,28,1224960,Salaried,Male,B011,2020-11-28,691
C006238,Retail,38,1526084,Salaried,Male,B007,2016-01-06,743
C006239,Mass Affluent,37,590270,Salaried,Female,B010,2021-08-13,638
C006240,Affluent,24,180000,Self-Employed,Female,B012,2019-09-30,676
C006241,Retail,47,343270,Salaried,Female,B006,2016-12-09,824
C006242,Retail,47,736815,Salaried,Female,B006,2020-08-22,626
C006243,Retail,46,764196,Salaried,Female,B004,2022-04-26,671
C006244,Retail,36,507438,Business,Male,B002,2016-09-01,693
C006245,Retail,31,1227004,Business,Female,B007,2020-01-16,676
C006246,SME,51,412557,Salaried,Female,B007,2019-08-01,745
C006247,Mass Affluent,41,1137512,Retired,Female,B002,2022-02-28,730
C006248,SME,31,600392,Business,Male,B010,2023-09-11,757
C006249,Affluent,41,415289,Salaried,Female,B014,2021-03-29,766
C006250,Retail,21,965311,Business,Male,B005,2021-01-28,757
C006251,Mass Affluent,40,583116,Self-Employed,Female,B020,2021-11-21,816
C006252,Retail,46,1068262,Business,Male,B008,2020-01-03,788
C006253,Retail,37,3968213,Business,Male,B020,2018-08-08,704
C006254,SME,47,326960,Business,Female,B018,2020-08-01,821
C006255,Retail,48,1063631,Salaried,Male,B005,2019-06-16,678
C006256,Affluent,42,908321,Self-Employed,Male,B004,2023-12-21,689
C006257,Retail,58,1907371,Salaried,Male,B019,2016-07-01,726
C006258,Affluent,54,1086944,Salaried,Male,B011,2015-05-09,778
C006259,SME,46,1667931,Salaried,Female,B005,2023-11-17,740
C006260,Mass Affluent,43,316547,Salaried,Female,B016,2023-01-31,709
C006261,Mass Affluent,36,261858,Business,Male,B009,2016-05-11,710
C006262,Retail,32,325553,Business,Female,B006,2021-08-07,800
C006263,Affluent,48,541845,Retired,Female,B008,2022-12-31,715
C006264,SME,37,1473748,Salaried,Female,B001,2023-04-13,770
C006265,Affluent,28,1703882,Self-Employed,Male,B001,2015-07-14,563
C006266,Mass Affluent,30,473331,Self-Employed,Female,B005,2016-06-27,590
C006267,Mass Affluent,32,557789,Salaried,Female,B018,2019-07-13,810
C006268,Affluent,58,280102,Salaried,Male,B004,2016-01-15,552
C006269,Mass Affluent,48,629061,Salaried,Male,B016,2017-09-21,592
C006270,Affluent,39,527471,Retired,Female,B020,2019-05-25,720
C006271,Mass Affluent,44,528460,Retired,Female,B019,2018-08-30,782
C006272,Retail,45,1292589,Business,Male,B007,2018-12-30,567
C006273,Retail,29,780594,Salaried,Female,B015,2015-07-17,717
C006274,Retail,26,256493,Salaried,Female,B018,2018-09-30,774
C006275,Retail,51,180000,Business,Male,B009,2021-05-20,682
C006276,Retail,24,858951,Salaried,Female,B007,2015-08-19,700
C006277,Mass Affluent,39,697828,Salaried,Female,B001,2019-09-25,776
C006278,Retail,31,766935,Salaried,Male,B013,2016-11-10,733
C006279,Retail,41,697887,Retired,Male,B004,2021-11-16,713
C006280,Mass Affluent,36,285136,Salaried,Male,B002,2017-07-04,663
C006281,SME,45,530371,Salaried,Male,B010,2019-06-12,670
C006282,Mass Affluent,18,491892,Business,Male,B005,2023-04-11,740
C006283,SME,51,569129,Salaried,Male,B003,2020-12-02,698
C006284,Mass Affluent,47,1061951,Retired,Female,B005,2015-03-17,653
C006285,Retail,50,412247,Salaried,Female,B011,2019-01-09,638
C006286,Mass Affluent,49,283024,Business,Female,B018,2021-05-29,564
C006287,Mass Affluent,42,1433530,Self-Employed,Male,B020,2020-01-26,671
C006288,Retail,32,373254,Self-Employed,Female,B002,2019-06-15,719
C006289,Retail,44,1269035,Business,Male,B016,2020-10-25,806
C006290,Mass Affluent,42,2429352,Salaried,Male,B018,2018-10-05,780
C006291,Retail,49,1598055,Salaried,Male,B006,2018-10-26,694
C006292,Mass Affluent,46,924128,Salaried,Female,B015,2015-11-19,685
C006293,Retail,40,527480,Salaried,Female,B012,2023-11-26,677
C006294,Mass Affluent,44,1086191,Business,Male,B004,2018-12-13,606
C006295,Mass Affluent,45,591131,Salaried,Female,B012,2016-01-03,628
C006296,Retail,51,1505615,Salaried,Male,B011,2019-09-22,689
C006297,Retail,58,908666,Salaried,Male,B009,2021-09-09,706
C006298,Mass Affluent,46,767271,Self-Employed,Female,B001,2017-01-23,692
C006299,Affluent,45,619522,Salaried,Female,B018,2016-06-24,639
C006300,Affluent,37,435165,Business,Female,B006,2021-05-22,685
C006301,Retail,35,599120,Salaried,Male,B012,2019-08-13,652
C006302,Mass Affluent,31,725793,Business,Male,B003,2018-09-22,806
C006303,Retail,18,507712,Business,Female,B001,2015-11-05,773
C006304,Retail,30,728246,Salaried,Male,B007,2021-03-16,707
C006305,Retail,37,1138622,Business,Male,B018,2022-10-08,801
C006306,Mass Affluent,36,718633,Self-Employed,Female,B012,2023-03-23,748
C006307,Retail,44,423928,Business,Male,B020,2017-03-27,732
C006308,Retail,30,180000,Salaried,Male,B016,2023-03-12,725
C006309,Mass Affluent,31,1320642,Salaried,Female,B020,2016-01-26,611
C006310,Mass Affluent,18,558388,Business,Female,B007,2020-09-24,751
C006311,Retail,44,683503,Business,Male,B017,2020-08-20,784
C006312,Retail,29,855063,Salaried,Female,B004,2020-08-25,759
C006313,Retail,31,855205,Business,Female,B010,2023-11-28,727
C006314,Retail,45,981898,Business,Female,B006,2019-09-17,746
C006315,Mass Affluent,29,1155941,Salaried,Female,B002,2016-07-01,759
C006316,Retail,43,980469,Salaried,Female,B004,2017-12-10,780
C006317,Mass Affluent,26,180000,Self-Employed,Female,B018,2015-05-30,754
C006318,Affluent,39,774615,Business,Female,B001,2019-02-20,817
C006319,Retail,32,708165,Salaried,Male,B001,2016-02-25,685
C006320,SME,36,509082,Self-Employed,Female,B016,2018-07-06,702
C006321,Retail,56,819443,Business,Male,B013,2016-09-16,776
C006322,Retail,21,607950,Salaried,Male,B014,2020-01-04,757
C006323,Retail,55,414784,Salaried,Female,B011,2021-10-08,748
C006324,Retail,29,1340524,Salaried,Male,B020,2021-05-30,801
C006325,Retail,49,752192,Self-Employed,Female,B008,2017-06-04,625
C006326,Retail,51,671189,Salaried,Female,B010,2015-06-11,750
C006327,Affluent,44,180000,Salaried,Female,B016,2016-06-06,683
C006328,SME,26,2393568,Business,Female,B007,2018-05-15,769
C006329,Mass Affluent,42,180000,Salaried,Female,B005,2021-05-06,683
C006330,Retail,67,843586,Self-Employed,Female,B010,2023-05-11,785
C006331,Mass Affluent,39,953712,Business,Female,B018,2021-07-12,803
C006332,Mass Affluent,38,1747255,Salaried,Male,B007,2018-12-06,672
C006333,Affluent,37,321130,Salaried,Male,B004,2023-09-09,636
C006334,Affluent,45,354684,Salaried,Female,B010,2023-05-27,746
C006335,Affluent,38,1009464,Salaried,Female,B018,2022-03-04,808
C006336,Retail,42,916016,Business,Male,B018,2016-06-29,825
C006337,Mass Affluent,36,1813654,Business,Female,B003,2023-08-03,840
C006338,Retail,28,1216517,Business,Male,B013,2023-12-31,653
C006339,SME,65,481529,Business,Male,B014,2021-08-05,697
C006340,Retail,38,558215,Salaried,Male,B014,2022-08-26,670
C006341,Retail,74,842938,Salaried,Male,B001,2018-08-28,709
C006342,Retail,44,222168,Salaried,Male,B005,2023-08-08,734
C006343,Affluent,46,864055,Salaried,Male,B010,2020-02-15,782
C006344,Retail,36,905654,Salaried,Male,B014,2017-10-30,761
C006345,Retail,32,354388,Salaried,Female,B019,2015-08-04,807
C006346,SME,36,522429,Self-Employed,Male,B007,2017-04-23,695
C006347,SME,30,180000,Salaried,Male,B015,2021-02-16,821
C006348,Retail,29,1097411,Self-Employed,Male,B009,2021-03-16,717
C006349,Retail,59,787293,Salaried,Female,B010,2018-12-03,746
C006350,Affluent,48,256634,Salaried,Female,B008,2023-12-18,829
C006351,SME,55,301235,Salaried,Female,B009,2018-11-05,589
C006352,Mass Affluent,51,452343,Salaried,Male,B011,2018-05-25,725
C006353,Mass Affluent,32,1042076,Salaried,Male,B008,2019-12-29,598
C006354,Retail,22,832870,Salaried,Male,B018,2015-04-16,620
C006355,Affluent,34,351595,Salaried,Female,B005,2020-10-04,724
C006356,Mass Affluent,40,408014,Salaried,Male,B008,2023-10-31,653
C006357,Mass Affluent,52,620867,Business,Male,B002,2023-08-06,751
C006358,Retail,38,356558,Salaried,Male,B018,2019-02-24,725
C006359,SME,72,427793,Retired,Other,B019,2016-08-24,669
C006360,Mass Affluent,34,940719,Salaried,Female,B018,2017-10-31,611
C006361,Retail,46,270290,Salaried,Male,B020,2021-10-20,800
C006362,Mass Affluent,32,546968,Business,Male,B016,2019-06-26,732
C006363,Mass Affluent,43,521147,Self-Employed,Female,B004,2022-10-18,661
C006364,Mass Affluent,38,583517,Salaried,Male,B017,2022-07-09,666
C006365,Mass Affluent,36,712419,Salaried,Female,B006,2016-02-18,644
C006366,Mass Affluent,32,894632,Business,Female,B012,2015-08-19,726
C006367,SME,41,998917,Salaried,Female,B007,2020-12-24,775
C006368,Retail,48,479799,Self-Employed,Male,B014,2019-03-27,750
C006369,Retail,28,543755,Business,Female,B012,2021-09-14,805
C006370,Retail,38,753743,Salaried,Female,B020,2022-09-27,741
C006371,Mass Affluent,44,674533,Salaried,Male,B002,2016-07-22,825
C006372,Mass Affluent,47,869474,Salaried,Female,B004,2017-09-08,716
C006373,Affluent,59,803703,Salaried,Male,B008,2020-09-28,589
C006374,Mass Affluent,45,351220,Self-Employed,Male,B010,2016-04-24,629
C006375,Mass Affluent,35,2029044,Self-Employed,Female,B017,2022-03-17,695
C006376,SME,33,601436,Salaried,Male,B007,2022-12-06,697
C006377,Retail,33,945522,Salaried,Female,B010,2023-07-22,670
C006378,Affluent,32,892308,Salaried,Female,B017,2016-08-23,757
C006379,Retail,41,716001,Retired,Male,B016,2019-11-23,797
C006380,Mass Affluent,44,711552,Salaried,Female,B013,2015-07-27,562
C006381,Mass Affluent,48,1096300,Salaried,Male,B018,2020-11-27,772
C006382,Mass Affluent,46,524026,Salaried,Male,B005,2022-08-16,683
C006383,Retail,53,993338,Salaried,Male,B008,2019-01-13,600
C006384,Retail,32,831728,Business,Female,B007,2015-06-20,628
C006385,Mass Affluent,57,1288448,Salaried,Male,B018,2022-10-25,683
C006386,Affluent,32,434531,Self-Employed,Female,B006,2017-12-01,678
C006387,Retail,43,633798,Salaried,Female,B013,2016-12-16,653
C006388,SME,37,344129,Self-Employed,Male,B009,2023-05-09,628
C006389,Retail,39,1234328,Business,Female,B008,2017-07-18,852
C006390,Mass Affluent,46,371078,Salaried,Female,B012,2016-08-12,724
C006391,Affluent,23,744537,Salaried,Female,B010,2023-01-31,761
C006392,Mass Affluent,30,446764,Salaried,Male,B007,2018-11-03,789
C006393,SME,47,1259789,Salaried,Male,B007,2019-10-24,682
C006394,Mass Affluent,39,577602,Salaried,Female,B017,2022-09-26,703
C006395,Mass Affluent,36,916141,Business,Male,B005,2015-08-04,731
C006396,Retail,27,296615,Salaried,Male,B010,2016-08-10,643
C006397,Retail,36,398078,Business,Female,B020,2022-01-29,645
C006398,Retail,46,890254,Salaried,Female,B015,2020-07-08,867
C006399,Mass Affluent,33,1388597,Salaried,Male,B013,2016-06-30,898
C006400,Retail,54,844612,Self-Employed,Female,B014,2020-10-25,611
C006401,Retail,51,2823888,Business,Male,B017,2016-12-23,758
C006402,Retail,35,1003643,Salaried,Female,B007,2023-04-18,757
C006403,Retail,32,606281,Salaried,Male,B004,2017-12-07,738
C006404,Retail,18,487008,Self-Employed,Female,B009,2023-06-22,658
C006405,Affluent,27,1954763,Business,Male,B019,2020-10-13,650
C006406,Affluent,26,1014114,Business,Female,B014,2016-06-03,809
C006407,Mass Affluent,23,429191,Salaried,Female,B003,2021-12-15,845
C006408,Affluent,39,390979,Business,Female,B004,2022-08-22,716
C006409,Retail,42,389748,Salaried,Male,B002,2020-12-28,622
C006410,Affluent,59,836514,Salaried,Female,B008,2023-11-23,705
C006411,Retail,40,223661,Salaried,Male,B002,2018-02-02,685
C006412,Retail,18,430444,Salaried,Male,B004,2019-08-01,664
C006413,Mass Affluent,31,728015,Business,Male,B002,2023-10-08,702
C006414,Retail,46,610866,Salaried,Male,B004,2016-06-23,778
C006415,Mass Affluent,38,446386,Salaried,Male,B009,2017-11-16,780
C006416,Retail,48,942528,Business,Female,B002,2018-09-26,736
C006417,Affluent,33,939398,Self-Employed,Female,B020,2019-03-27,746
C006418,Retail,52,521249,Salaried,Male,B017,2018-05-24,736
C006419,Retail,42,424751,Salaried,Female,B001,2017-11-01,675
C006420,Mass Affluent,42,1052480,Salaried,Male,B006,2023-06-06,810
C006421,Retail,41,541185,Salaried,Female,B016,2019-09-02,625
C006422,Retail,31,605504,Retired,Male,B004,2022-12-21,748
C006423,Retail,38,998027,Salaried,Male,B005,2017-04-08,744
C006424,Mass Affluent,42,293506,Business,Male,B005,2021-05-20,858
C006425,Mass Affluent,24,428404,Self-Employed,Male,B009,2021-09-23,635
C006426,Retail,40,506403,Self-Employed,Male,B005,2022-12-18,704
C006427,SME,52,2072635,Salaried,Male,B002,2017-05-08,656
C006428,Affluent,44,265798,Salaried,Female,B007,2022-07-02,812
C006429,Mass Affluent,54,615717,Self-Employed,Female,B015,2021-11-10,665
C006430,Mass Affluent,43,337192,Salaried,Female,B008,2017-06-18,688
C006431,Retail,29,2691679,Self-Employed,Male,B003,2020-11-23,823
C006432,Mass Affluent,48,713627,Salaried,Male,B011,2018-03-19,648
C006433,Retail,26,322917,Business,Male,B010,2021-05-02,691
C006434,Retail,37,205829,Retired,Male,B004,2023-01-26,792
C006435,SME,36,893133,Self-Employed,Male,B012,2016-10-08,829
C006436,Mass Affluent,32,680248,Salaried,Female,B013,2021-02-16,675
C006437,Retail,65,907009,Self-Employed,Female,B007,2018-06-19,801
C006438,Retail,38,311891,Business,Male,B019,2018-05-03,729
C006439,Mass Affluent,59,2020930,Business,Male,B016,2015-03-29,698
C006440,Retail,43,632806,Salaried,Male,B010,2019-02-17,786
C006441,Retail,30,790599,Business,Male,B007,2020-05-03,686
C006442,Retail,34,900076,Salaried,Female,B003,2015-12-27,622
C006443,Retail,39,641411,Business,Male,B002,2015-04-26,579
C006444,Mass Affluent,35,1401838,Business,Female,B001,2022-12-01,741
C006445,Retail,36,425163,Business,Male,B016,2022-10-07,741
C006446,Mass Affluent,45,1166123,Self-Employed,Male,B013,2021-12-13,734
C006447,Retail,43,1427203,Salaried,Male,B003,2017-02-23,657
C006448,Mass Affluent,47,1177025,Business,Male,B014,2023-03-30,777
C006449,SME,56,1524245,Salaried,Female,B018,2019-01-26,770
C006450,Mass Affluent,34,373232,Salaried,Female,B011,2018-10-11,796
C006451,Affluent,51,828608,Business,Male,B019,2016-04-24,709
C006452,SME,54,787019,Salaried,Female,B003,2019-11-13,745
C006453,Retail,53,629934,Self-Employed,Male,B020,2018-05-22,719
C006454,Mass Affluent,20,901836,Salaried,Other,B002,2017-09-22,636
C006455,Affluent,59,1314869,Salaried,Female,B006,2018-02-19,741
C006456,Retail,32,375176,Self-Employed,Male,B004,2020-07-24,701
C006457,Retail,19,273776,Self-Employed,Female,B013,2016-12-08,670
C006458,SME,59,525143,Salaried,Female,B008,2017-08-01,844
C006459,Mass Affluent,45,180000,Salaried,Other,B015,2022-07-11,602
C006460,Retail,45,573544,Salaried,Female,B001,2021-04-27,717
C006461,Retail,35,1519604,Business,Male,B016,2015-01-07,713
C006462,Affluent,41,237859,Salaried,Female,B020,2021-11-11,740
C006463,Mass Affluent,37,457343,Business,Female,B005,2017-05-20,679
C006464,Mass Affluent,32,286594,Salaried,Male,B013,2020-04-09,560
C006465,Affluent,39,776497,Business,Female,B017,2022-06-09,677
C006466,Mass Affluent,40,907661,Self-Employed,Female,B002,2020-05-24,679
C006467,Mass Affluent,24,608415,Salaried,Other,B013,2020-09-06,816
C006468,Mass Affluent,40,384437,Salaried,Female,B002,2017-04-04,755
C006469,Mass Affluent,19,678989,Business,Male,B011,2020-01-29,748
C006470,Mass Affluent,60,1340972,Retired,Female,B015,2016-02-26,829
C006471,Retail,38,1069797,Retired,Female,B009,2016-12-23,784
C006472,Retail,27,460570,Salaried,Male,B019,2022-02-21,859
C006473,SME,45,486003,Salaried,Male,B004,2016-05-06,700
C006474,Retail,31,477380,Salaried,Female,B017,2019-12-09,786
C006475,Retail,39,825267,Salaried,Male,B015,2019-09-05,708
C006476,Retail,44,244379,Salaried,Female,B007,2022-08-02,648
C006477,Affluent,28,853783,Salaried,Female,B013,2015-10-28,674
C006478,Retail,60,422005,Self-Employed,Male,B008,2015-03-06,729
C006479,Retail,61,505077,Self-Employed,Male,B001,2023-02-26,782
C006480,Retail,33,373153,Salaried,Female,B009,2015-06-12,811
C006481,Mass Affluent,27,965126,Salaried,Male,B018,2018-02-08,634
C006482,Retail,33,408160,Salaried,Female,B017,2022-06-11,708
C006483,Retail,34,321609,Business,Male,B017,2018-06-23,692
C006484,Retail,51,411779,Business,Female,B008,2020-01-02,891
C006485,Affluent,33,296944,Salaried,Other,B003,2016-02-28,710
C006486,Retail,26,1050509,Salaried,Male,B011,2022-04-12,676
C006487,Retail,40,292989,Salaried,Female,B002,2021-10-07,711
C006488,Mass Affluent,23,583365,Salaried,Male,B002,2022-07-11,766
C006489,SME,51,393081,Salaried,Female,B016,2019-03-28,835
C006490,Mass Affluent,46,1663174,Salaried,Male,B017,2016-12-22,578
C006491,SME,32,789856,Salaried,Male,B009,2022-08-11,690
C006492,Affluent,34,398589,Self-Employed,Male,B001,2016-02-18,706
C006493,Retail,42,670774,Salaried,Male,B012,2016-07-05,711
C006494,Mass Affluent,27,332231,Salaried,Female,B006,2017-07-01,897
C006495,Retail,30,928332,Self-Employed,Male,B011,2015-03-14,702
C006496,Mass Affluent,37,669105,Business,Male,B006,2018-10-14,859
C006497,Retail,24,787818,Salaried,Male,B020,2016-02-10,675
C006498,Retail,34,322817,Salaried,Male,B005,2022-11-17,622
C006499,SME,27,244064,Business,Male,B013,2016-07-22,764
C006500,Retail,55,203495,Salaried,Female,B001,2016-10-16,706
C006501,Affluent,35,213766,Salaried,Female,B016,2018-10-04,623
C006502,Retail,29,604261,Salaried,Male,B019,2018-10-31,780
C006503,Retail,46,2092491,Business,Male,B011,2019-05-09,808
C006504,Affluent,32,462856,Salaried,Male,B002,2022-05-27,748
C006505,Mass Affluent,27,411883,Self-Employed,Male,B001,2019-10-14,743
C006506,Mass Affluent,49,579209,Salaried,Male,B013,2019-11-03,737
C006507,Retail,35,359925,Salaried,Male,B017,2016-02-12,768
C006508,Mass Affluent,48,260801,Self-Employed,Female,B014,2016-08-14,790
C006509,Mass Affluent,39,392080,Self-Employed,Female,B017,2023-01-09,639
C006510,Mass Affluent,40,517706,Salaried,Male,B010,2022-07-30,690
C006511,Retail,45,2009301,Salaried,Male,B017,2018-12-03,726
C006512,SME,32,436767,Salaried,Male,B013,2018-02-24,713
C006513,Mass Affluent,30,680983,Salaried,Male,B006,2017-07-30,746
C006514,SME,52,245960,Salaried,Male,B004,2022-07-05,737
C006515,Mass Affluent,45,941945,Business,Female,B004,2020-04-04,734
C006516,Mass Affluent,38,371068,Self-Employed,Male,B014,2021-10-17,677
C006517,Retail,48,287963,Salaried,Male,B004,2018-02-20,675
C006518,Retail,45,307560,Salaried,Female,B005,2023-11-24,832
C006519,Affluent,49,395314,Salaried,Female,B014,2018-02-13,695
C006520,Retail,26,283000,Business,Female,B015,2022-11-26,900
C006521,Retail,38,725067,Business,Male,B008,2019-11-01,599
C006522,Retail,51,296517,Salaried,Female,B011,2021-12-15,682
C006523,Retail,57,913000,Business,Female,B007,2017-05-09,756
C006524,SME,33,431094,Retired,Male,B013,2020-07-15,750
C006525,Affluent,41,330598,Retired,Female,B014,2018-03-29,651
C006526,Retail,39,384832,Retired,Female,B009,2022-04-01,896
C006527,Retail,25,310065,Business,Female,B015,2022-10-30,675
C006528,Mass Affluent,36,608477,Salaried,Male,B008,2015-04-06,664
C006529,Mass Affluent,22,420961,Salaried,Male,B002,2017-11-17,714
C006530,SME,37,1235616,Business,Male,B012,2018-02-21,640
C006531,Mass Affluent,28,180000,Salaried,Female,B016,2017-05-29,663
C006532,Retail,41,1282037,Salaried,Female,B008,2017-10-20,672
C006533,Mass Affluent,36,387499,Salaried,Female,B001,2018-03-03,619
C006534,SME,35,1697984,Self-Employed,Male,B017,2021-11-29,737
C006535,Mass Affluent,56,648879,Salaried,Male,B019,2022-02-17,641
C006536,Mass Affluent,40,1308627,Salaried,Male,B020,2020-08-23,741
C006537,Retail,60,571034,Self-Employed,Female,B013,2021-01-29,647
C006538,Mass Affluent,44,548677,Retired,Female,B015,2019-09-19,796
C006539,Affluent,48,323813,Salaried,Male,B013,2017-07-24,770
C006540,Retail,29,565366,Self-Employed,Female,B003,2022-06-26,765
C006541,Retail,31,313262,Salaried,Female,B016,2015-11-11,714
C006542,Retail,39,677682,Salaried,Female,B009,2020-01-03,816
C006543,Retail,52,666339,Salaried,Male,B019,2018-01-10,744
C006544,Retail,35,554026,Business,Female,B008,2020-06-10,685
C006545,Retail,23,1340723,Business,Female,B008,2020-07-31,639
C006546,Mass Affluent,43,829125,Self-Employed,Male,B014,2020-05-01,754
C006547,Retail,40,329917,Salaried,Male,B019,2017-11-30,655
C006548,Retail,33,868152,Business,Female,B013,2020-02-18,755
C006549,Affluent,35,1114043,Salaried,Male,B003,2023-09-04,715
C006550,Mass Affluent,29,180000,Salaried,Male,B005,2022-10-01,721
C006551,Mass Affluent,49,296779,Business,Male,B008,2018-06-14,779
C006552,Retail,39,442319,Business,Male,B006,2021-07-18,791
C006553,Mass Affluent,42,353502,Business,Male,B005,2017-09-15,697
C006554,Retail,32,908425,Self-Employed,Male,B012,2019-08-30,728
C006555,Affluent,54,337238,Business,Female,B006,2016-04-06,800
C006556,Retail,41,314357,Salaried,Female,B008,2023-04-26,831
C006557,Mass Affluent,18,700719,Salaried,Female,B007,2015-07-13,764
C006558,Retail,44,516349,Business,Female,B014,2021-07-08,873
C006559,Mass Affluent,36,1244600,Salaried,Female,B009,2017-09-26,640
C006560,Mass Affluent,37,763594,Salaried,Female,B017,2016-10-13,669
C006561,Retail,50,5479171,Business,Female,B019,2021-05-05,565
C006562,Retail,40,295294,Business,Female,B006,2016-05-29,661
C006563,Mass Affluent,58,222093,Salaried,Female,B019,2022-03-07,642
C006564,SME,40,1467283,Salaried,Female,B018,2023-08-02,784
C006565,Affluent,34,4404067,Business,Male,B001,2023-09-01,728
C006566,Retail,19,518942,Business,Male,B005,2023-10-03,854
C006567,Retail,31,487899,Business,Male,B013,2020-02-01,755
C006568,SME,35,651752,Self-Employed,Male,B011,2017-06-02,604
C006569,Mass Affluent,55,344721,Salaried,Female,B009,2019-09-10,624
C006570,Mass Affluent,34,180000,Salaried,Female,B010,2018-05-16,702
C006571,SME,57,702607,Salaried,Male,B020,2018-10-07,694
C006572,Affluent,26,603740,Salaried,Male,B019,2022-08-11,739
C006573,Mass Affluent,31,244109,Salaried,Male,B002,2021-12-24,622
C006574,Retail,51,401703,Salaried,Female,B008,2023-09-28,696
C006575,Retail,32,240530,Salaried,Female,B018,2020-10-04,798
C006576,Mass Affluent,51,763884,Salaried,Male,B018,2020-12-01,731
C006577,Retail,30,589601,Salaried,Female,B002,2016-12-23,725
C006578,Retail,31,666641,Salaried,Female,B015,2022-01-10,789
C006579,Retail,46,841200,Salaried,Male,B017,2023-02-27,677
C006580,Retail,30,1223506,Salaried,Male,B015,2018-04-08,624
C006581,Mass Affluent,36,673593,Salaried,Male,B020,2015-06-13,641
C006582,Mass Affluent,43,894974,Self-Employed,Male,B015,2023-01-07,790
C006583,Retail,36,1957287,Self-Employed,Female,B013,2020-01-05,687
C006584,Retail,33,1124607,Business,Male,B018,2020-12-16,668
C006585,SME,26,691440,Salaried,Female,B015,2017-01-21,694
C006586,Retail,55,664351,Business,Male,B018,2019-10-18,677
C006587,Affluent,57,350005,Self-Employed,Male,B019,2015-07-10,702
C006588,SME,43,394155,Salaried,Male,B018,2022-11-30,740
C006589,Retail,36,562732,Business,Female,B015,2020-02-21,648
C006590,Mass Affluent,37,476798,Self-Employed,Female,B010,2022-11-11,570
C006591,SME,48,2043645,Salaried,Other,B016,2021-09-28,675
C006592,Retail,50,764551,Self-Employed,Male,B009,2016-07-06,695
C006593,Mass Affluent,33,724730,Retired,Female,B002,2016-10-12,790
C006594,Retail,51,1286261,Business,Male,B013,2015-09-19,748
C006595,Retail,46,675815,Retired,Male,B001,2017-08-04,669
C006596,Affluent,51,501512,Salaried,Male,B008,2015-07-11,742
C006597,Affluent,21,709702,Salaried,Male,B006,2020-10-26,834
C006598,Affluent,34,781446,Salaried,Male,B019,2015-12-18,807
C006599,Retail,37,1490767,Salaried,Male,B019,2021-09-17,688
C006600,Retail,34,248286,Salaried,Male,B002,2022-09-11,734
C006601,Mass Affluent,60,371073,Business,Female,B018,2017-12-06,779
C006602,Retail,34,572226,Self-Employed,Female,B018,2017-07-06,831
C006603,Mass Affluent,44,1103373,Self-Employed,Male,B015,2021-07-24,714
C006604,Mass Affluent,41,1000884,Salaried,Female,B016,2022-10-28,727
C006605,Mass Affluent,36,643775,Salaried,Male,B013,2019-06-25,703
C006606,Mass Affluent,31,1163834,Business,Male,B005,2017-09-01,662
C006607,Retail,62,387188,Salaried,Male,B018,2022-10-21,692
C006608,Retail,37,2040830,Self-Employed,Male,B005,2015-06-02,766
C006609,Retail,49,348530,Salaried,Male,B016,2019-07-09,865
C006610,Mass Affluent,39,196939,Salaried,Female,B006,2018-08-23,646
C006611,Mass Affluent,34,889175,Salaried,Male,B007,2021-05-04,802
C006612,Affluent,40,236345,Salaried,Female,B001,2019-08-05,841
C006613,Affluent,42,431017,Self-Employed,Male,B008,2017-07-24,707
C006614,SME,34,546683,Salaried,Female,B007,2018-08-04,730
C006615,Retail,31,785725,Retired,Male,B007,2021-06-11,722
C006616,Retail,44,1159028,Self-Employed,Female,B007,2023-08-06,840
C006617,Retail,40,249543,Self-Employed,Male,B001,2015-10-12,645
C006618,Mass Affluent,32,288686,Salaried,Male,B012,2022-02-03,712
C006619,Retail,29,5517728,Salaried,Male,B011,2019-02-12,758
C006620,Affluent,43,523052,Salaried,Male,B016,2015-01-24,672
C006621,Mass Affluent,18,206180,Business,Male,B001,2023-06-10,604
C006622,SME,36,311490,Salaried,Male,B006,2022-05-10,657
C006623,SME,40,425854,Salaried,Male,B005,2023-05-15,629
C006624,Retail,58,601948,Salaried,Female,B012,2017-02-25,746
C006625,Retail,39,1302578,Business,Female,B017,2017-02-12,804
C006626,Mass Affluent,36,1735334,Self-Employed,Male,B013,2020-12-17,740
C006627,Retail,42,351083,Salaried,Female,B005,2017-01-12,640
C006628,Retail,31,414779,Self-Employed,Male,B015,2016-01-15,757
C006629,Mass Affluent,37,660805,Retired,Female,B002,2019-12-16,702
C006630,Retail,39,374281,Salaried,Male,B002,2015-08-28,834
C006631,Mass Affluent,46,1302797,Salaried,Male,B020,2015-05-26,697
C006632,Mass Affluent,32,2981838,Salaried,Female,B016,2018-08-08,668
C006633,Retail,39,608378,Retired,Female,B012,2020-05-19,763
C006634,Retail,19,742786,Self-Employed,Female,B004,2018-08-28,687
C006635,Retail,45,409958,Salaried,Male,B009,2015-11-04,725
C006636,Mass Affluent,36,746327,Salaried,Male,B012,2017-04-03,611
C006637,Retail,60,301212,Retired,Male,B002,2017-06-03,687
C006638,Affluent,43,323761,Self-Employed,Female,B008,2016-09-17,731
C006639,Retail,29,184180,Salaried,Male,B014,2022-01-23,745
C006640,Retail,27,1019716,Salaried,Female,B011,2021-03-26,688
C006641,Retail,46,1479790,Business,Other,B008,2022-01-04,811
C006642,Retail,59,1172445,Self-Employed,Male,B009,2022-10-24,650
C006643,Retail,55,637765,Salaried,Female,B007,2017-11-09,769
C006644,Mass Affluent,26,489443,Self-Employed,Male,B014,2021-04-26,809
C006645,Mass Affluent,41,564901,Salaried,Male,B007,2019-11-14,709
C006646,Retail,51,309321,Business,Female,B010,2023-01-18,900
C006647,Retail,24,1106021,Salaried,Male,B007,2023-05-15,645
C006648,Mass Affluent,50,1186065,Salaried,Male,B015,2016-09-05,697
C006649,Mass Affluent,31,300764,Salaried,Female,B018,2021-02-22,725
C006650,Retail,37,326891,Salaried,Female,B013,2016-01-25,735
C006651,Affluent,42,253445,Salaried,Male,B004,2016-12-03,752
C006652,Retail,51,508505,Salaried,Male,B012,2015-12-12,691
C006653,Affluent,56,591593,Salaried,Male,B020,2022-05-12,759
C006654,Retail,35,626484,Business,Other,B018,2023-10-05,769
C006655,Retail,34,252405,Business,Female,B007,2020-12-01,655
C006656,SME,33,372802,Salaried,Female,B004,2023-03-26,766
C006657,Retail,48,373233,Self-Employed,Male,B008,2023-12-23,753
C006658,Affluent,50,964907,Business,Male,B020,2022-12-05,785
C006659,Retail,49,314043,Salaried,Male,B018,2023-09-12,704
C006660,Mass Affluent,42,621578,Salaried,Male,B006,2022-08-05,557
C006661,Affluent,43,378560,Self-Employed,Male,B009,2016-12-09,553
C006662,Retail,36,529744,Salaried,Male,B012,2018-04-09,724
C006663,Affluent,37,1109374,Self-Employed,Female,B009,2015-09-18,674
C006664,Mass Affluent,48,268186,Self-Employed,Female,B015,2020-06-12,753
C006665,Mass Affluent,42,180000,Salaried,Male,B013,2020-03-24,714
C006666,Mass Affluent,34,251325,Self-Employed,Female,B003,2023-11-10,702
C006667,Affluent,51,786967,Salaried,Female,B003,2018-06-15,769
C006668,Retail,32,275490,Salaried,Female,B019,2016-11-05,726
C006669,Retail,41,377546,Business,Male,B013,2023-03-08,708
C006670,Affluent,25,805925,Business,Female,B012,2018-08-19,645
C006671,Affluent,29,1011780,Salaried,Female,B006,2023-02-07,659
C006672,Retail,39,1174001,Salaried,Female,B018,2021-01-21,736
C006673,Mass Affluent,31,860096,Business,Male,B009,2016-02-23,749
C006674,Mass Affluent,36,288642,Business,Female,B017,2018-06-17,841
C006675,Retail,52,1704492,Retired,Male,B012,2022-02-12,770
C006676,Retail,38,325071,Salaried,Male,B017,2019-04-01,675
C006677,Mass Affluent,49,396789,Salaried,Male,B015,2015-07-16,785
C006678,Retail,30,597861,Business,Male,B002,2018-07-14,822
C006679,Affluent,45,719174,Salaried,Male,B004,2017-12-10,768
C006680,Affluent,28,1528466,Salaried,Female,B009,2019-10-23,653
C006681,Retail,36,397667,Salaried,Other,B012,2015-08-26,855
C006682,Retail,45,768315,Salaried,Male,B002,2018-09-30,880
C006683,Retail,39,399115,Salaried,Female,B004,2017-08-03,563
C006684,Retail,49,1705831,Salaried,Male,B012,2021-06-28,713
C006685,Mass Affluent,46,792046,Retired,Male,B002,2016-12-07,671
C006686,Retail,36,1387077,Self-Employed,Male,B006,2017-12-24,832
C006687,Mass Affluent,53,283624,Salaried,Female,B007,2015-01-12,738
C006688,Retail,44,416632,Salaried,Male,B018,2023-01-29,687
C006689,Retail,36,705254,Self-Employed,Male,B005,2023-03-06,680
C006690,Retail,41,1401421,Business,Male,B010,2023-05-11,653
C006691,Retail,40,1143565,Salaried,Female,B018,2018-10-07,900
C006692,Retail,41,1591142,Self-Employed,Male,B011,2019-12-19,722
C006693,Retail,37,1434823,Salaried,Male,B017,2018-09-17,695
C006694,Affluent,43,995359,Self-Employed,Male,B011,2023-01-28,591
C006695,Affluent,48,662898,Salaried,Female,B005,2015-06-16,753
C006696,Retail,44,290677,Salaried,Male,B006,2019-11-01,640
C006697,Retail,43,180000,Self-Employed,Female,B014,2022-04-18,766
C006698,Retail,38,650505,Self-Employed,Female,B016,2023-12-06,681
C006699,Retail,29,1010956,Salaried,Male,B014,2023-08-30,827
C006700,Retail,27,180000,Salaried,Female,B001,2022-06-07,666
C006701,Retail,31,279709,Salaried,Female,B005,2020-01-15,711
C006702,Retail,34,309881,Self-Employed,Male,B005,2017-05-30,790
C006703,Retail,57,531117,Salaried,Other,B008,2019-03-31,784
C006704,Retail,53,641637,Business,Female,B014,2015-04-06,752
C006705,Retail,32,1211804,Salaried,Male,B008,2022-11-01,753
C006706,Mass Affluent,44,255084,Salaried,Female,B009,2015-08-14,698
C006707,Retail,38,750453,Salaried,Male,B020,2019-07-12,650
C006708,Retail,42,243551,Salaried,Female,B003,2023-12-15,715
C006709,Mass Affluent,33,1032961,Salaried,Male,B010,2016-10-14,699
C006710,Affluent,64,438722,Salaried,Female,B016,2016-11-23,751
C006711,Affluent,60,272881,Salaried,Male,B011,2021-01-23,760
C006712,Mass Affluent,36,387595,Business,Female,B002,2023-09-22,708
C006713,Retail,32,290603,Salaried,Male,B001,2022-11-15,773
C006714,Mass Affluent,49,637039,Salaried,Male,B010,2023-01-31,728
C006715,Affluent,26,900160,Salaried,Male,B006,2018-02-03,745
C006716,Retail,48,1172889,Business,Female,B008,2017-06-08,718
C006717,Mass Affluent,40,428239,Salaried,Male,B006,2020-08-13,760
C006718,Affluent,23,1478965,Salaried,Female,B002,2021-04-11,712
C006719,Retail,37,590572,Salaried,Male,B008,2020-02-27,682
C006720,Retail,32,1365477,Salaried,Male,B003,2023-10-17,761
C006721,Retail,41,541698,Business,Female,B012,2018-01-05,706
C006722,Retail,40,516360,Business,Female,B006,2023-01-20,738
C006723,Retail,24,873852,Retired,Female,B019,2020-09-28,745
C006724,Mass Affluent,35,732966,Salaried,Female,B007,2016-10-14,616
C006725,Mass Affluent,45,418541,Salaried,Male,B013,2016-11-22,690
C006726,Retail,47,1271371,Salaried,Male,B004,2023-05-21,635
C006727,Affluent,35,322170,Salaried,Male,B014,2015-12-14,735
C006728,Retail,44,873856,Self-Employed,Other,B004,2023-04-14,633
C006729,Retail,42,849239,Retired,Male,B018,2021-12-07,627
C006730,Affluent,38,1198607,Salaried,Male,B007,2015-07-27,757
C006731,Affluent,44,1213980,Salaried,Female,B013,2019-07-11,791
C006732,Mass Affluent,29,533078,Salaried,Female,B003,2022-06-01,658
C006733,Affluent,39,612926,Business,Male,B017,2023-11-29,713
C006734,Mass Affluent,21,586805,Self-Employed,Male,B001,2019-03-26,660
C006735,Affluent,38,1866002,Retired,Male,B011,2017-08-31,672
C006736,Retail,55,916045,Self-Employed,Female,B019,2016-09-22,605
C006737,Mass Affluent,35,1182498,Self-Employed,Male,B007,2020-11-09,742
C006738,SME,54,509662,Salaried,Female,B014,2022-06-09,702
C006739,Mass Affluent,36,288468,Retired,Female,B007,2018-02-08,694
C006740,Retail,27,326645,Self-Employed,Female,B011,2021-09-08,765
C006741,Mass Affluent,46,1158699,Salaried,Male,B019,2023-06-29,804
C006742,Mass Affluent,44,372927,Salaried,Male,B016,2015-06-26,633
C006743,Retail,65,4787580,Salaried,Female,B017,2022-01-04,769
C006744,SME,28,460935,Salaried,Male,B014,2019-06-09,701
C006745,Retail,43,753869,Salaried,Female,B015,2015-05-10,682
C006746,Retail,43,752986,Retired,Female,B018,2022-05-29,801
C006747,SME,51,674243,Business,Female,B012,2015-05-15,682
C006748,Retail,45,271512,Business,Male,B013,2017-02-11,714
C006749,Retail,36,704839,Business,Male,B004,2016-02-17,718
C006750,Mass Affluent,27,700840,Salaried,Male,B010,2023-11-30,757
C006751,Mass Affluent,43,493908,Salaried,Female,B009,2015-01-03,690
C006752,Retail,43,1998961,Salaried,Female,B012,2020-12-28,687
C006753,SME,46,203709,Business,Male,B004,2017-12-26,861
C006754,Mass Affluent,36,224663,Salaried,Male,B006,2017-12-31,699
C006755,Mass Affluent,42,979303,Self-Employed,Female,B014,2018-02-12,557
C006756,Mass Affluent,22,566962,Self-Employed,Male,B004,2017-06-18,666
C006757,Mass Affluent,28,338659,Salaried,Female,B010,2016-03-01,727
C006758,Retail,49,681087,Retired,Female,B005,2019-06-23,742
C006759,Retail,41,1119374,Salaried,Male,B007,2016-08-10,837
C006760,Mass Affluent,44,207860,Business,Male,B007,2015-10-02,663
C006761,Affluent,32,959869,Self-Employed,Male,B010,2023-09-07,681
C006762,Retail,31,743945,Retired,Male,B020,2023-05-01,805
C006763,Mass Affluent,34,516856,Business,Male,B013,2015-03-23,874
C006764,Affluent,42,703855,Salaried,Female,B015,2017-03-18,693
C006765,Retail,47,711616,Salaried,Male,B005,2017-01-29,644
C006766,Retail,36,857772,Business,Female,B016,2022-10-20,752
C006767,Retail,21,316278,Salaried,Female,B006,2016-09-27,600
C006768,Mass Affluent,43,1216566,Salaried,Male,B004,2023-06-06,718
C006769,Retail,42,1143603,Self-Employed,Male,B006,2020-10-23,719
C006770,Retail,44,1165701,Self-Employed,Female,B016,2017-07-03,781
C006771,Mass Affluent,48,195501,Self-Employed,Female,B019,2019-10-29,645
C006772,Mass Affluent,48,1262401,Self-Employed,Male,B006,2020-01-11,694
C006773,Retail,54,472108,Self-Employed,Other,B011,2019-08-11,810
C006774,Retail,39,847188,Business,Female,B014,2021-11-27,687
C006775,Affluent,34,180000,Retired,Female,B015,2015-08-11,695
C006776,SME,50,384853,Salaried,Female,B001,2019-10-19,672
C006777,Affluent,49,1036058,Salaried,Female,B004,2020-03-26,643
C006778,Mass Affluent,36,844569,Salaried,Female,B007,2023-10-07,762
C006779,Retail,51,297364,Business,Male,B010,2022-02-09,661
C006780,Retail,40,933603,Salaried,Female,B001,2020-09-09,595
C006781,Retail,53,352989,Self-Employed,Female,B014,2015-08-27,656
C006782,Retail,58,504707,Salaried,Male,B006,2019-04-27,637
C006783,Mass Affluent,68,280436,Business,Male,B014,2018-07-09,879
C006784,Retail,40,750025,Business,Female,B019,2019-07-04,714
C006785,Retail,55,1216469,Business,Male,B006,2023-04-17,772
C006786,SME,48,1066525,Salaried,Female,B020,2020-07-09,654
C006787,Retail,49,332596,Salaried,Male,B020,2022-07-24,738
C006788,Retail,44,582257,Salaried,Female,B006,2020-08-05,727
C006789,Retail,49,215888,Salaried,Female,B011,2022-03-30,563
C006790,Mass Affluent,24,1456443,Salaried,Male,B011,2016-04-23,666
C006791,Mass Affluent,39,607491,Salaried,Male,B017,2018-04-19,625
C006792,Retail,32,915457,Salaried,Male,B020,2023-02-02,623
C006793,Mass Affluent,31,682919,Business,Female,B009,2016-01-09,709
C006794,Affluent,23,399396,Business,Male,B014,2019-06-07,683
C006795,Affluent,33,418601,Salaried,Male,B006,2018-10-16,764
C006796,SME,37,806871,Retired,Female,B004,2023-04-08,636
C006797,Affluent,41,1738754,Salaried,Male,B007,2021-12-22,740
C006798,Mass Affluent,39,480129,Salaried,Female,B010,2021-03-27,776
C006799,Retail,51,1287074,Salaried,Male,B007,2018-07-19,616
C006800,Retail,29,1092994,Retired,Male,B005,2017-11-02,699
C006801,Retail,18,487526,Salaried,Male,B004,2018-12-16,803
C006802,Mass Affluent,45,1226653,Business,Male,B015,2020-04-16,732
C006803,Affluent,38,1163805,Salaried,Male,B004,2016-02-03,630
C006804,Mass Affluent,38,180000,Business,Male,B015,2023-06-17,628
C006805,Retail,31,946695,Salaried,Male,B007,2015-06-18,716
C006806,Mass Affluent,49,1379214,Business,Male,B006,2017-12-09,763
C006807,SME,34,280930,Retired,Male,B004,2020-11-23,763
C006808,Mass Affluent,29,255454,Business,Male,B019,2023-09-15,748
C006809,Affluent,57,686841,Business,Male,B002,2015-07-16,698
C006810,Affluent,47,1674118,Salaried,Male,B015,2023-10-05,683
C006811,SME,39,295821,Self-Employed,Female,B020,2015-02-10,587
C006812,Affluent,18,215145,Business,Female,B002,2019-07-14,721
C006813,Mass Affluent,36,446835,Salaried,Male,B013,2016-06-22,708
C006814,Retail,39,408137,Business,Female,B014,2022-07-09,713
C006815,Retail,55,202490,Salaried,Male,B009,2018-09-06,812
C006816,Mass Affluent,20,410435,Salaried,Male,B016,2021-08-27,696
C006817,Retail,56,752691,Self-Employed,Male,B009,2020-12-29,704
C006818,SME,44,2005199,Salaried,Female,B017,2017-07-19,634
C006819,Retail,26,864345,Salaried,Female,B003,2021-05-15,753
C006820,Affluent,49,1013266,Salaried,Female,B005,2019-02-23,687
C006821,Retail,36,295753,Self-Employed,Female,B012,2015-01-22,900
C006822,Retail,21,564269,Self-Employed,Female,B005,2019-04-12,773
C006823,SME,34,519973,Salaried,Male,B014,2016-03-09,874
C006824,Retail,42,741595,Retired,Male,B017,2020-09-03,692
C006825,Retail,40,884327,Salaried,Male,B005,2020-03-04,690
C006826,Retail,46,1114647,Self-Employed,Male,B013,2021-02-07,782
C006827,Mass Affluent,51,612575,Salaried,Male,B015,2016-11-19,743
C006828,Retail,27,427091,Salaried,Female,B017,2020-11-20,785
C006829,Mass Affluent,39,1329524,Self-Employed,Female,B010,2017-06-17,748
C006830,Mass Affluent,32,961281,Self-Employed,Female,B016,2016-10-26,705
C006831,Mass Affluent,25,896701,Business,Female,B016,2021-12-17,729
C006832,Mass Affluent,38,584814,Business,Female,B017,2015-11-20,676
C006833,Mass Affluent,44,1322786,Salaried,Male,B007,2020-01-23,606
C006834,Retail,44,265029,Self-Employed,Female,B011,2022-10-01,748
C006835,Affluent,35,1072102,Salaried,Male,B014,2022-05-22,798
C006836,Retail,28,1068612,Business,Male,B012,2020-11-09,695
C006837,Mass Affluent,32,334098,Self-Employed,Male,B009,2022-01-06,688
C006838,Retail,18,385514,Salaried,Female,B007,2020-12-12,725
C006839,Affluent,26,260275,Self-Employed,Female,B014,2017-10-08,728
C006840,Retail,27,836042,Business,Female,B016,2017-05-27,795
C006841,Retail,48,180000,Salaried,Female,B010,2022-07-03,764
C006842,Mass Affluent,48,693685,Salaried,Female,B005,2021-05-01,658
C006843,Mass Affluent,62,365201,Self-Employed,Female,B019,2015-12-01,625
C006844,Retail,42,316439,Salaried,Male,B007,2020-11-21,730
C006845,Mass Affluent,34,180000,Self-Employed,Male,B008,2020-02-07,810
C006846,Mass Affluent,39,337268,Salaried,Male,B010,2020-05-13,816
C006847,SME,37,1519757,Business,Male,B003,2021-10-23,585
C006848,Mass Affluent,32,375948,Business,Female,B014,2019-12-11,756
C006849,Retail,43,788242,Business,Male,B020,2015-12-24,724
C006850,Retail,41,295260,Salaried,Female,B003,2019-11-22,587
C006851,Affluent,38,1168857,Salaried,Female,B015,2016-09-11,773
C006852,Affluent,36,889100,Salaried,Female,B010,2018-11-13,828
C006853,Retail,46,517440,Salaried,Male,B007,2018-09-27,765
C006854,Retail,33,697543,Business,Male,B019,2017-05-16,837
C006855,Mass Affluent,35,737576,Business,Male,B010,2015-09-18,751
C006856,Retail,44,313020,Self-Employed,Male,B014,2021-09-09,705
C006857,Retail,50,353611,Self-Employed,Female,B008,2022-03-29,749
C006858,Retail,49,1089609,Retired,Male,B020,2016-02-14,655
C006859,Retail,36,1639696,Business,Male,B001,2018-11-09,670
C006860,Retail,25,660092,Self-Employed,Male,B006,2020-12-25,738
C006861,Mass Affluent,36,941179,Salaried,Female,B015,2018-07-02,705
C006862,Retail,40,1312728,Salaried,Female,B005,2016-02-26,850
C006863,Retail,27,485838,Business,Female,B014,2015-06-01,705
C006864,Retail,36,570884,Business,Male,B009,2023-09-23,720
C006865,Retail,52,954562,Salaried,Male,B006,2022-08-14,737
C006866,Retail,41,2480430,Salaried,Female,B001,2019-11-08,779
C006867,Retail,33,976420,Business,Female,B019,2015-02-16,609
C006868,Mass Affluent,39,730895,Self-Employed,Male,B015,2019-06-19,825
C006869,Retail,40,409676,Self-Employed,Female,B002,2019-07-24,780
C006870,Retail,35,577807,Salaried,Female,B019,2023-11-04,756
C006871,Retail,47,938064,Self-Employed,Male,B017,2023-10-30,900
C006872,Mass Affluent,19,875144,Self-Employed,Male,B011,2021-08-13,696
C006873,Affluent,44,406353,Salaried,Female,B018,2019-06-07,679
C006874,Retail,33,1405894,Retired,Female,B014,2021-02-15,638
C006875,SME,51,1406929,Self-Employed,Male,B019,2022-09-14,865
C006876,Retail,25,558252,Business,Male,B009,2018-07-04,691
C006877,Affluent,49,719874,Salaried,Male,B011,2022-12-26,884
C006878,Retail,30,395610,Business,Female,B011,2018-04-29,763
C006879,Mass Affluent,43,354704,Self-Employed,Female,B004,2020-06-26,744
C006880,Mass Affluent,34,751858,Salaried,Female,B018,2018-04-25,743
C006881,Retail,51,361262,Salaried,Male,B012,2019-07-06,645
C006882,Affluent,37,914559,Salaried,Male,B009,2023-04-01,760
C006883,Affluent,31,463516,Salaried,Male,B005,2021-10-22,748
C006884,Retail,54,1187418,Salaried,Female,B001,2018-08-14,819
C006885,Retail,36,567524,Self-Employed,Female,B009,2017-09-13,767
C006886,Retail,45,180000,Salaried,Female,B007,2022-11-08,725
C006887,Affluent,49,471082,Business,Female,B001,2015-08-22,677
C006888,Mass Affluent,29,643162,Self-Employed,Female,B020,2023-08-03,757
C006889,Retail,44,194415,Salaried,Female,B017,2020-12-01,716
C006890,Mass Affluent,45,206506,Salaried,Male,B003,2023-12-15,748
C006891,Affluent,22,531126,Business,Female,B001,2020-09-29,696
C006892,Mass Affluent,43,1152758,Business,Female,B013,2018-05-26,719
C006893,Affluent,35,904456,Salaried,Female,B020,2016-01-09,633
C006894,Affluent,57,594394,Self-Employed,Female,B020,2023-06-15,664
C006895,Retail,49,344713,Retired,Male,B012,2015-07-09,602
C006896,Retail,44,333977,Retired,Female,B017,2019-11-05,694
C006897,Affluent,18,914938,Salaried,Male,B008,2020-09-15,639
C006898,Retail,44,682492,Self-Employed,Male,B015,2021-10-28,708
C006899,SME,31,1045545,Self-Employed,Male,B017,2016-11-27,729
C006900,Retail,49,1312291,Salaried,Male,B002,2015-06-22,746
C006901,Retail,37,446664,Business,Other,B010,2018-01-16,585
C006902,SME,33,798717,Salaried,Female,B001,2016-09-29,665
C006903,Mass Affluent,34,870288,Salaried,Male,B013,2018-07-01,751
C006904,Retail,35,381310,Salaried,Female,B012,2016-01-21,746
C006905,Affluent,24,394523,Salaried,Male,B015,2021-12-01,748
C006906,Mass Affluent,26,959795,Salaried,Female,B010,2022-10-23,796
C006907,Mass Affluent,35,600677,Business,Female,B002,2023-03-17,647
C006908,Retail,56,340208,Salaried,Female,B015,2021-05-21,653
C006909,Affluent,47,352304,Salaried,Male,B020,2020-01-31,682
C006910,Affluent,48,260457,Salaried,Female,B010,2017-01-17,691
C006911,Retail,52,475356,Salaried,Female,B002,2015-07-25,793
C006912,Affluent,42,307397,Self-Employed,Male,B013,2016-01-10,698
C006913,Affluent,34,641222,Business,Male,B010,2017-07-24,752
C006914,Mass Affluent,34,2643123,Business,Female,B017,2015-04-23,656
C006915,Mass Affluent,30,809291,Self-Employed,Other,B016,2017-02-17,787
C006916,Retail,48,1200569,Salaried,Male,B015,2023-03-21,651
C006917,Retail,29,778481,Salaried,Male,B012,2015-10-03,676
C006918,Mass Affluent,62,205384,Self-Employed,Female,B009,2016-02-19,686
C006919,Affluent,29,651442,Salaried,Male,B012,2018-11-13,820
C006920,Mass Affluent,52,384984,Self-Employed,Male,B012,2021-07-27,793
C006921,Mass Affluent,53,351084,Salaried,Male,B019,2023-07-19,724
C006922,Retail,46,517855,Salaried,Male,B017,2023-01-31,625
C006923,Retail,57,904248,Salaried,Male,B016,2023-07-10,745
C006924,Retail,37,492034,Salaried,Male,B010,2020-07-29,771
C006925,Retail,40,1048505,Salaried,Male,B010,2022-07-03,803
C006926,Mass Affluent,41,675884,Salaried,Male,B020,2017-05-17,785
C006927,Retail,45,737448,Self-Employed,Male,B002,2021-02-02,640
C006928,Affluent,19,577387,Salaried,Male,B020,2021-09-23,679
C006929,Retail,38,1384054,Salaried,Male,B001,2018-02-05,776
C006930,Mass Affluent,48,380438,Salaried,Female,B016,2020-09-14,762
C006931,Mass Affluent,35,394703,Salaried,Female,B010,2021-09-20,729
C006932,Retail,61,487890,Retired,Female,B015,2021-07-25,733
C006933,Retail,40,831696,Business,Female,B015,2023-11-13,688
C006934,Retail,45,907875,Business,Female,B006,2021-06-20,573
C006935,Affluent,56,416856,Self-Employed,Female,B017,2019-12-20,734
C006936,Retail,40,1074797,Retired,Other,B013,2021-05-15,825
C006937,Mass Affluent,56,317255,Business,Male,B001,2017-07-27,767
C006938,SME,45,953647,Salaried,Female,B018,2016-09-03,726
C006939,Affluent,45,757041,Self-Employed,Male,B002,2022-10-11,678
C006940,Retail,29,606824,Salaried,Female,B003,2015-12-06,776
C006941,SME,51,816037,Self-Employed,Male,B011,2017-12-19,679
C006942,Retail,32,555320,Business,Female,B001,2015-04-12,895
C006943,Retail,37,708274,Salaried,Male,B006,2019-08-24,747
C006944,Affluent,53,2866587,Self-Employed,Male,B016,2015-06-10,707
C006945,Mass Affluent,35,1073028,Salaried,Male,B015,2023-05-04,799
C006946,Retail,43,421798,Business,Male,B009,2022-11-02,755
C006947,Retail,38,492017,Salaried,Male,B012,2022-02-05,626
C006948,Retail,39,1315883,Retired,Male,B010,2018-03-21,708
C006949,Mass Affluent,37,464196,Self-Employed,Female,B007,2018-10-06,741
C006950,Retail,28,1812446,Salaried,Female,B010,2017-05-19,748
C006951,SME,45,986754,Salaried,Male,B007,2022-11-04,666
C006952,SME,46,248517,Salaried,Female,B006,2019-10-17,768
C006953,Affluent,33,1055053,Business,Male,B013,2019-12-27,579
C006954,Retail,34,180000,Salaried,Female,B011,2016-04-10,737
C006955,Mass Affluent,49,478412,Salaried,Male,B008,2017-12-17,767
C006956,SME,36,1046079,Salaried,Male,B005,2023-01-10,882
C006957,Affluent,40,180000,Salaried,Male,B003,2015-12-19,750
C006958,Retail,29,2244177,Salaried,Male,B004,2017-08-12,641
C006959,Retail,38,1125978,Self-Employed,Female,B004,2019-07-15,742
C006960,Retail,29,317559,Retired,Female,B009,2018-03-13,631
C006961,Mass Affluent,32,1611527,Business,Male,B001,2023-04-25,773
C006962,Mass Affluent,31,180000,Business,Male,B015,2016-10-17,769
C006963,Affluent,48,311688,Self-Employed,Female,B013,2018-08-11,667
C006964,Retail,24,239153,Salaried,Female,B005,2022-02-18,617
C006965,Retail,42,180000,Salaried,Female,B018,2021-10-05,900
C006966,Retail,37,483172,Salaried,Male,B005,2018-03-20,696
C006967,Retail,54,679378,Salaried,Male,B011,2015-01-26,731
C006968,Retail,48,666320,Salaried,Female,B003,2020-01-15,743
C006969,Mass Affluent,25,653064,Business,Male,B004,2016-08-15,710
C006970,Mass Affluent,33,620861,Business,Female,B007,2019-06-26,740
C006971,Mass Affluent,39,278379,Retired,Male,B004,2022-04-22,767
C006972,Retail,33,432817,Salaried,Male,B003,2015-10-07,828
C006973,Retail,49,180000,Salaried,Female,B010,2022-05-10,652
C006974,Retail,41,1210322,Business,Female,B020,2022-04-20,673
C006975,Affluent,37,638056,Salaried,Male,B011,2018-04-08,737
C006976,Retail,50,627246,Salaried,Male,B018,2023-10-03,827
C006977,Affluent,26,995799,Business,Female,B001,2022-01-30,595
C006978,Retail,36,1043213,Salaried,Male,B009,2015-05-10,746
C006979,Affluent,42,474453,Business,Other,B017,2019-07-10,790
C006980,Affluent,37,556106,Salaried,Female,B012,2018-03-05,842
C006981,Retail,18,1660572,Business,Male,B001,2022-12-04,807
C006982,Mass Affluent,43,410137,Salaried,Female,B007,2016-01-16,689
C006983,Retail,45,1650982,Salaried,Female,B014,2016-11-11,796
C006984,Affluent,28,477811,Salaried,Male,B009,2020-12-28,605
C006985,Retail,18,180000,Salaried,Male,B012,2015-04-01,816
C006986,Retail,32,635949,Salaried,Male,B008,2022-06-02,800
C006987,Mass Affluent,37,475418,Business,Female,B007,2020-09-25,696
C006988,Affluent,38,249774,Business,Male,B014,2015-10-30,745
C006989,Retail,18,569223,Salaried,Female,B002,2016-07-30,703
C006990,Mass Affluent,41,437621,Salaried,Male,B002,2015-07-16,697
C006991,Retail,50,2028272,Salaried,Male,B020,2016-02-17,778
C006992,Retail,50,1126023,Salaried,Female,B017,2015-12-01,773
C006993,Mass Affluent,52,321208,Business,Female,B010,2018-10-29,720
C006994,Retail,26,370836,Salaried,Female,B005,2017-03-08,747
C006995,Retail,49,1149759,Business,Male,B001,2022-09-10,880
C006996,Affluent,29,1319576,Salaried,Male,B005,2021-06-07,771
C006997,Retail,48,483188,Self-Employed,Female,B004,2018-07-09,674
C006998,Mass Affluent,31,438928,Business,Female,B012,2022-02-24,734
C006999,Retail,43,552403,Salaried,Female,B014,2023-06-04,522
C007000,Retail,56,724455,Salaried,Female,B011,2022-08-05,765
C007001,Retail,49,961599,Salaried,Female,B004,2022-06-19,690
C007002,Mass Affluent,29,994494,Salaried,Female,B009,2020-09-08,604
C007003,Mass Affluent,26,302104,Self-Employed,Male,B003,2019-05-03,779
C007004,Retail,48,474907,Salaried,Female,B003,2016-12-21,754
C007005,Retail,54,180000,Self-Employed,Female,B003,2022-05-06,749
C007006,SME,44,590892,Salaried,Male,B007,2015-05-31,817
C007007,Retail,33,243429,Salaried,Female,B001,2023-03-23,742
C007008,Affluent,39,372879,Business,Female,B013,2019-09-10,764
C007009,Retail,44,1229740,Salaried,Female,B004,2023-01-10,696
C007010,Mass Affluent,38,773136,Salaried,Female,B012,2023-06-12,799
C007011,Retail,29,752823,Salaried,Male,B008,2020-11-27,688
C007012,Affluent,51,600899,Self-Employed,Male,B019,2019-11-05,735
C007013,Mass Affluent,60,1494263,Salaried,Female,B006,2017-11-27,729
C007014,Retail,55,398950,Business,Male,B010,2022-10-25,750
C007015,Retail,18,667324,Salaried,Male,B013,2019-01-15,717
C007016,Mass Affluent,52,644551,Salaried,Male,B003,2016-02-07,801
C007017,Mass Affluent,45,478367,Self-Employed,Female,B009,2022-07-02,719
C007018,Retail,32,2408663,Salaried,Male,B010,2016-02-29,685
C007019,Retail,18,271328,Salaried,Other,B013,2020-12-09,702
C007020,Affluent,38,180470,Salaried,Female,B016,2015-04-02,729
C007021,Retail,43,643631,Business,Male,B008,2020-09-05,739
C007022,Mass Affluent,27,405433,Salaried,Male,B011,2023-02-14,656
C007023,Retail,53,180000,Salaried,Female,B002,2018-11-07,714
C007024,Affluent,52,766043,Business,Male,B019,2015-01-19,795
C007025,SME,44,702109,Retired,Male,B002,2021-07-11,691
C007026,SME,24,1244409,Self-Employed,Male,B006,2016-01-24,807
C007027,Retail,36,418014,Business,Male,B016,2015-04-03,709
C007028,Affluent,47,180000,Business,Male,B016,2021-04-28,732
C007029,Retail,46,326039,Salaried,Male,B007,2015-02-10,770
C007030,Mass Affluent,31,180000,Salaried,Female,B011,2019-09-14,900
C007031,Mass Affluent,33,1587350,Self-Employed,Male,B016,2017-01-21,703
C007032,Retail,31,1153667,Salaried,Male,B006,2020-09-26,694
C007033,SME,36,1381737,Salaried,Male,B005,2016-08-27,829
C007034,Retail,34,925311,Retired,Male,B009,2023-11-30,714
C007035,Mass Affluent,32,241448,Self-Employed,Female,B003,2021-04-22,738
C007036,Affluent,37,461421,Business,Male,B008,2016-06-28,751
C007037,Affluent,39,1004307,Business,Female,B008,2021-03-16,679
C007038,Retail,51,198806,Salaried,Female,B017,2018-12-13,699
C007039,Retail,19,799052,Business,Female,B006,2020-11-19,572
C007040,Affluent,52,995087,Business,Male,B012,2020-07-16,744
C007041,Retail,31,2612408,Salaried,Male,B006,2023-01-28,578
C007042,Retail,59,1116583,Business,Female,B015,2021-06-07,808
C007043,Retail,46,817072,Salaried,Female,B011,2017-10-10,772
C007044,Retail,45,611206,Self-Employed,Male,B010,2023-07-05,705
C007045,Affluent,38,854092,Salaried,Female,B002,2021-10-11,806
C007046,Retail,62,892248,Business,Female,B006,2015-05-15,805
C007047,Mass Affluent,39,180000,Self-Employed,Other,B019,2020-04-10,699
C007048,Retail,56,689291,Salaried,Female,B017,2022-03-09,651
C007049,Retail,33,180000,Salaried,Female,B009,2015-11-12,747
C007050,Retail,47,180000,Salaried,Male,B002,2016-01-03,826
C007051,Retail,60,616631,Self-Employed,Male,B004,2015-08-27,752
C007052,Retail,30,818933,Salaried,Female,B009,2016-11-27,717
C007053,Mass Affluent,44,253424,Retired,Female,B008,2020-09-07,713
C007054,Retail,31,1221599,Business,Female,B004,2015-07-24,712
C007055,Retail,44,1610996,Self-Employed,Female,B001,2019-03-04,578
C007056,Retail,60,1013123,Salaried,Female,B011,2021-03-29,814
C007057,Retail,29,589669,Business,Male,B011,2017-06-26,900
C007058,SME,41,732159,Business,Male,B007,2022-12-12,641
C007059,Mass Affluent,30,645677,Salaried,Male,B018,2022-04-23,693
C007060,Retail,38,689535,Salaried,Female,B008,2016-08-14,677
C007061,Retail,46,308350,Retired,Female,B015,2019-09-18,623
C007062,SME,36,470942,Salaried,Male,B010,2020-02-13,732
C007063,Retail,56,623692,Business,Male,B014,2015-12-02,751
C007064,Affluent,44,747009,Retired,Female,B002,2021-09-03,758
C007065,Retail,24,880188,Salaried,Male,B010,2020-09-30,705
C007066,SME,43,313544,Retired,Female,B019,2018-10-26,900
C007067,Affluent,55,536264,Salaried,Female,B015,2022-01-28,724
C007068,Mass Affluent,45,503936,Salaried,Female,B020,2015-06-17,727
C007069,Retail,42,2144365,Salaried,Female,B002,2023-02-27,646
C007070,Retail,36,705759,Salaried,Female,B017,2023-03-23,704
C007071,Retail,38,929711,Salaried,Male,B003,2015-12-17,693
C007072,Retail,39,1146693,Salaried,Male,B004,2022-01-06,653
C007073,Retail,18,1045146,Salaried,Female,B005,2016-10-14,782
C007074,Retail,44,180000,Salaried,Female,B012,2020-08-09,672
C007075,Mass Affluent,50,534366,Business,Male,B019,2023-10-16,696
C007076,Mass Affluent,31,932271,Self-Employed,Female,B012,2021-10-15,785
C007077,Retail,42,652967,Business,Male,B005,2017-09-01,709
C007078,Retail,43,202906,Salaried,Female,B015,2017-04-07,782
C007079,SME,48,304509,Salaried,Female,B018,2015-01-02,669
C007080,Retail,39,336918,Salaried,Male,B019,2017-08-23,607
C007081,Affluent,45,742691,Salaried,Male,B003,2020-03-17,737
C007082,Retail,26,698632,Self-Employed,Female,B002,2022-02-07,808
C007083,Retail,28,1615539,Self-Employed,Male,B011,2017-03-29,804
C007084,Retail,44,604941,Salaried,Female,B014,2020-11-25,748
C007085,Retail,36,684882,Salaried,Male,B005,2016-09-16,739
C007086,Affluent,22,251615,Salaried,Male,B013,2020-10-04,741
C007087,Mass Affluent,43,542203,Business,Male,B008,2015-02-09,555
C007088,Retail,25,2629713,Salaried,Male,B006,2016-05-19,738
C007089,SME,69,749422,Self-Employed,Female,B012,2017-08-30,690
C007090,Retail,18,416966,Salaried,Male,B007,2016-11-29,829
C007091,SME,40,786055,Business,Female,B011,2015-01-12,715
C007092,SME,27,1181090,Salaried,Female,B008,2019-12-13,739
C007093,Retail,49,829229,Salaried,Male,B009,2015-08-23,640
C007094,Retail,35,1030148,Self-Employed,Female,B004,2018-08-13,792
C007095,Retail,50,1119331,Salaried,Male,B005,2017-07-04,733
C007096,Mass Affluent,47,664381,Business,Female,B004,2021-10-07,732
C007097,Mass Affluent,27,743089,Self-Employed,Female,B012,2019-05-16,900
C007098,SME,31,406696,Self-Employed,Female,B018,2020-06-19,749
C007099,Mass Affluent,35,403740,Business,Female,B015,2021-05-11,877
C007100,Retail,38,569414,Salaried,Female,B008,2018-04-11,562
C007101,Retail,37,253681,Business,Female,B011,2016-08-25,758
C007102,Mass Affluent,47,762568,Salaried,Female,B014,2023-06-28,764
C007103,Retail,42,357573,Business,Male,B007,2022-01-22,643
C007104,Affluent,32,673999,Self-Employed,Male,B016,2023-11-30,743
C007105,Retail,29,839776,Self-Employed,Female,B008,2022-05-13,663
C007106,Retail,30,254947,Salaried,Female,B011,2021-10-07,707
C007107,Retail,43,783265,Salaried,Male,B001,2016-03-24,690
C007108,Mass Affluent,37,180000,Self-Employed,Male,B017,2018-01-06,682
C007109,Retail,62,879694,Salaried,Female,B007,2022-01-11,672
C007110,Affluent,39,887680,Salaried,Female,B018,2017-11-16,586
C007111,Retail,41,927639,Salaried,Male,B012,2019-10-27,714
C007112,Affluent,19,750233,Salaried,Female,B020,2020-07-07,754
C007113,Mass Affluent,24,428425,Salaried,Male,B005,2017-07-14,758
C007114,Retail,27,438429,Business,Male,B006,2016-10-26,548
C007115,Affluent,33,401999,Salaried,Female,B002,2022-02-21,633
C007116,Retail,23,1171752,Salaried,Female,B012,2019-11-16,784
C007117,Retail,26,1800606,Salaried,Male,B011,2022-12-25,628
C007118,Retail,46,633848,Salaried,Other,B004,2022-04-15,794
C007119,Affluent,30,315647,Business,Male,B007,2015-11-12,807
C007120,SME,39,500793,Salaried,Female,B005,2018-05-21,812
C007121,Mass Affluent,46,1133747,Salaried,Male,B011,2019-08-08,569
C007122,Mass Affluent,49,860054,Retired,Male,B016,2020-10-21,787
C007123,Affluent,42,613382,Salaried,Female,B010,2023-06-28,739
C007124,Retail,43,505287,Salaried,Female,B009,2023-12-16,677
C007125,SME,50,200225,Salaried,Male,B006,2019-10-13,744
C007126,Retail,44,521786,Salaried,Male,B013,2019-07-28,713
C007127,SME,50,466367,Business,Male,B004,2018-02-23,564
C007128,Mass Affluent,18,456304,Retired,Female,B011,2019-03-22,602
C007129,Affluent,38,720529,Business,Female,B011,2023-09-11,648
C007130,Mass Affluent,40,1871928,Self-Employed,Female,B016,2016-10-04,786
C007131,Retail,38,607766,Retired,Female,B020,2023-09-02,774
C007132,Mass Affluent,40,885208,Business,Female,B019,2015-06-08,727
C007133,Retail,35,576793,Salaried,Male,B006,2019-05-31,636
C007134,Mass Affluent,48,576653,Salaried,Male,B017,2022-07-02,640
C007135,Mass Affluent,33,1259444,Salaried,Male,B018,2015-05-16,690
C007136,Affluent,37,764965,Salaried,Male,B004,2021-04-01,840
C007137,Mass Affluent,55,995502,Salaried,Male,B018,2019-06-14,654
C007138,Retail,53,1343232,Self-Employed,Female,B011,2017-02-01,642
C007139,Retail,41,759614,Salaried,Other,B012,2015-10-09,752
C007140,Mass Affluent,32,703378,Self-Employed,Male,B010,2016-02-03,792
C007141,Retail,21,968681,Salaried,Female,B003,2021-11-13,692
C007142,Retail,38,393536,Salaried,Female,B015,2021-02-09,815
C007143,Affluent,45,397945,Salaried,Female,B018,2016-08-20,713
C007144,Mass Affluent,31,366404,Salaried,Male,B016,2020-12-09,695
C007145,Mass Affluent,39,436174,Business,Female,B007,2015-11-14,633
C007146,Retail,35,277394,Business,Male,B011,2020-12-28,768
C007147,Mass Affluent,20,204439,Salaried,Female,B010,2022-02-18,629
C007148,Retail,40,351694,Self-Employed,Male,B009,2018-04-20,592
C007149,Mass Affluent,44,180000,Business,Male,B020,2022-09-25,716
C007150,Retail,41,721596,Salaried,Female,B018,2021-07-19,651
C007151,Affluent,57,639777,Salaried,Male,B013,2023-02-14,669
C007152,Retail,35,971322,Salaried,Male,B010,2015-01-12,790
C007153,Retail,35,327275,Salaried,Female,B012,2022-02-13,753
C007154,Mass Affluent,63,829838,Retired,Female,B013,2016-03-03,793
C007155,Mass Affluent,25,354733,Self-Employed,Male,B005,2016-06-06,730
C007156,Retail,32,992387,Salaried,Female,B012,2016-10-20,534
C007157,Affluent,43,183587,Self-Employed,Female,B004,2021-10-26,702
C007158,Retail,51,514239,Business,Male,B003,2015-03-14,779
C007159,SME,49,462900,Salaried,Male,B014,2018-04-03,803
C007160,Affluent,28,1007218,Salaried,Female,B003,2023-10-15,770
C007161,Retail,57,997479,Salaried,Female,B002,2023-07-02,758
C007162,Affluent,44,1324994,Business,Female,B008,2019-10-07,776
C007163,Retail,30,180000,Business,Male,B007,2015-05-28,855
C007164,Retail,31,1586788,Retired,Female,B002,2015-11-27,721
C007165,SME,40,328743,Salaried,Male,B018,2021-07-24,717
C007166,Mass Affluent,63,1821099,Salaried,Male,B017,2019-07-05,766
C007167,Retail,41,2546157,Business,Male,B014,2016-09-28,652
C007168,Retail,63,1301315,Business,Male,B012,2022-05-07,794
C007169,Retail,49,343673,Salaried,Male,B018,2023-10-01,669
C007170,SME,25,267206,Salaried,Male,B017,2022-08-27,730
C007171,Retail,54,379372,Salaried,Male,B016,2017-04-10,548
C007172,Retail,29,869334,Salaried,Female,B010,2016-10-15,684
C007173,Retail,32,300597,Business,Other,B004,2015-02-23,675
C007174,Retail,42,180000,Salaried,Male,B002,2021-10-09,687
C007175,Retail,39,1211538,Self-Employed,Female,B005,2023-03-01,756
C007176,Retail,49,406139,Salaried,Male,B014,2015-03-24,707
C007177,Retail,45,1087210,Salaried,Female,B010,2022-04-19,620
C007178,Retail,38,990789,Salaried,Male,B008,2019-07-05,725
C007179,SME,58,682243,Salaried,Female,B001,2016-01-08,684
C007180,Retail,34,1035369,Business,Other,B009,2019-03-14,772
C007181,Affluent,28,1570941,Self-Employed,Female,B005,2022-11-27,725
C007182,Affluent,44,985994,Self-Employed,Other,B009,2017-04-29,776
C007183,Affluent,39,1003332,Salaried,Male,B009,2015-10-19,666
C007184,Affluent,42,771933,Salaried,Male,B018,2017-10-29,796
C007185,Retail,47,452796,Salaried,Male,B005,2022-07-30,753
C007186,Retail,37,733130,Salaried,Female,B016,2017-02-11,779
C007187,Retail,59,687342,Self-Employed,Male,B002,2022-05-26,686
C007188,Retail,42,824579,Salaried,Male,B004,2023-02-15,710
C007189,Mass Affluent,34,745283,Salaried,Female,B018,2016-05-25,711
C007190,Mass Affluent,45,445709,Salaried,Male,B005,2017-12-23,688
C007191,Affluent,38,1258362,Salaried,Male,B008,2021-12-17,673
C007192,Retail,40,425902,Retired,Male,B012,2017-09-30,635
C007193,SME,27,775235,Salaried,Female,B014,2017-12-07,665
C007194,Retail,28,838576,Salaried,Male,B017,2023-03-06,707
C007195,Retail,51,303223,Self-Employed,Male,B012,2018-04-05,606
C007196,Retail,25,1655928,Salaried,Female,B002,2020-07-18,800
C007197,Affluent,38,584216,Self-Employed,Female,B004,2015-12-08,819
C007198,Retail,43,314523,Business,Male,B011,2022-07-30,672
C007199,SME,55,600142,Salaried,Female,B012,2020-04-08,783
C007200,SME,34,318463,Salaried,Female,B019,2016-03-19,678
C007201,Affluent,47,411561,Salaried,Female,B002,2018-10-30,642
C007202,Retail,38,406364,Self-Employed,Male,B010,2015-09-20,777
C007203,Affluent,18,549297,Business,Male,B010,2021-01-02,816
C007204,Affluent,40,1456848,Salaried,Male,B002,2020-12-15,708
C007205,Retail,38,642950,Salaried,Male,B019,2022-09-22,772
C007206,Retail,44,667674,Self-Employed,Male,B020,2022-04-26,512
C007207,Retail,32,440045,Retired,Female,B004,2015-09-25,660
C007208,Retail,33,721326,Business,Male,B018,2019-02-14,760
C007209,Mass Affluent,52,587234,Business,Female,B020,2020-08-03,801
C007210,SME,35,568191,Salaried,Female,B018,2018-05-18,727
C007211,Retail,18,950059,Business,Female,B014,2023-04-10,690
C007212,Mass Affluent,44,325367,Salaried,Male,B020,2021-06-07,756
C007213,SME,48,1366684,Salaried,Female,B013,2018-07-06,732
C007214,Retail,48,180000,Salaried,Female,B015,2020-05-30,679
C007215,Affluent,32,564772,Business,Female,B015,2017-12-12,601
C007216,Mass Affluent,39,1451131,Salaried,Female,B020,2017-12-21,688
C007217,Mass Affluent,45,1314626,Business,Female,B004,2017-06-27,746
C007218,Retail,50,665056,Salaried,Male,B015,2020-01-17,709
C007219,Mass Affluent,45,354420,Self-Employed,Male,B014,2016-04-29,826
C007220,Retail,48,550164,Salaried,Female,B007,2018-11-27,779
C007221,Affluent,31,3233725,Retired,Female,B017,2018-09-03,634
C007222,Retail,18,951106,Self-Employed,Male,B009,2021-10-04,669
C007223,Affluent,51,198655,Salaried,Male,B004,2016-12-17,582
C007224,Retail,29,633224,Salaried,Male,B018,2023-08-28,673
C007225,Retail,37,406603,Self-Employed,Female,B013,2022-03-14,589
C007226,Mass Affluent,48,262821,Salaried,Male,B015,2022-09-28,779
C007227,Retail,39,821105,Salaried,Male,B004,2015-12-11,709
C007228,Affluent,47,319331,Self-Employed,Female,B018,2016-03-09,845
C007229,SME,66,1641448,Self-Employed,Male,B010,2016-07-12,615
C007230,Affluent,45,1434584,Salaried,Female,B007,2016-06-11,642
C007231,Retail,31,373411,Salaried,Male,B006,2021-08-10,711
C007232,Mass Affluent,23,358533,Self-Employed,Male,B013,2018-11-24,664
C007233,Mass Affluent,46,929410,Business,Female,B018,2021-02-20,667
C007234,Affluent,40,1162672,Business,Male,B009,2023-05-20,667
C007235,Retail,24,509462,Salaried,Male,B011,2017-09-10,741
C007236,Retail,52,1133341,Business,Male,B016,2021-03-31,711
C007237,Mass Affluent,47,1770154,Salaried,Female,B008,2020-01-12,696
C007238,Retail,39,743501,Salaried,Female,B005,2022-03-31,612
C007239,Retail,63,307374,Salaried,Female,B015,2015-03-05,670
C007240,Retail,50,999761,Business,Male,B002,2016-04-22,613
C007241,Affluent,28,658522,Retired,Female,B005,2023-03-12,738
C007242,SME,52,486832,Retired,Male,B010,2017-08-06,806
C007243,Mass Affluent,42,978031,Self-Employed,Female,B019,2016-11-24,687
C007244,Retail,60,1314907,Salaried,Male,B014,2019-06-06,535
C007245,Retail,49,677112,Salaried,Male,B013,2023-10-08,659
C007246,SME,44,180000,Salaried,Male,B014,2018-12-31,672
C007247,SME,44,648596,Salaried,Male,B004,2015-08-27,764
C007248,SME,26,695378,Self-Employed,Male,B007,2015-05-20,678
C007249,Affluent,33,3222048,Salaried,Male,B018,2020-06-22,832
C007250,Retail,41,652743,Self-Employed,Other,B006,2022-02-10,550
C007251,Affluent,24,536772,Self-Employed,Female,B015,2020-11-08,611
C007252,Retail,44,939463,Business,Female,B011,2023-10-23,782
C007253,Retail,31,493654,Salaried,Female,B017,2019-06-08,736
C007254,Mass Affluent,35,384117,Self-Employed,Male,B010,2016-11-05,780
C007255,Retail,47,212844,Salaried,Female,B016,2015-12-06,721
C007256,Retail,33,407417,Salaried,Female,B019,2023-12-14,786
C007257,Retail,44,180000,Salaried,Female,B011,2016-03-30,779
C007258,Retail,41,721289,Salaried,Male,B007,2018-10-13,687
C007259,Affluent,27,690367,Salaried,Male,B014,2017-04-23,712
C007260,Retail,49,943506,Self-Employed,Male,B001,2018-07-20,598
C007261,Retail,49,306959,Business,Male,B017,2020-04-24,765
C007262,Retail,50,235513,Business,Male,B013,2019-03-05,666
C007263,Retail,60,2285366,Salaried,Female,B008,2015-03-11,767
C007264,Retail,34,570103,Business,Male,B019,2023-02-28,740
C007265,Mass Affluent,18,945587,Business,Female,B008,2023-04-21,710
C007266,Retail,32,654140,Self-Employed,Male,B017,2020-01-20,792
C007267,Affluent,50,973739,Salaried,Female,B005,2019-12-12,704
C007268,SME,38,695864,Salaried,Male,B011,2020-04-14,796
C007269,Mass Affluent,24,356246,Business,Male,B014,2017-10-29,679
C007270,Retail,20,853302,Salaried,Male,B010,2022-07-18,804
C007271,Retail,55,731053,Salaried,Male,B012,2017-10-23,780
C007272,Affluent,46,201023,Salaried,Male,B003,2015-09-26,658
C007273,Mass Affluent,34,726602,Salaried,Female,B009,2023-06-05,733
C007274,Affluent,60,466523,Business,Male,B011,2016-01-20,527
C007275,Affluent,68,388983,Business,Male,B009,2018-06-11,702
C007276,SME,50,1131051,Salaried,Male,B001,2017-06-19,627
C007277,SME,47,572620,Salaried,Male,B018,2019-05-21,729
C007278,Mass Affluent,45,584062,Salaried,Female,B003,2017-09-08,830
C007279,Retail,48,635837,Salaried,Female,B014,2020-11-13,900
C007280,SME,61,587513,Salaried,Female,B004,2019-03-03,774
C007281,Mass Affluent,28,563060,Business,Female,B005,2022-04-25,746
C007282,Retail,35,1545934,Salaried,Male,B010,2015-05-05,689
C007283,Mass Affluent,38,384587,Salaried,Male,B005,2022-02-13,616
C007284,Mass Affluent,45,194030,Salaried,Female,B003,2023-03-13,664
C007285,Affluent,56,617677,Salaried,Female,B020,2021-08-13,674
C007286,Mass Affluent,44,325808,Salaried,Female,B009,2020-08-16,790
C007287,Retail,46,294136,Salaried,Male,B012,2021-05-13,528
C007288,SME,46,593895,Salaried,Male,B002,2023-12-25,723
C007289,Affluent,39,717283,Business,Male,B011,2015-07-12,751
C007290,Mass Affluent,34,535950,Salaried,Female,B001,2021-01-16,825
C007291,Retail,40,445882,Self-Employed,Female,B016,2016-05-02,651
C007292,Retail,32,526685,Retired,Female,B003,2023-04-16,700
C007293,Mass Affluent,32,580460,Self-Employed,Male,B013,2019-01-21,756
C007294,Retail,43,598955,Salaried,Male,B015,2015-09-04,666
C007295,Retail,34,187165,Salaried,Male,B001,2015-01-06,715
C007296,Mass Affluent,59,1058872,Business,Female,B016,2016-07-06,686
C007297,Retail,41,232638,Self-Employed,Male,B015,2020-09-11,664
C007298,Retail,54,387892,Salaried,Male,B006,2023-04-06,816
C007299,Retail,25,218481,Salaried,Male,B015,2019-08-16,805
C007300,Retail,26,668913,Salaried,Female,B020,2018-07-27,768
C007301,Affluent,38,378057,Salaried,Female,B018,2020-07-05,699
C007302,Retail,49,532426,Self-Employed,Female,B017,2023-05-09,748
C007303,Retail,34,370203,Salaried,Male,B014,2017-01-24,756
C007304,Mass Affluent,38,302403,Salaried,Male,B018,2020-11-23,844
C007305,SME,50,180000,Salaried,Male,B017,2017-08-03,557
C007306,Mass Affluent,35,408503,Salaried,Male,B001,2019-03-25,638
C007307,Retail,31,273246,Salaried,Female,B014,2022-05-09,708
C007308,Retail,47,841059,Self-Employed,Female,B007,2017-12-26,734
C007309,Affluent,25,2320452,Business,Other,B001,2015-01-04,635
C007310,Retail,35,1971168,Business,Male,B003,2015-02-23,732
C007311,Mass Affluent,40,569180,Salaried,Male,B011,2018-03-03,633
C007312,Retail,45,358783,Salaried,Female,B018,2017-09-06,520
C007313,Retail,48,180000,Salaried,Female,B014,2015-02-14,661
C007314,Affluent,50,457022,Retired,Female,B003,2018-06-02,767
C007315,Mass Affluent,36,331632,Business,Female,B002,2022-12-09,721
C007316,Mass Affluent,50,371557,Salaried,Female,B020,2021-01-27,588
C007317,Retail,45,207683,Salaried,Male,B015,2016-03-25,739
C007318,Retail,47,947395,Self-Employed,Female,B007,2016-01-02,831
C007319,Mass Affluent,32,835414,Salaried,Male,B013,2023-01-29,762
C007320,Mass Affluent,46,330919,Retired,Male,B004,2015-11-07,799
C007321,Retail,37,1046529,Retired,Female,B008,2016-11-07,737
C007322,Retail,40,623707,Business,Male,B002,2021-03-01,761
C007323,Retail,41,846894,Salaried,Female,B013,2018-07-19,668
C007324,SME,62,992374,Salaried,Female,B004,2019-02-11,700
C007325,Affluent,29,760650,Salaried,Female,B013,2015-09-08,642
C007326,SME,52,351966,Business,Male,B016,2023-08-09,717
C007327,Retail,55,1186755,Salaried,Female,B012,2018-10-01,660
C007328,SME,48,991493,Salaried,Male,B013,2015-09-12,600
C007329,Retail,33,1000957,Salaried,Female,B001,2015-05-09,692
C007330,Mass Affluent,58,252870,Salaried,Female,B003,2016-05-28,660
C007331,Affluent,35,231230,Retired,Male,B003,2015-12-17,676
C007332,Retail,47,1604039,Business,Male,B012,2020-11-01,791
C007333,Retail,40,396299,Business,Female,B004,2023-09-30,729
C007334,Retail,35,706987,Business,Female,B001,2022-11-20,707
C007335,Retail,45,1314314,Salaried,Female,B017,2023-11-07,779
C007336,Mass Affluent,60,1734300,Self-Employed,Female,B020,2022-01-06,705
C007337,Mass Affluent,42,871416,Salaried,Female,B009,2019-10-31,776
C007338,Affluent,61,427332,Salaried,Female,B005,2019-05-15,729
C007339,Mass Affluent,37,498006,Salaried,Male,B003,2021-11-19,711
C007340,Mass Affluent,40,763478,Business,Male,B007,2019-09-04,700
C007341,Retail,26,672234,Salaried,Female,B003,2021-08-22,721
C007342,Retail,33,376732,Self-Employed,Male,B005,2015-04-14,792
C007343,SME,37,180000,Self-Employed,Female,B012,2019-02-12,690
C007344,Retail,35,371890,Salaried,Female,B003,2018-03-02,717
C007345,Mass Affluent,28,522426,Salaried,Male,B001,2017-07-31,731
C007346,Retail,31,596255,Business,Female,B003,2016-07-08,749
C007347,Mass Affluent,36,1819440,Salaried,Male,B016,2022-11-02,651
C007348,Mass Affluent,52,1200572,Business,Female,B018,2018-06-06,734
C007349,Retail,23,444464,Salaried,Male,B003,2022-01-09,699
C007350,Retail,18,832446,Business,Male,B005,2018-04-26,685
C007351,Mass Affluent,20,180000,Business,Male,B005,2018-12-14,809
C007352,Retail,30,1331276,Salaried,Female,B009,2022-01-09,612
C007353,Retail,46,434543,Salaried,Female,B012,2020-11-18,756
C007354,Mass Affluent,35,677627,Salaried,Male,B016,2020-04-01,658
C007355,Retail,35,611742,Salaried,Male,B009,2021-03-17,647
C007356,Affluent,35,1169089,Self-Employed,Male,B018,2020-12-25,705
C007357,Mass Affluent,18,478325,Salaried,Male,B011,2016-10-29,834
C007358,Retail,48,1024343,Business,Female,B017,2021-04-28,724
C007359,Mass Affluent,53,760491,Business,Female,B001,2016-08-07,781
C007360,Mass Affluent,35,649762,Self-Employed,Female,B003,2021-05-16,635
C007361,Retail,40,559293,Salaried,Female,B005,2019-05-07,722
C007362,Retail,40,430882,Salaried,Male,B001,2018-01-10,718
C007363,Retail,27,538694,Business,Male,B015,2021-06-29,567
C007364,Retail,34,467994,Business,Male,B017,2016-03-04,772
C007365,Retail,59,787733,Salaried,Female,B004,2021-12-28,658
C007366,Retail,39,287014,Salaried,Female,B014,2016-04-15,798
C007367,Retail,41,628781,Salaried,Male,B002,2017-02-19,651
C007368,Mass Affluent,31,1607558,Business,Female,B004,2017-08-28,799
C007369,Mass Affluent,34,450784,Self-Employed,Female,B005,2016-08-09,755
C007370,Mass Affluent,46,797783,Salaried,Female,B007,2021-01-03,864
C007371,Affluent,30,180000,Self-Employed,Female,B004,2021-01-17,774
C007372,Affluent,57,214745,Salaried,Female,B008,2016-12-18,715
C007373,Mass Affluent,21,550307,Self-Employed,Male,B011,2018-07-16,813
C007374,Mass Affluent,32,571343,Business,Male,B008,2018-07-10,701
C007375,Retail,23,616343,Business,Male,B004,2019-12-30,616
C007376,Affluent,54,2492262,Self-Employed,Male,B011,2023-11-06,667
C007377,Retail,39,410770,Salaried,Male,B012,2022-02-17,696
C007378,Retail,36,633841,Business,Male,B002,2021-06-17,774
C007379,Mass Affluent,43,376637,Business,Male,B015,2015-08-17,715
C007380,Retail,54,968656,Self-Employed,Male,B014,2019-10-28,749
C007381,Retail,41,284063,Salaried,Male,B019,2018-01-28,731
C007382,Mass Affluent,52,380915,Salaried,Female,B017,2016-02-22,750
C007383,Mass Affluent,36,333945,Salaried,Male,B016,2018-06-05,687
C007384,Mass Affluent,28,1024885,Salaried,Female,B005,2018-04-29,661
C007385,Affluent,42,651203,Salaried,Male,B020,2020-10-18,713
C007386,Retail,31,721406,Salaried,Male,B001,2022-09-11,766
C007387,Retail,47,528944,Business,Female,B010,2022-09-07,709
C007388,Mass Affluent,34,1316790,Self-Employed,Male,B007,2015-11-06,688
C007389,Retail,38,542521,Salaried,Female,B010,2020-05-28,718
C007390,Mass Affluent,18,2152502,Salaried,Male,B016,2020-01-16,686
C007391,Retail,38,1369319,Retired,Male,B005,2017-04-12,764
C007392,Retail,36,229898,Salaried,Male,B019,2021-06-06,708
C007393,Mass Affluent,52,908666,Retired,Male,B006,2023-06-29,781
C007394,Mass Affluent,49,1367872,Self-Employed,Female,B012,2018-01-07,737
C007395,Mass Affluent,39,460311,Salaried,Male,B006,2022-11-28,675
C007396,Retail,21,783974,Business,Male,B010,2018-06-24,662
C007397,Retail,34,229589,Salaried,Male,B010,2021-06-22,608
C007398,Retail,52,314040,Salaried,Female,B013,2015-08-09,735
C007399,Retail,37,509468,Business,Male,B019,2015-05-10,699
C007400,Retail,27,248770,Business,Male,B017,2018-03-27,700
C007401,Retail,52,621916,Business,Male,B016,2023-11-20,680
C007402,Mass Affluent,21,915690,Business,Male,B004,2017-01-28,714
C007403,Retail,38,330824,Self-Employed,Female,B020,2015-03-09,641
C007404,Mass Affluent,45,251035,Self-Employed,Female,B003,2021-01-03,777
C007405,Affluent,40,215006,Business,Other,B005,2021-11-20,708
C007406,Retail,25,1319486,Self-Employed,Other,B013,2020-08-14,668
C007407,Retail,29,193367,Salaried,Female,B014,2016-08-07,758
C007408,Retail,31,727196,Self-Employed,Male,B009,2015-07-31,694
C007409,Mass Affluent,48,1402139,Salaried,Male,B009,2016-03-22,544
C007410,Retail,41,317745,Salaried,Male,B008,2021-08-13,874
C007411,Retail,35,346663,Salaried,Female,B010,2020-10-07,765
C007412,Mass Affluent,43,672579,Salaried,Male,B020,2015-11-12,803
C007413,Retail,31,701602,Salaried,Male,B018,2015-05-03,661
C007414,Mass Affluent,47,433963,Salaried,Female,B012,2022-03-24,758
C007415,Mass Affluent,44,494649,Self-Employed,Male,B013,2016-01-14,693
C007416,Mass Affluent,37,636500,Salaried,Male,B016,2019-11-12,752
C007417,Retail,37,461410,Salaried,Male,B003,2020-04-23,688
C007418,Affluent,35,471613,Business,Male,B009,2020-07-02,817
C007419,Mass Affluent,50,2120671,Business,Male,B016,2023-09-10,737
C007420,Retail,41,1159401,Salaried,Male,B017,2022-06-13,716
C007421,Retail,37,1220130,Business,Male,B016,2019-08-03,724
C007422,Retail,28,480701,Self-Employed,Male,B010,2023-02-12,690
C007423,Affluent,45,196318,Salaried,Male,B018,2021-12-28,686
C007424,Affluent,45,3000059,Business,Female,B002,2018-08-28,832
C007425,Mass Affluent,33,401827,Business,Male,B014,2022-06-03,630
C007426,Affluent,34,733596,Self-Employed,Female,B005,2016-02-08,794
C007427,Retail,38,998589,Salaried,Male,B006,2017-09-09,655
C007428,Retail,26,411425,Salaried,Female,B020,2016-07-14,677
C007429,SME,40,1078028,Salaried,Male,B001,2022-06-27,756
C007430,Affluent,21,603525,Salaried,Male,B015,2023-08-08,686
C007431,Retail,25,505545,Salaried,Female,B003,2021-04-21,720
C007432,Affluent,33,411311,Salaried,Male,B019,2015-10-28,667
C007433,SME,32,313922,Salaried,Female,B018,2019-03-07,758
C007434,Affluent,44,180000,Salaried,Female,B015,2018-05-12,643
C007435,Affluent,42,3736416,Salaried,Female,B018,2018-04-01,740
C007436,Affluent,54,1547198,Salaried,Male,B001,2023-01-14,816
C007437,Retail,40,641520,Salaried,Female,B014,2018-10-31,827
C007438,Affluent,41,1653982,Retired,Male,B017,2021-01-11,819
C007439,Retail,26,1519160,Self-Employed,Female,B020,2021-06-08,620
C007440,Affluent,26,884198,Salaried,Female,B008,2015-09-02,746
C007441,Retail,40,479470,Salaried,Female,B008,2021-05-24,803
C007442,Mass Affluent,40,1206070,Salaried,Female,B017,2017-11-18,767
C007443,Retail,42,1083040,Self-Employed,Male,B001,2015-07-18,604
C007444,Retail,53,1003439,Salaried,Female,B007,2020-06-22,629
C007445,Retail,27,481900,Salaried,Male,B014,2020-10-01,736
C007446,SME,58,767579,Salaried,Male,B006,2018-01-21,761
C007447,SME,23,716691,Salaried,Female,B017,2021-10-23,760
C007448,Retail,43,468466,Salaried,Male,B014,2015-10-26,718
C007449,SME,25,763118,Retired,Female,B007,2018-02-09,690
C007450,Affluent,47,1354568,Salaried,Male,B015,2019-01-11,648
C007451,Mass Affluent,23,1617350,Retired,Female,B008,2018-01-19,733
C007452,Retail,18,830118,Self-Employed,Female,B016,2017-09-09,882
C007453,SME,41,538619,Salaried,Female,B010,2018-08-02,822
C007454,Mass Affluent,38,1045754,Salaried,Female,B009,2020-09-21,755
C007455,Affluent,51,340385,Salaried,Other,B019,2018-05-24,793
C007456,Affluent,40,469569,Self-Employed,Male,B002,2022-11-03,811
C007457,Affluent,31,1374421,Salaried,Female,B008,2017-09-02,785
C007458,Mass Affluent,33,2025513,Salaried,Female,B011,2018-01-15,770
C007459,Retail,74,1258745,Salaried,Male,B004,2019-12-28,766
C007460,Retail,29,569008,Salaried,Male,B018,2018-02-15,649
C007461,Retail,45,180000,Salaried,Female,B018,2020-08-28,808
C007462,Retail,43,998759,Business,Male,B002,2015-02-21,790
C007463,Mass Affluent,45,843298,Business,Male,B005,2022-08-30,663
C007464,Mass Affluent,44,859224,Business,Male,B014,2019-03-10,653
C007465,Affluent,36,236228,Salaried,Male,B013,2020-02-03,679
C007466,Retail,20,483976,Salaried,Female,B008,2021-12-27,812
C007467,Mass Affluent,41,2017017,Salaried,Female,B011,2023-10-11,690
C007468,Retail,39,308404,Business,Female,B008,2017-06-08,689
C007469,Retail,40,873820,Business,Male,B015,2023-12-27,758
C007470,Retail,45,391658,Salaried,Female,B006,2021-11-27,700
C007471,Mass Affluent,34,834466,Self-Employed,Female,B017,2021-07-24,671
C007472,Retail,32,527212,Business,Female,B011,2020-12-05,565
C007473,Mass Affluent,49,1314423,Self-Employed,Female,B007,2022-05-23,812
C007474,Retail,35,616308,Business,Female,B002,2021-01-22,697
C007475,Affluent,34,1145373,Salaried,Male,B003,2020-12-28,797
C007476,Affluent,33,2366689,Salaried,Female,B018,2016-05-22,691
C007477,SME,46,1138980,Self-Employed,Male,B020,2015-01-28,606
C007478,Affluent,37,872795,Self-Employed,Female,B014,2023-06-04,712
C007479,SME,63,1273062,Retired,Male,B009,2018-04-12,583
C007480,Affluent,40,864928,Business,Female,B008,2017-03-24,628
C007481,Mass Affluent,26,404129,Salaried,Male,B018,2020-02-16,686
C007482,Retail,34,346231,Salaried,Male,B012,2021-01-11,696
C007483,Retail,46,939665,Self-Employed,Male,B012,2021-09-23,724
C007484,Retail,32,399607,Salaried,Female,B010,2017-01-27,806
C007485,Mass Affluent,39,375183,Salaried,Male,B009,2017-12-21,689
C007486,Mass Affluent,50,530084,Self-Employed,Male,B002,2015-07-15,614
C007487,Affluent,51,195382,Salaried,Female,B011,2022-03-16,827
C007488,SME,33,392252,Business,Female,B010,2015-03-31,771
C007489,Retail,36,371965,Salaried,Female,B008,2016-10-01,626
C007490,Mass Affluent,40,2972640,Salaried,Male,B005,2016-01-31,762
C007491,SME,54,977651,Salaried,Male,B005,2019-01-24,699
C007492,Retail,27,456253,Self-Employed,Male,B009,2021-02-05,666
C007493,Affluent,43,364477,Self-Employed,Male,B011,2022-06-05,723
C007494,Retail,40,180000,Salaried,Female,B012,2017-11-28,719
C007495,Mass Affluent,29,231574,Salaried,Female,B005,2023-10-24,724
C007496,Retail,53,203946,Salaried,Female,B006,2022-03-15,707
C007497,Affluent,50,318010,Business,Male,B001,2015-03-18,638
C007498,Mass Affluent,56,595977,Salaried,Male,B016,2017-03-02,723
C007499,Retail,52,531037,Salaried,Male,B014,2022-10-31,670
C007500,Retail,39,335796,Salaried,Male,B014,2022-09-24,652
C007501,Retail,46,580473,Business,Female,B013,2023-10-07,676
C007502,SME,43,236367,Salaried,Female,B012,2020-05-03,651
C007503,Affluent,29,800827,Salaried,Male,B007,2015-11-19,668
C007504,Retail,25,985855,Salaried,Male,B006,2016-10-27,661
C007505,Retail,43,826587,Salaried,Female,B009,2019-04-02,573
C007506,Mass Affluent,40,1221670,Self-Employed,Male,B016,2016-07-03,735
C007507,Mass Affluent,35,223777,Salaried,Female,B009,2017-12-16,685
C007508,Affluent,38,615718,Salaried,Female,B014,2023-11-07,719
C007509,Retail,58,322990,Business,Male,B009,2020-02-29,736
C007510,Mass Affluent,18,283793,Business,Male,B004,2019-01-26,729
C007511,Mass Affluent,46,239232,Salaried,Male,B009,2017-12-31,742
C007512,SME,48,3004654,Salaried,Male,B008,2021-06-25,715
C007513,SME,50,1084945,Business,Female,B014,2018-07-26,734
C007514,Affluent,24,1722559,Self-Employed,Male,B005,2017-11-01,618
C007515,Mass Affluent,36,754628,Retired,Female,B016,2015-12-25,715
C007516,Retail,35,350307,Business,Female,B010,2022-09-11,713
C007517,Affluent,42,928567,Self-Employed,Male,B003,2020-07-24,697
C007518,Retail,27,2750903,Salaried,Female,B009,2023-07-02,718
C007519,Retail,43,843842,Salaried,Male,B003,2016-03-07,637
C007520,Retail,29,557670,Business,Male,B019,2015-10-28,703
C007521,Affluent,36,715846,Self-Employed,Female,B019,2020-10-23,717
C007522,Retail,54,1238865,Self-Employed,Female,B001,2023-01-01,804
C007523,Retail,48,593772,Self-Employed,Male,B019,2015-08-31,715
C007524,Retail,40,556154,Salaried,Male,B015,2018-08-15,666
C007525,Retail,24,386248,Self-Employed,Male,B019,2015-10-08,587
C007526,Retail,43,755589,Salaried,Female,B007,2016-06-10,707
C007527,Affluent,43,262962,Salaried,Other,B001,2016-06-05,740
C007528,Affluent,18,467250,Salaried,Female,B016,2018-11-28,714
C007529,Retail,43,551928,Self-Employed,Female,B008,2021-05-08,776
C007530,Affluent,27,301249,Salaried,Other,B012,2021-08-25,640
C007531,Affluent,23,591269,Self-Employed,Female,B006,2023-09-05,658
C007532,Retail,27,1115078,Business,Female,B010,2015-08-01,848
C007533,Mass Affluent,18,1540353,Self-Employed,Male,B014,2020-01-23,719
C007534,SME,35,514444,Salaried,Male,B005,2017-12-05,691
C007535,Retail,28,446379,Salaried,Female,B004,2022-05-07,696
C007536,Retail,52,506413,Salaried,Female,B014,2021-12-26,677
C007537,SME,35,901129,Retired,Male,B017,2020-12-16,775
C007538,Mass Affluent,31,399986,Self-Employed,Female,B001,2019-12-22,664
C007539,Retail,21,399608,Salaried,Male,B017,2015-02-15,703
C007540,Mass Affluent,34,715585,Salaried,Male,B020,2017-08-12,649
C007541,Mass Affluent,54,840629,Business,Female,B009,2021-11-14,525
C007542,Affluent,56,683686,Salaried,Male,B016,2016-03-20,689
C007543,Mass Affluent,35,650337,Salaried,Female,B003,2017-09-05,709
C007544,Retail,38,437922,Salaried,Male,B010,2022-09-24,704
C007545,Mass Affluent,47,607987,Salaried,Female,B017,2016-07-06,820
C007546,Mass Affluent,28,180000,Salaried,Male,B016,2018-03-12,727
C007547,Retail,43,1643012,Self-Employed,Female,B001,2022-02-16,751
C007548,Mass Affluent,65,666245,Salaried,Female,B019,2016-10-02,853
C007549,Affluent,47,2355509,Salaried,Male,B015,2015-04-21,769
C007550,Retail,47,1386500,Salaried,Female,B007,2023-05-29,656
C007551,Mass Affluent,54,353229,Self-Employed,Female,B008,2015-08-13,659
C007552,Retail,49,473553,Salaried,Male,B004,2023-12-09,627
C007553,Retail,36,293092,Salaried,Female,B012,2018-02-14,796
C007554,Retail,26,388272,Salaried,Female,B002,2021-10-01,881
C007555,Retail,38,217116,Business,Female,B007,2016-01-23,748
C007556,Affluent,28,329172,Business,Female,B006,2022-12-06,700
C007557,Retail,36,306162,Retired,Female,B002,2021-10-06,823
C007558,Mass Affluent,29,1064142,Self-Employed,Male,B007,2017-08-07,791
C007559,Retail,35,209258,Self-Employed,Male,B002,2018-08-14,659
C007560,SME,23,2549743,Self-Employed,Male,B004,2019-04-30,716
C007561,Mass Affluent,31,486767,Business,Male,B016,2019-06-25,733
C007562,Mass Affluent,43,1440230,Business,Male,B006,2016-02-14,695
C007563,Retail,46,320607,Salaried,Male,B010,2022-10-13,686
C007564,Retail,44,994985,Self-Employed,Male,B014,2017-07-09,774
C007565,Retail,35,231005,Salaried,Male,B003,2017-03-07,812
C007566,SME,40,230165,Self-Employed,Female,B014,2021-08-10,796
C007567,Retail,60,1222130,Business,Male,B011,2021-11-18,769
C007568,Mass Affluent,31,554285,Business,Male,B011,2018-10-26,840
C007569,Mass Affluent,57,527467,Business,Male,B011,2020-02-25,686
C007570,Retail,23,312560,Salaried,Other,B004,2016-03-19,691
C007571,Mass Affluent,20,340572,Business,Female,B005,2015-12-12,758
C007572,Mass Affluent,37,212623,Retired,Female,B006,2019-09-12,751
C007573,Mass Affluent,39,426998,Retired,Male,B014,2016-08-19,675
C007574,Retail,27,708731,Self-Employed,Male,B007,2018-11-29,702
C007575,Retail,35,631710,Self-Employed,Female,B006,2019-06-30,695
C007576,Retail,43,636049,Salaried,Female,B014,2018-03-05,704
C007577,Affluent,28,180000,Salaried,Female,B016,2016-01-08,758
C007578,Mass Affluent,50,681844,Salaried,Male,B004,2015-11-18,719
C007579,Retail,51,487694,Salaried,Male,B018,2021-03-23,577
C007580,SME,53,359975,Retired,Male,B007,2019-10-06,734
C007581,Retail,29,268835,Self-Employed,Male,B019,2023-09-20,736
C007582,Affluent,30,923799,Business,Female,B014,2020-08-27,776
C007583,SME,37,180000,Salaried,Female,B015,2022-12-06,732
C007584,Affluent,36,269139,Salaried,Female,B006,2017-02-09,748
C007585,Affluent,35,660215,Salaried,Female,B010,2022-12-10,590
C007586,Retail,47,429562,Salaried,Male,B003,2016-08-17,721
C007587,Retail,46,767207,Business,Male,B013,2018-08-31,725
C007588,Mass Affluent,29,638786,Self-Employed,Female,B019,2015-05-02,768
C007589,Retail,26,385845,Salaried,Female,B018,2015-01-11,785
C007590,Retail,25,199659,Self-Employed,Male,B003,2020-06-24,699
C007591,Affluent,29,978946,Business,Male,B003,2021-02-06,837
C007592,Retail,48,536219,Salaried,Female,B017,2021-09-26,737
C007593,SME,41,255178,Retired,Female,B007,2020-02-02,740
C007594,Affluent,49,180000,Self-Employed,Female,B002,2016-01-23,719
C007595,Affluent,20,744771,Business,Female,B005,2015-08-08,662
C007596,Affluent,42,397009,Salaried,Female,B009,2018-03-06,705
C007597,Affluent,42,284938,Salaried,Male,B003,2021-06-18,749
C007598,Affluent,52,1290359,Self-Employed,Female,B008,2023-11-12,761
C007599,Mass Affluent,34,180000,Salaried,Male,B004,2017-08-18,721
C007600,Retail,34,510080,Business,Female,B003,2021-10-02,645
C007601,Affluent,56,961018,Self-Employed,Female,B018,2016-03-06,660
C007602,Affluent,37,824292,Salaried,Male,B015,2020-09-12,840
C007603,Retail,41,257155,Salaried,Male,B011,2015-11-15,726
C007604,Retail,44,1412612,Business,Female,B005,2019-10-02,797
C007605,Mass Affluent,21,1509976,Business,Male,B016,2015-10-02,877
C007606,Retail,39,1167712,Business,Male,B019,2018-12-04,634
C007607,SME,25,341584,Salaried,Other,B004,2018-04-12,655
C007608,SME,38,518260,Business,Male,B011,2018-08-28,723
C007609,Retail,36,1359230,Salaried,Male,B012,2021-05-02,669
C007610,Mass Affluent,33,800795,Salaried,Male,B005,2022-05-03,719
C007611,Retail,46,396271,Salaried,Male,B010,2016-11-13,666
C007612,Mass Affluent,40,522511,Business,Male,B010,2016-07-05,695
C007613,Retail,27,222702,Self-Employed,Female,B019,2015-07-02,723
C007614,Mass Affluent,27,1266374,Salaried,Male,B005,2016-03-17,662
C007615,Retail,48,561537,Self-Employed,Female,B005,2019-12-28,733
C007616,Retail,39,1862873,Business,Male,B004,2016-05-04,679
C007617,Retail,23,183103,Self-Employed,Male,B004,2023-07-16,693
C007618,Retail,34,319083,Business,Female,B002,2023-04-09,759
C007619,Mass Affluent,37,579755,Self-Employed,Male,B003,2021-05-29,734
C007620,Retail,25,2609223,Salaried,Female,B004,2020-10-27,762
C007621,Mass Affluent,32,631072,Business,Female,B008,2018-04-23,751
C007622,Affluent,49,366156,Salaried,Male,B009,2016-09-02,648
C007623,Affluent,66,606973,Business,Female,B008,2017-06-17,705
C007624,Affluent,42,386698,Salaried,Male,B012,2019-08-20,678
C007625,SME,24,1109912,Business,Male,B010,2016-07-10,717
C007626,Retail,37,1050271,Retired,Female,B005,2022-03-31,698
C007627,Retail,40,1708878,Salaried,Male,B005,2021-07-04,756
C007628,Mass Affluent,48,206341,Salaried,Male,B015,2020-08-06,781
C007629,Affluent,48,185608,Business,Male,B020,2019-03-18,683
C007630,SME,54,515704,Salaried,Female,B003,2016-02-03,685
C007631,Retail,39,1019647,Salaried,Female,B002,2016-10-19,791
C007632,Retail,39,1167877,Self-Employed,Male,B015,2019-11-18,807
C007633,Retail,18,701327,Salaried,Male,B013,2020-08-12,749
C007634,Affluent,28,1018470,Salaried,Female,B012,2019-10-27,659
C007635,Mass Affluent,24,1606271,Retired,Male,B014,2018-08-30,769
C007636,Retail,30,359561,Self-Employed,Male,B012,2018-09-12,771
C007637,Retail,26,1557047,Business,Female,B015,2018-10-05,807
C007638,Mass Affluent,27,1588194,Business,Male,B013,2021-03-16,694
C007639,Affluent,51,419119,Salaried,Male,B003,2022-06-11,832
C007640,Retail,18,323753,Business,Other,B015,2019-07-20,635
C007641,Affluent,37,981937,Business,Male,B020,2020-03-11,775
C007642,Mass Affluent,49,2188254,Salaried,Female,B018,2021-06-04,776
C007643,Affluent,36,346551,Retired,Female,B006,2022-06-07,781
C007644,Affluent,54,2090461,Salaried,Male,B015,2021-01-11,588
C007645,Retail,32,321379,Retired,Female,B012,2019-07-12,625
C007646,Retail,58,520067,Business,Female,B002,2023-04-25,761
C007647,Mass Affluent,22,287949,Salaried,Female,B005,2017-10-23,778
C007648,Retail,54,793868,Salaried,Female,B017,2017-05-20,692
C007649,Affluent,29,655308,Salaried,Male,B013,2020-07-28,707
C007650,Mass Affluent,55,619688,Salaried,Female,B013,2016-10-14,705
C007651,Affluent,34,398990,Salaried,Male,B004,2022-12-22,679
C007652,Retail,51,454504,Business,Female,B016,2017-12-19,880
C007653,Retail,53,574626,Self-Employed,Female,B008,2016-08-18,785
C007654,Mass Affluent,33,506361,Business,Male,B003,2018-05-06,652
C007655,Retail,50,583581,Salaried,Male,B020,2021-08-07,771
C007656,Mass Affluent,39,226828,Salaried,Male,B002,2017-04-28,644
C007657,Affluent,23,180000,Salaried,Female,B003,2023-01-17,709
C007658,Retail,45,751793,Salaried,Male,B011,2020-01-13,656
C007659,Affluent,28,767905,Salaried,Female,B011,2023-11-07,605
C007660,Retail,32,698721,Self-Employed,Male,B010,2022-01-09,746
C007661,Retail,29,845538,Business,Male,B011,2023-01-12,716
C007662,SME,43,447048,Self-Employed,Female,B017,2021-10-31,743
C007663,SME,28,477386,Salaried,Female,B007,2016-05-03,621
C007664,Mass Affluent,26,439728,Business,Male,B001,2020-02-13,888
C007665,SME,28,184999,Salaried,Male,B020,2017-10-02,696
C007666,Mass Affluent,31,871770,Salaried,Male,B015,2023-05-25,787
C007667,Retail,44,999647,Retired,Female,B007,2021-11-07,716
C007668,Retail,49,1099527,Salaried,Female,B004,2023-03-14,718
C007669,SME,49,490252,Salaried,Male,B003,2021-06-28,656
C007670,Retail,39,376356,Salaried,Other,B020,2017-05-18,868
C007671,Mass Affluent,38,441907,Salaried,Male,B003,2018-11-30,884
C007672,Mass Affluent,37,429170,Salaried,Female,B020,2023-05-04,685
C007673,Mass Affluent,44,180000,Self-Employed,Male,B010,2022-10-10,738
C007674,Retail,51,727833,Business,Male,B003,2018-05-13,720
C007675,Retail,37,1038269,Self-Employed,Male,B005,2020-06-19,808
C007676,Retail,45,690718,Salaried,Female,B020,2015-11-17,846
C007677,Mass Affluent,25,608859,Business,Male,B019,2023-11-27,626
C007678,Mass Affluent,48,399101,Business,Male,B010,2018-02-25,570
C007679,Mass Affluent,41,984611,Salaried,Male,B009,2017-07-25,689
C007680,Mass Affluent,28,566764,Self-Employed,Female,B011,2020-11-17,653
C007681,Retail,51,271715,Salaried,Male,B001,2022-10-18,696
C007682,Affluent,25,1417986,Self-Employed,Female,B020,2019-05-24,761
C007683,Mass Affluent,18,913486,Retired,Male,B013,2020-07-25,798
C007684,Retail,48,1759217,Retired,Male,B004,2015-11-23,718
C007685,Retail,43,1277623,Salaried,Male,B010,2015-08-30,781
C007686,Affluent,26,400204,Salaried,Female,B004,2020-09-23,698
C007687,Affluent,43,498509,Salaried,Female,B008,2017-11-21,811
C007688,Retail,52,1157982,Salaried,Male,B017,2022-01-31,632
C007689,Mass Affluent,42,279500,Salaried,Female,B002,2018-10-08,729
C007690,Retail,66,1760336,Retired,Female,B007,2017-01-19,589
C007691,Retail,30,742325,Salaried,Female,B003,2022-09-30,741
C007692,Mass Affluent,18,1027725,Salaried,Male,B011,2022-05-24,740
C007693,Mass Affluent,23,740163,Salaried,Female,B018,2018-12-28,614
C007694,Affluent,18,621187,Business,Female,B006,2023-11-14,728
C007695,Retail,63,496806,Retired,Female,B020,2020-04-04,751
C007696,Retail,39,545500,Business,Male,B014,2020-11-30,795
C007697,Retail,60,180000,Salaried,Male,B013,2022-04-26,816
C007698,Retail,35,864995,Salaried,Female,B002,2021-11-27,722
C007699,Retail,29,2472800,Salaried,Male,B016,2018-08-02,746
C007700,Retail,20,350008,Business,Male,B008,2019-04-19,626
C007701,Retail,35,231054,Salaried,Male,B015,2023-05-31,728
C007702,Retail,48,1663416,Retired,Male,B013,2021-10-01,746
C007703,Mass Affluent,37,766905,Business,Male,B001,2015-07-06,693
C007704,Retail,21,1080263,Salaried,Female,B002,2020-04-10,726
C007705,Retail,46,832202,Salaried,Male,B004,2016-03-24,749
C007706,Mass Affluent,48,328376,Self-Employed,Female,B013,2022-06-22,637
C007707,Retail,33,1083212,Salaried,Female,B012,2017-09-04,761
C007708,Mass Affluent,32,435497,Salaried,Female,B012,2017-01-23,741
C007709,Retail,20,350740,Self-Employed,Female,B001,2018-07-22,696
C007710,Retail,46,908605,Business,Male,B006,2017-06-27,783
C007711,Retail,34,671311,Retired,Female,B011,2015-01-23,695
C007712,Retail,18,784830,Salaried,Female,B016,2023-08-04,854
C007713,Mass Affluent,23,766843,Business,Male,B002,2018-01-14,767
C007714,SME,45,1029289,Self-Employed,Female,B003,2023-02-27,718
C007715,Retail,35,1393805,Salaried,Male,B011,2022-07-22,772
C007716,Retail,27,688441,Self-Employed,Female,B009,2018-01-15,783
C007717,Mass Affluent,40,1534437,Retired,Male,B007,2015-11-24,655
C007718,Retail,30,1252039,Salaried,Female,B004,2020-05-30,708
C007719,Affluent,32,970474,Salaried,Male,B010,2022-12-14,682
C007720,Retail,36,412955,Self-Employed,Male,B001,2023-03-27,876
C007721,SME,58,1134262,Salaried,Male,B013,2019-07-05,608
C007722,Retail,57,792231,Business,Male,B004,2018-03-08,767
C007723,Retail,18,250741,Self-Employed,Male,B013,2021-04-01,676
C007724,Affluent,38,277872,Business,Male,B011,2017-02-12,663
C007725,Mass Affluent,23,272380,Salaried,Female,B015,2017-05-23,747
C007726,Mass Affluent,27,276269,Business,Male,B013,2023-05-08,729
C007727,Mass Affluent,19,294348,Salaried,Male,B004,2017-10-06,775
C007728,Mass Affluent,29,1033461,Salaried,Male,B006,2020-01-11,738
C007729,Retail,26,632914,Business,Male,B002,2019-10-11,666
C007730,Mass Affluent,50,1065035,Self-Employed,Female,B002,2021-03-25,793
C007731,Retail,30,289725,Salaried,Male,B006,2019-09-17,724
C007732,Affluent,18,220242,Salaried,Male,B003,2015-03-23,659
C007733,SME,39,342361,Salaried,Male,B020,2016-11-03,662
C007734,Retail,37,941361,Retired,Female,B011,2021-02-14,694
C007735,Retail,36,975747,Business,Male,B015,2015-01-18,832
C007736,Retail,46,517659,Salaried,Male,B009,2017-10-27,538
C007737,Retail,53,739895,Salaried,Other,B007,2018-08-01,766
C007738,SME,36,431662,Salaried,Female,B015,2018-05-05,761
C007739,Retail,42,374378,Business,Female,B010,2016-02-04,778
C007740,Retail,36,776972,Salaried,Female,B011,2017-01-04,716
C007741,Affluent,45,923164,Salaried,Male,B002,2023-04-01,697
C007742,Affluent,23,1921303,Self-Employed,Male,B014,2015-03-15,819
C007743,Mass Affluent,46,313549,Business,Male,B016,2016-02-17,626
C007744,Mass Affluent,42,289106,Self-Employed,Female,B009,2016-02-17,643
C007745,Mass Affluent,28,434834,Business,Male,B016,2017-11-05,579
C007746,SME,63,893823,Business,Male,B001,2015-09-17,690
C007747,Mass Affluent,24,2212725,Self-Employed,Female,B002,2017-12-24,894
C007748,Mass Affluent,43,657868,Salaried,Female,B007,2017-12-31,650
C007749,Retail,28,342598,Self-Employed,Male,B012,2017-09-14,751
C007750,Retail,45,286155,Salaried,Female,B018,2016-10-02,685
C007751,Mass Affluent,61,410894,Salaried,Female,B006,2016-05-20,704
C007752,SME,48,696472,Business,Male,B002,2019-10-22,655
C007753,Affluent,38,953474,Business,Male,B014,2018-02-28,684
C007754,SME,49,691599,Salaried,Female,B016,2022-09-02,659
C007755,Mass Affluent,33,375790,Salaried,Male,B010,2015-03-07,834
C007756,Affluent,44,256408,Salaried,Female,B005,2019-06-13,701
C007757,Affluent,40,918932,Salaried,Female,B016,2022-11-12,618
C007758,Mass Affluent,26,419467,Salaried,Female,B007,2018-10-12,813
C007759,Retail,58,442662,Self-Employed,Male,B015,2019-01-22,605
C007760,Retail,53,310388,Business,Male,B013,2017-05-27,771
C007761,Affluent,30,218491,Retired,Male,B017,2018-02-03,716
C007762,Retail,50,1747838,Salaried,Male,B018,2017-11-28,807
C007763,SME,26,391048,Salaried,Male,B018,2016-05-02,652
C007764,Retail,44,180000,Self-Employed,Male,B017,2022-05-07,799
C007765,Mass Affluent,40,667031,Salaried,Male,B003,2018-02-18,756
C007766,Mass Affluent,57,544876,Business,Male,B012,2016-08-18,735
C007767,Mass Affluent,43,180000,Salaried,Female,B006,2021-03-06,735
C007768,Retail,22,1259486,Self-Employed,Male,B012,2022-09-23,656
C007769,SME,50,922823,Salaried,Male,B011,2017-08-08,900
C007770,Mass Affluent,34,1037492,Salaried,Female,B009,2015-04-22,725
C007771,Retail,34,714086,Self-Employed,Female,B019,2018-11-25,707
C007772,Mass Affluent,39,257152,Self-Employed,Female,B019,2022-03-12,695
C007773,Retail,33,576212,Business,Female,B002,2020-01-02,743
C007774,Retail,59,438957,Salaried,Female,B013,2017-06-10,747
C007775,Retail,48,393213,Salaried,Male,B018,2017-01-03,765
C007776,Affluent,26,1738159,Salaried,Male,B004,2015-01-01,704
C007777,Mass Affluent,31,315010,Salaried,Male,B014,2017-01-28,767
C007778,Mass Affluent,25,444026,Self-Employed,Male,B014,2018-08-07,788
C007779,Retail,50,614902,Salaried,Male,B005,2023-08-14,845
C007780,Retail,38,775062,Salaried,Female,B019,2016-02-05,741
C007781,SME,28,1802480,Salaried,Female,B002,2022-06-08,788
C007782,Mass Affluent,56,539501,Retired,Female,B016,2017-01-19,651
C007783,SME,45,724893,Business,Male,B006,2017-08-08,702
C007784,Retail,41,274277,Business,Male,B011,2022-10-21,629
C007785,Retail,41,872195,Salaried,Female,B012,2017-06-14,637
C007786,Affluent,24,2111127,Salaried,Female,B013,2022-01-22,726
C007787,Mass Affluent,45,454465,Salaried,Male,B010,2023-08-31,762
C007788,Retail,34,1011205,Salaried,Male,B014,2021-12-21,757
C007789,Retail,49,239887,Business,Male,B004,2022-03-24,671
C007790,Affluent,46,479464,Salaried,Male,B002,2022-09-20,776
C007791,Retail,38,495325,Retired,Male,B019,2022-04-26,642
C007792,Mass Affluent,38,754294,Self-Employed,Male,B019,2015-04-25,677
C007793,Retail,57,547949,Salaried,Male,B015,2022-03-06,715
C007794,Retail,24,1250040,Salaried,Female,B009,2019-07-23,663
C007795,SME,33,429682,Business,Male,B004,2022-12-08,669
C007796,Retail,52,964859,Salaried,Female,B013,2023-09-23,742
C007797,Mass Affluent,55,666380,Salaried,Male,B009,2023-09-15,692
C007798,Affluent,37,297599,Salaried,Male,B012,2018-05-26,710
C007799,Retail,31,180000,Self-Employed,Female,B014,2016-12-16,832
C007800,Retail,32,660012,Salaried,Female,B012,2015-02-06,775
C007801,Mass Affluent,23,384502,Salaried,Female,B013,2020-07-04,720
C007802,Retail,61,717582,Salaried,Female,B018,2020-09-14,679
C007803,Retail,37,264430,Salaried,Male,B005,2021-06-30,794
C007804,Retail,44,848717,Salaried,Female,B019,2016-10-04,648
C007805,Mass Affluent,44,1663101,Salaried,Female,B003,2021-09-12,694
C007806,Mass Affluent,55,513539,Salaried,Female,B017,2023-03-30,721
C007807,Mass Affluent,34,180000,Salaried,Female,B020,2015-11-29,714
C007808,Retail,35,578662,Salaried,Female,B007,2022-07-19,598
C007809,Mass Affluent,48,377584,Salaried,Female,B003,2021-05-15,733
C007810,SME,19,324114,Salaried,Male,B007,2015-02-16,789
C007811,Mass Affluent,55,523581,Business,Female,B006,2023-12-30,743
C007812,Mass Affluent,58,1146815,Self-Employed,Female,B014,2020-01-07,787
C007813,Mass Affluent,42,412382,Business,Male,B001,2022-08-09,714
C007814,Affluent,29,944123,Self-Employed,Female,B014,2020-01-13,779
C007815,SME,48,521543,Salaried,Female,B011,2021-01-15,626
C007816,Retail,37,565710,Salaried,Male,B009,2015-02-04,832
C007817,Retail,41,1220007,Business,Female,B010,2020-04-10,822
C007818,Retail,41,500274,Business,Male,B011,2021-12-10,772
C007819,Retail,32,987224,Salaried,Male,B018,2022-11-12,757
C007820,Retail,43,517569,Salaried,Female,B017,2019-10-26,576
C007821,Affluent,23,863227,Business,Male,B014,2016-05-24,647
C007822,Retail,18,504892,Salaried,Male,B017,2022-04-30,745
C007823,Mass Affluent,43,670612,Salaried,Female,B007,2023-02-13,667
C007824,Mass Affluent,50,709177,Salaried,Female,B008,2022-06-01,776
C007825,Retail,33,930888,Salaried,Male,B008,2018-06-14,708
C007826,SME,33,819594,Self-Employed,Male,B019,2018-10-14,678
C007827,Affluent,46,346587,Business,Female,B005,2019-05-04,728
C007828,Retail,39,1958681,Business,Male,B007,2023-07-16,597
C007829,Retail,33,610295,Salaried,Female,B013,2023-09-08,606
C007830,Retail,42,1087869,Self-Employed,Female,B015,2020-04-30,692
C007831,Mass Affluent,39,180000,Salaried,Female,B014,2022-09-26,693
C007832,Retail,25,1011445,Retired,Female,B015,2022-03-30,700
C007833,Mass Affluent,38,986714,Salaried,Male,B014,2023-03-14,702
C007834,Affluent,41,698548,Business,Male,B013,2016-02-06,520
C007835,Retail,33,180000,Self-Employed,Male,B020,2020-06-10,738
C007836,Affluent,49,375218,Retired,Female,B004,2019-11-08,808
C007837,Retail,44,308431,Retired,Male,B009,2022-12-24,660
C007838,SME,36,1277662,Salaried,Male,B014,2023-05-04,733
C007839,Retail,40,274441,Salaried,Male,B017,2021-05-30,800
C007840,Mass Affluent,35,860172,Salaried,Female,B001,2022-02-08,680
C007841,Retail,37,497042,Salaried,Male,B001,2022-07-18,593
C007842,Affluent,37,1212995,Business,Female,B004,2015-08-25,806
C007843,Mass Affluent,20,696257,Salaried,Male,B020,2019-05-29,651
C007844,Retail,39,394395,Salaried,Female,B008,2017-05-13,708
C007845,Mass Affluent,43,362688,Salaried,Male,B005,2017-04-21,646
C007846,Retail,66,450261,Salaried,Female,B014,2022-08-26,651
C007847,Mass Affluent,44,180000,Business,Female,B020,2015-11-26,662
C007848,Affluent,32,1896508,Self-Employed,Male,B014,2016-04-03,755
C007849,Retail,21,1409457,Salaried,Male,B002,2019-07-08,776
C007850,Retail,27,627124,Salaried,Female,B012,2019-11-02,789
C007851,Retail,34,1105089,Retired,Male,B018,2019-07-31,750
C007852,Mass Affluent,34,586026,Salaried,Male,B006,2023-06-12,655
C007853,Retail,36,796744,Retired,Female,B009,2015-07-04,670
C007854,Retail,35,1139582,Business,Male,B009,2017-09-28,698
C007855,Retail,36,513853,Self-Employed,Female,B004,2015-03-23,807
C007856,Retail,34,992280,Business,Male,B010,2018-10-22,756
C007857,SME,39,186619,Salaried,Female,B012,2015-11-09,724
C007858,Retail,29,689800,Business,Male,B008,2023-11-11,757
C007859,Mass Affluent,25,594409,Salaried,Male,B020,2023-03-10,627
C007860,Affluent,36,480981,Salaried,Female,B016,2016-06-06,888
C007861,Mass Affluent,44,524566,Salaried,Male,B012,2020-05-01,663
C007862,Retail,27,512692,Salaried,Female,B017,2019-03-22,690
C007863,Mass Affluent,33,1232905,Salaried,Female,B017,2017-06-28,648
C007864,Affluent,37,577715,Business,Male,B019,2022-06-27,633
C007865,Retail,37,3754749,Business,Female,B007,2019-12-26,678
C007866,Retail,47,325787,Retired,Female,B020,2015-04-13,747
C007867,Retail,49,860477,Salaried,Male,B004,2019-08-06,728
C007868,Retail,41,1073400,Salaried,Male,B020,2019-09-16,639
C007869,Retail,52,465774,Business,Female,B009,2020-02-04,612
C007870,Mass Affluent,35,272638,Business,Female,B012,2020-07-28,607
C007871,Retail,48,447393,Self-Employed,Female,B013,2018-03-28,790
C007872,Mass Affluent,32,254231,Business,Female,B009,2022-10-05,811
C007873,Mass Affluent,42,351298,Salaried,Other,B011,2019-11-14,727
C007874,Retail,46,771685,Salaried,Male,B005,2023-10-23,734
C007875,Mass Affluent,40,3230683,Business,Female,B008,2023-12-02,638
C007876,Retail,28,1853902,Business,Male,B020,2016-12-10,747
C007877,SME,21,404121,Salaried,Female,B012,2023-12-17,691
C007878,Retail,45,1109440,Salaried,Female,B016,2015-01-30,477
C007879,Mass Affluent,36,473701,Self-Employed,Female,B010,2023-11-09,625
C007880,Affluent,37,340834,Business,Female,B015,2016-06-12,818
C007881,Retail,56,568595,Salaried,Female,B012,2022-08-25,789
C007882,Retail,29,180000,Business,Male,B014,2023-02-07,712
C007883,Mass Affluent,47,201235,Salaried,Male,B013,2018-06-02,740
C007884,Retail,31,1086182,Salaried,Female,B016,2021-06-29,687
C007885,Affluent,37,1456052,Salaried,Male,B010,2019-02-11,692
C007886,SME,27,180000,Business,Male,B008,2017-03-11,706
C007887,Retail,31,1547206,Salaried,Male,B020,2021-12-28,640
C007888,Retail,44,1274146,Salaried,Female,B014,2017-01-23,760
C007889,Retail,53,478339,Salaried,Female,B005,2018-06-21,792
C007890,Retail,44,806476,Salaried,Male,B006,2022-09-27,759
C007891,Affluent,42,1955041,Salaried,Male,B009,2017-02-10,783
C007892,Affluent,67,1331165,Salaried,Male,B013,2023-12-07,719
C007893,Retail,45,827231,Salaried,Female,B013,2018-06-20,626
C007894,Retail,29,397423,Self-Employed,Male,B002,2016-05-31,729
C007895,Retail,20,459593,Salaried,Male,B013,2018-04-30,790
C007896,Retail,43,945279,Business,Male,B002,2022-12-10,803
C007897,Affluent,24,853300,Salaried,Female,B015,2022-07-27,780
C007898,Retail,28,1276876,Business,Male,B012,2019-07-26,742
C007899,Affluent,42,234580,Salaried,Female,B010,2020-07-18,851
C007900,Mass Affluent,50,801234,Business,Male,B004,2022-04-27,738
C007901,Mass Affluent,36,957634,Salaried,Female,B008,2015-10-18,628
C007902,Retail,26,512602,Salaried,Female,B004,2023-06-25,683
C007903,Mass Affluent,37,2822093,Salaried,Male,B002,2016-10-27,729
C007904,Mass Affluent,36,342035,Salaried,Male,B018,2015-02-06,577
C007905,Affluent,40,578477,Self-Employed,Male,B018,2016-10-12,698
C007906,Retail,26,964918,Self-Employed,Male,B014,2020-10-14,797
C007907,Retail,30,1051743,Business,Female,B010,2018-11-08,813
C007908,Mass Affluent,50,511547,Self-Employed,Male,B012,2017-11-20,737
C007909,Retail,47,510943,Salaried,Female,B008,2016-02-06,706
C007910,Retail,52,944915,Retired,Male,B017,2021-02-28,761
C007911,SME,19,811366,Self-Employed,Female,B012,2017-10-20,742
C007912,Retail,29,637017,Salaried,Male,B020,2019-04-29,633
C007913,Retail,50,180000,Retired,Female,B003,2023-03-21,701
C007914,Retail,46,660468,Retired,Female,B010,2019-02-12,750
C007915,Mass Affluent,43,1714464,Salaried,Female,B011,2021-08-20,456
C007916,Retail,35,880129,Salaried,Male,B014,2021-12-28,710
C007917,Mass Affluent,32,362380,Salaried,Female,B007,2018-04-14,714
C007918,Retail,39,232472,Self-Employed,Female,B005,2019-02-28,774
C007919,Retail,34,1118936,Self-Employed,Male,B001,2023-04-18,641
C007920,Mass Affluent,45,445003,Self-Employed,Female,B012,2016-11-06,728
C007921,Retail,39,1429148,Self-Employed,Male,B016,2018-07-11,577
C007922,SME,28,1408033,Salaried,Male,B006,2023-07-05,682
C007923,Retail,46,544704,Salaried,Female,B020,2023-09-14,723
C007924,Retail,53,741147,Business,Male,B010,2020-09-03,613
C007925,Retail,54,803792,Business,Female,B015,2016-02-28,676
C007926,Retail,46,275010,Salaried,Female,B015,2019-02-11,757
C007927,SME,47,1819212,Salaried,Male,B006,2023-05-05,771
C007928,Affluent,26,829890,Salaried,Female,B001,2019-07-03,767
C007929,Retail,32,662753,Salaried,Male,B006,2022-06-23,614
C007930,Mass Affluent,37,1139273,Salaried,Male,B013,2018-03-24,639
C007931,Mass Affluent,46,731572,Salaried,Male,B011,2016-05-03,712
C007932,Retail,32,295869,Salaried,Other,B020,2021-10-05,688
C007933,Retail,36,355432,Business,Male,B020,2015-04-19,705
C007934,SME,45,180000,Business,Male,B020,2022-05-03,667
C007935,SME,41,626328,Business,Male,B012,2022-08-08,844
C007936,SME,43,859242,Self-Employed,Male,B014,2023-10-22,641
C007937,Affluent,30,531157,Self-Employed,Female,B009,2020-04-16,774
C007938,Mass Affluent,35,283086,Salaried,Female,B013,2017-05-02,810
C007939,Retail,34,434908,Salaried,Male,B004,2021-07-10,657
C007940,Retail,39,472099,Self-Employed,Female,B009,2016-09-20,820
C007941,Retail,34,1054401,Salaried,Male,B001,2022-01-27,845
C007942,Mass Affluent,33,1521746,Salaried,Female,B008,2016-03-23,695
C007943,Affluent,40,180000,Self-Employed,Female,B002,2015-04-27,752
C007944,Affluent,62,570034,Salaried,Male,B013,2017-10-01,667
C007945,SME,45,405152,Business,Male,B013,2023-08-01,818
C007946,Affluent,19,506480,Business,Female,B001,2019-11-23,593
C007947,SME,43,1037202,Salaried,Female,B001,2022-08-21,652
C007948,Retail,33,433655,Salaried,Male,B006,2016-05-02,780
C007949,Affluent,29,936179,Salaried,Female,B016,2023-10-27,768
C007950,Mass Affluent,47,2189257,Business,Female,B017,2022-04-19,729
C007951,Retail,40,447768,Salaried,Female,B013,2015-06-30,785
C007952,SME,66,521062,Salaried,Female,B018,2021-07-05,585
C007953,Affluent,38,513527,Salaried,Male,B003,2018-07-15,781
C007954,Retail,37,2831250,Salaried,Male,B015,2023-09-11,739
C007955,Retail,52,433485,Business,Male,B002,2017-02-28,773
C007956,Mass Affluent,39,1559950,Salaried,Male,B006,2018-04-05,693
C007957,Mass Affluent,27,586159,Business,Female,B020,2022-02-19,804
C007958,SME,29,670219,Self-Employed,Male,B014,2020-06-06,787
C007959,Retail,35,1027967,Salaried,Male,B018,2019-04-29,707
C007960,Retail,46,470911,Business,Female,B004,2017-11-05,680
C007961,Retail,53,1136341,Business,Female,B008,2020-01-25,731
C007962,Retail,48,501200,Business,Female,B002,2021-12-18,650
C007963,Retail,45,299580,Self-Employed,Male,B002,2020-09-12,698
C007964,SME,51,1161864,Self-Employed,Male,B017,2022-07-30,801
C007965,Retail,46,892153,Salaried,Male,B004,2017-08-31,669
C007966,Retail,29,409918,Retired,Female,B016,2017-08-23,648
C007967,Retail,37,1269300,Salaried,Male,B002,2022-02-27,824
C007968,Retail,33,316425,Salaried,Male,B019,2017-06-06,748
C007969,Affluent,53,789821,Salaried,Male,B006,2019-11-24,745
C007970,Mass Affluent,28,199671,Salaried,Male,B002,2018-10-25,731
C007971,Affluent,29,465866,Self-Employed,Male,B009,2020-10-22,663
C007972,Retail,41,347058,Salaried,Female,B006,2019-04-09,829
C007973,Retail,60,264649,Business,Male,B006,2016-09-14,699
C007974,Retail,47,609636,Business,Male,B008,2018-06-19,574
C007975,Retail,50,744539,Salaried,Male,B001,2016-04-01,688
C007976,Affluent,27,894751,Salaried,Female,B016,2021-04-06,822
C007977,Retail,46,600656,Salaried,Male,B010,2018-11-24,712
C007978,Mass Affluent,27,793926,Business,Female,B019,2023-10-07,812
C007979,Retail,47,289139,Salaried,Male,B018,2022-06-11,732
C007980,Mass Affluent,22,338580,Salaried,Male,B016,2023-08-01,681
C007981,SME,35,593091,Retired,Female,B001,2017-12-06,672
C007982,Mass Affluent,18,339495,Self-Employed,Male,B015,2022-01-22,794
C007983,Mass Affluent,29,602166,Salaried,Male,B016,2023-06-10,763
C007984,SME,23,393242,Business,Male,B011,2021-08-21,634
C007985,Mass Affluent,46,541253,Business,Male,B006,2021-03-20,770
C007986,Retail,40,203373,Salaried,Female,B014,2020-04-11,702
C007987,Retail,34,197163,Salaried,Male,B016,2015-03-15,704
C007988,Mass Affluent,40,376479,Salaried,Male,B004,2020-12-21,829
C007989,Mass Affluent,30,253290,Business,Male,B008,2019-11-14,860
C007990,Retail,43,180000,Salaried,Female,B019,2019-06-23,668
C007991,Retail,38,821065,Salaried,Male,B019,2015-11-02,569
C007992,SME,64,1128105,Self-Employed,Male,B001,2020-03-10,732
C007993,Retail,57,1059770,Self-Employed,Female,B003,2018-06-27,794
C007994,Retail,49,546260,Business,Female,B008,2022-02-01,703
C007995,Retail,42,539084,Business,Male,B013,2021-05-13,677
C007996,Affluent,44,639995,Business,Other,B019,2023-11-15,649
C007997,Retail,53,392063,Salaried,Male,B001,2017-04-16,724
C007998,Mass Affluent,42,181135,Business,Female,B013,2018-05-05,621
C007999,Retail,43,1298270,Salaried,Female,B010,2022-04-01,697
C008000,Mass Affluent,33,605622,Salaried,Male,B016,2016-03-15,696
C008001,Affluent,31,581904,Self-Employed,Female,B009,2022-10-14,756
C008002,Retail,38,488373,Business,Female,B002,2023-11-08,779
C008003,Mass Affluent,18,882531,Self-Employed,Female,B008,2020-10-04,689
C008004,Retail,39,555674,Salaried,Female,B003,2015-07-02,636
C008005,Retail,36,436518,Salaried,Male,B020,2023-03-07,629
C008006,Affluent,49,482398,Salaried,Male,B002,2018-05-22,785
C008007,Retail,52,625853,Business,Male,B004,2023-06-28,824
C008008,Mass Affluent,67,283635,Salaried,Female,B016,2023-06-02,634
C008009,Retail,45,1504443,Salaried,Male,B008,2015-11-21,852
C008010,Retail,41,404367,Business,Female,B015,2023-05-16,851
C008011,Retail,33,357833,Salaried,Male,B016,2022-09-27,661
C008012,Mass Affluent,27,469318,Salaried,Male,B018,2019-11-25,709
C008013,Retail,49,1083425,Self-Employed,Male,B010,2021-02-01,772
C008014,Mass Affluent,39,503911,Salaried,Male,B019,2022-04-18,717
C008015,Retail,44,1278785,Salaried,Male,B014,2017-08-06,694
C008016,Retail,39,484271,Self-Employed,Male,B019,2018-03-23,797
C008017,Affluent,39,238267,Salaried,Male,B014,2016-01-28,771
C008018,Affluent,41,348699,Business,Other,B003,2018-10-19,658
C008019,Retail,44,384122,Retired,Female,B014,2021-08-02,759
C008020,Mass Affluent,49,914619,Business,Male,B002,2020-07-21,743
C008021,Retail,25,445427,Salaried,Female,B002,2017-12-15,710
C008022,Affluent,45,278548,Salaried,Male,B003,2018-07-31,689
C008023,Affluent,25,234161,Salaried,Male,B002,2019-08-14,653
C008024,Affluent,47,182437,Salaried,Male,B006,2020-05-04,702
C008025,Affluent,43,3367033,Salaried,Male,B004,2020-06-08,686
C008026,Retail,38,368648,Salaried,Female,B001,2018-04-27,757
C008027,Affluent,39,800075,Salaried,Male,B003,2019-06-06,811
C008028,Mass Affluent,41,273843,Business,Female,B016,2017-11-05,693
C008029,Retail,51,1332612,Salaried,Female,B015,2021-02-12,740
C008030,Retail,50,343638,Business,Male,B011,2017-01-15,657
C008031,SME,49,2024158,Salaried,Male,B019,2023-11-22,715
C008032,Affluent,24,2161788,Business,Male,B004,2021-05-09,769
C008033,Retail,45,290588,Self-Employed,Male,B001,2021-12-17,710
C008034,Mass Affluent,18,1342522,Salaried,Male,B002,2022-04-08,697
C008035,Affluent,18,2032946,Salaried,Male,B010,2020-07-11,694
C008036,Retail,51,211705,Self-Employed,Female,B003,2015-08-04,744
C008037,Retail,23,228216,Salaried,Female,B017,2019-09-01,714
C008038,Mass Affluent,37,180000,Salaried,Male,B012,2018-08-09,661
C008039,Retail,54,325747,Salaried,Female,B002,2020-11-30,795
C008040,Retail,45,312100,Salaried,Male,B013,2020-09-08,677
C008041,Mass Affluent,43,482913,Self-Employed,Female,B004,2021-07-13,808
C008042,SME,38,261672,Salaried,Male,B015,2018-05-27,636
C008043,Mass Affluent,40,940636,Business,Female,B017,2017-09-06,865
C008044,Affluent,32,612003,Salaried,Female,B011,2023-07-16,810
C008045,Retail,34,790592,Business,Female,B001,2019-12-25,641
C008046,Retail,40,1171643,Salaried,Female,B002,2023-02-12,722
C008047,Mass Affluent,42,711899,Self-Employed,Male,B010,2015-02-10,725
C008048,Retail,37,518744,Salaried,Male,B007,2018-06-30,670
C008049,Affluent,18,351798,Business,Male,B011,2020-01-11,811
C008050,Retail,56,1075256,Salaried,Male,B019,2015-12-19,781
C008051,Retail,49,715315,Business,Male,B010,2016-09-15,787
C008052,Retail,37,691688,Salaried,Female,B002,2015-07-20,782
C008053,SME,50,404853,Salaried,Female,B014,2019-01-11,678
C008054,Retail,35,729293,Salaried,Male,B007,2021-03-13,746
C008055,Retail,42,360998,Business,Female,B013,2022-05-24,758
C008056,Retail,18,733946,Salaried,Female,B002,2015-08-10,646
C008057,Affluent,42,505130,Self-Employed,Male,B006,2020-07-22,689
C008058,Retail,36,955314,Salaried,Male,B001,2023-11-17,748
C008059,Retail,41,253006,Salaried,Female,B011,2015-08-13,629
C008060,Retail,58,618842,Business,Male,B007,2020-12-06,735
C008061,Mass Affluent,39,947433,Salaried,Male,B005,2018-02-07,714
C008062,Retail,34,629799,Salaried,Female,B018,2020-03-23,618
C008063,Retail,34,238035,Salaried,Male,B020,2022-03-02,774
C008064,Retail,23,369807,Salaried,Female,B012,2021-11-24,847
C008065,Mass Affluent,43,1367350,Salaried,Female,B018,2023-09-21,701
C008066,Mass Affluent,45,573023,Salaried,Female,B009,2023-12-07,684
C008067,Mass Affluent,40,352268,Salaried,Female,B002,2019-03-17,732
C008068,SME,49,1355850,Salaried,Male,B018,2023-06-22,761
C008069,SME,49,1642894,Salaried,Female,B002,2019-04-18,641
C008070,Retail,40,278868,Salaried,Female,B002,2022-07-07,763
C008071,Affluent,45,432678,Salaried,Male,B014,2021-03-06,725
C008072,Mass Affluent,63,479665,Salaried,Male,B007,2022-07-04,603
C008073,Affluent,30,848538,Business,Female,B001,2016-08-29,684
C008074,Retail,48,533623,Salaried,Female,B009,2016-03-13,720
C008075,Mass Affluent,40,649699,Business,Female,B012,2015-09-03,691
C008076,Retail,51,545665,Salaried,Female,B001,2017-06-30,738
C008077,Affluent,30,2507042,Salaried,Male,B001,2023-11-11,721
C008078,Retail,41,871063,Salaried,Female,B009,2017-05-18,673
C008079,Retail,32,495756,Salaried,Female,B016,2015-09-05,826
C008080,Retail,20,500860,Salaried,Female,B017,2016-01-26,608
C008081,Retail,54,816047,Business,Female,B001,2021-04-11,671
C008082,Mass Affluent,34,322493,Salaried,Female,B005,2020-07-12,786
C008083,Retail,30,715166,Salaried,Female,B016,2022-09-17,763
C008084,Retail,33,665447,Salaried,Female,B005,2018-03-15,717
C008085,SME,59,342040,Retired,Female,B007,2018-12-20,827
C008086,Retail,53,180000,Salaried,Female,B020,2022-10-25,664
C008087,Mass Affluent,37,194009,Salaried,Female,B017,2019-12-23,774
C008088,Retail,48,516845,Salaried,Female,B006,2018-05-01,620
C008089,Retail,27,1081919,Business,Male,B003,2016-09-28,708
C008090,Affluent,45,448066,Self-Employed,Female,B007,2015-05-05,746
C008091,Affluent,34,1053455,Salaried,Male,B014,2019-05-12,758
C008092,Retail,44,472763,Business,Female,B017,2019-02-18,684
C008093,SME,24,302992,Self-Employed,Male,B014,2015-07-16,637
C008094,SME,32,261387,Retired,Male,B020,2021-03-11,846
C008095,SME,41,328539,Self-Employed,Male,B012,2021-11-13,719
C008096,Retail,41,657476,Salaried,Male,B009,2022-01-20,650
C008097,Retail,23,582476,Salaried,Male,B006,2016-05-12,683
C008098,Mass Affluent,28,510617,Self-Employed,Female,B002,2016-01-26,784
C008099,Mass Affluent,44,524616,Salaried,Male,B006,2017-05-19,804
C008100,Retail,42,1230537,Self-Employed,Female,B009,2015-09-25,678
C008101,Affluent,46,2035819,Business,Male,B011,2018-08-10,859
C008102,Retail,41,371424,Salaried,Female,B001,2018-05-23,684
C008103,Retail,27,530945,Business,Female,B012,2016-03-14,678
C008104,Retail,35,271251,Salaried,Male,B005,2017-04-01,668
C008105,Mass Affluent,45,594355,Salaried,Male,B013,2019-05-27,661
C008106,Retail,28,488940,Self-Employed,Female,B015,2017-11-04,740
C008107,Affluent,27,689842,Salaried,Female,B013,2017-11-19,683
C008108,Mass Affluent,36,1061912,Business,Female,B002,2022-02-27,654
C008109,Affluent,42,273318,Salaried,Female,B009,2023-08-11,689
C008110,SME,19,522576,Business,Male,B008,2022-04-22,785
C008111,Mass Affluent,36,501142,Salaried,Male,B004,2023-10-26,580
C008112,SME,45,665234,Salaried,Female,B015,2018-06-13,762
C008113,Retail,47,1491011,Salaried,Other,B005,2021-06-21,654
C008114,Retail,28,393118,Salaried,Female,B010,2020-06-20,818
C008115,Retail,43,891497,Self-Employed,Male,B009,2016-10-09,845
C008116,Retail,50,1779092,Salaried,Female,B004,2018-04-13,701
C008117,Affluent,46,346216,Retired,Male,B001,2020-03-26,840
C008118,Retail,34,660264,Salaried,Female,B011,2023-02-27,667
C008119,Mass Affluent,18,656537,Salaried,Female,B011,2017-04-20,629
C008120,Mass Affluent,41,258369,Salaried,Male,B009,2022-08-21,603
C008121,Mass Affluent,56,874268,Self-Employed,Male,B005,2023-09-30,613
C008122,Retail,48,1244753,Business,Male,B019,2022-11-25,722
C008123,Affluent,47,388668,Salaried,Male,B003,2020-10-08,639
C008124,Retail,41,497036,Salaried,Female,B008,2023-10-28,896
C008125,Retail,49,192752,Self-Employed,Female,B016,2021-12-09,684
C008126,Mass Affluent,42,1188829,Salaried,Male,B017,2017-01-06,667
C008127,Mass Affluent,20,1053017,Salaried,Female,B004,2016-09-28,681
C008128,Retail,49,322360,Self-Employed,Other,B015,2023-08-07,751
C008129,Affluent,30,347020,Salaried,Male,B013,2023-11-29,758
C008130,Retail,40,463307,Salaried,Male,B009,2016-08-07,790
C008131,Retail,47,1389542,Business,Male,B010,2021-08-24,740
C008132,Retail,31,572506,Salaried,Male,B002,2020-10-09,814
C008133,Mass Affluent,28,662210,Salaried,Female,B006,2016-02-21,723
C008134,Mass Affluent,44,662269,Salaried,Female,B020,2021-11-25,736
C008135,Retail,27,1464363,Salaried,Female,B005,2019-09-12,749
C008136,Retail,37,470786,Self-Employed,Male,B017,2021-08-11,714
C008137,Affluent,51,549353,Self-Employed,Female,B004,2015-12-03,722
C008138,Retail,57,1287256,Salaried,Female,B008,2015-09-13,664
C008139,Retail,19,1278248,Self-Employed,Male,B001,2015-12-26,619
C008140,Mass Affluent,37,304340,Salaried,Male,B004,2022-04-24,806
C008141,Retail,53,180000,Self-Employed,Female,B018,2020-08-28,707
C008142,Affluent,35,597198,Self-Employed,Female,B013,2019-12-05,662
C008143,Retail,48,913506,Salaried,Female,B018,2016-10-07,741
C008144,Mass Affluent,49,736368,Salaried,Other,B003,2016-12-12,812
C008145,Retail,32,403060,Business,Male,B018,2021-10-24,777
C008146,Affluent,44,2015223,Business,Female,B010,2023-08-26,787
C008147,Retail,44,299566,Business,Female,B019,2019-05-15,651
C008148,Mass Affluent,49,247267,Salaried,Female,B002,2016-02-07,660
C008149,Mass Affluent,21,1270729,Salaried,Male,B014,2020-12-12,682
C008150,Retail,53,456567,Salaried,Female,B019,2023-11-26,753
C008151,Retail,47,1809849,Salaried,Male,B005,2017-07-25,759
C008152,Mass Affluent,27,510156,Self-Employed,Female,B016,2021-07-22,726
C008153,SME,38,466221,Business,Female,B010,2016-04-12,817
C008154,Retail,48,828603,Salaried,Female,B005,2016-11-08,728
C008155,Retail,27,1045949,Salaried,Female,B014,2021-08-27,785
C008156,Affluent,29,2443751,Salaried,Male,B007,2021-06-30,589
C008157,Retail,39,1050724,Salaried,Female,B010,2022-05-27,759
C008158,SME,34,1203670,Salaried,Male,B011,2016-07-04,871
C008159,Mass Affluent,42,411832,Business,Male,B019,2022-12-22,740
C008160,Mass Affluent,48,1119016,Business,Male,B011,2018-05-10,717
C008161,Retail,42,901057,Salaried,Female,B003,2016-07-16,737
C008162,Retail,39,411172,Self-Employed,Female,B007,2023-01-27,727
C008163,Mass Affluent,48,245379,Salaried,Female,B014,2015-04-26,644
C008164,SME,38,333628,Salaried,Male,B006,2015-03-24,743
C008165,SME,31,428867,Salaried,Male,B020,2021-10-29,688
C008166,Retail,52,528781,Salaried,Male,B013,2018-02-12,709
C008167,Retail,18,974336,Retired,Female,B014,2017-03-19,672
C008168,Retail,40,1110333,Self-Employed,Male,B020,2020-11-02,769
C008169,Affluent,35,1869938,Salaried,Female,B015,2021-02-20,625
C008170,Retail,29,791652,Business,Other,B018,2015-02-28,694
C008171,Retail,42,233321,Salaried,Male,B011,2019-11-16,797
C008172,Retail,44,334070,Self-Employed,Female,B010,2022-12-17,793
C008173,Retail,30,516962,Self-Employed,Female,B011,2018-06-10,707
C008174,SME,24,1203384,Salaried,Male,B019,2023-10-24,593
C008175,Mass Affluent,25,898753,Salaried,Male,B015,2019-05-17,824
C008176,Retail,59,366332,Retired,Female,B003,2022-07-03,702
C008177,Retail,60,290925,Salaried,Male,B003,2020-06-08,686
C008178,Retail,39,397272,Salaried,Male,B001,2017-03-24,734
C008179,Retail,24,268488,Self-Employed,Female,B015,2015-12-24,736
C008180,Retail,37,555109,Self-Employed,Male,B013,2022-05-23,704
C008181,Mass Affluent,18,801220,Business,Female,B015,2015-03-29,727
C008182,Retail,42,727249,Business,Female,B018,2023-08-03,743
C008183,Retail,28,440581,Self-Employed,Male,B018,2023-04-14,633
C008184,Retail,26,611089,Salaried,Male,B009,2016-06-18,678
C008185,Affluent,50,256667,Business,Male,B018,2021-05-31,773
C008186,Mass Affluent,37,384204,Salaried,Female,B011,2017-12-19,813
C008187,Mass Affluent,49,734441,Salaried,Male,B018,2020-05-30,788
C008188,Mass Affluent,52,2589676,Salaried,Female,B006,2016-07-09,677
C008189,Mass Affluent,38,1440142,Salaried,Female,B017,2017-01-17,777
C008190,Retail,39,256306,Salaried,Male,B017,2017-12-29,670
C008191,SME,51,1038748,Salaried,Female,B009,2023-02-19,687
C008192,Retail,33,672449,Salaried,Male,B020,2020-04-26,649
C008193,Retail,52,684775,Salaried,Male,B003,2022-02-06,703
C008194,Affluent,18,3152213,Salaried,Male,B012,2019-04-10,685
C008195,Retail,35,437662,Salaried,Female,B003,2023-02-02,800
C008196,SME,41,845622,Business,Other,B004,2017-04-12,634
C008197,Retail,26,988714,Retired,Male,B010,2020-03-08,766
C008198,Affluent,43,381936,Salaried,Female,B005,2015-05-18,833
C008199,Affluent,41,180000,Self-Employed,Female,B020,2021-09-23,701
C008200,SME,31,252864,Business,Male,B003,2017-06-24,827
C008201,SME,31,708146,Salaried,Female,B007,2023-12-04,618
C008202,Affluent,29,1074388,Business,Male,B002,2021-07-04,813
C008203,Mass Affluent,22,852909,Business,Male,B006,2015-02-14,640
C008204,Retail,57,846226,Salaried,Female,B019,2016-10-27,725
C008205,Retail,37,745646,Salaried,Male,B010,2022-12-31,631
C008206,Mass Affluent,24,350613,Business,Male,B008,2020-04-12,753
C008207,SME,38,589285,Salaried,Male,B016,2020-09-14,862
C008208,Mass Affluent,42,902508,Salaried,Male,B002,2021-09-21,687
C008209,SME,30,815009,Salaried,Female,B016,2020-05-13,619
C008210,Affluent,35,1741547,Salaried,Female,B014,2017-02-01,694
C008211,Retail,53,410965,Business,Male,B013,2022-05-13,783
C008212,Retail,26,415920,Salaried,Male,B009,2017-01-11,750
C008213,Retail,33,380046,Salaried,Female,B009,2015-12-17,900
C008214,Retail,18,180000,Business,Female,B008,2019-04-05,721
C008215,Mass Affluent,59,894350,Business,Male,B007,2022-06-19,817
C008216,SME,46,601651,Business,Female,B016,2021-01-10,593
C008217,Affluent,38,512117,Salaried,Female,B006,2019-01-07,838
C008218,Retail,31,353194,Retired,Female,B011,2015-07-16,718
C008219,Retail,31,858751,Salaried,Male,B019,2015-03-09,714
C008220,Retail,36,606796,Business,Female,B008,2022-12-11,607
C008221,Mass Affluent,44,1637653,Salaried,Female,B019,2023-08-08,677
C008222,Retail,27,609518,Business,Male,B015,2019-10-31,700
C008223,Retail,34,787838,Self-Employed,Male,B011,2018-02-15,755
C008224,Retail,48,1666956,Salaried,Female,B009,2022-10-17,711
C008225,Retail,57,484071,Salaried,Female,B016,2021-08-27,874
C008226,SME,45,452601,Business,Male,B013,2019-09-29,587
C008227,Retail,32,1516568,Business,Female,B010,2018-11-15,756
C008228,Retail,37,217783,Salaried,Female,B010,2023-05-28,540
C008229,Retail,44,506831,Salaried,Female,B020,2021-06-30,715
C008230,Retail,36,498797,Business,Female,B009,2023-12-17,752
C008231,Mass Affluent,47,346585,Salaried,Male,B002,2016-07-02,701
C008232,Mass Affluent,31,845881,Salaried,Female,B001,2015-04-28,820
C008233,Retail,57,414205,Self-Employed,Female,B008,2016-05-28,770
C008234,Mass Affluent,38,642527,Salaried,Male,B016,2016-11-19,749
C008235,Retail,32,327240,Salaried,Female,B011,2023-04-15,745
C008236,Mass Affluent,46,722333,Salaried,Male,B009,2018-06-08,674
C008237,Retail,28,2318605,Business,Other,B019,2017-11-06,702
C008238,Retail,41,579914,Salaried,Male,B018,2019-02-28,876
C008239,Affluent,54,596127,Salaried,Male,B007,2021-06-12,702
C008240,Affluent,26,277342,Salaried,Female,B010,2016-01-05,645
C008241,Mass Affluent,52,1037468,Salaried,Male,B006,2019-02-04,828
C008242,Retail,25,567269,Salaried,Female,B004,2019-01-24,791
C008243,Retail,48,774563,Salaried,Female,B001,2020-09-06,710
C008244,SME,29,1111971,Salaried,Male,B004,2017-06-08,650
C008245,Retail,52,533388,Salaried,Male,B003,2023-01-08,818
C008246,Retail,33,1165079,Salaried,Male,B003,2018-10-20,694
C008247,Retail,35,1215629,Self-Employed,Male,B014,2022-05-10,769
C008248,Retail,29,748324,Retired,Male,B005,2016-09-09,790
C008249,Retail,18,683050,Self-Employed,Female,B001,2015-08-03,714
C008250,Retail,26,610970,Business,Male,B011,2019-06-11,785
C008251,Retail,20,864369,Retired,Male,B006,2020-06-16,700
C008252,SME,18,839436,Salaried,Male,B002,2022-12-27,673
C008253,Retail,42,236832,Salaried,Male,B013,2022-01-30,609
C008254,Retail,56,387737,Self-Employed,Male,B001,2018-07-14,790
C008255,Mass Affluent,59,1117812,Salaried,Female,B008,2020-06-25,690
C008256,Mass Affluent,26,705020,Self-Employed,Male,B010,2019-07-18,729
C008257,Retail,38,520996,Self-Employed,Female,B015,2019-02-25,738
C008258,Affluent,52,1885905,Business,Female,B003,2015-06-21,734
C008259,Retail,25,1017114,Business,Female,B006,2020-03-14,692
C008260,Affluent,52,1210535,Salaried,Male,B002,2019-10-21,688
C008261,Retail,52,519830,Salaried,Male,B020,2020-08-06,726
C008262,Retail,18,770848,Salaried,Male,B003,2017-03-14,552
C008263,Affluent,18,569066,Salaried,Male,B009,2018-11-01,560
C008264,Mass Affluent,35,306152,Self-Employed,Male,B020,2022-05-27,769
C008265,Retail,49,681942,Salaried,Female,B005,2015-11-12,829
C008266,Retail,22,577945,Retired,Male,B006,2016-04-15,760
C008267,Retail,18,571707,Salaried,Female,B010,2019-06-21,832
C008268,Mass Affluent,40,1142409,Salaried,Female,B009,2023-06-21,769
C008269,Retail,46,558322,Business,Male,B001,2021-03-03,751
C008270,Retail,32,627956,Self-Employed,Male,B016,2018-01-05,631
C008271,Retail,32,648154,Salaried,Male,B006,2023-12-30,742
C008272,Mass Affluent,46,831870,Self-Employed,Male,B016,2019-01-18,667
C008273,Affluent,29,728253,Salaried,Male,B020,2021-08-21,625
C008274,Affluent,30,937736,Business,Male,B020,2019-04-23,764
C008275,Retail,42,260570,Salaried,Other,B003,2019-05-20,736
C008276,SME,43,658968,Salaried,Female,B014,2022-07-01,739
C008277,Mass Affluent,37,557831,Salaried,Female,B008,2019-02-13,700
C008278,Affluent,55,255019,Business,Female,B020,2017-05-03,837
C008279,Retail,47,234889,Salaried,Female,B014,2021-08-27,769
C008280,Retail,35,398935,Business,Male,B015,2021-01-07,672
C008281,Affluent,25,392776,Self-Employed,Male,B010,2018-11-07,715
C008282,Retail,50,513592,Salaried,Male,B017,2015-12-30,615
C008283,Mass Affluent,50,652124,Salaried,Female,B008,2021-07-10,634
C008284,Affluent,38,827236,Business,Female,B019,2021-05-23,685
C008285,Affluent,42,268318,Self-Employed,Male,B004,2023-02-19,733
C008286,SME,47,333530,Salaried,Female,B010,2015-11-19,723
C008287,Mass Affluent,57,340956,Salaried,Male,B004,2021-10-09,715
C008288,Retail,49,555354,Self-Employed,Female,B020,2022-06-05,476
C008289,Retail,44,611049,Salaried,Female,B004,2017-03-11,629
C008290,Retail,49,1148638,Self-Employed,Male,B010,2019-06-21,678
C008291,Mass Affluent,52,330577,Self-Employed,Female,B003,2016-02-11,766
C008292,Retail,42,993147,Salaried,Female,B018,2021-07-23,694
C008293,Retail,49,229135,Business,Female,B014,2017-03-31,725
C008294,Mass Affluent,32,607542,Business,Male,B020,2020-12-31,697
C008295,Affluent,50,858744,Salaried,Female,B014,2016-02-25,825
C008296,SME,32,905636,Salaried,Female,B020,2018-11-13,739
C008297,Affluent,28,1801390,Self-Employed,Male,B014,2021-04-01,698
C008298,Affluent,38,2814385,Salaried,Female,B007,2016-10-12,822
C008299,Mass Affluent,24,780894,Business,Male,B009,2017-02-18,682
C008300,SME,32,254703,Salaried,Male,B002,2021-05-13,700
C008301,Mass Affluent,43,7135852,Business,Male,B020,2021-09-15,616
C008302,Affluent,42,1260542,Self-Employed,Male,B003,2022-05-25,771
C008303,SME,46,1172197,Salaried,Female,B012,2022-06-01,720
C008304,SME,46,454544,Salaried,Male,B019,2018-12-04,758
C008305,Retail,43,554299,Salaried,Male,B016,2019-02-05,819
C008306,Retail,30,350876,Business,Male,B007,2021-12-10,846
C008307,Retail,49,928934,Business,Female,B012,2023-07-04,696
C008308,Retail,38,443909,Self-Employed,Male,B010,2017-12-22,735
C008309,Retail,42,957184,Salaried,Female,B003,2018-02-11,735
C008310,Retail,40,370945,Salaried,Female,B008,2021-08-17,740
C008311,Retail,56,1112890,Salaried,Male,B007,2017-06-05,717
C008312,Mass Affluent,26,721077,Salaried,Female,B009,2023-10-02,803
C008313,Mass Affluent,35,1371203,Salaried,Male,B019,2018-03-17,692
C008314,Retail,45,2367006,Salaried,Male,B005,2021-06-24,850
C008315,Mass Affluent,39,721306,Business,Female,B009,2016-09-08,692
C008316,Mass Affluent,34,1457230,Salaried,Female,B016,2020-12-05,668
C008317,Mass Affluent,18,1461715,Self-Employed,Female,B020,2022-09-15,665
C008318,SME,36,591770,Salaried,Male,B009,2015-08-31,684
C008319,Retail,43,710535,Business,Male,B012,2017-06-26,719
C008320,Retail,45,715700,Business,Female,B020,2016-06-27,606
C008321,Retail,37,451837,Business,Male,B015,2022-04-20,594
C008322,Retail,41,454573,Salaried,Female,B018,2015-04-07,663
C008323,Mass Affluent,26,1330060,Business,Male,B009,2015-10-31,729
C008324,Retail,43,378137,Salaried,Female,B003,2017-09-17,734
C008325,Retail,39,544487,Salaried,Female,B011,2020-07-09,701
C008326,Retail,41,485216,Retired,Male,B006,2018-04-25,728
C008327,Retail,37,809252,Business,Female,B009,2018-07-23,696
C008328,Mass Affluent,41,2676309,Salaried,Female,B003,2022-04-18,679
C008329,Mass Affluent,46,530488,Self-Employed,Female,B009,2017-05-18,769
C008330,Retail,42,235091,Salaried,Female,B003,2022-10-23,733
C008331,Retail,19,642877,Self-Employed,Male,B019,2019-04-25,746
C008332,Retail,42,318807,Business,Male,B004,2015-04-29,719
C008333,Retail,35,709081,Salaried,Male,B013,2017-08-14,732
C008334,Affluent,31,365638,Business,Male,B017,2019-05-11,760
C008335,Retail,54,667095,Salaried,Female,B002,2019-12-11,855
C008336,Mass Affluent,29,276180,Retired,Male,B016,2023-11-10,689
C008337,Affluent,30,504795,Business,Female,B001,2015-07-23,678
C008338,Retail,18,314678,Salaried,Female,B003,2020-09-12,819
C008339,Retail,55,1354973,Self-Employed,Female,B016,2022-01-09,676
C008340,SME,49,374729,Salaried,Male,B006,2016-07-11,719
C008341,Affluent,35,860326,Salaried,Female,B008,2019-10-07,678
C008342,Retail,46,674059,Business,Female,B005,2021-09-19,790
C008343,Affluent,18,682815,Salaried,Male,B008,2015-12-21,698
C008344,Affluent,44,764621,Salaried,Female,B001,2023-08-21,661
C008345,Retail,30,887908,Business,Male,B019,2020-07-13,683
C008346,Affluent,57,1402412,Salaried,Male,B002,2018-03-20,770
C008347,Retail,43,1100587,Self-Employed,Male,B006,2020-12-01,722
C008348,Mass Affluent,40,1617858,Self-Employed,Female,B006,2019-05-19,720
C008349,SME,30,300461,Business,Female,B020,2016-08-30,752
C008350,Affluent,30,250890,Business,Female,B020,2018-04-10,637
C008351,Retail,46,1761803,Salaried,Male,B009,2015-01-11,752
C008352,Retail,30,864842,Business,Female,B001,2019-05-23,816
C008353,Mass Affluent,29,300462,Business,Male,B002,2015-11-13,786
C008354,Mass Affluent,54,500308,Business,Female,B020,2022-03-20,680
C008355,Mass Affluent,42,850645,Salaried,Male,B019,2016-11-21,698
C008356,SME,27,581928,Self-Employed,Female,B016,2015-03-04,625
C008357,Affluent,45,893369,Self-Employed,Male,B009,2015-01-10,717
C008358,Retail,36,279621,Business,Male,B005,2016-05-13,593
C008359,Retail,20,588349,Salaried,Female,B020,2023-04-20,638
C008360,Retail,34,647671,Salaried,Male,B011,2023-02-14,691
C008361,Mass Affluent,27,379015,Salaried,Male,B020,2019-03-17,668
C008362,Mass Affluent,42,499084,Self-Employed,Female,B014,2019-05-03,759
C008363,Mass Affluent,32,443979,Self-Employed,Male,B013,2020-03-25,816
C008364,Retail,40,291730,Business,Male,B003,2021-01-12,734
C008365,Retail,46,401655,Salaried,Female,B002,2021-01-28,791
C008366,Retail,65,679298,Salaried,Female,B016,2015-08-25,717
C008367,Mass Affluent,61,318452,Salaried,Female,B011,2018-02-14,751
C008368,Retail,41,386934,Salaried,Male,B003,2015-08-28,715
C008369,Retail,38,198350,Salaried,Female,B015,2021-08-30,777
C008370,Retail,32,1530152,Retired,Male,B003,2019-06-29,827
C008371,Mass Affluent,21,1095366,Salaried,Female,B019,2016-07-23,779
C008372,Retail,18,1312947,Self-Employed,Male,B004,2015-06-19,612
C008373,Affluent,30,758712,Salaried,Male,B005,2019-12-14,644
C008374,Mass Affluent,57,726556,Salaried,Female,B009,2016-02-25,741
C008375,Mass Affluent,57,523049,Salaried,Female,B007,2020-05-17,727
C008376,Mass Affluent,40,1397024,Business,Male,B013,2017-11-12,793
C008377,Retail,44,609274,Salaried,Male,B018,2021-06-01,706
C008378,Retail,32,180000,Salaried,Female,B015,2023-12-29,665
C008379,SME,39,180000,Salaried,Male,B012,2023-11-05,681
C008380,Affluent,30,759885,Self-Employed,Male,B010,2019-05-31,686
C008381,SME,30,321563,Self-Employed,Male,B017,2021-03-18,730
C008382,Mass Affluent,46,639207,Salaried,Male,B006,2021-03-31,747
C008383,Retail,32,982603,Business,Male,B011,2020-03-30,794
C008384,Retail,44,349927,Salaried,Other,B003,2017-06-27,637
C008385,Mass Affluent,37,493833,Business,Male,B006,2016-04-18,677
C008386,Retail,55,505640,Salaried,Male,B020,2016-04-25,790
C008387,Retail,45,341599,Self-Employed,Male,B012,2018-01-26,766
C008388,Affluent,42,236982,Salaried,Male,B003,2019-12-17,783
C008389,Retail,23,294968,Self-Employed,Male,B002,2017-02-16,769
C008390,Retail,34,227253,Salaried,Female,B003,2021-02-18,651
C008391,Affluent,38,534544,Salaried,Male,B013,2022-11-07,835
C008392,Affluent,40,529862,Salaried,Female,B020,2015-11-15,657
C008393,Retail,46,426012,Salaried,Female,B009,2019-08-20,741
C008394,Affluent,41,238383,Self-Employed,Female,B017,2021-10-21,830
C008395,Affluent,28,1230774,Business,Male,B014,2016-09-29,613
C008396,Retail,46,400309,Salaried,Male,B020,2015-03-27,729
C008397,Retail,34,3181878,Salaried,Male,B008,2022-02-22,637
C008398,Retail,32,1052889,Salaried,Female,B004,2019-05-20,791
C008399,Mass Affluent,27,180000,Salaried,Male,B001,2023-07-13,643
C008400,Retail,35,1338510,Salaried,Female,B010,2021-04-15,657
C008401,SME,33,380063,Salaried,Female,B013,2017-02-15,749
C008402,Affluent,52,328464,Salaried,Female,B002,2015-01-23,768
C008403,Affluent,36,502749,Business,Male,B005,2022-09-12,734
C008404,SME,45,1253755,Retired,Male,B006,2021-03-09,765
C008405,Affluent,19,843136,Business,Female,B001,2023-02-25,778
C008406,Retail,47,675557,Retired,Male,B005,2019-04-01,741
C008407,Retail,46,351674,Business,Male,B015,2020-06-28,698
C008408,Mass Affluent,23,1107609,Salaried,Male,B008,2019-03-13,622
C008409,Retail,29,316490,Self-Employed,Female,B018,2018-06-15,647
C008410,Retail,32,1181815,Business,Male,B018,2016-12-02,784
C008411,Mass Affluent,37,745067,Salaried,Male,B004,2023-05-30,742
C008412,SME,31,407371,Self-Employed,Female,B020,2016-12-27,705
C008413,Retail,36,2388727,Self-Employed,Female,B020,2022-03-09,684
C008414,Affluent,46,1085467,Salaried,Female,B007,2019-09-12,620
C008415,Retail,33,862679,Salaried,Female,B008,2022-04-26,784
C008416,Mass Affluent,42,641686,Self-Employed,Male,B020,2019-08-14,681
C008417,Retail,41,285287,Salaried,Male,B013,2023-07-07,704
C008418,Affluent,18,614932,Salaried,Male,B004,2017-06-08,778
C008419,Retail,30,1702199,Business,Female,B018,2021-08-14,668
C008420,Mass Affluent,50,245064,Salaried,Male,B013,2017-02-14,732
C008421,Retail,29,867541,Business,Male,B014,2019-04-25,705
C008422,Retail,27,1485087,Self-Employed,Male,B009,2019-09-26,719
C008423,Retail,50,1534167,Salaried,Male,B012,2016-03-07,651
C008424,Retail,41,334244,Business,Male,B009,2020-12-10,756
C008425,Retail,55,421046,Salaried,Male,B001,2023-06-26,742
C008426,Retail,34,640680,Business,Male,B009,2019-09-06,783
C008427,Mass Affluent,52,805876,Self-Employed,Female,B007,2022-03-15,724
C008428,Mass Affluent,29,1380294,Business,Female,B001,2015-01-03,630
C008429,Retail,18,526468,Business,Male,B002,2017-05-02,705
C008430,Mass Affluent,46,1109422,Salaried,Female,B018,2017-12-31,624
C008431,Retail,45,180000,Business,Male,B008,2015-05-25,837
C008432,Mass Affluent,46,504737,Self-Employed,Male,B001,2018-08-01,695
C008433,Retail,37,1108738,Salaried,Male,B003,2020-10-20,724
C008434,Mass Affluent,55,1031432,Business,Male,B001,2020-05-11,736
C008435,Retail,49,321842,Business,Female,B020,2023-11-25,694
C008436,SME,48,1169295,Salaried,Female,B003,2017-12-02,806
C008437,Retail,40,238364,Business,Female,B008,2018-05-08,722
C008438,Retail,24,1305862,Self-Employed,Male,B012,2022-09-24,665
C008439,Retail,40,525375,Salaried,Female,B007,2016-02-13,705
C008440,Affluent,43,447449,Salaried,Male,B020,2015-12-28,744
C008441,Mass Affluent,61,494322,Business,Female,B001,2019-03-06,686
C008442,Mass Affluent,42,767628,Salaried,Male,B003,2018-02-21,699
C008443,SME,27,2319652,Self-Employed,Female,B012,2021-06-16,751
C008444,SME,44,1324374,Business,Male,B008,2021-01-29,706
C008445,Mass Affluent,53,284652,Business,Male,B009,2021-11-27,736
C008446,Retail,58,304929,Salaried,Female,B015,2018-05-22,733
C008447,Affluent,38,180000,Salaried,Male,B011,2022-11-22,674
C008448,Retail,37,733402,Salaried,Male,B006,2022-11-12,685
C008449,Mass Affluent,23,537393,Self-Employed,Female,B005,2018-06-22,604
C008450,Mass Affluent,32,902099,Retired,Male,B005,2017-12-13,804
C008451,Affluent,44,433236,Salaried,Male,B016,2018-01-30,740
C008452,Mass Affluent,22,463687,Salaried,Female,B015,2019-03-01,695
C008453,Mass Affluent,62,233473,Retired,Female,B011,2016-06-19,669
C008454,SME,35,1229186,Business,Male,B020,2022-03-06,580
C008455,Retail,40,405718,Salaried,Female,B017,2019-12-30,618
C008456,Retail,43,348550,Salaried,Male,B019,2022-04-12,836
C008457,Mass Affluent,51,1124621,Retired,Female,B017,2017-03-18,639
C008458,SME,42,229914,Salaried,Male,B015,2015-06-06,691
C008459,Retail,27,857680,Self-Employed,Female,B013,2023-06-07,785
C008460,Retail,44,364177,Self-Employed,Male,B018,2021-11-11,637
C008461,Retail,51,556452,Self-Employed,Female,B016,2018-07-19,737
C008462,Retail,29,180000,Salaried,Male,B020,2020-03-29,679
C008463,SME,48,873333,Salaried,Female,B001,2016-02-21,677
C008464,Mass Affluent,42,2274348,Self-Employed,Female,B020,2021-06-25,723
C008465,Mass Affluent,40,264007,Business,Female,B013,2018-07-02,620
C008466,Mass Affluent,32,1271154,Business,Female,B004,2018-03-26,687
C008467,Affluent,37,581831,Self-Employed,Female,B012,2018-08-21,716
C008468,Retail,44,849308,Salaried,Female,B015,2023-09-16,589
C008469,Retail,34,278636,Salaried,Male,B020,2020-11-05,830
C008470,Retail,28,306776,Salaried,Female,B012,2022-07-16,815
C008471,Retail,28,635097,Business,Female,B019,2020-08-14,619
C008472,Retail,42,521264,Salaried,Female,B019,2022-08-07,668
C008473,Retail,44,661047,Salaried,Male,B015,2018-12-31,817
C008474,Retail,38,231731,Business,Male,B005,2019-04-29,741
C008475,Retail,59,892213,Self-Employed,Female,B011,2018-06-16,734
C008476,Affluent,20,772291,Self-Employed,Female,B018,2018-03-04,782
C008477,Retail,43,1231227,Business,Male,B010,2017-09-17,757
C008478,SME,19,737055,Salaried,Male,B013,2020-07-06,722
C008479,Retail,38,2599649,Salaried,Female,B019,2022-01-03,671
C008480,Affluent,42,2212442,Retired,Male,B020,2016-08-04,719
C008481,Affluent,37,606752,Business,Female,B015,2022-11-24,825
C008482,SME,18,591372,Salaried,Female,B018,2022-03-23,819
C008483,Affluent,38,349807,Salaried,Female,B008,2021-09-24,697
C008484,Retail,39,248532,Salaried,Female,B003,2016-07-19,606
C008485,Retail,49,517405,Self-Employed,Male,B011,2018-05-09,704
C008486,Retail,23,394798,Business,Male,B005,2021-08-26,532
C008487,Retail,55,360109,Salaried,Male,B012,2022-10-09,758
C008488,Retail,18,753954,Salaried,Female,B001,2023-12-02,683
C008489,Affluent,25,215417,Self-Employed,Male,B006,2019-07-11,651
C008490,Mass Affluent,41,278190,Retired,Male,B006,2019-06-11,636
C008491,Mass Affluent,42,180000,Salaried,Female,B012,2018-08-18,681
C008492,SME,56,249081,Business,Male,B015,2022-04-16,638
C008493,Mass Affluent,41,405208,Salaried,Female,B004,2019-02-09,757
C008494,Mass Affluent,38,1014529,Salaried,Male,B018,2021-06-20,561
C008495,Affluent,44,2107481,Business,Male,B012,2016-01-01,756
C008496,Retail,18,195214,Self-Employed,Female,B007,2023-07-31,774
C008497,Retail,28,1061085,Salaried,Male,B005,2017-04-01,766
C008498,SME,26,320790,Self-Employed,Female,B003,2020-12-12,656
C008499,SME,49,667210,Business,Female,B005,2023-04-07,704
C008500,Affluent,53,872920,Business,Male,B017,2018-10-25,701
C008501,Retail,60,1495951,Business,Female,B006,2016-10-14,606
C008502,Affluent,45,2847739,Salaried,Female,B020,2019-03-18,642
C008503,Retail,49,1181616,Business,Male,B002,2020-09-20,761
C008504,Retail,40,440622,Salaried,Male,B019,2018-04-20,642
C008505,Retail,34,220714,Salaried,Other,B015,2023-06-10,821
C008506,Retail,27,697838,Salaried,Male,B003,2021-04-06,751
C008507,Retail,26,913014,Business,Male,B001,2016-01-04,645
C008508,Retail,24,283240,Salaried,Male,B019,2021-09-19,786
C008509,Retail,47,993428,Salaried,Female,B007,2015-08-01,715
C008510,Retail,34,454319,Self-Employed,Male,B010,2020-11-26,806
C008511,Affluent,31,287758,Business,Male,B009,2015-06-26,727
C008512,Mass Affluent,18,655809,Self-Employed,Male,B016,2020-09-15,771
C008513,Retail,29,333699,Self-Employed,Male,B015,2020-01-02,761
C008514,Retail,36,282987,Business,Male,B013,2023-04-21,698
C008515,Mass Affluent,22,723077,Business,Female,B008,2019-09-09,701
C008516,Mass Affluent,68,785945,Salaried,Female,B011,2016-07-23,750
C008517,Retail,24,473174,Business,Male,B001,2017-08-19,746
C008518,Mass Affluent,52,717295,Salaried,Male,B008,2017-09-13,807
C008519,SME,38,1260177,Self-Employed,Female,B012,2015-06-10,776
C008520,Retail,33,1030537,Business,Female,B019,2023-02-09,751
C008521,Retail,36,350705,Self-Employed,Female,B006,2020-05-21,608
C008522,Retail,39,610997,Business,Male,B016,2015-03-16,782
C008523,Mass Affluent,41,380919,Business,Female,B014,2018-05-07,732
C008524,Retail,28,241449,Retired,Male,B007,2020-09-15,687
C008525,Retail,45,911117,Salaried,Other,B003,2019-09-10,714
C008526,Retail,36,1151332,Retired,Female,B010,2022-02-08,540
C008527,SME,24,440875,Salaried,Male,B001,2018-12-18,825
C008528,Mass Affluent,34,698939,Salaried,Male,B006,2021-10-21,745
C008529,Mass Affluent,55,1640238,Business,Female,B005,2020-01-30,845
C008530,Affluent,41,1168146,Retired,Male,B015,2016-12-10,897
C008531,Retail,39,409866,Salaried,Male,B018,2018-10-28,533
C008532,Affluent,35,569730,Business,Female,B004,2020-01-19,672
C008533,Mass Affluent,35,378669,Retired,Male,B005,2023-03-17,702
C008534,Retail,41,696387,Business,Male,B010,2021-03-22,725
C008535,Affluent,36,615992,Salaried,Male,B004,2020-06-13,654
C008536,Affluent,44,283597,Business,Male,B010,2022-11-19,799
C008537,Affluent,43,446110,Self-Employed,Male,B020,2016-11-24,817
C008538,Retail,26,180000,Salaried,Male,B004,2019-05-20,612
C008539,SME,45,305412,Retired,Male,B012,2019-06-27,774
C008540,SME,28,784628,Salaried,Male,B009,2021-10-13,635
C008541,Retail,28,658560,Salaried,Male,B002,2020-07-14,744
C008542,Retail,39,1110290,Salaried,Male,B005,2021-01-26,659
C008543,Retail,42,620920,Salaried,Male,B016,2022-04-25,789
C008544,SME,46,528170,Self-Employed,Male,B019,2015-04-03,795
C008545,Mass Affluent,18,2007343,Business,Male,B014,2017-04-03,727
C008546,Retail,48,481258,Retired,Female,B015,2015-01-15,828
C008547,Retail,44,467114,Salaried,Male,B019,2021-05-22,694
C008548,Retail,31,619663,Salaried,Male,B018,2023-06-22,756
C008549,Mass Affluent,36,361896,Salaried,Male,B011,2017-02-18,753
C008550,Retail,41,709112,Salaried,Female,B013,2021-12-25,712
C008551,SME,18,374686,Business,Male,B010,2016-08-26,768
C008552,Mass Affluent,25,453309,Salaried,Female,B007,2017-05-12,777
C008553,Affluent,52,369624,Salaried,Male,B001,2015-05-03,677
C008554,Retail,32,188928,Business,Male,B018,2022-04-16,743
C008555,Retail,38,180000,Self-Employed,Male,B004,2018-07-19,715
C008556,Retail,38,237810,Salaried,Female,B016,2018-03-27,731
C008557,Retail,47,1259711,Business,Male,B018,2022-03-12,830
C008558,Retail,35,630032,Salaried,Female,B019,2016-03-16,648
C008559,SME,35,439147,Business,Female,B015,2017-05-14,806
C008560,Retail,41,305269,Salaried,Female,B010,2018-06-29,690
C008561,Retail,48,1361879,Business,Female,B007,2019-08-19,690
C008562,Retail,52,395376,Salaried,Male,B001,2021-11-21,691
C008563,Retail,35,346406,Salaried,Male,B001,2019-10-09,714
C008564,SME,34,180000,Self-Employed,Female,B001,2019-04-11,726
C008565,Retail,37,180000,Salaried,Female,B019,2016-06-09,671
C008566,Retail,54,809834,Salaried,Female,B007,2019-09-17,563
C008567,Mass Affluent,48,1795506,Salaried,Male,B015,2019-08-06,750
C008568,Retail,34,727487,Salaried,Male,B013,2019-09-26,699
C008569,Retail,21,721252,Business,Male,B009,2020-08-25,643
C008570,Retail,51,1928695,Self-Employed,Male,B014,2021-05-29,707
C008571,Retail,52,830875,Salaried,Male,B006,2021-04-17,712
C008572,Retail,27,596986,Salaried,Male,B007,2019-12-08,878
C008573,Retail,34,863158,Business,Male,B014,2017-02-17,761
C008574,Affluent,49,1079016,Salaried,Female,B011,2015-06-10,789
C008575,Retail,43,835553,Self-Employed,Male,B003,2023-08-01,733
C008576,Affluent,18,437590,Salaried,Male,B011,2020-04-06,731
C008577,Affluent,27,781456,Salaried,Male,B008,2015-12-06,743
C008578,Mass Affluent,45,382416,Self-Employed,Male,B006,2021-05-25,633
C008579,Retail,42,588024,Business,Female,B003,2017-10-05,686
C008580,Retail,46,776774,Self-Employed,Male,B012,2017-03-12,675
C008581,Mass Affluent,48,1982586,Self-Employed,Female,B018,2023-08-16,674
C008582,Mass Affluent,42,797971,Salaried,Female,B011,2017-05-10,635
C008583,Mass Affluent,44,606434,Salaried,Female,B007,2017-08-19,674
C008584,Retail,33,462492,Salaried,Female,B010,2015-08-30,793
C008585,SME,40,410479,Salaried,Female,B016,2023-04-04,605
C008586,Retail,42,466634,Self-Employed,Male,B016,2020-04-30,761
C008587,Retail,58,615887,Salaried,Female,B015,2019-01-19,874
C008588,Retail,30,1088135,Self-Employed,Male,B013,2017-04-18,871
C008589,Retail,47,262069,Salaried,Male,B004,2023-12-19,716
C008590,Retail,38,987228,Business,Male,B004,2021-08-16,734
C008591,Affluent,47,415515,Salaried,Male,B006,2018-06-08,831
C008592,Affluent,38,380411,Self-Employed,Female,B018,2016-08-28,661
C008593,Affluent,52,836216,Self-Employed,Female,B001,2021-12-09,830
C008594,Retail,31,470184,Self-Employed,Male,B010,2018-04-15,717
C008595,Mass Affluent,41,817794,Salaried,Male,B003,2018-08-19,838
C008596,Retail,44,772163,Salaried,Male,B014,2022-06-01,664
C008597,Retail,32,1013020,Self-Employed,Male,B011,2020-04-24,766
C008598,Retail,42,1413594,Business,Male,B005,2023-12-15,807
C008599,Retail,50,196158,Self-Employed,Male,B002,2018-05-20,725
C008600,Retail,38,685272,Salaried,Female,B009,2020-04-17,620
C008601,Retail,47,370956,Salaried,Male,B017,2023-02-11,787
C008602,Mass Affluent,32,787333,Business,Male,B019,2019-03-21,768
C008603,SME,27,240646,Business,Female,B017,2015-06-08,669
C008604,Retail,47,620232,Salaried,Male,B020,2016-07-21,743
C008605,SME,33,180000,Business,Female,B010,2018-11-20,721
C008606,Affluent,21,617192,Salaried,Male,B017,2015-07-13,664
C008607,Mass Affluent,31,602183,Business,Female,B011,2022-01-29,652
C008608,Mass Affluent,54,387522,Self-Employed,Male,B007,2017-12-27,609
C008609,Retail,51,464476,Salaried,Female,B001,2022-02-02,776
C008610,Affluent,27,471789,Salaried,Female,B016,2019-02-14,680
C008611,Mass Affluent,23,219136,Self-Employed,Male,B003,2023-05-03,759
C008612,SME,34,258329,Self-Employed,Male,B015,2018-07-23,791
C008613,Mass Affluent,50,678053,Self-Employed,Female,B004,2022-07-16,662
C008614,Affluent,37,1201378,Salaried,Female,B004,2019-07-03,714
C008615,Affluent,37,1000560,Self-Employed,Male,B005,2018-12-13,636
C008616,Retail,32,180000,Business,Female,B015,2022-11-06,780
C008617,Retail,36,1343376,Retired,Male,B011,2017-01-21,616
C008618,Retail,48,1397712,Salaried,Male,B019,2015-09-27,739
C008619,Retail,40,369215,Salaried,Female,B008,2023-02-27,696
C008620,Retail,37,373866,Salaried,Female,B011,2017-03-31,779
C008621,Affluent,46,428563,Salaried,Female,B011,2019-09-14,715
C008622,Mass Affluent,40,744389,Business,Female,B009,2017-10-10,859
C008623,SME,49,492593,Salaried,Female,B014,2021-10-30,713
C008624,Affluent,32,772672,Salaried,Female,B014,2022-08-13,731
C008625,Mass Affluent,42,257351,Business,Male,B013,2016-03-17,778
C008626,SME,49,298954,Salaried,Male,B001,2018-03-24,754
C008627,Mass Affluent,56,339608,Business,Male,B009,2016-05-28,665
C008628,Affluent,27,352828,Salaried,Female,B008,2021-11-21,741
C008629,Retail,37,792130,Salaried,Male,B018,2020-03-22,681
C008630,Retail,25,703925,Salaried,Other,B003,2018-01-06,845
C008631,Retail,28,920443,Business,Female,B003,2022-06-15,569
C008632,Mass Affluent,39,1211972,Business,Male,B002,2015-11-14,808
C008633,Mass Affluent,18,775312,Self-Employed,Female,B004,2023-09-19,716
C008634,Retail,44,188382,Salaried,Male,B009,2015-11-24,630
C008635,Retail,45,457293,Salaried,Male,B015,2020-10-07,627
C008636,SME,38,499215,Self-Employed,Female,B018,2020-06-18,730
C008637,Mass Affluent,30,709484,Retired,Male,B017,2017-07-25,637
C008638,Retail,36,324934,Retired,Female,B011,2023-02-24,753
C008639,Mass Affluent,62,1570137,Business,Male,B001,2015-08-13,692
C008640,Affluent,33,462226,Self-Employed,Female,B006,2016-01-17,744
C008641,SME,30,483920,Salaried,Female,B014,2021-07-10,616
C008642,Retail,18,528376,Salaried,Female,B005,2018-08-21,550
C008643,Retail,50,429175,Salaried,Female,B003,2017-02-08,624
C008644,Retail,25,194228,Salaried,Male,B019,2015-05-11,838
C008645,Retail,40,1344308,Salaried,Female,B001,2021-02-27,804
C008646,Affluent,62,397171,Salaried,Male,B004,2017-02-25,769
C008647,Retail,43,903543,Self-Employed,Female,B016,2017-01-14,781
C008648,SME,43,455064,Self-Employed,Female,B006,2015-10-01,750
C008649,Retail,35,398615,Salaried,Female,B005,2016-11-05,879
C008650,SME,42,267122,Salaried,Male,B007,2018-06-10,696
C008651,Retail,40,188474,Self-Employed,Male,B010,2017-10-15,770
C008652,Affluent,45,449197,Retired,Male,B001,2016-10-10,693
C008653,SME,18,436996,Salaried,Male,B019,2018-05-31,752
C008654,SME,43,1526106,Self-Employed,Female,B014,2018-10-05,820
C008655,Retail,44,628658,Salaried,Male,B004,2020-05-25,679
C008656,Retail,67,1260081,Salaried,Male,B015,2017-08-03,593
C008657,Mass Affluent,39,226038,Salaried,Female,B006,2020-08-21,684
C008658,Retail,41,620565,Salaried,Female,B020,2015-08-07,602
C008659,Retail,43,858243,Business,Female,B010,2017-05-02,733
C008660,Retail,44,645413,Business,Male,B015,2015-11-01,711
C008661,Mass Affluent,25,661512,Salaried,Male,B019,2019-09-08,611
C008662,Mass Affluent,48,510195,Salaried,Male,B008,2022-01-30,526
C008663,Retail,29,276058,Salaried,Female,B013,2015-09-03,722
C008664,Retail,43,246835,Salaried,Female,B019,2015-07-02,900
C008665,Retail,30,949814,Salaried,Female,B016,2016-05-03,702
C008666,Mass Affluent,37,390540,Salaried,Female,B018,2022-05-01,678
C008667,Retail,34,454778,Salaried,Female,B009,2016-05-29,619
C008668,Retail,36,390487,Business,Male,B015,2015-08-04,770
C008669,SME,38,335693,Salaried,Male,B008,2018-06-01,655
C008670,SME,43,231893,Self-Employed,Male,B017,2018-01-29,632
C008671,SME,38,1628407,Salaried,Female,B004,2017-06-06,805
C008672,Affluent,49,180000,Business,Female,B009,2019-05-27,675
C008673,Retail,33,938275,Salaried,Female,B008,2021-07-30,729
C008674,Mass Affluent,44,1217672,Salaried,Male,B009,2016-10-24,765
C008675,Retail,30,657781,Salaried,Male,B004,2019-10-10,611
C008676,Mass Affluent,59,535496,Retired,Male,B008,2019-10-03,663
C008677,Retail,44,698075,Business,Female,B017,2017-04-05,852
C008678,Mass Affluent,31,462903,Self-Employed,Male,B006,2016-06-13,667
C008679,Mass Affluent,58,1136417,Salaried,Female,B010,2016-09-16,680
C008680,Retail,45,1242165,Salaried,Male,B002,2021-02-07,692
C008681,Affluent,31,853600,Business,Female,B012,2022-10-17,797
C008682,Retail,38,205187,Business,Female,B019,2016-04-30,838
C008683,Retail,26,930520,Salaried,Female,B005,2021-06-25,736
C008684,Retail,26,1381831,Salaried,Female,B016,2017-11-26,724
C008685,Retail,52,890939,Business,Male,B005,2018-02-08,691
C008686,Retail,29,1138261,Salaried,Female,B001,2020-07-10,779
C008687,SME,24,373477,Salaried,Female,B010,2019-11-10,687
C008688,Retail,46,440862,Salaried,Female,B002,2022-04-18,710
C008689,Retail,57,1406182,Salaried,Male,B016,2020-02-05,843
C008690,Retail,52,924882,Self-Employed,Male,B009,2022-12-25,732
C008691,Mass Affluent,64,510932,Business,Female,B007,2022-09-07,759
C008692,Affluent,66,502792,Business,Male,B013,2015-07-25,690
C008693,Mass Affluent,29,607615,Self-Employed,Female,B004,2018-10-16,695
C008694,Mass Affluent,36,494284,Business,Male,B007,2018-09-29,604
C008695,SME,22,602201,Salaried,Male,B010,2015-12-19,789
C008696,Affluent,26,4628785,Salaried,Female,B012,2023-01-09,694
C008697,Mass Affluent,51,379742,Salaried,Female,B002,2020-01-08,704
C008698,Retail,42,186987,Retired,Female,B005,2017-05-31,810
C008699,Mass Affluent,55,390039,Self-Employed,Other,B015,2019-04-14,804
C008700,Mass Affluent,29,860296,Business,Male,B011,2016-01-08,678
C008701,Mass Affluent,33,887246,Salaried,Male,B002,2021-01-02,693
C008702,Affluent,46,298188,Salaried,Male,B015,2020-05-02,583
C008703,Mass Affluent,51,469712,Salaried,Male,B019,2022-02-24,759
C008704,Affluent,21,1053311,Business,Male,B005,2017-12-01,760
C008705,Retail,36,559511,Salaried,Male,B016,2018-05-31,671
C008706,Retail,43,308364,Business,Male,B008,2021-03-05,744
C008707,Retail,48,353538,Salaried,Female,B007,2019-10-16,777
C008708,SME,50,1498363,Salaried,Female,B003,2023-10-04,652
C008709,Affluent,38,446779,Salaried,Male,B008,2020-08-11,706
C008710,Mass Affluent,25,620902,Business,Male,B005,2016-07-16,735
C008711,Mass Affluent,18,212251,Salaried,Male,B014,2017-06-29,756
C008712,Mass Affluent,37,514330,Salaried,Male,B002,2018-10-15,761
C008713,SME,36,3761284,Salaried,Male,B010,2023-06-16,699
C008714,Affluent,30,1919889,Salaried,Male,B018,2019-08-04,667
C008715,Mass Affluent,49,707796,Salaried,Male,B017,2021-02-07,603
C008716,Mass Affluent,26,1714366,Retired,Other,B006,2016-01-19,700
C008717,Retail,32,888173,Business,Male,B017,2022-06-05,764
C008718,Mass Affluent,52,2721014,Salaried,Male,B017,2020-11-26,850
C008719,Retail,30,925660,Business,Male,B019,2016-08-09,784
C008720,Retail,43,1433566,Salaried,Male,B016,2020-05-06,730
C008721,Affluent,39,180000,Salaried,Male,B002,2016-08-12,720
C008722,Mass Affluent,42,771162,Self-Employed,Male,B005,2019-06-22,680
C008723,SME,49,402751,Salaried,Male,B012,2023-10-27,634
C008724,Retail,43,864031,Business,Male,B001,2016-10-05,783
C008725,Retail,24,842750,Self-Employed,Male,B005,2015-12-30,805
C008726,Retail,26,1474916,Salaried,Male,B008,2018-03-23,638
C008727,Retail,42,1183279,Self-Employed,Female,B010,2019-07-23,808
C008728,Retail,29,240050,Salaried,Male,B003,2023-06-09,738
C008729,Retail,50,180171,Salaried,Female,B006,2022-04-13,778
C008730,Retail,42,525117,Salaried,Male,B013,2015-01-02,846
C008731,Retail,20,977540,Salaried,Male,B020,2019-04-14,632
C008732,Retail,60,906091,Self-Employed,Male,B008,2023-02-16,649
C008733,Mass Affluent,35,626780,Business,Male,B018,2020-07-30,706
C008734,Retail,37,894397,Business,Female,B005,2016-01-16,661
C008735,Mass Affluent,44,1023993,Salaried,Male,B006,2017-09-16,672
C008736,Affluent,38,627212,Self-Employed,Male,B002,2017-04-07,784
C008737,Retail,50,898757,Business,Female,B007,2023-08-27,735
C008738,SME,28,951866,Salaried,Male,B016,2017-02-19,739
C008739,Mass Affluent,52,586547,Business,Male,B010,2022-06-14,728
C008740,Mass Affluent,46,1569500,Salaried,Female,B020,2016-05-24,681
C008741,Retail,30,275317,Business,Male,B010,2019-06-03,738
C008742,Affluent,42,1754105,Self-Employed,Female,B002,2022-02-11,712
C008743,Affluent,52,1183527,Self-Employed,Male,B008,2022-02-14,786
C008744,Retail,45,2441732,Business,Female,B002,2023-04-16,769
C008745,Retail,41,223515,Retired,Female,B002,2018-05-22,754
C008746,Retail,46,477516,Retired,Female,B013,2019-12-22,724
C008747,Mass Affluent,47,820897,Self-Employed,Female,B004,2019-08-05,693
C008748,Retail,33,709619,Salaried,Female,B007,2016-09-13,640
C008749,Mass Affluent,41,453113,Business,Male,B014,2016-08-20,900
C008750,Retail,48,732476,Self-Employed,Female,B020,2018-05-23,720
C008751,Affluent,40,1348505,Salaried,Male,B005,2016-05-23,771
C008752,Retail,31,657581,Business,Female,B001,2016-02-27,782
C008753,Retail,42,247102,Business,Female,B001,2019-07-27,724
C008754,Mass Affluent,35,2281401,Salaried,Female,B019,2019-10-24,713
C008755,Retail,45,321719,Salaried,Male,B006,2016-03-30,681
C008756,Retail,55,271841,Retired,Male,B016,2019-01-09,611
C008757,Retail,46,374414,Salaried,Female,B012,2021-04-19,850
C008758,Mass Affluent,30,402349,Salaried,Female,B001,2015-06-08,687
C008759,SME,42,717726,Salaried,Female,B012,2023-10-12,649
C008760,Affluent,18,3272770,Business,Female,B020,2023-10-04,826
C008761,Retail,38,335347,Self-Employed,Female,B018,2017-01-27,706
C008762,Retail,49,1221966,Business,Male,B002,2015-10-12,732
C008763,Mass Affluent,43,2132640,Salaried,Female,B018,2017-12-10,691
C008764,Mass Affluent,40,455540,Self-Employed,Male,B010,2020-07-01,617
C008765,Retail,62,562371,Salaried,Male,B010,2016-12-17,724
C008766,Retail,20,731762,Self-Employed,Female,B006,2020-03-23,719
C008767,Retail,23,445969,Salaried,Female,B002,2017-10-13,694
C008768,Affluent,44,184266,Business,Male,B016,2020-10-27,795
C008769,Retail,49,1445050,Salaried,Male,B005,2023-11-25,772
C008770,Affluent,49,664952,Salaried,Female,B006,2020-02-29,821
C008771,Retail,33,415769,Salaried,Female,B001,2017-08-24,652
C008772,Retail,30,583212,Salaried,Male,B004,2017-04-16,763
C008773,Retail,28,488657,Salaried,Female,B017,2020-08-23,865
C008774,Retail,43,881864,Business,Male,B013,2015-04-04,767
C008775,Retail,28,334444,Salaried,Male,B012,2017-11-12,766
C008776,Retail,51,469441,Business,Female,B013,2023-08-18,725
C008777,Retail,39,659073,Salaried,Female,B019,2021-07-19,774
C008778,Retail,31,180000,Business,Female,B016,2022-02-28,660
C008779,Retail,31,511368,Salaried,Female,B011,2018-11-29,677
C008780,SME,22,383771,Business,Female,B018,2023-09-14,661
C008781,Mass Affluent,30,891068,Business,Male,B018,2017-07-14,692
C008782,Mass Affluent,33,704500,Salaried,Female,B001,2021-11-12,718
C008783,Retail,43,1368418,Self-Employed,Female,B004,2022-09-05,829
C008784,Retail,38,180000,Business,Male,B009,2015-12-31,801
C008785,Retail,30,401793,Self-Employed,Female,B003,2021-10-07,649
C008786,Mass Affluent,26,681323,Salaried,Male,B008,2015-04-04,657
C008787,Retail,36,1389536,Self-Employed,Male,B009,2023-09-09,681
C008788,Retail,18,292312,Business,Female,B018,2019-04-07,677
C008789,Affluent,36,355887,Retired,Male,B005,2016-01-21,801
C008790,Retail,51,1410125,Self-Employed,Female,B005,2017-07-07,835
C008791,Retail,37,2682715,Salaried,Female,B005,2019-06-30,636
C008792,Retail,41,1818540,Business,Female,B016,2023-12-31,739
C008793,Mass Affluent,39,1830199,Retired,Male,B005,2021-11-22,701
C008794,Affluent,24,794058,Salaried,Female,B005,2021-02-15,579
C008795,Retail,58,653925,Salaried,Female,B012,2015-06-04,672
C008796,Retail,35,2065386,Self-Employed,Male,B007,2020-07-10,711
C008797,Mass Affluent,39,485439,Salaried,Male,B003,2019-01-22,642
C008798,Retail,32,311129,Retired,Male,B008,2017-01-02,684
C008799,Mass Affluent,52,721353,Business,Male,B020,2015-02-06,771
C008800,Mass Affluent,23,474607,Salaried,Female,B018,2021-07-01,729
C008801,Retail,53,364116,Business,Female,B005,2022-01-19,781
C008802,Retail,36,1042981,Business,Male,B006,2023-10-01,643
C008803,Mass Affluent,33,509982,Salaried,Male,B006,2020-08-29,627
C008804,Retail,32,676467,Self-Employed,Male,B006,2022-11-29,755
C008805,Retail,59,852932,Salaried,Male,B011,2017-07-30,773
C008806,Affluent,21,190486,Salaried,Female,B013,2020-03-08,571
C008807,Retail,33,1342808,Salaried,Female,B014,2021-08-23,684
C008808,Retail,25,2677231,Salaried,Female,B017,2018-09-15,809
C008809,Retail,19,1379343,Business,Female,B001,2019-11-07,720
C008810,Mass Affluent,53,180000,Business,Male,B010,2018-08-31,639
C008811,Retail,39,694689,Salaried,Male,B002,2022-08-05,612
C008812,SME,26,180000,Salaried,Female,B013,2019-08-23,758
C008813,Mass Affluent,48,1303545,Salaried,Male,B017,2022-05-28,744
C008814,Retail,35,1306616,Business,Female,B019,2018-05-26,846
C008815,Retail,32,764426,Business,Female,B003,2016-04-08,621
C008816,Retail,45,180000,Self-Employed,Female,B004,2021-09-07,658
C008817,Mass Affluent,34,604065,Business,Male,B006,2018-03-14,784
C008818,Affluent,28,289539,Salaried,Female,B013,2023-01-24,672
C008819,Mass Affluent,47,656587,Salaried,Female,B014,2022-03-10,592
C008820,Retail,37,594396,Salaried,Female,B009,2023-06-28,719
C008821,Mass Affluent,47,1181607,Self-Employed,Female,B015,2021-04-04,659
C008822,Retail,35,541382,Self-Employed,Other,B006,2020-03-29,783
C008823,Affluent,50,1779559,Salaried,Male,B020,2016-10-05,684
C008824,Mass Affluent,39,776926,Salaried,Male,B011,2018-04-27,753
C008825,Retail,51,426494,Self-Employed,Female,B007,2023-03-21,778
C008826,Retail,50,566880,Salaried,Female,B018,2021-03-01,737
C008827,Affluent,53,1385534,Salaried,Male,B017,2015-06-11,900
C008828,Affluent,40,1510353,Salaried,Female,B014,2018-09-19,738
C008829,Retail,43,180000,Salaried,Female,B008,2018-03-21,840
C008830,Retail,36,275868,Self-Employed,Female,B008,2017-05-05,655
C008831,Mass Affluent,29,399097,Salaried,Male,B007,2019-06-06,722
C008832,Retail,61,1496732,Business,Male,B009,2019-04-10,800
C008833,Retail,31,1358761,Salaried,Other,B012,2015-12-11,714
C008834,Retail,49,1152737,Self-Employed,Female,B003,2015-04-15,749
C008835,Retail,47,1255091,Business,Female,B001,2021-05-17,810
C008836,Mass Affluent,41,1826654,Salaried,Female,B015,2015-06-07,743
C008837,SME,37,863300,Salaried,Male,B009,2017-08-08,617
C008838,Mass Affluent,37,1217847,Salaried,Male,B017,2016-08-23,729
C008839,Retail,32,794522,Salaried,Female,B012,2017-07-08,769
C008840,Mass Affluent,40,1192120,Self-Employed,Male,B017,2023-05-24,742
C008841,Retail,26,437867,Salaried,Female,B013,2021-03-29,683
C008842,Retail,47,341437,Salaried,Female,B013,2016-02-27,644
C008843,SME,36,390885,Retired,Male,B015,2015-07-24,672
C008844,Retail,28,501656,Business,Male,B018,2017-02-08,771
C008845,SME,25,1019484,Salaried,Male,B015,2022-01-19,729
C008846,Retail,38,1752488,Salaried,Other,B018,2023-11-22,720
C008847,Mass Affluent,38,404876,Salaried,Female,B005,2021-01-08,747
C008848,Retail,33,3103691,Salaried,Male,B007,2023-10-07,707
C008849,Retail,45,519187,Salaried,Female,B006,2016-04-21,791
C008850,Retail,43,607658,Business,Female,B005,2023-07-08,643
C008851,Affluent,40,722835,Salaried,Male,B019,2015-12-25,771
C008852,Affluent,29,398137,Business,Male,B009,2018-05-17,807
C008853,Affluent,31,433480,Salaried,Male,B011,2016-06-07,867
C008854,Mass Affluent,24,492335,Business,Male,B003,2023-08-15,755
C008855,Affluent,37,279638,Salaried,Female,B007,2022-03-13,622
C008856,Retail,45,352177,Self-Employed,Male,B003,2020-12-30,900
C008857,Retail,26,570615,Salaried,Other,B006,2019-03-05,841
C008858,Mass Affluent,33,460684,Salaried,Male,B019,2015-03-01,848
C008859,Mass Affluent,38,393609,Business,Female,B016,2021-06-25,691
C008860,Mass Affluent,45,1168301,Salaried,Male,B008,2017-06-16,736
C008861,Retail,23,192237,Business,Male,B019,2017-08-23,721
C008862,Retail,63,877684,Business,Female,B019,2021-01-20,698
C008863,SME,47,661870,Salaried,Male,B016,2018-05-23,656
C008864,Mass Affluent,32,721314,Retired,Female,B008,2021-05-05,788
C008865,Retail,27,270121,Salaried,Female,B010,2022-09-18,818
C008866,Affluent,42,418265,Salaried,Female,B009,2017-06-06,807
C008867,SME,44,773993,Business,Male,B016,2019-12-02,674
C008868,Retail,28,422201,Retired,Female,B014,2023-07-09,675
C008869,Affluent,27,221002,Salaried,Male,B010,2019-01-11,778
C008870,SME,29,503677,Business,Female,B004,2017-11-28,790
C008871,SME,40,529950,Salaried,Female,B010,2016-11-05,748
C008872,SME,40,963856,Business,Male,B020,2020-05-30,689
C008873,Mass Affluent,63,1255425,Salaried,Female,B015,2019-04-26,804
C008874,Retail,18,656337,Salaried,Male,B019,2021-01-29,815
C008875,Retail,32,797017,Salaried,Female,B011,2015-06-11,774
C008876,Retail,33,1191664,Salaried,Male,B020,2016-01-17,682
C008877,Retail,44,531008,Self-Employed,Male,B014,2019-10-20,670
C008878,Retail,45,853149,Salaried,Male,B015,2017-03-20,819
C008879,Retail,37,238455,Self-Employed,Male,B004,2020-03-13,697
C008880,Retail,56,416246,Self-Employed,Male,B017,2020-08-26,700
C008881,Retail,27,1828294,Salaried,Male,B001,2018-02-10,752
C008882,Affluent,31,1167653,Salaried,Female,B019,2020-09-13,693
C008883,Retail,25,1032958,Salaried,Male,B005,2018-05-12,788
C008884,Mass Affluent,37,337277,Salaried,Female,B018,2018-04-01,728
C008885,Mass Affluent,35,222894,Salaried,Female,B017,2015-12-23,685
C008886,Retail,48,321796,Salaried,Female,B010,2015-09-19,730
C008887,SME,59,641659,Salaried,Female,B009,2018-12-30,665
C008888,Mass Affluent,55,847410,Business,Other,B004,2020-10-22,682
C008889,Retail,26,1680015,Salaried,Male,B020,2022-10-29,691
C008890,Retail,40,274162,Self-Employed,Male,B019,2016-02-11,793
C008891,Retail,48,415111,Salaried,Male,B003,2020-12-03,766
C008892,Retail,46,1734002,Business,Female,B018,2018-04-09,634
C008893,Retail,64,213527,Salaried,Female,B003,2018-12-31,704
C008894,Mass Affluent,37,691964,Salaried,Male,B008,2019-05-28,650
C008895,Affluent,40,180000,Business,Female,B005,2022-12-22,674
C008896,Mass Affluent,64,478665,Salaried,Female,B001,2018-05-02,694
C008897,Retail,44,2153713,Salaried,Female,B018,2016-02-22,748
C008898,Retail,32,857428,Self-Employed,Male,B014,2019-01-29,747
C008899,Retail,28,1419454,Business,Female,B007,2019-08-18,630
C008900,Retail,41,855508,Salaried,Female,B009,2017-01-17,634
C008901,Retail,51,846137,Salaried,Female,B014,2016-03-23,692
C008902,Affluent,51,207715,Salaried,Male,B016,2022-10-25,746
C008903,Retail,29,2296808,Salaried,Male,B016,2018-04-26,722
C008904,Affluent,40,1731432,Business,Male,B006,2015-07-28,588
C008905,Retail,34,369389,Retired,Female,B007,2018-01-01,761
C008906,SME,37,1623559,Salaried,Male,B001,2015-04-06,609
C008907,Mass Affluent,49,1198308,Salaried,Female,B011,2023-05-10,762
C008908,Mass Affluent,38,917745,Business,Female,B009,2022-12-03,776
C008909,Retail,46,688935,Salaried,Female,B001,2019-03-27,860
C008910,Affluent,47,562013,Salaried,Male,B018,2023-06-03,761
C008911,Affluent,32,1859447,Salaried,Male,B010,2015-02-20,873
C008912,Mass Affluent,53,654999,Salaried,Male,B013,2016-07-16,860
C008913,Mass Affluent,27,815571,Salaried,Female,B005,2019-05-03,718
C008914,Mass Affluent,25,1761605,Salaried,Male,B008,2015-05-13,711
C008915,Retail,34,1277588,Self-Employed,Male,B013,2017-04-21,866
C008916,Mass Affluent,28,268849,Self-Employed,Female,B016,2020-03-11,811
C008917,Affluent,46,410372,Salaried,Male,B007,2018-09-23,855
C008918,Retail,67,351571,Business,Female,B008,2017-06-05,725
C008919,Retail,51,801287,Business,Female,B018,2017-11-12,651
C008920,Retail,30,438578,Salaried,Female,B009,2016-04-30,695
C008921,Mass Affluent,28,468061,Salaried,Male,B011,2015-03-28,725
C008922,Retail,50,515188,Business,Male,B017,2017-12-07,688
C008923,Retail,26,763599,Business,Male,B014,2020-03-05,608
C008924,Retail,28,506347,Salaried,Male,B002,2020-01-23,719
C008925,Affluent,43,1125925,Salaried,Male,B015,2016-11-03,749
C008926,Retail,33,295318,Salaried,Female,B018,2021-11-01,621
C008927,Mass Affluent,40,229269,Self-Employed,Female,B005,2016-06-01,754
C008928,Retail,35,392625,Salaried,Male,B001,2019-08-12,698
C008929,Affluent,39,309833,Salaried,Female,B016,2023-06-26,755
C008930,SME,49,622133,Self-Employed,Male,B012,2018-09-10,845
C008931,Retail,46,462709,Salaried,Male,B014,2016-04-19,639
C008932,Retail,49,257947,Salaried,Female,B017,2019-03-10,592
C008933,Affluent,46,254804,Business,Female,B001,2016-05-06,744
C008934,Retail,47,675743,Salaried,Female,B014,2016-10-07,697
C008935,Retail,39,1077550,Salaried,Other,B015,2017-03-18,759
C008936,Affluent,23,379253,Business,Male,B012,2015-06-02,672
C008937,SME,38,566886,Salaried,Female,B017,2021-12-21,775
C008938,Mass Affluent,42,395261,Salaried,Male,B009,2022-11-24,664
C008939,Retail,40,543661,Self-Employed,Male,B003,2016-12-02,715
C008940,Retail,44,1886308,Salaried,Male,B012,2015-03-20,755
C008941,Retail,62,3046137,Salaried,Female,B013,2023-07-15,717
C008942,Affluent,33,448909,Salaried,Female,B002,2018-12-26,795
C008943,Affluent,35,430328,Salaried,Female,B015,2021-10-05,808
C008944,Affluent,52,794581,Business,Male,B002,2022-02-20,771
C008945,Retail,40,648899,Business,Male,B005,2023-07-02,771
C008946,Mass Affluent,44,934240,Salaried,Male,B009,2016-06-13,724
C008947,Retail,32,553227,Salaried,Female,B014,2023-07-05,643
C008948,Retail,31,533031,Salaried,Male,B013,2020-04-06,806
C008949,Affluent,26,799475,Salaried,Male,B004,2018-01-17,568
C008950,Retail,41,702286,Business,Male,B008,2020-03-05,559
C008951,Mass Affluent,28,438610,Business,Male,B007,2017-05-26,723
C008952,Mass Affluent,27,650317,Salaried,Male,B017,2022-04-13,679
C008953,SME,46,651444,Salaried,Male,B006,2017-05-24,722
C008954,Affluent,32,180000,Salaried,Female,B008,2020-09-09,667
C008955,Affluent,26,578139,Business,Female,B008,2023-06-20,759
C008956,Mass Affluent,25,1079166,Salaried,Female,B013,2019-07-22,687
C008957,Retail,49,451173,Salaried,Female,B008,2021-08-01,707
C008958,Retail,38,369928,Retired,Male,B005,2022-08-21,692
C008959,Mass Affluent,35,370856,Business,Male,B009,2018-04-23,839
C008960,Mass Affluent,41,742865,Salaried,Male,B020,2022-06-17,614
C008961,Mass Affluent,40,315942,Salaried,Male,B002,2022-09-17,823
C008962,Retail,33,700408,Salaried,Female,B003,2015-11-07,647
C008963,Retail,35,665305,Salaried,Female,B004,2022-01-26,627
C008964,Retail,47,252123,Self-Employed,Male,B019,2021-08-13,675
C008965,Mass Affluent,48,1109341,Self-Employed,Male,B007,2015-11-27,686
C008966,Mass Affluent,30,1353579,Self-Employed,Female,B009,2017-09-25,754
C008967,Mass Affluent,53,706513,Salaried,Male,B006,2022-11-03,637
C008968,Retail,61,615258,Business,Female,B003,2015-12-23,668
C008969,Retail,36,433280,Salaried,Female,B014,2020-11-16,806
C008970,Affluent,36,444253,Salaried,Female,B013,2022-05-13,710
C008971,Affluent,29,452803,Business,Female,B013,2015-09-08,644
C008972,Retail,32,972709,Retired,Male,B001,2015-10-23,817
C008973,Mass Affluent,43,870648,Salaried,Male,B015,2021-09-21,680
C008974,Retail,64,180000,Salaried,Female,B005,2021-08-03,636
C008975,Mass Affluent,47,229036,Salaried,Female,B002,2022-04-23,620
C008976,Affluent,35,350202,Salaried,Female,B005,2017-10-29,726
C008977,Mass Affluent,34,443506,Business,Male,B017,2016-09-25,780
C008978,Mass Affluent,32,794058,Self-Employed,Female,B001,2021-06-04,628
C008979,Retail,51,422586,Self-Employed,Male,B004,2020-03-03,696
C008980,Mass Affluent,36,787805,Business,Female,B015,2016-12-25,842
C008981,Mass Affluent,44,1693568,Retired,Female,B015,2017-08-31,703
C008982,Mass Affluent,36,410880,Salaried,Female,B016,2016-07-15,751
C008983,Mass Affluent,62,331009,Self-Employed,Female,B013,2018-09-28,713
C008984,Retail,33,288402,Salaried,Female,B014,2023-12-20,809
C008985,SME,31,306246,Salaried,Female,B002,2018-03-19,774
C008986,Affluent,34,860283,Business,Female,B010,2022-04-05,755
C008987,Retail,44,982403,Self-Employed,Female,B005,2016-08-25,665
C008988,Mass Affluent,55,901704,Salaried,Male,B003,2017-10-30,900
C008989,Retail,44,303362,Salaried,Male,B020,2018-05-18,630
C008990,Retail,47,467635,Business,Female,B011,2020-06-30,744
C008991,Retail,45,468570,Business,Male,B013,2022-07-17,739
C008992,Mass Affluent,21,1831001,Self-Employed,Male,B002,2017-11-19,727
C008993,Affluent,39,727290,Salaried,Female,B007,2019-02-01,812
C008994,Mass Affluent,36,644650,Salaried,Male,B003,2021-01-06,664
C008995,Mass Affluent,37,718824,Salaried,Female,B013,2020-11-09,737
C008996,Retail,30,453861,Self-Employed,Male,B006,2016-12-13,679
C008997,Retail,49,779694,Salaried,Female,B009,2015-12-30,761
C008998,Retail,40,439632,Salaried,Male,B020,2015-10-24,700
C008999,Affluent,39,1517688,Self-Employed,Female,B002,2019-02-21,685
C009000,SME,37,340541,Self-Employed,Male,B012,2023-03-19,679
C009001,Retail,32,678404,Self-Employed,Female,B015,2021-12-07,575
C009002,Mass Affluent,19,927694,Business,Male,B016,2016-08-03,713
C009003,SME,42,569600,Self-Employed,Female,B003,2016-10-15,649
C009004,Retail,40,651633,Salaried,Male,B014,2017-11-03,588
C009005,Affluent,45,526454,Business,Male,B001,2016-11-17,731
C009006,Mass Affluent,40,331428,Salaried,Male,B016,2022-10-02,623
C009007,Mass Affluent,27,1852025,Salaried,Male,B006,2021-08-03,838
C009008,Retail,30,475256,Self-Employed,Male,B015,2022-02-15,649
C009009,Mass Affluent,54,256789,Salaried,Male,B015,2019-05-23,788
C009010,Affluent,43,375004,Salaried,Male,B003,2022-09-15,821
C009011,Retail,48,1423132,Self-Employed,Female,B004,2017-07-21,761
C009012,Mass Affluent,49,2636120,Retired,Male,B017,2022-05-25,628
C009013,Retail,28,763978,Self-Employed,Female,B013,2017-11-30,859
C009014,Affluent,35,1002505,Salaried,Male,B002,2015-03-28,784
C009015,Mass Affluent,46,1992472,Salaried,Female,B001,2017-04-20,775
C009016,Affluent,30,321281,Salaried,Female,B020,2018-01-03,663
C009017,Retail,35,774293,Salaried,Male,B006,2023-06-18,698
C009018,Retail,33,1966991,Salaried,Female,B005,2020-06-25,616
C009019,Retail,31,1035290,Self-Employed,Female,B006,2020-01-13,628
C009020,Retail,38,502671,Salaried,Male,B018,2020-12-27,819
C009021,Retail,34,759032,Business,Female,B001,2015-05-11,771
C009022,Mass Affluent,35,2013549,Salaried,Female,B013,2017-07-14,674
C009023,Retail,42,662046,Salaried,Male,B006,2023-12-02,713
C009024,Mass Affluent,50,329151,Salaried,Male,B020,2018-10-22,815
C009025,Retail,47,892865,Business,Female,B012,2023-11-20,794
C009026,Mass Affluent,41,333516,Business,Female,B010,2021-02-04,649
C009027,Mass Affluent,57,372277,Retired,Female,B019,2017-05-16,672
C009028,Mass Affluent,46,443422,Retired,Male,B003,2017-03-21,727
C009029,SME,48,592786,Retired,Female,B015,2021-09-19,779
C009030,Retail,37,346309,Self-Employed,Male,B014,2018-07-12,642
C009031,Retail,35,783562,Self-Employed,Male,B004,2021-07-23,631
C009032,Retail,43,478746,Salaried,Female,B007,2022-12-18,680
C009033,Retail,49,1021600,Business,Male,B010,2023-07-08,610
C009034,Mass Affluent,41,616169,Business,Female,B014,2015-08-19,731
C009035,Retail,32,542838,Business,Female,B002,2021-12-09,607
C009036,Mass Affluent,25,557004,Salaried,Male,B001,2017-09-03,843
C009037,Retail,22,1549762,Business,Female,B016,2018-09-09,638
C009038,SME,39,1064773,Self-Employed,Male,B016,2015-02-26,615
C009039,SME,48,237038,Salaried,Male,B013,2018-07-10,804
C009040,Retail,18,433703,Salaried,Male,B001,2020-10-02,739
C009041,Retail,32,638785,Business,Female,B006,2021-10-04,668
C009042,Affluent,31,180000,Salaried,Male,B004,2020-06-24,743
C009043,SME,43,792857,Salaried,Female,B002,2015-02-28,824
C009044,Retail,32,345637,Salaried,Male,B007,2021-10-13,746
C009045,Retail,25,372155,Salaried,Male,B014,2021-10-30,790
C009046,SME,32,380200,Business,Male,B001,2018-12-13,617
C009047,Mass Affluent,31,1360008,Salaried,Male,B010,2017-05-16,751
C009048,Retail,39,891501,Salaried,Male,B006,2020-03-21,702
C009049,Mass Affluent,37,447665,Self-Employed,Female,B008,2023-09-01,738
C009050,SME,44,416307,Business,Female,B009,2023-12-29,707
C009051,Affluent,39,667817,Business,Female,B011,2022-05-24,629
C009052,Mass Affluent,50,1692715,Salaried,Female,B006,2022-11-26,736
C009053,Mass Affluent,34,507716,Business,Male,B008,2021-03-09,785
C009054,Retail,46,180000,Self-Employed,Female,B016,2022-10-31,684
C009055,Affluent,42,669341,Salaried,Female,B017,2015-05-13,806
C009056,Retail,36,716551,Self-Employed,Male,B007,2023-11-12,707
C009057,SME,47,762728,Business,Female,B008,2023-03-07,823
C009058,Retail,30,585409,Self-Employed,Male,B008,2018-06-09,720
C009059,Affluent,53,655667,Retired,Female,B010,2020-09-03,758
C009060,Retail,30,317245,Salaried,Male,B009,2020-02-17,696
C009061,Mass Affluent,24,1219331,Self-Employed,Male,B019,2023-04-20,733
C009062,Retail,23,426882,Salaried,Female,B010,2016-12-12,714
C009063,Mass Affluent,40,507434,Business,Female,B017,2017-07-23,639
C009064,Affluent,33,774780,Self-Employed,Female,B009,2015-02-17,757
C009065,Mass Affluent,41,688614,Self-Employed,Male,B014,2020-09-30,733
C009066,Mass Affluent,27,1671583,Self-Employed,Female,B002,2020-10-08,826
C009067,Retail,44,1405447,Self-Employed,Female,B003,2021-11-25,668
C009068,SME,41,435407,Business,Female,B020,2017-03-01,548
C009069,Mass Affluent,34,2170557,Self-Employed,Female,B009,2019-01-16,831
C009070,Mass Affluent,46,1112093,Salaried,Female,B019,2022-11-07,666
C009071,Affluent,45,652925,Salaried,Female,B018,2020-02-21,726
C009072,Mass Affluent,40,389961,Salaried,Male,B018,2022-08-30,601
C009073,Retail,49,575370,Salaried,Male,B011,2021-02-08,679
C009074,Mass Affluent,51,180000,Self-Employed,Male,B009,2018-06-16,750
C009075,Mass Affluent,30,854049,Salaried,Male,B012,2020-10-12,653
C009076,Affluent,51,254569,Salaried,Female,B008,2021-06-26,672
C009077,Affluent,29,824004,Salaried,Other,B018,2020-01-18,588
C009078,Retail,47,439464,Self-Employed,Female,B008,2016-09-20,828
C009079,Retail,49,651878,Self-Employed,Male,B004,2023-02-23,642
C009080,Retail,37,402038,Salaried,Female,B006,2019-05-08,623
C009081,Retail,38,375326,Salaried,Female,B016,2016-09-03,547
C009082,Mass Affluent,36,966948,Salaried,Female,B013,2019-10-09,655
C009083,Affluent,30,399594,Salaried,Female,B016,2023-02-26,792
C009084,Retail,32,333850,Salaried,Female,B020,2022-08-10,797
C009085,Retail,44,303203,Salaried,Other,B018,2019-03-30,691
C009086,SME,48,1045892,Salaried,Male,B008,2016-07-25,621
C009087,Affluent,39,289849,Salaried,Male,B001,2019-08-16,693
C009088,Mass Affluent,28,602118,Salaried,Female,B006,2022-02-26,700
C009089,Affluent,26,2527722,Self-Employed,Male,B018,2022-09-15,761
C009090,Mass Affluent,38,383564,Self-Employed,Male,B002,2021-09-24,728
C009091,Retail,33,361085,Salaried,Male,B008,2015-01-21,823
C009092,Retail,52,1215859,Salaried,Male,B006,2023-03-11,646
C009093,Retail,31,277386,Salaried,Male,B006,2016-06-30,628
C009094,Retail,46,1214648,Business,Female,B014,2016-03-29,706
C009095,SME,32,468387,Retired,Female,B003,2019-02-15,713
C009096,Affluent,36,1079019,Business,Male,B018,2018-03-23,776
C009097,Retail,41,797871,Self-Employed,Other,B005,2017-10-11,719
C009098,Retail,45,871747,Business,Female,B016,2020-08-14,704
C009099,Retail,44,449950,Salaried,Female,B018,2020-07-02,814
C009100,Mass Affluent,33,465060,Self-Employed,Female,B009,2022-06-13,612
C009101,Affluent,40,427555,Salaried,Female,B001,2023-02-16,877
C009102,Retail,35,1423352,Salaried,Male,B011,2022-05-04,741
C009103,Retail,23,602284,Salaried,Male,B008,2017-08-05,586
C009104,Mass Affluent,42,2129462,Salaried,Female,B008,2022-06-24,700
C009105,Mass Affluent,53,697462,Salaried,Female,B013,2017-02-26,559
C009106,Retail,56,532117,Salaried,Male,B008,2017-01-15,664
C009107,Mass Affluent,42,521328,Salaried,Female,B016,2015-11-08,675
C009108,Mass Affluent,42,381373,Self-Employed,Male,B018,2018-09-07,883
C009109,Retail,18,694170,Salaried,Male,B009,2022-05-02,709
C009110,Retail,69,566478,Self-Employed,Male,B012,2016-06-03,713
C009111,Retail,55,402485,Business,Female,B003,2022-12-08,641
C009112,Affluent,47,577373,Self-Employed,Female,B001,2015-03-05,869
C009113,SME,40,433391,Salaried,Male,B020,2019-08-20,750
C009114,Affluent,18,723036,Salaried,Male,B020,2022-05-20,657
C009115,Mass Affluent,41,955028,Salaried,Male,B009,2022-03-16,665
C009116,Mass Affluent,39,399049,Business,Male,B008,2018-10-24,637
C009117,Mass Affluent,23,445814,Salaried,Female,B013,2015-01-15,726
C009118,SME,44,333394,Business,Male,B017,2018-09-09,664
C009119,Retail,53,1253839,Salaried,Female,B007,2018-09-04,682
C009120,Mass Affluent,43,189285,Business,Male,B015,2020-11-08,799
C009121,Mass Affluent,43,391090,Salaried,Male,B014,2023-03-01,658
C009122,Mass Affluent,43,951370,Self-Employed,Female,B016,2018-08-19,722
C009123,Retail,35,398075,Business,Female,B017,2019-02-12,677
C009124,Mass Affluent,47,388720,Salaried,Male,B016,2023-09-06,720
C009125,Affluent,56,928866,Salaried,Female,B018,2020-07-28,709
C009126,Retail,39,180000,Salaried,Female,B014,2018-10-23,694
C009127,Affluent,31,611469,Self-Employed,Male,B006,2018-08-18,803
C009128,Retail,24,419611,Salaried,Male,B020,2022-10-22,792
C009129,SME,45,425189,Salaried,Male,B015,2020-08-19,600
C009130,Mass Affluent,46,1200755,Salaried,Male,B005,2019-01-02,537
C009131,Mass Affluent,43,592052,Salaried,Female,B017,2021-05-15,805
C009132,Retail,36,283373,Salaried,Female,B001,2023-08-06,710
C009133,Retail,42,229361,Salaried,Male,B013,2015-05-13,722
C009134,Mass Affluent,33,576842,Salaried,Female,B007,2016-05-30,816
C009135,Retail,31,245114,Salaried,Female,B019,2016-02-18,656
C009136,Mass Affluent,28,1314166,Self-Employed,Female,B005,2023-09-12,725
C009137,Retail,28,292782,Self-Employed,Female,B009,2015-08-13,721
C009138,Affluent,45,595227,Salaried,Female,B004,2018-06-17,798
C009139,Affluent,36,180000,Salaried,Female,B007,2017-06-27,723
C009140,Retail,32,180000,Business,Female,B013,2018-02-15,696
C009141,Mass Affluent,24,523574,Salaried,Male,B008,2016-02-20,676
C009142,Affluent,46,4799499,Salaried,Male,B004,2016-02-21,748
C009143,Mass Affluent,51,416391,Salaried,Male,B008,2022-11-13,691
C009144,Retail,28,939933,Self-Employed,Male,B016,2022-05-09,598
C009145,Mass Affluent,38,435380,Salaried,Male,B013,2019-10-01,726
C009146,Retail,29,1161977,Retired,Male,B010,2019-06-28,534
C009147,Retail,37,565285,Salaried,Female,B014,2020-11-29,800
C009148,Retail,46,266863,Salaried,Female,B020,2017-11-03,647
C009149,Mass Affluent,57,510218,Business,Male,B010,2019-06-29,751
C009150,Retail,34,188488,Salaried,Male,B013,2020-06-01,778
C009151,SME,47,336726,Salaried,Female,B008,2020-01-05,778
C009152,Retail,47,768847,Salaried,Male,B020,2020-04-21,845
C009153,Retail,37,392057,Salaried,Male,B005,2016-02-07,690
C009154,Retail,52,452136,Business,Male,B019,2020-07-16,753
C009155,Retail,35,1104400,Salaried,Female,B013,2020-07-18,722
C009156,Mass Affluent,44,433084,Salaried,Female,B002,2015-04-17,720
C009157,Retail,33,837068,Salaried,Male,B016,2017-10-23,730
C009158,Retail,45,407340,Salaried,Male,B014,2023-03-18,658
C009159,Retail,44,1088664,Self-Employed,Female,B017,2016-10-08,765
C009160,Retail,52,1405486,Salaried,Female,B003,2015-11-23,691
C009161,Retail,59,180000,Business,Female,B016,2022-09-05,802
C009162,Affluent,49,316301,Salaried,Female,B009,2016-03-13,722
C009163,Mass Affluent,46,514847,Business,Female,B007,2017-11-27,734
C009164,Mass Affluent,35,384485,Salaried,Female,B002,2016-07-28,763
C009165,Mass Affluent,18,1047801,Salaried,Female,B011,2020-07-30,691
C009166,Mass Affluent,53,691951,Business,Female,B011,2022-11-19,598
C009167,SME,59,324474,Salaried,Male,B014,2018-10-31,821
C009168,Retail,42,1507693,Business,Female,B016,2015-01-06,808
C009169,Retail,28,1489521,Salaried,Female,B008,2016-10-01,706
C009170,Retail,54,252650,Salaried,Male,B015,2015-11-04,681
C009171,Retail,51,404753,Business,Female,B016,2023-09-29,576
C009172,Retail,18,1032029,Business,Male,B002,2021-01-28,748
C009173,Mass Affluent,41,1097362,Business,Female,B004,2018-12-14,633
C009174,Retail,42,1494240,Business,Male,B001,2017-07-21,741
C009175,SME,21,2992081,Salaried,Female,B007,2018-09-05,714
C009176,Retail,27,787329,Salaried,Female,B011,2017-08-01,703
C009177,Retail,51,1375753,Business,Female,B018,2018-05-01,704
C009178,SME,40,3405183,Self-Employed,Male,B005,2020-04-04,722
C009179,Affluent,29,594339,Retired,Male,B005,2016-03-07,609
C009180,Retail,32,360416,Salaried,Male,B020,2015-06-14,805
C009181,Mass Affluent,26,708122,Salaried,Male,B017,2018-10-03,680
C009182,Affluent,40,1690076,Self-Employed,Male,B004,2020-09-27,698
C009183,Retail,47,1949830,Salaried,Female,B009,2017-11-28,643
C009184,Retail,52,659972,Salaried,Male,B014,2021-01-20,747
C009185,Affluent,32,538940,Self-Employed,Female,B009,2018-05-02,731
C009186,Mass Affluent,35,262071,Business,Female,B013,2019-01-13,573
C009187,Retail,45,631956,Salaried,Male,B016,2023-08-06,766
C009188,Mass Affluent,49,278910,Salaried,Male,B020,2022-11-20,831
C009189,Retail,43,318975,Business,Female,B013,2023-05-15,708
C009190,Affluent,53,699576,Business,Male,B009,2019-06-28,601
C009191,Retail,59,261538,Salaried,Female,B012,2015-10-01,676
C009192,Affluent,21,755897,Self-Employed,Male,B012,2022-06-21,638
C009193,Mass Affluent,56,1111817,Salaried,Female,B010,2017-05-15,759
C009194,Retail,53,302617,Business,Male,B002,2023-09-30,699
C009195,Retail,26,409144,Business,Female,B005,2017-01-09,731
C009196,Mass Affluent,44,234321,Salaried,Male,B011,2021-12-25,823
C009197,SME,46,882533,Business,Female,B002,2018-04-05,744
C009198,Retail,27,228135,Retired,Male,B010,2019-01-22,636
C009199,Retail,38,945445,Salaried,Male,B008,2022-04-17,697
C009200,Mass Affluent,41,724372,Salaried,Male,B020,2019-03-19,713
C009201,Affluent,27,2441033,Self-Employed,Male,B010,2016-11-19,643
C009202,Retail,35,1778915,Self-Employed,Female,B011,2017-11-17,779
C009203,Mass Affluent,54,277352,Self-Employed,Male,B009,2020-12-31,770
C009204,Mass Affluent,58,1964970,Salaried,Male,B007,2016-04-27,638
C009205,Retail,27,423847,Salaried,Male,B012,2018-02-20,693
C009206,Retail,18,355130,Business,Male,B007,2020-12-03,767
C009207,Retail,53,431306,Retired,Male,B016,2020-08-31,746
C009208,Affluent,59,497540,Business,Female,B019,2021-07-11,738
C009209,Mass Affluent,49,2441513,Self-Employed,Male,B016,2015-11-29,655
C009210,Mass Affluent,36,180000,Salaried,Male,B015,2023-07-18,670
C009211,Retail,27,1999975,Self-Employed,Female,B014,2019-03-13,633
C009212,Retail,46,1028754,Salaried,Male,B013,2021-05-20,675
C009213,Affluent,51,669148,Salaried,Male,B003,2018-11-24,653
C009214,Retail,32,406545,Business,Female,B013,2015-03-05,899
C009215,Mass Affluent,42,564954,Salaried,Female,B007,2018-04-26,805
C009216,Mass Affluent,34,1043438,Salaried,Female,B002,2023-12-10,784
C009217,Retail,47,1121273,Salaried,Female,B010,2023-06-25,809
C009218,Retail,18,349504,Business,Female,B015,2018-04-08,806
C009219,Retail,43,991975,Salaried,Male,B003,2020-07-04,661
C009220,Retail,35,409383,Self-Employed,Male,B006,2018-11-11,770
C009221,Affluent,59,535106,Salaried,Female,B014,2019-07-02,708
C009222,Retail,42,1408203,Self-Employed,Female,B004,2021-05-13,638
C009223,Retail,47,1005040,Business,Male,B015,2019-12-29,755
C009224,Affluent,29,209505,Salaried,Male,B005,2023-05-23,743
C009225,Retail,37,655005,Salaried,Female,B006,2015-07-16,688
C009226,Mass Affluent,43,788018,Business,Female,B019,2015-01-24,741
C009227,Retail,35,660909,Self-Employed,Female,B018,2016-07-30,720
C009228,Retail,36,180000,Salaried,Female,B020,2017-03-01,720
C009229,Retail,42,248743,Self-Employed,Male,B006,2016-08-14,820
C009230,Retail,20,189462,Salaried,Male,B004,2020-08-17,792
C009231,Affluent,33,397320,Self-Employed,Male,B012,2016-07-10,546
C009232,Mass Affluent,48,656256,Salaried,Other,B014,2021-11-25,631
C009233,Retail,35,427319,Salaried,Female,B007,2016-01-01,704
C009234,Retail,65,400732,Salaried,Female,B002,2019-08-02,817
C009235,Retail,40,193492,Business,Male,B002,2019-05-12,547
C009236,Retail,19,266455,Business,Female,B020,2017-11-01,717
C009237,Retail,44,322414,Retired,Female,B004,2023-08-10,749
C009238,Mass Affluent,27,1064235,Self-Employed,Female,B020,2023-02-01,694
C009239,Affluent,43,794063,Business,Female,B003,2015-03-04,670
C009240,Retail,33,998743,Self-Employed,Male,B002,2018-04-01,650
C009241,Mass Affluent,34,810127,Salaried,Female,B006,2022-02-10,601
C009242,Affluent,50,1023955,Business,Male,B014,2019-05-06,784
C009243,Retail,22,246919,Business,Male,B008,2017-07-02,718
C009244,Affluent,34,1430041,Business,Female,B011,2021-09-15,820
C009245,Affluent,32,1185784,Business,Male,B019,2016-10-27,764
C009246,Retail,54,470555,Business,Female,B015,2017-03-03,657
C009247,SME,35,1127116,Salaried,Male,B020,2019-02-11,637
C009248,Retail,29,1322417,Salaried,Male,B020,2023-12-26,825
C009249,Retail,42,579687,Salaried,Male,B020,2021-11-16,847
C009250,Affluent,29,850751,Salaried,Male,B020,2021-04-11,779
C009251,Retail,31,428155,Business,Female,B014,2021-10-12,711
C009252,Retail,47,1415008,Retired,Male,B004,2017-08-11,673
C009253,Retail,18,447223,Self-Employed,Female,B010,2020-07-19,844
C009254,Affluent,28,735772,Business,Male,B008,2022-10-04,734
C009255,Affluent,32,583450,Salaried,Female,B005,2015-02-17,641
C009256,Mass Affluent,56,410874,Business,Female,B018,2020-08-23,692
C009257,SME,44,198119,Business,Male,B017,2021-09-04,611
C009258,Retail,39,1067356,Salaried,Female,B005,2022-06-18,712
C009259,Retail,38,586333,Salaried,Female,B003,2023-09-20,757
C009260,Mass Affluent,40,1973478,Salaried,Male,B010,2017-12-23,756
C009261,Affluent,42,1323186,Self-Employed,Female,B004,2018-08-01,662
C009262,Retail,40,1310944,Salaried,Male,B019,2018-01-15,743
C009263,Retail,60,966460,Salaried,Female,B005,2016-05-09,768
C009264,Affluent,34,979640,Salaried,Male,B001,2022-08-25,695
C009265,SME,41,664218,Self-Employed,Male,B004,2015-09-06,746
C009266,Mass Affluent,39,1025427,Retired,Female,B001,2019-07-07,671
C009267,Retail,49,448445,Business,Female,B015,2023-11-29,642
C009268,SME,31,180000,Self-Employed,Male,B003,2015-03-22,782
C009269,Affluent,35,950465,Salaried,Female,B010,2020-05-18,668
C009270,Mass Affluent,22,964414,Salaried,Female,B005,2021-08-30,814
C009271,Affluent,50,254143,Salaried,Male,B011,2023-08-31,729
C009272,Affluent,22,837859,Salaried,Female,B017,2019-09-26,714
C009273,SME,45,829469,Salaried,Female,B009,2021-11-18,768
C009274,Affluent,57,1209923,Salaried,Female,B013,2016-05-01,703
C009275,Mass Affluent,60,560165,Salaried,Female,B014,2020-11-23,713
C009276,Mass Affluent,36,223099,Self-Employed,Male,B009,2020-09-14,754
C009277,Retail,35,438054,Salaried,Female,B017,2016-11-26,669
C009278,Mass Affluent,38,437027,Self-Employed,Female,B007,2021-01-05,828
C009279,Affluent,49,555966,Business,Male,B016,2016-07-28,803
C009280,SME,38,649567,Salaried,Male,B020,2016-01-21,768
C009281,Retail,36,514235,Business,Female,B013,2021-02-27,623
C009282,Mass Affluent,51,776170,Retired,Male,B014,2022-05-26,784
C009283,Retail,39,293864,Salaried,Male,B018,2021-10-29,775
C009284,Mass Affluent,37,758108,Self-Employed,Female,B011,2018-07-15,691
C009285,Mass Affluent,29,366360,Salaried,Male,B002,2015-09-16,783
C009286,Retail,50,526365,Salaried,Female,B006,2015-09-11,730
C009287,Mass Affluent,42,182760,Salaried,Male,B005,2018-07-12,610
C009288,Retail,39,1108027,Salaried,Female,B003,2016-03-05,682
C009289,Retail,19,491740,Business,Male,B007,2019-04-27,782
C009290,Affluent,49,747811,Salaried,Male,B003,2016-12-14,737
C009291,Retail,27,351837,Self-Employed,Female,B013,2023-06-30,594
C009292,Retail,44,416994,Self-Employed,Female,B002,2018-04-03,721
C009293,Retail,30,320216,Retired,Female,B002,2017-02-17,701
C009294,Retail,27,665243,Self-Employed,Other,B018,2015-10-10,616
C009295,Affluent,49,872051,Salaried,Female,B004,2017-07-30,689
C009296,Retail,40,312988,Self-Employed,Male,B017,2015-03-11,772
C009297,Affluent,39,657128,Salaried,Female,B011,2018-06-12,631
C009298,Retail,60,511707,Business,Female,B007,2023-09-01,735
C009299,Retail,60,680691,Self-Employed,Male,B002,2021-06-04,700
C009300,Retail,36,334601,Salaried,Female,B015,2020-07-11,836
C009301,Mass Affluent,25,811751,Self-Employed,Female,B014,2022-10-31,775
C009302,Mass Affluent,55,500536,Salaried,Male,B014,2020-04-21,664
C009303,SME,24,548373,Salaried,Male,B006,2017-03-28,866
C009304,Mass Affluent,44,2747024,Self-Employed,Male,B005,2020-08-08,628
C009305,Retail,36,190883,Salaried,Female,B014,2020-12-28,768
C009306,Affluent,40,852431,Self-Employed,Female,B004,2018-06-07,692
C009307,SME,52,796191,Salaried,Female,B014,2017-02-18,799
C009308,Retail,30,903956,Business,Female,B005,2022-05-25,676
C009309,Retail,32,877991,Business,Male,B012,2019-10-03,698
C009310,Mass Affluent,47,680315,Business,Female,B013,2018-01-27,785
C009311,Retail,59,782411,Self-Employed,Female,B012,2015-10-30,675
C009312,SME,66,3438146,Business,Female,B017,2016-07-04,715
C009313,Retail,23,536423,Salaried,Female,B018,2019-09-16,771
C009314,Retail,34,532821,Salaried,Female,B012,2015-08-01,689
C009315,SME,28,299877,Salaried,Male,B009,2016-02-07,594
C009316,Affluent,48,350972,Salaried,Male,B019,2019-07-17,682
C009317,Retail,40,693856,Retired,Male,B015,2023-07-30,692
C009318,SME,49,762625,Salaried,Female,B009,2017-03-30,668
C009319,Retail,35,557620,Self-Employed,Male,B013,2017-10-16,762
C009320,Retail,47,916918,Salaried,Female,B015,2021-10-23,645
C009321,SME,37,462375,Salaried,Male,B012,2017-06-28,769
C009322,Mass Affluent,41,3017997,Salaried,Female,B010,2015-12-23,763
C009323,Retail,33,662602,Salaried,Female,B003,2019-12-30,716
C009324,Retail,54,929787,Salaried,Female,B010,2015-04-18,836
C009325,Mass Affluent,25,666423,Business,Male,B018,2020-12-27,661
C009326,Retail,38,405635,Salaried,Male,B010,2021-04-09,704
C009327,Mass Affluent,59,431503,Salaried,Male,B004,2016-08-28,626
C009328,Mass Affluent,53,284731,Business,Male,B003,2021-07-17,876
C009329,Retail,30,195856,Salaried,Female,B020,2020-02-01,771
C009330,Mass Affluent,30,1112430,Business,Male,B018,2023-04-25,676
C009331,Affluent,45,403800,Business,Male,B017,2019-08-15,759
C009332,Retail,46,575463,Retired,Female,B005,2021-03-21,840
C009333,Retail,52,1624934,Business,Male,B020,2018-04-11,742
C009334,Retail,23,1282718,Salaried,Male,B010,2016-12-16,625
C009335,Mass Affluent,53,661420,Self-Employed,Female,B002,2022-09-07,766
C009336,Affluent,29,523215,Salaried,Female,B001,2018-04-21,661
C009337,Retail,54,543058,Salaried,Female,B016,2023-05-29,758
C009338,Retail,21,2511297,Salaried,Male,B010,2020-03-29,668
C009339,Retail,27,671144,Salaried,Male,B003,2019-01-18,749
C009340,Mass Affluent,58,4195086,Self-Employed,Female,B004,2017-08-19,723
C009341,Retail,59,257630,Salaried,Male,B001,2017-05-21,608
C009342,Affluent,40,618593,Salaried,Male,B012,2016-11-21,706
C009343,Retail,35,1280081,Salaried,Female,B013,2018-01-26,739
C009344,Mass Affluent,39,1210749,Business,Female,B008,2019-07-20,802
C009345,Mass Affluent,44,904576,Business,Female,B019,2018-05-02,653
C009346,Mass Affluent,45,403520,Salaried,Female,B005,2016-07-10,726
C009347,Retail,36,255561,Business,Male,B012,2016-01-19,729
C009348,Mass Affluent,18,534164,Salaried,Male,B019,2016-02-28,616
C009349,Retail,33,1182098,Salaried,Female,B004,2019-10-13,900
C009350,Retail,22,1811561,Salaried,Male,B015,2016-01-25,648
C009351,Mass Affluent,47,644825,Self-Employed,Female,B013,2023-03-14,693
C009352,Mass Affluent,43,562929,Business,Male,B013,2023-03-10,762
C009353,Retail,38,687206,Salaried,Male,B003,2018-03-14,759
C009354,Retail,36,692298,Self-Employed,Female,B008,2017-07-07,854
C009355,Affluent,61,1297555,Business,Female,B006,2022-02-12,680
C009356,Affluent,52,472243,Business,Male,B017,2016-02-25,775
C009357,Retail,41,555599,Salaried,Male,B011,2020-03-08,692
C009358,Mass Affluent,33,810163,Salaried,Male,B007,2023-08-23,763
C009359,Retail,53,397812,Salaried,Female,B015,2016-11-28,741
C009360,Mass Affluent,40,330080,Salaried,Female,B004,2023-02-12,611
C009361,Affluent,32,1494064,Business,Female,B008,2023-02-18,683
C009362,Retail,33,590720,Salaried,Male,B002,2017-06-25,662
C009363,Affluent,46,1070472,Self-Employed,Male,B011,2019-10-24,747
C009364,Retail,49,939747,Salaried,Male,B008,2023-06-27,721
C009365,Mass Affluent,46,245414,Salaried,Female,B019,2017-05-01,779
C009366,Mass Affluent,46,392606,Self-Employed,Female,B005,2021-01-31,825
C009367,SME,36,625403,Self-Employed,Female,B018,2016-07-12,641
C009368,Retail,33,513141,Salaried,Female,B006,2023-09-17,653
C009369,Retail,41,703485,Business,Female,B019,2016-04-30,693
C009370,Retail,38,676930,Salaried,Female,B020,2023-12-05,776
C009371,SME,28,999820,Self-Employed,Female,B005,2019-09-10,615
C009372,Mass Affluent,39,583215,Salaried,Female,B013,2022-04-06,851
C009373,Mass Affluent,47,627706,Salaried,Female,B012,2021-04-11,790
C009374,Retail,35,235715,Retired,Female,B009,2022-01-04,725
C009375,Affluent,56,405937,Business,Female,B005,2020-09-13,809
C009376,Affluent,25,419214,Salaried,Female,B017,2021-04-27,706
C009377,Mass Affluent,30,449575,Business,Male,B018,2020-08-01,604
C009378,Retail,33,471418,Salaried,Female,B003,2023-07-29,807
C009379,Retail,48,886171,Business,Female,B019,2015-04-10,780
C009380,Mass Affluent,41,1898420,Self-Employed,Female,B015,2019-07-27,760
C009381,Mass Affluent,29,249522,Salaried,Male,B017,2016-11-02,755
C009382,Retail,18,526770,Business,Female,B009,2020-05-12,675
C009383,Mass Affluent,26,341722,Salaried,Female,B004,2017-01-18,600
C009384,Retail,20,251382,Salaried,Female,B009,2022-04-08,555
C009385,Affluent,49,425742,Salaried,Female,B004,2020-09-18,583
C009386,Mass Affluent,27,302704,Business,Female,B003,2018-06-13,718
C009387,Retail,46,697930,Business,Male,B009,2017-03-20,621
C009388,Mass Affluent,45,539816,Salaried,Male,B011,2015-03-15,609
C009389,Retail,52,494195,Salaried,Female,B011,2022-08-14,639
C009390,Retail,31,732917,Salaried,Male,B020,2023-01-30,723
C009391,Affluent,43,236578,Salaried,Other,B008,2017-05-08,785
C009392,Retail,40,310626,Salaried,Male,B002,2020-09-07,882
C009393,Retail,40,755768,Salaried,Male,B016,2019-01-07,851
C009394,Retail,39,308476,Salaried,Male,B002,2022-12-03,695
C009395,Retail,48,180000,Salaried,Female,B020,2023-06-22,636
C009396,Retail,47,1700151,Self-Employed,Male,B005,2016-05-30,769
C009397,Retail,39,749446,Salaried,Male,B009,2021-04-10,708
C009398,Mass Affluent,34,1161411,Business,Male,B002,2016-06-29,716
C009399,Retail,33,374451,Salaried,Female,B009,2016-09-08,700
C009400,Mass Affluent,39,244272,Salaried,Male,B011,2020-01-27,678
C009401,Retail,41,723400,Self-Employed,Male,B008,2015-01-27,771
C009402,Retail,38,293194,Salaried,Female,B007,2018-01-11,786
C009403,Retail,25,1163809,Business,Male,B006,2015-06-08,713
C009404,Affluent,36,700624,Salaried,Female,B020,2019-02-09,745
C009405,Mass Affluent,33,681126,Salaried,Female,B015,2020-02-12,668
C009406,Affluent,39,685982,Business,Female,B015,2016-10-28,700
C009407,Retail,67,2250423,Business,Male,B007,2023-11-17,682
C009408,Affluent,44,918381,Self-Employed,Female,B008,2023-03-23,752
C009409,Retail,53,525975,Salaried,Male,B017,2022-10-23,712
C009410,Retail,31,655755,Salaried,Male,B019,2016-09-24,739
C009411,Mass Affluent,39,340867,Self-Employed,Female,B002,2021-02-20,672
C009412,Retail,53,426753,Salaried,Female,B009,2016-10-07,863
C009413,SME,22,1353375,Salaried,Male,B002,2018-02-28,703
C009414,Retail,36,616806,Business,Female,B013,2017-10-15,615
C009415,SME,46,985063,Self-Employed,Male,B012,2021-12-22,795
C009416,Mass Affluent,38,336547,Self-Employed,Male,B004,2016-04-05,616
C009417,Mass Affluent,33,1040171,Business,Female,B019,2017-06-25,662
C009418,Retail,33,527620,Retired,Female,B008,2020-09-05,727
C009419,Retail,42,695539,Salaried,Male,B013,2021-04-11,681
C009420,SME,22,624057,Salaried,Male,B014,2015-05-10,701
C009421,Retail,40,675406,Business,Male,B007,2018-09-05,694
C009422,Mass Affluent,47,558867,Salaried,Female,B001,2018-04-10,696
C009423,SME,35,1382552,Salaried,Female,B011,2019-05-31,592
C009424,Retail,22,225565,Self-Employed,Male,B017,2022-02-27,773
C009425,Mass Affluent,33,848680,Business,Female,B017,2018-09-17,736
C009426,Mass Affluent,38,388570,Self-Employed,Male,B015,2019-09-24,731
C009427,Retail,27,322263,Salaried,Male,B010,2020-05-30,706
C009428,Retail,39,2408549,Business,Female,B016,2022-01-13,680
C009429,Retail,41,323372,Business,Female,B005,2017-10-09,748
C009430,Retail,52,184143,Self-Employed,Female,B002,2021-05-27,804
C009431,Mass Affluent,37,1116825,Salaried,Female,B007,2022-05-17,763
C009432,Retail,40,435401,Salaried,Male,B003,2019-06-13,850
C009433,SME,33,1373919,Salaried,Male,B015,2023-04-27,694
C009434,Retail,34,180000,Business,Male,B011,2017-02-05,703
C009435,Mass Affluent,47,2001877,Business,Male,B001,2021-02-07,806
C009436,Mass Affluent,36,1107834,Business,Male,B016,2017-01-03,664
C009437,Retail,48,524121,Salaried,Male,B011,2018-11-04,743
C009438,Retail,38,194556,Business,Female,B020,2017-10-02,778
C009439,Affluent,26,252507,Business,Male,B020,2022-11-22,814
C009440,Affluent,31,382824,Business,Female,B019,2015-03-23,662
C009441,Retail,66,954109,Retired,Female,B007,2016-09-23,720
C009442,Retail,38,342629,Business,Male,B018,2015-03-01,720
C009443,Retail,21,180000,Salaried,Male,B010,2017-02-20,586
C009444,Retail,26,695792,Business,Male,B008,2017-02-22,666
C009445,Mass Affluent,31,1146560,Salaried,Female,B002,2019-11-06,752
C009446,Affluent,29,2502442,Salaried,Male,B007,2016-02-25,819
C009447,Retail,27,308042,Business,Male,B008,2023-04-29,725
C009448,SME,55,329922,Salaried,Male,B019,2023-07-30,656
C009449,Retail,46,180000,Salaried,Male,B006,2017-03-03,672
C009450,Mass Affluent,37,219440,Self-Employed,Female,B001,2023-11-24,608
C009451,Retail,33,300017,Business,Male,B011,2022-03-02,812
C009452,Retail,37,335713,Business,Male,B020,2016-08-12,800
C009453,Retail,59,424109,Business,Female,B004,2021-10-04,627
C009454,Retail,29,881467,Business,Female,B012,2020-12-20,825
C009455,Mass Affluent,22,836646,Business,Male,B009,2022-11-09,776
C009456,Mass Affluent,46,429652,Salaried,Female,B008,2020-01-03,720
C009457,Retail,50,605967,Salaried,Male,B006,2018-09-15,638
C009458,Affluent,55,248237,Salaried,Female,B018,2023-06-09,686
C009459,Retail,35,415447,Salaried,Male,B019,2018-07-12,745
C009460,Mass Affluent,35,259076,Business,Male,B020,2018-12-02,658
C009461,Retail,61,370942,Salaried,Female,B018,2017-12-29,668
C009462,Retail,46,2004448,Business,Male,B001,2019-03-11,639
C009463,Retail,38,659438,Self-Employed,Male,B009,2023-07-26,710
C009464,Mass Affluent,45,407758,Self-Employed,Female,B013,2016-06-21,658
C009465,Mass Affluent,34,818549,Salaried,Male,B012,2022-06-19,715
C009466,Retail,42,464182,Business,Male,B018,2015-06-21,761
C009467,Retail,42,1792664,Self-Employed,Male,B007,2021-06-25,750
C009468,Retail,48,754565,Salaried,Female,B011,2019-02-27,829
C009469,Mass Affluent,28,282163,Retired,Male,B018,2021-10-15,748
C009470,Mass Affluent,43,1414159,Salaried,Male,B010,2023-12-11,709
C009471,Retail,26,897370,Salaried,Female,B008,2023-07-17,829
C009472,Retail,60,812939,Self-Employed,Male,B014,2015-06-23,727
C009473,Affluent,34,1026730,Salaried,Female,B014,2021-07-27,698
C009474,Retail,21,963641,Business,Female,B013,2023-04-22,690
C009475,Retail,70,836883,Self-Employed,Male,B007,2019-11-30,827
C009476,Retail,33,540203,Business,Male,B015,2016-02-02,701
C009477,Retail,40,1081509,Salaried,Female,B006,2017-02-03,713
C009478,Mass Affluent,20,536466,Business,Female,B012,2022-08-02,761
C009479,Mass Affluent,38,1422604,Salaried,Female,B011,2021-04-26,689
C009480,Retail,57,829325,Salaried,Female,B018,2019-11-26,722
C009481,Mass Affluent,47,677705,Salaried,Male,B004,2016-10-13,681
C009482,Retail,20,905119,Salaried,Male,B004,2023-05-01,719
C009483,Affluent,31,664922,Business,Female,B013,2016-01-09,722
C009484,Mass Affluent,49,1374167,Salaried,Female,B007,2019-11-22,700
C009485,Mass Affluent,46,1111764,Self-Employed,Female,B019,2020-04-26,783
C009486,Retail,34,629121,Self-Employed,Male,B004,2022-05-14,780
C009487,Retail,43,180000,Business,Male,B001,2017-10-23,859
C009488,Retail,26,1051479,Business,Female,B008,2016-09-28,599
C009489,Mass Affluent,25,786607,Self-Employed,Female,B012,2015-10-25,670
C009490,Retail,18,2906216,Salaried,Other,B012,2018-06-26,730
C009491,SME,49,257849,Salaried,Male,B020,2021-11-16,740
C009492,SME,38,520576,Salaried,Male,B011,2017-08-30,818
C009493,Mass Affluent,39,219603,Business,Male,B017,2023-10-24,598
C009494,SME,18,373824,Business,Male,B017,2021-01-12,794
C009495,Retail,38,1651768,Salaried,Male,B012,2018-08-10,673
C009496,Retail,45,203352,Self-Employed,Female,B012,2015-04-27,647
C009497,Retail,18,242707,Salaried,Male,B017,2019-03-08,735
C009498,Mass Affluent,39,874724,Business,Male,B009,2020-11-27,715
C009499,Retail,38,680503,Business,Female,B013,2017-07-01,900
C009500,SME,34,484398,Salaried,Male,B017,2022-04-14,770
C009501,Retail,53,180000,Business,Female,B001,2023-09-26,775
C009502,Retail,51,1366460,Business,Male,B003,2016-12-16,702
C009503,Affluent,75,514973,Salaried,Male,B008,2015-02-23,707
C009504,Retail,26,309089,Salaried,Female,B008,2022-01-31,625
C009505,Retail,44,739444,Salaried,Female,B008,2018-11-08,751
C009506,Mass Affluent,55,1357483,Salaried,Female,B006,2015-08-28,620
C009507,Retail,31,504649,Salaried,Female,B015,2021-04-22,644
C009508,Retail,58,393421,Salaried,Female,B005,2018-03-25,730
C009509,Retail,43,614010,Salaried,Female,B006,2015-01-25,681
C009510,Retail,20,769510,Salaried,Male,B006,2021-04-20,665
C009511,SME,25,817610,Self-Employed,Male,B010,2020-02-26,683
C009512,Affluent,33,511348,Salaried,Female,B019,2020-11-16,759
C009513,Retail,38,1335201,Salaried,Male,B002,2016-12-19,765
C009514,Retail,53,339113,Salaried,Female,B007,2022-06-29,638
C009515,Retail,38,536267,Salaried,Female,B019,2023-03-11,757
C009516,SME,52,534644,Self-Employed,Female,B013,2021-08-24,781
C009517,Retail,40,220438,Salaried,Female,B004,2023-03-10,867
C009518,Retail,39,759684,Retired,Female,B011,2016-07-27,757
C009519,Mass Affluent,36,637559,Salaried,Female,B018,2016-02-21,574
C009520,SME,50,530037,Self-Employed,Male,B011,2016-05-06,768
C009521,Retail,40,833659,Business,Male,B013,2015-06-19,798
C009522,Retail,31,528593,Salaried,Female,B010,2016-08-21,799
C009523,Retail,43,1500318,Self-Employed,Female,B017,2022-01-30,819
C009524,Retail,34,814689,Salaried,Male,B004,2021-03-27,817
C009525,Mass Affluent,33,765541,Salaried,Male,B003,2020-08-17,722
C009526,Mass Affluent,52,387171,Self-Employed,Male,B007,2021-02-15,733
C009527,Mass Affluent,37,180000,Salaried,Male,B016,2016-01-07,670
C009528,Retail,62,1011066,Self-Employed,Female,B006,2023-03-01,645
C009529,Retail,47,180000,Salaried,Male,B018,2023-01-09,658
C009530,Retail,31,504106,Business,Female,B001,2023-06-03,785
C009531,Retail,30,1063546,Business,Female,B019,2017-12-13,660
C009532,Affluent,25,341435,Business,Female,B010,2018-04-14,736
C009533,Retail,46,444603,Salaried,Female,B003,2021-11-05,757
C009534,Retail,30,242433,Salaried,Male,B011,2021-01-02,763
C009535,Retail,18,329529,Retired,Female,B007,2018-06-26,820
C009536,Retail,21,357819,Self-Employed,Male,B006,2019-07-03,753
C009537,Retail,27,444257,Salaried,Female,B014,2017-07-29,733
C009538,Affluent,43,652594,Salaried,Male,B020,2017-02-24,833
C009539,Retail,38,697369,Salaried,Female,B008,2017-06-22,659
C009540,Mass Affluent,49,1535526,Salaried,Male,B011,2023-06-28,723
C009541,Retail,29,437367,Salaried,Male,B002,2018-03-18,706
C009542,Retail,35,861568,Salaried,Male,B007,2019-02-19,753
C009543,SME,58,396949,Salaried,Male,B017,2022-11-09,751
C009544,Retail,35,1783371,Business,Other,B005,2019-06-15,627
C009545,Mass Affluent,41,650159,Self-Employed,Female,B006,2019-05-02,621
C009546,Retail,32,524452,Salaried,Female,B017,2023-12-10,655
C009547,Mass Affluent,37,358650,Salaried,Female,B015,2017-04-15,722
C009548,Affluent,44,1081249,Business,Female,B003,2023-03-11,636
C009549,Affluent,46,652798,Salaried,Male,B018,2016-12-16,611
C009550,Affluent,40,685300,Salaried,Female,B015,2018-01-08,658
C009551,Mass Affluent,36,302012,Self-Employed,Female,B004,2023-08-27,693
C009552,Retail,40,360851,Salaried,Male,B010,2023-10-28,663
C009553,Mass Affluent,31,190918,Salaried,Male,B011,2017-02-23,755
C009554,Mass Affluent,37,430890,Business,Female,B001,2016-05-23,758
C009555,Retail,43,439357,Salaried,Male,B010,2021-06-22,828
C009556,Retail,50,250381,Salaried,Male,B015,2021-02-05,751
C009557,Affluent,29,572423,Salaried,Male,B008,2016-07-07,657
C009558,Retail,37,478462,Salaried,Male,B009,2023-01-05,738
C009559,Retail,28,374306,Business,Female,B001,2019-11-09,720
C009560,Affluent,34,343654,Business,Female,B012,2020-04-04,776
C009561,Retail,50,668266,Self-Employed,Male,B016,2023-12-01,760
C009562,Retail,33,361810,Business,Female,B007,2018-08-08,746
C009563,Mass Affluent,38,1747232,Salaried,Male,B012,2019-11-29,810
C009564,Retail,25,532486,Salaried,Female,B012,2022-10-09,820
C009565,Mass Affluent,33,1089963,Salaried,Male,B011,2022-07-10,666
C009566,Retail,22,284955,Self-Employed,Male,B016,2021-12-10,644
C009567,Retail,42,539985,Salaried,Male,B008,2019-09-19,618
C009568,Retail,43,322909,Business,Male,B019,2023-12-10,762
C009569,SME,43,791458,Salaried,Male,B008,2023-07-12,647
C009570,Retail,43,576136,Salaried,Female,B005,2021-10-26,689
C009571,Retail,43,2171148,Business,Male,B017,2021-02-27,769
C009572,Retail,22,469189,Salaried,Male,B016,2018-01-01,814
C009573,Retail,30,191082,Retired,Female,B004,2021-03-18,690
C009574,Retail,18,577174,Salaried,Female,B018,2019-06-14,840
C009575,Retail,34,682333,Salaried,Female,B012,2022-05-03,703
C009576,Mass Affluent,29,399341,Business,Female,B004,2017-04-07,839
C009577,Retail,39,367520,Business,Female,B018,2016-01-23,645
C009578,Affluent,66,275487,Salaried,Female,B007,2019-04-06,727
C009579,Mass Affluent,48,820480,Salaried,Female,B002,2019-06-21,700
C009580,Retail,56,881345,Salaried,Male,B002,2017-09-17,777
C009581,Retail,48,2914469,Salaried,Female,B013,2023-04-24,687
C009582,Mass Affluent,38,538336,Self-Employed,Female,B004,2020-03-03,771
C009583,Mass Affluent,39,662611,Salaried,Female,B005,2023-06-03,759
C009584,Retail,49,512742,Salaried,Male,B012,2021-09-01,831
C009585,SME,42,3485715,Business,Female,B011,2015-06-10,634
C009586,Retail,36,896474,Retired,Female,B003,2022-05-25,758
C009587,Retail,55,600869,Salaried,Male,B011,2016-05-10,835
C009588,Retail,44,2353758,Salaried,Female,B009,2023-01-31,770
C009589,SME,23,577237,Salaried,Female,B008,2023-08-26,812
C009590,Mass Affluent,37,5998660,Business,Male,B008,2022-11-19,646
C009591,Affluent,40,1769512,Salaried,Male,B010,2021-02-15,617
C009592,Retail,35,591803,Salaried,Female,B006,2015-03-30,773
C009593,Retail,35,837255,Salaried,Male,B018,2018-03-04,774
C009594,Retail,34,651592,Salaried,Female,B006,2016-05-08,635
C009595,Affluent,19,979520,Salaried,Male,B012,2015-09-18,705
C009596,Retail,18,411657,Salaried,Male,B016,2017-05-27,698
C009597,Retail,32,2344535,Self-Employed,Female,B016,2023-06-12,720
C009598,Retail,35,392548,Salaried,Female,B004,2015-09-07,701
C009599,Affluent,24,708028,Business,Male,B018,2019-03-07,724
C009600,Retail,28,761814,Salaried,Female,B013,2016-08-18,825
C009601,Retail,36,488778,Salaried,Male,B003,2015-04-01,776
C009602,Retail,50,259561,Self-Employed,Other,B012,2018-07-10,685
C009603,SME,50,701762,Salaried,Male,B020,2022-06-14,857
C009604,Affluent,50,704839,Salaried,Male,B019,2020-02-17,709
C009605,Mass Affluent,28,484530,Salaried,Male,B005,2021-09-07,727
C009606,Retail,37,497109,Salaried,Female,B019,2021-10-05,721
C009607,Retail,53,663249,Salaried,Male,B019,2015-07-05,702
C009608,SME,20,1348173,Self-Employed,Female,B012,2020-05-17,713
C009609,Retail,34,1287473,Business,Female,B005,2018-05-21,600
C009610,Retail,41,820534,Self-Employed,Female,B002,2017-09-02,683
C009611,Retail,20,454053,Self-Employed,Female,B016,2021-10-31,890
C009612,SME,44,481025,Business,Male,B004,2022-05-31,742
C009613,Retail,56,512093,Business,Male,B015,2020-07-23,709
C009614,Mass Affluent,52,447765,Salaried,Male,B010,2015-02-09,791
C009615,Affluent,37,293180,Self-Employed,Other,B006,2021-01-08,689
C009616,Retail,48,361495,Salaried,Female,B007,2019-02-27,766
C009617,Retail,20,887548,Self-Employed,Female,B002,2019-06-09,823
C009618,SME,42,395290,Salaried,Female,B004,2019-07-02,738
C009619,SME,36,614221,Salaried,Male,B015,2015-11-10,600
C009620,Affluent,37,600425,Salaried,Male,B013,2019-12-28,689
C009621,Mass Affluent,40,808559,Self-Employed,Female,B009,2016-09-21,757
C009622,Retail,43,390630,Self-Employed,Male,B005,2015-06-27,757
C009623,SME,23,180000,Self-Employed,Male,B017,2018-03-07,772
C009624,Retail,28,401899,Salaried,Female,B006,2023-08-22,612
C009625,Affluent,36,329072,Business,Male,B014,2022-09-30,749
C009626,SME,19,180000,Salaried,Female,B005,2015-01-19,701
C009627,Mass Affluent,41,418750,Business,Male,B002,2023-06-29,707
C009628,Affluent,48,384502,Business,Male,B014,2018-08-29,672
C009629,Affluent,54,589395,Salaried,Male,B019,2015-09-29,784
C009630,Retail,40,843670,Salaried,Female,B019,2020-08-31,747
C009631,Mass Affluent,60,2029193,Salaried,Male,B013,2018-08-26,765
C009632,Retail,39,637462,Business,Male,B012,2018-01-12,792
C009633,Mass Affluent,25,611860,Retired,Male,B001,2017-04-17,661
C009634,Retail,38,2198549,Salaried,Other,B003,2022-04-22,787
C009635,Retail,37,262975,Salaried,Female,B010,2017-07-27,790
C009636,Affluent,45,274502,Salaried,Female,B008,2019-10-27,704
C009637,SME,42,887500,Salaried,Male,B013,2016-05-03,790
C009638,Retail,41,1410868,Retired,Male,B019,2016-02-07,711
C009639,Mass Affluent,50,1521957,Retired,Female,B003,2016-05-31,603
C009640,Mass Affluent,34,185669,Salaried,Female,B003,2022-03-15,744
C009641,SME,45,189197,Salaried,Male,B018,2021-09-12,658
C009642,Retail,42,556022,Salaried,Female,B003,2020-08-06,718
C009643,Mass Affluent,40,951230,Salaried,Female,B012,2019-04-23,824
C009644,SME,38,468276,Business,Male,B002,2023-10-06,712
C009645,Retail,25,279163,Business,Male,B008,2016-09-21,825
C009646,SME,36,262249,Salaried,Female,B014,2023-06-04,688
C009647,SME,37,1176648,Salaried,Female,B019,2019-02-14,753
C009648,SME,31,1200134,Retired,Male,B011,2016-03-13,742
C009649,Retail,24,903983,Self-Employed,Female,B016,2015-11-13,709
C009650,Retail,33,580768,Salaried,Female,B014,2020-12-12,709
C009651,Affluent,34,341352,Salaried,Female,B008,2017-06-12,650
C009652,Retail,24,180000,Salaried,Female,B020,2015-03-17,757
C009653,Mass Affluent,24,225977,Salaried,Female,B014,2018-07-30,795
C009654,Retail,18,180000,Salaried,Female,B012,2017-08-23,556
C009655,Retail,42,493640,Self-Employed,Female,B017,2017-03-03,780
C009656,Retail,50,812114,Self-Employed,Female,B012,2015-12-13,644
C009657,Mass Affluent,39,626216,Business,Female,B012,2017-07-29,791
C009658,Retail,35,1506330,Salaried,Female,B012,2020-12-17,649
C009659,Mass Affluent,24,673954,Salaried,Female,B007,2016-10-23,733
C009660,Mass Affluent,18,206105,Self-Employed,Male,B010,2018-10-07,596
C009661,Mass Affluent,39,548977,Salaried,Female,B016,2018-03-14,668
C009662,Mass Affluent,46,559951,Business,Female,B003,2022-07-11,805
C009663,Retail,30,830162,Salaried,Female,B003,2017-10-12,761
C009664,Retail,51,1040872,Salaried,Female,B001,2016-04-29,757
C009665,Retail,31,815501,Salaried,Female,B005,2022-03-10,718
C009666,Mass Affluent,51,437282,Business,Male,B008,2018-06-21,733
C009667,Mass Affluent,30,1471598,Salaried,Male,B017,2018-02-16,825
C009668,Retail,18,1033580,Business,Female,B016,2016-10-27,711
C009669,Retail,46,180000,Self-Employed,Female,B016,2019-01-03,721
C009670,Mass Affluent,29,985383,Business,Female,B018,2019-08-24,797
C009671,Retail,22,337449,Retired,Female,B018,2019-03-17,718
C009672,SME,44,191782,Salaried,Male,B014,2022-02-12,692
C009673,Retail,29,706706,Self-Employed,Female,B012,2018-04-09,702
C009674,SME,23,2716655,Salaried,Male,B010,2015-10-27,708
C009675,Retail,53,579650,Salaried,Male,B002,2018-04-28,644
C009676,Retail,37,497231,Salaried,Male,B003,2021-05-28,607
C009677,Retail,23,638863,Business,Female,B001,2017-08-09,718
C009678,Retail,34,2837643,Retired,Female,B009,2023-03-02,745
C009679,Retail,62,504071,Self-Employed,Female,B004,2017-09-11,779
C009680,Retail,40,1136981,Salaried,Male,B016,2017-06-27,647
C009681,Mass Affluent,32,463201,Business,Male,B004,2020-01-05,824
C009682,Retail,45,411363,Business,Male,B017,2019-07-20,592
C009683,Affluent,34,1502471,Self-Employed,Male,B015,2023-05-02,773
C009684,Retail,33,293041,Salaried,Female,B004,2017-02-18,722
C009685,SME,32,974796,Salaried,Male,B004,2016-06-16,709
C009686,Mass Affluent,48,480477,Self-Employed,Female,B012,2020-11-04,646
C009687,Retail,41,366781,Salaried,Female,B003,2018-11-26,708
C009688,Retail,55,457249,Self-Employed,Female,B020,2017-02-19,699
C009689,Retail,42,180000,Salaried,Male,B005,2016-07-11,794
C009690,Retail,56,303193,Business,Male,B019,2016-09-15,672
C009691,Mass Affluent,46,654608,Business,Female,B006,2018-04-23,678
C009692,Mass Affluent,36,510803,Salaried,Female,B009,2020-05-07,749
C009693,SME,38,324451,Salaried,Female,B003,2019-03-04,696
C009694,Mass Affluent,59,1571848,Self-Employed,Male,B002,2018-04-28,650
C009695,SME,53,314576,Salaried,Male,B010,2019-05-11,590
C009696,SME,56,1527058,Salaried,Male,B005,2018-02-26,841
C009697,Affluent,28,660123,Salaried,Male,B007,2021-10-24,735
C009698,Retail,18,505593,Retired,Male,B015,2023-09-17,829
C009699,Retail,30,637642,Salaried,Male,B002,2020-02-21,736
C009700,Retail,41,726190,Salaried,Male,B010,2019-08-19,787
C009701,Mass Affluent,32,322392,Salaried,Female,B011,2015-05-12,841
C009702,Retail,39,328136,Business,Male,B008,2019-02-17,790
C009703,Retail,34,526725,Salaried,Female,B012,2023-12-15,832
C009704,Retail,20,797099,Business,Male,B004,2018-01-03,823
C009705,Retail,44,923648,Salaried,Female,B013,2018-05-12,659
C009706,Mass Affluent,39,1348154,Business,Male,B018,2023-03-03,713
C009707,Retail,54,269977,Self-Employed,Male,B018,2015-02-22,810
C009708,Mass Affluent,41,756578,Salaried,Male,B003,2020-09-17,676
C009709,Affluent,48,594968,Business,Female,B003,2019-02-14,721
C009710,Retail,30,424373,Business,Female,B007,2015-12-04,717
C009711,Mass Affluent,43,2206819,Business,Female,B017,2021-09-07,717
C009712,Affluent,48,794561,Salaried,Female,B006,2017-10-16,744
C009713,Retail,45,1518890,Self-Employed,Female,B016,2020-09-29,719
C009714,Retail,37,180000,Salaried,Male,B005,2023-01-12,678
C009715,Retail,43,1185031,Business,Male,B017,2018-04-30,751
C009716,Mass Affluent,46,850126,Salaried,Female,B011,2022-07-29,712
C009717,Mass Affluent,52,946823,Business,Female,B012,2021-06-20,807
C009718,Retail,33,495941,Salaried,Male,B012,2023-09-20,710
C009719,Retail,27,2365807,Salaried,Female,B004,2020-12-02,763
C009720,Retail,30,527929,Self-Employed,Female,B009,2019-11-30,705
C009721,Affluent,41,592751,Salaried,Female,B014,2022-12-02,587
C009722,Retail,39,317667,Salaried,Female,B012,2023-06-16,762
C009723,Affluent,46,584860,Business,Male,B010,2023-05-27,842
C009724,Retail,48,535632,Salaried,Female,B008,2022-11-20,731
C009725,Mass Affluent,18,1204427,Salaried,Female,B003,2023-12-22,764
C009726,Mass Affluent,34,906405,Business,Male,B013,2015-09-14,732
C009727,Mass Affluent,41,1286372,Salaried,Male,B016,2023-08-26,720
C009728,Retail,51,559410,Salaried,Female,B013,2016-06-06,825
C009729,Affluent,38,481234,Business,Male,B013,2022-03-11,773
C009730,Retail,54,1065935,Business,Male,B019,2018-05-13,703
C009731,Retail,45,664873,Business,Female,B018,2017-04-02,661
C009732,Mass Affluent,43,180000,Business,Male,B008,2023-08-24,851
C009733,Affluent,38,447062,Salaried,Male,B001,2023-07-10,733
C009734,Mass Affluent,39,180000,Salaried,Male,B017,2020-07-23,784
C009735,Retail,43,353129,Business,Male,B009,2016-09-08,643
C009736,Mass Affluent,37,1168958,Business,Male,B010,2021-05-17,565
C009737,Mass Affluent,51,482133,Self-Employed,Male,B009,2015-09-13,656
C009738,SME,49,503593,Business,Female,B012,2018-09-05,764
C009739,Affluent,52,528860,Business,Female,B010,2015-08-05,679
C009740,Mass Affluent,28,604306,Salaried,Female,B008,2018-01-31,641
C009741,Retail,27,482666,Business,Male,B004,2018-12-03,721
C009742,Affluent,44,1954252,Self-Employed,Female,B014,2016-03-25,716
C009743,Mass Affluent,38,198293,Salaried,Male,B007,2023-03-18,787
C009744,SME,42,696261,Salaried,Male,B010,2019-09-18,711
C009745,Retail,27,861307,Business,Male,B010,2018-07-03,814
C009746,Retail,23,335395,Self-Employed,Male,B015,2018-01-14,788
C009747,Retail,42,912879,Business,Female,B015,2020-04-04,661
C009748,Mass Affluent,31,388701,Business,Female,B002,2016-10-19,844
C009749,SME,47,819603,Salaried,Female,B016,2017-02-22,826
C009750,Retail,32,264209,Business,Other,B010,2023-11-30,713
C009751,Mass Affluent,29,635113,Self-Employed,Female,B015,2022-07-24,796
C009752,Mass Affluent,18,2556255,Salaried,Male,B019,2018-03-28,857
C009753,Mass Affluent,53,333172,Self-Employed,Female,B010,2016-05-17,772
C009754,Retail,47,458010,Salaried,Male,B020,2019-05-03,725
C009755,Affluent,23,1753265,Self-Employed,Male,B015,2020-02-12,723
C009756,Retail,18,1340272,Business,Female,B002,2016-11-04,645
C009757,Affluent,32,1869591,Business,Male,B014,2019-08-25,796
C009758,Retail,49,471963,Self-Employed,Male,B015,2016-01-11,768
C009759,Retail,33,751761,Business,Male,B010,2015-03-01,693
C009760,Affluent,37,809721,Salaried,Male,B009,2022-03-20,634
C009761,Retail,50,362088,Self-Employed,Female,B019,2016-07-05,622
C009762,Retail,28,290173,Business,Male,B006,2016-10-18,673
C009763,Mass Affluent,31,267834,Salaried,Female,B008,2023-11-15,724
C009764,Mass Affluent,41,433094,Salaried,Female,B002,2017-04-03,771
C009765,Mass Affluent,36,261473,Business,Male,B001,2023-11-20,806
C009766,Retail,29,386426,Salaried,Male,B013,2023-08-10,774
C009767,Retail,47,312042,Retired,Female,B006,2023-10-16,807
C009768,Retail,45,837027,Salaried,Male,B003,2019-04-25,731
C009769,Retail,48,775635,Self-Employed,Male,B002,2018-04-12,718
C009770,SME,37,413851,Self-Employed,Female,B010,2017-12-24,731
C009771,Retail,20,480510,Salaried,Male,B008,2017-11-21,624
C009772,Retail,39,883610,Business,Female,B009,2019-07-09,796
C009773,Retail,26,476388,Self-Employed,Female,B007,2023-02-06,678
C009774,Retail,18,407452,Salaried,Male,B013,2023-10-08,686
C009775,Mass Affluent,36,252888,Business,Male,B007,2015-09-07,700
C009776,Mass Affluent,40,1401693,Self-Employed,Male,B019,2018-03-06,843
C009777,Retail,57,209193,Business,Male,B001,2023-10-13,662
C009778,Retail,26,488746,Retired,Male,B013,2015-03-15,726
C009779,Retail,46,337467,Salaried,Male,B017,2018-11-04,717
C009780,Affluent,21,659496,Business,Male,B012,2016-06-03,696
C009781,Mass Affluent,53,448606,Business,Female,B014,2017-02-22,769
C009782,Retail,31,633579,Business,Male,B016,2017-02-17,623
C009783,Retail,35,347411,Salaried,Male,B012,2021-05-15,811
C009784,Mass Affluent,35,446788,Business,Female,B016,2017-08-09,723
C009785,Affluent,47,249947,Self-Employed,Female,B002,2022-11-11,729
C009786,SME,23,311550,Salaried,Female,B020,2023-05-24,806
C009787,Retail,37,444034,Salaried,Male,B019,2019-08-13,797
C009788,Retail,32,667620,Salaried,Male,B007,2018-11-26,682
C009789,Retail,63,545337,Business,Female,B012,2017-03-17,587
C009790,Affluent,27,1455768,Salaried,Other,B014,2020-04-06,723
C009791,SME,18,224364,Business,Female,B018,2022-05-19,710
C009792,Retail,58,506180,Salaried,Female,B007,2022-05-16,679
C009793,Retail,44,180000,Salaried,Female,B005,2017-02-11,743
C009794,Retail,30,538554,Retired,Female,B001,2016-06-14,753
C009795,Retail,39,387946,Salaried,Male,B007,2020-06-23,702
C009796,Retail,30,429021,Self-Employed,Female,B016,2016-01-16,740
C009797,Mass Affluent,18,385198,Salaried,Female,B016,2015-03-02,800
C009798,Retail,37,796019,Salaried,Male,B017,2020-01-12,837
C009799,Retail,37,719740,Salaried,Female,B004,2020-06-03,671
C009800,Mass Affluent,43,273980,Business,Male,B016,2021-02-13,797
C009801,Retail,28,518186,Salaried,Male,B004,2021-08-30,698
C009802,Retail,30,223284,Business,Male,B005,2021-12-25,657
C009803,Retail,35,197733,Self-Employed,Male,B005,2015-06-27,767
C009804,Affluent,28,778470,Salaried,Female,B020,2020-08-07,659
C009805,Affluent,52,286495,Business,Male,B011,2017-08-16,612
C009806,Retail,48,402569,Salaried,Female,B014,2018-09-12,704
C009807,Mass Affluent,33,691909,Retired,Male,B017,2023-11-23,682
C009808,Retail,45,593166,Business,Female,B009,2015-04-24,734
C009809,Mass Affluent,25,1494295,Salaried,Male,B017,2015-07-27,730
C009810,Mass Affluent,34,265050,Salaried,Female,B019,2020-07-31,775
C009811,Affluent,55,1325582,Salaried,Female,B001,2016-03-30,606
C009812,Retail,46,873878,Salaried,Male,B013,2022-01-21,702
C009813,SME,42,983291,Salaried,Female,B010,2023-01-02,596
C009814,SME,35,465160,Business,Other,B010,2016-08-24,748
C009815,Affluent,39,323175,Salaried,Male,B007,2019-10-23,783
C009816,Mass Affluent,23,638269,Self-Employed,Male,B006,2023-10-21,703
C009817,Retail,35,322173,Business,Female,B007,2019-05-01,682
C009818,Retail,43,315538,Self-Employed,Male,B005,2018-01-31,643
C009819,Retail,39,661688,Salaried,Female,B007,2017-06-22,809
C009820,Retail,39,1188947,Salaried,Female,B015,2023-08-02,782
C009821,Mass Affluent,32,211538,Salaried,Male,B010,2016-10-15,773
C009822,Mass Affluent,29,1403102,Salaried,Female,B020,2020-03-22,772
C009823,SME,28,267699,Salaried,Male,B013,2015-03-19,739
C009824,Retail,36,491611,Business,Female,B009,2022-04-04,865
C009825,Retail,47,496631,Salaried,Female,B006,2015-02-04,776
C009826,Affluent,30,437995,Business,Female,B020,2022-04-17,685
C009827,Retail,39,514369,Salaried,Male,B007,2020-05-24,607
C009828,Retail,39,654730,Self-Employed,Female,B006,2016-08-10,545
C009829,SME,49,1372008,Self-Employed,Male,B016,2016-03-02,698
C009830,Affluent,39,526161,Salaried,Other,B002,2020-06-27,763
C009831,Retail,23,331549,Salaried,Male,B015,2018-09-16,787
C009832,Affluent,62,299507,Salaried,Female,B003,2020-12-18,706
C009833,Mass Affluent,50,738308,Self-Employed,Male,B013,2021-11-09,645
C009834,Affluent,44,1020685,Business,Female,B017,2023-09-14,625
C009835,Affluent,33,393509,Retired,Male,B019,2019-01-02,719
C009836,Retail,35,1088641,Salaried,Female,B011,2020-05-15,730
C009837,Mass Affluent,23,2456688,Business,Female,B002,2023-03-24,551
C009838,Retail,35,1414539,Self-Employed,Female,B010,2021-05-15,721
C009839,Retail,41,374662,Salaried,Female,B012,2021-04-26,784
C009840,SME,39,1172941,Salaried,Male,B013,2016-08-30,730
C009841,Mass Affluent,58,1094629,Salaried,Male,B006,2017-10-24,720
C009842,Mass Affluent,46,625140,Self-Employed,Male,B004,2023-12-03,739
C009843,Affluent,50,1075090,Business,Male,B012,2021-03-15,754
C009844,SME,45,983778,Salaried,Male,B015,2022-12-16,673
C009845,Affluent,41,1349799,Salaried,Male,B019,2019-07-17,824
C009846,Retail,44,874079,Salaried,Female,B008,2020-03-10,759
C009847,Retail,18,980004,Salaried,Female,B005,2022-12-05,723
C009848,Retail,36,309116,Business,Female,B004,2015-10-13,726
C009849,Retail,24,599171,Salaried,Male,B013,2018-03-30,694
C009850,Retail,26,368523,Salaried,Female,B006,2018-05-16,821
C009851,Mass Affluent,52,1305026,Business,Male,B020,2018-12-11,812
C009852,Mass Affluent,27,248187,Salaried,Female,B016,2020-07-07,723
C009853,SME,24,180000,Salaried,Female,B010,2020-09-26,759
C009854,Mass Affluent,43,239034,Self-Employed,Male,B005,2019-04-12,872
C009855,Mass Affluent,38,517433,Salaried,Female,B015,2021-11-22,755
C009856,Retail,44,180000,Business,Female,B011,2023-05-02,625
C009857,Retail,58,180000,Self-Employed,Female,B020,2018-03-24,769
C009858,Retail,45,924387,Salaried,Male,B009,2019-12-22,606
C009859,Affluent,22,242611,Salaried,Male,B018,2020-10-14,654
C009860,Retail,49,1153036,Business,Female,B001,2015-08-18,714
C009861,Mass Affluent,37,254089,Salaried,Female,B009,2023-12-31,737
C009862,Mass Affluent,41,180000,Retired,Female,B009,2022-09-04,796
C009863,Retail,21,307427,Salaried,Male,B015,2015-01-12,861
C009864,Retail,45,259732,Business,Female,B004,2022-04-14,734
C009865,Retail,25,258875,Business,Male,B004,2016-11-16,742
C009866,Retail,45,558769,Salaried,Male,B001,2018-06-06,768
C009867,Affluent,31,670204,Salaried,Female,B001,2015-08-30,663
C009868,Mass Affluent,47,1473432,Self-Employed,Female,B001,2015-08-01,660
C009869,Mass Affluent,25,474002,Salaried,Male,B006,2023-09-19,685
C009870,Affluent,22,722848,Self-Employed,Male,B011,2022-12-31,714
C009871,Mass Affluent,33,252888,Salaried,Male,B016,2018-05-11,651
C009872,SME,42,332582,Self-Employed,Male,B005,2015-12-07,695
C009873,Retail,26,1396972,Salaried,Female,B010,2023-07-06,755
C009874,Mass Affluent,41,1495100,Salaried,Male,B016,2019-07-26,761
C009875,Retail,49,1683744,Salaried,Male,B011,2018-01-18,681
C009876,Retail,24,552912,Salaried,Male,B018,2019-10-14,662
C009877,Retail,41,253691,Business,Female,B014,2021-10-28,611
C009878,Mass Affluent,45,361077,Salaried,Female,B013,2021-07-02,750
C009879,Retail,37,484854,Salaried,Male,B001,2023-09-09,739
C009880,Retail,38,415539,Self-Employed,Male,B003,2016-04-19,677
C009881,SME,24,645864,Salaried,Male,B015,2022-02-19,600
C009882,Affluent,44,977758,Business,Female,B012,2022-01-20,755
C009883,Mass Affluent,40,307377,Salaried,Male,B005,2019-12-29,747
C009884,Affluent,41,2086622,Business,Male,B016,2017-06-24,665
C009885,SME,62,629758,Salaried,Female,B014,2018-04-16,644
C009886,Mass Affluent,37,1450342,Salaried,Female,B010,2017-08-28,844
C009887,Retail,43,790097,Business,Female,B005,2023-03-22,715
C009888,Affluent,53,2436838,Self-Employed,Male,B007,2017-02-24,659
C009889,Mass Affluent,38,281713,Self-Employed,Male,B016,2016-12-06,759
C009890,Retail,31,429668,Salaried,Female,B015,2016-02-23,629
C009891,Retail,43,430589,Salaried,Male,B006,2022-01-06,722
C009892,Retail,31,675712,Salaried,Female,B007,2016-12-11,750
C009893,SME,52,651101,Salaried,Female,B018,2023-07-04,734
C009894,Retail,45,772539,Salaried,Male,B019,2022-03-21,718
C009895,SME,30,657144,Business,Female,B019,2016-09-05,690
C009896,SME,25,861963,Business,Male,B017,2021-11-02,687
C009897,Mass Affluent,41,438085,Business,Female,B014,2016-07-31,818
C009898,Mass Affluent,42,813100,Self-Employed,Male,B009,2020-09-29,673
C009899,Retail,25,3739420,Salaried,Female,B016,2022-05-07,700
C009900,Retail,48,601760,Salaried,Female,B010,2016-12-12,587
C009901,Retail,46,234662,Business,Male,B009,2018-01-01,849
C009902,Affluent,43,399140,Salaried,Female,B012,2015-06-16,709
C009903,Retail,47,445071,Self-Employed,Male,B009,2020-03-01,745
C009904,Retail,28,337348,Salaried,Male,B016,2020-07-05,838
C009905,Retail,29,649610,Salaried,Male,B016,2021-01-31,678
C009906,SME,36,1008564,Business,Female,B002,2018-08-08,647
C009907,Retail,32,257708,Self-Employed,Male,B007,2020-08-31,754
C009908,SME,45,199461,Retired,Male,B020,2017-09-09,739
C009909,Retail,48,2995968,Salaried,Male,B007,2022-12-02,849
C009910,Mass Affluent,31,326175,Salaried,Female,B007,2019-10-29,738
C009911,Retail,29,1503663,Salaried,Female,B019,2023-11-18,771
C009912,Mass Affluent,48,984045,Salaried,Female,B003,2023-12-05,731
C009913,Mass Affluent,28,405293,Business,Female,B010,2021-04-11,663
C009914,Retail,36,359552,Salaried,Male,B006,2019-03-03,620
C009915,Mass Affluent,28,405037,Business,Female,B002,2020-12-24,773
C009916,Mass Affluent,32,450177,Retired,Female,B020,2021-06-09,653
C009917,Mass Affluent,22,897349,Salaried,Male,B018,2020-11-07,760
C009918,Affluent,53,242663,Salaried,Male,B009,2016-01-17,724
C009919,Retail,50,1380413,Salaried,Female,B015,2023-11-03,714
C009920,Mass Affluent,30,396022,Salaried,Male,B014,2020-05-21,697
C009921,SME,44,231784,Salaried,Female,B009,2015-06-16,669
C009922,Affluent,23,676694,Salaried,Female,B002,2018-12-01,749
C009923,SME,46,2861821,Salaried,Male,B010,2023-06-23,695
C009924,Retail,29,347635,Self-Employed,Male,B004,2023-05-10,720
C009925,Affluent,52,652423,Business,Male,B001,2020-03-13,820
C009926,Mass Affluent,45,657764,Salaried,Male,B011,2017-05-11,758
C009927,Retail,35,2043463,Salaried,Male,B016,2015-04-05,704
C009928,Affluent,35,325978,Salaried,Female,B011,2019-10-13,695
C009929,Mass Affluent,41,1102672,Salaried,Male,B013,2019-07-05,677
C009930,Retail,29,237882,Business,Female,B014,2016-04-02,661
C009931,Retail,51,693283,Retired,Female,B001,2016-06-13,750
C009932,Affluent,42,968646,Salaried,Female,B009,2022-04-22,607
C009933,Retail,50,1152260,Salaried,Male,B018,2017-06-14,750
C009934,Retail,18,246558,Salaried,Female,B011,2019-07-20,846
C009935,Retail,39,180000,Salaried,Male,B003,2015-11-16,794
C009936,Retail,42,527732,Business,Female,B004,2019-06-25,643
C009937,SME,39,414275,Business,Male,B011,2016-11-22,865
C009938,Retail,39,238484,Business,Male,B007,2021-05-28,774
C009939,Mass Affluent,35,256793,Business,Male,B009,2022-07-12,643
C009940,SME,64,439735,Salaried,Female,B005,2021-06-09,618
C009941,Mass Affluent,42,1822390,Salaried,Male,B002,2018-06-22,676
C009942,Retail,40,269427,Salaried,Female,B012,2022-03-01,724
C009943,Affluent,49,1071059,Self-Employed,Female,B004,2019-05-12,756
C009944,Retail,33,230582,Salaried,Male,B013,2015-09-01,685
C009945,Retail,25,367626,Salaried,Male,B002,2017-05-08,690
C009946,Mass Affluent,49,221626,Salaried,Male,B015,2021-10-08,745
C009947,Affluent,35,2463151,Salaried,Male,B001,2017-01-02,672
C009948,Affluent,54,1117232,Salaried,Female,B018,2020-11-05,730
C009949,SME,53,946549,Business,Male,B002,2017-12-21,775
C009950,Affluent,18,915662,Self-Employed,Male,B004,2021-09-26,716
C009951,Affluent,40,355020,Self-Employed,Male,B019,2022-02-11,817
C009952,Affluent,51,614041,Salaried,Female,B020,2016-08-16,713
C009953,Retail,20,304136,Business,Female,B010,2015-01-10,652
C009954,Retail,43,3456907,Self-Employed,Male,B013,2020-07-23,855
C009955,Mass Affluent,46,288841,Self-Employed,Female,B019,2017-12-15,771
C009956,Mass Affluent,38,342936,Salaried,Male,B008,2019-09-10,726
C009957,Retail,38,1701547,Business,Female,B010,2020-06-17,724
C009958,Retail,52,560503,Business,Female,B008,2015-09-25,664
C009959,Retail,23,888468,Business,Female,B019,2016-01-21,725
C009960,Mass Affluent,48,569031,Salaried,Female,B009,2019-02-06,676
C009961,Affluent,44,383312,Salaried,Female,B009,2022-03-17,807
C009962,SME,53,383534,Salaried,Male,B013,2023-06-16,750
C009963,Affluent,29,1051131,Salaried,Male,B001,2020-09-13,734
C009964,Affluent,55,695562,Salaried,Female,B012,2020-05-19,686
C009965,Retail,24,1311447,Salaried,Female,B010,2019-09-27,728
C009966,Retail,35,1300741,Salaried,Male,B019,2022-07-20,626
C009967,Retail,26,873031,Business,Male,B008,2023-05-09,763
C009968,Mass Affluent,47,1185506,Salaried,Male,B011,2022-10-21,686
C009969,Retail,31,850688,Business,Female,B011,2021-11-15,674
C009970,Mass Affluent,51,768336,Salaried,Male,B016,2015-07-19,849
C009971,Mass Affluent,20,486078,Salaried,Male,B011,2015-10-17,767
C009972,Retail,34,199744,Salaried,Female,B001,2023-06-10,639
C009973,SME,59,397208,Business,Female,B006,2020-08-19,794
C009974,Mass Affluent,31,1537037,Salaried,Female,B013,2023-08-20,596
C009975,Retail,51,723680,Salaried,Female,B011,2018-09-23,660
C009976,Retail,47,462042,Salaried,Male,B003,2023-01-12,748
C009977,Mass Affluent,25,1310333,Self-Employed,Female,B001,2015-06-28,719
C009978,Retail,41,448484,Salaried,Female,B014,2018-01-17,675
C009979,Retail,56,950490,Salaried,Male,B011,2016-09-11,738
C009980,Mass Affluent,34,1424043,Salaried,Male,B014,2023-12-03,683
C009981,SME,31,890416,Self-Employed,Female,B010,2016-05-28,733
C009982,Retail,43,1196405,Salaried,Male,B002,2017-02-08,753
C009983,SME,37,815768,Self-Employed,Female,B005,2015-05-13,820
C009984,Affluent,23,180000,Salaried,Female,B015,2019-03-08,759
C009985,Retail,37,1406637,Retired,Male,B018,2023-02-24,709
C009986,Mass Affluent,34,1010779,Business,Male,B016,2021-06-30,749
C009987,Retail,38,492312,Self-Employed,Female,B020,2019-08-19,597
C009988,Retail,18,409541,Salaried,Male,B003,2019-08-05,828
C009989,Mass Affluent,43,650193,Self-Employed,Female,B009,2018-02-04,741
C009990,Mass Affluent,21,275172,Business,Male,B018,2016-07-15,900
C009991,Retail,47,1107442,Business,Female,B019,2019-10-04,741
C009992,SME,51,543898,Business,Male,B005,2015-06-18,742
C009993,Affluent,18,334441,Salaried,Male,B004,2023-04-06,613
C009994,SME,53,924125,Salaried,Male,B008,2022-10-29,669
C009995,Retail,38,816901,Salaried,Male,B007,2020-05-28,720
C009996,SME,51,1020332,Salaried,Male,B011,2017-03-27,693
C009997,Retail,49,260347,Salaried,Male,B012,2021-12-31,845
C009998,Retail,23,968590,Salaried,Female,B012,2021-01-02,737
C009999,Affluent,30,1916356,Salaried,Male,B016,2022-12-06,708
C010000,Mass Affluent,57,583517,Business,Female,B016,2023-09-02,763
