Month,BranchID,DepositsINR,AdvancesINR,InterestIncomeINR,InterestExpenseINR,FeeIncomeINR,OtherIncomeINR,OperatingExpenseINR,ProvisionINR,NetInterestIncomeINR,TotalIncomeINR,PreProvisionProfitINR,NetProfitINR
2023-01-01,B001,26371820.46,20033324.07,1817848.66,926179.41,200585.57,116058.99,1242899.34,239963.54,891669.25,2134493.22,-34585.53,-274549.07
2023-01-01,B002,21047863.39,18291787.45,1842610.96,895890.03,195765.77,58511.32,1276395.65,57255.66,946720.93,2096888.05,-75397.63,-132653.29
2023-01-01,B003,18904279.13,14710748.48,1128944.75,839060.48,125509.48,55703.01,694343.87,91774.31,289884.27,1310157.24,-223247.1,-315021.41
2023-01-01,B004,16365721.23,14380987.68,1259128.57,864921.44,67214.45,85854.8,919173.11,81507.41,394207.13,1412197.81,-371896.73,-453404.15
2023-01-01,B005,21086186.34,8933179.16,676343.16,968666.27,181565.99,76949.35,875851.67,99149.47,-292323.11,934858.49,-909659.45,-1008808.92
2023-01-01,B006,7876166.3,14116097.51,1166497.94,327276.17,41050.31,16867.83,420976.99,51835.58,839221.77,1224416.09,476162.92,424327.35
2023-01-01,B007,19751568.69,6371556.02,676296.67,1051334.21,189705.57,72979.96,951257.42,67514.51,-375037.54,938982.2,-1063609.42,-1131123.93
2023-01-01,B008,20699389.9,11681773.45,911946.64,1055557.39,147442.79,68435.74,861971.88,126343.8,-143610.76,1127825.17,-789704.1,-916047.9
2023-01-01,B009,25920716.11,13948444.55,1068328.25,987535.56,107498.25,87052.28,1206449.87,159042.41,80792.69,1262878.77,-931106.66,-1090149.07
2023-01-01,B010,21362328.31,12187678.38,1098168.84,824875.87,154918.27,105290.07,834723.64,53765.42,273292.97,1358377.18,-301222.33,-354987.74
2023-01-01,B011,20534365.77,12108122.81,925650.8,513921.74,201809.48,52814.73,1296442.37,99428.44,411729.05,1180275.01,-630089.1,-729517.54
2023-01-01,B012,18205513.95,6365801.91,597514.34,579630.61,207891.74,42675.77,688709.3,64154.28,17883.73,848081.85,-420258.05,-484412.34
2023-01-01,B013,20457717.64,13966356.91,1395282.23,986521.48,145222.73,52328.12,1308495.5,66247.85,408760.75,1592833.07,-702183.9,-768431.75
2023-01-01,B014,12328319.4,13420696.02,1246245.91,628836.72,119292.36,38633.78,634144.09,86293.39,617409.18,1404172.04,141191.23,54897.84
2023-01-01,B015,18463754.88,13693375.52,1441037.96,774485.13,160167.2,107499.2,933353.5,41533.49,666552.84,1708704.37,865.74,-40667.75
2023-01-01,B016,18404884.81,8246631.57,700014.61,996566.45,112478.62,81994.26,1035804.17,72205.41,-296551.84,894487.49,-1137883.13,-1210088.54
2023-01-01,B017,28463815.55,13278055.45,1364991.7,1425260.13,116157.74,123117.05,1799552.8,145820.28,-60268.42,1604266.5,-1620546.43,-1766366.71
2023-01-01,B018,11967895.32,11689014.41,1264739.04,385076.77,52995.64,45790.74,534595.97,100052.76,879662.27,1363525.42,443852.68,343799.91
2023-01-01,B019,8984751.71,6105644.67,537755.26,358400.24,102006.0,40438.7,329067.8,46306.04,179355.02,680199.96,-7268.09,-53574.13
2023-01-01,B020,6860813.98,9980997.57,779892.92,352137.33,48371.48,25164.83,245011.59,62579.48,427755.59,853429.22,256280.3,193700.82
2023-02-01,B001,17080374.35,15413554.89,1269142.59,807656.52,88117.96,69469.69,1100310.33,65685.92,461486.06,1426730.24,-481236.62,-546922.54
2023-02-01,B002,20056437.7,13263021.17,1371705.61,553374.86,97311.39,77135.73,1149808.34,114315.02,818330.75,1546152.74,-157030.47,-271345.48
2023-02-01,B003,15745419.36,11837378.28,1213253.91,606405.51,108517.59,67959.47,1002862.13,113300.82,606848.4,1389730.98,-219536.67,-332837.49
2023-02-01,B004,10865896.9,23375544.78,1822866.76,351376.4,85885.73,58251.69,625733.36,108788.05,1471490.36,1967004.18,989894.42,881106.37
2023-02-01,B005,22681293.16,24615315.0,2682970.95,644521.46,258884.29,90707.02,794758.53,168549.48,2038449.49,3032562.26,1593282.27,1424732.79
2023-02-01,B006,23868493.82,11559648.82,1243301.58,846333.13,164056.35,133334.68,1184446.55,64722.61,396968.45,1540692.62,-490087.06,-554809.67
2023-02-01,B007,18439712.35,9299360.64,1007848.57,771055.18,194081.13,41619.12,892985.46,81250.1,236793.39,1243548.81,-420491.83,-501741.93
2023-02-01,B008,14620249.37,14737332.78,1261646.37,542841.34,167425.42,62782.54,688748.5,94368.52,718805.03,1491854.33,260264.49,165895.97
2023-02-01,B009,24467698.16,18715469.65,1871971.41,1316400.77,187539.95,81635.06,899819.2,137692.91,555570.63,2141146.42,-75073.56,-212766.47
2023-02-01,B010,16562154.71,10826668.09,831660.36,641256.28,148845.95,86120.43,759774.22,113159.34,190404.09,1066626.75,-334403.74,-447563.09
2023-02-01,B011,32471225.61,10734552.38,935317.36,1108459.41,352557.62,192651.8,1447263.5,78580.22,-173142.05,1480526.77,-1075196.13,-1153776.35
2023-02-01,B012,17528154.48,10796242.51,1039807.37,865336.42,151412.32,85986.74,1068047.78,46225.68,174470.95,1277206.42,-656177.78,-702403.45
2023-02-01,B013,13325431.02,14256431.88,1519316.54,347734.84,66868.84,31827.45,657268.03,68499.92,1171581.71,1618012.84,613009.97,544510.05
2023-02-01,B014,20254557.98,16725448.4,1486382.98,743329.88,171964.13,68223.3,1059454.75,119446.14,743053.09,1726570.4,-76214.23,-195660.37
2023-02-01,B015,12476466.83,22411605.27,2082312.0,662671.08,79649.46,43123.93,762749.81,82210.45,1419640.92,2205085.4,779664.5,697454.06
2023-02-01,B016,26644036.94,21401550.36,1693159.47,1325974.48,228229.14,81429.25,1144530.58,76483.74,367184.99,2002817.86,-467687.2,-544170.94
2023-02-01,B017,23432168.31,17805863.87,1638517.83,967218.46,268926.74,54934.52,954737.44,161101.04,671299.37,1962379.09,40423.19,-120677.86
2023-02-01,B018,24920246.92,11136829.76,1267612.25,1067932.21,238355.12,58997.8,1092303.98,124296.87,199680.05,1564965.18,-595271.0,-719567.87
2023-02-01,B019,18751427.71,14356956.12,1252729.46,916917.88,108555.47,87052.47,793847.35,139168.63,335811.59,1448337.4,-262427.83,-401596.45
2023-02-01,B020,17766322.83,8572287.21,750535.83,661592.25,181893.86,63439.7,933933.56,52861.19,88943.58,995869.4,-599656.42,-652517.6
2023-03-01,B001,16593850.42,19108832.9,1926214.53,604671.24,72826.66,69117.17,814514.16,140877.58,1321543.3,2068158.36,648972.97,508095.39
2023-03-01,B002,10915603.19,12813434.34,1088515.45,376523.92,103643.96,47047.08,401935.62,141159.65,711991.53,1239206.5,460746.96,319587.31
2023-03-01,B003,29748617.14,18659605.95,2121340.65,1627752.14,256528.31,75877.02,1378337.31,186121.31,493588.51,2453745.98,-552343.47,-738464.78
2023-03-01,B004,13017693.78,15097920.17,1459668.33,660646.69,56669.81,67021.38,579937.39,170642.66,799021.64,1583359.52,342775.44,172132.78
2023-03-01,B005,16516602.48,7695246.16,673104.83,541088.62,94022.15,67469.08,864651.38,85984.35,132016.2,834596.06,-571143.95,-657128.3
2023-03-01,B006,13724001.45,6829485.5,580594.4,647497.1,155123.46,71966.01,843285.0,50273.71,-66902.7,807683.87,-683098.23,-733371.94
2023-03-01,B007,19779230.88,8710944.6,687067.43,678708.54,193423.44,81524.99,1007111.08,96101.27,8358.89,962015.86,-723803.77,-819905.04
2023-03-01,B008,21826015.97,17960445.68,1809353.68,1087456.4,232515.57,53696.71,1385185.86,108666.9,721897.28,2095565.96,-377076.31,-485743.21
2023-03-01,B009,26109794.79,10483299.68,907685.19,1275381.12,303420.59,96912.45,1691661.99,36829.23,-367695.93,1308018.23,-1659024.87,-1695854.1
2023-03-01,B010,10416780.79,13124873.28,1186455.09,313727.02,48264.17,44711.69,564250.8,109978.59,872728.07,1279430.95,401453.12,291474.53
2023-03-01,B011,10560050.46,15710179.94,1411130.69,513252.31,46260.44,36539.44,380945.38,153351.65,897878.38,1493930.57,599732.87,446381.23
2023-03-01,B012,23686716.21,6974656.34,683274.58,649928.62,157647.63,62499.57,1199597.07,45866.08,33345.96,903421.78,-946103.91,-991969.99
2023-03-01,B013,17410070.21,8697114.63,802632.47,541038.94,73573.8,98981.88,804419.11,58990.01,261593.53,975188.14,-370269.91,-429259.92
2023-03-01,B014,14441374.7,10208065.42,1155103.35,399054.48,68894.15,68345.43,769086.04,32347.91,756048.87,1292342.93,124202.41,91854.5
2023-03-01,B015,14635683.26,21258191.47,1725118.92,738605.31,122124.06,79405.8,583766.05,209820.36,986513.61,1926648.78,604277.42,394457.06
2023-03-01,B016,12395872.1,13588252.27,1062538.06,491298.27,132279.88,26597.28,539933.26,149455.46,571239.79,1221415.22,190183.69,40728.23
2023-03-01,B017,24728421.79,9002913.85,801533.16,983949.44,288837.63,133105.2,1399935.03,65980.2,-182416.28,1223475.99,-1160408.48,-1226388.68
2023-03-01,B018,14675977.32,15968717.24,1450111.29,684721.18,146909.24,44376.14,714821.92,146468.73,765390.11,1641396.66,241853.56,95384.83
2023-03-01,B019,22383855.38,17267715.92,1635495.34,596649.99,127382.64,45014.2,1319896.6,81638.46,1038845.35,1807892.18,-108654.41,-190292.87
2023-03-01,B020,14768267.12,21849000.66,2371321.78,807257.66,61894.91,46369.98,535311.48,109753.4,1564064.12,2479586.67,1137017.53,1027264.13
2023-04-01,B001,17330148.96,7909319.84,654841.57,505257.12,83923.89,76754.41,899296.83,47850.27,149584.46,815519.87,-589034.07,-636884.34
2023-04-01,B002,19648143.58,12443680.24,1196909.43,615234.29,88427.52,97283.03,952552.56,79033.16,581675.14,1382619.97,-185166.88,-264200.04
2023-04-01,B003,18142923.28,17204896.38,1851986.28,555965.47,146127.55,95489.29,961063.84,162147.91,1296020.81,2093603.13,576573.82,414425.9
2023-04-01,B004,21583771.68,7988513.34,658709.97,705824.47,96526.04,79546.16,799557.74,80548.66,-47114.5,834782.17,-670600.05,-751148.71
2023-04-01,B005,23710244.31,7664935.66,708510.24,1165350.56,213282.49,118158.33,1290353.06,70679.39,-456840.32,1039951.06,-1415752.55,-1486431.94
2023-04-01,B006,22622776.54,14001368.61,1303843.09,673917.3,100438.27,88968.14,1371830.64,144446.72,629925.79,1493249.5,-552498.44,-696945.15
2023-04-01,B007,24740357.2,10652879.54,1071215.29,1299366.6,196940.02,117204.21,1080659.29,47333.19,-228151.31,1385359.52,-994666.37,-1041999.56
2023-04-01,B008,17295485.09,16672286.54,1361608.29,790582.67,184822.85,52722.65,616789.78,62442.5,571025.63,1599153.79,191781.34,129338.84
2023-04-01,B009,15876059.38,10704501.07,946440.49,726656.29,78386.03,37222.72,863433.95,54530.61,219784.21,1062049.24,-528041.0,-582571.61
2023-04-01,B010,29583421.42,9863004.49,1124746.68,1559030.26,145025.35,89183.85,1837890.56,50720.39,-434283.58,1358955.88,-2037964.94,-2088685.33
2023-04-01,B011,9160200.84,16009173.06,1294365.72,408899.55,100186.43,53045.98,348129.58,164685.12,885466.17,1447598.13,690569.0,525883.87
2023-04-01,B012,9237263.31,9962627.3,1039833.16,432446.88,104513.57,33226.54,526837.4,52549.68,607386.28,1177573.27,218288.99,165739.31
2023-04-01,B013,24219628.14,21223988.24,2072605.61,739376.88,105888.96,93289.94,1205497.13,228084.62,1333228.73,2271784.51,326910.5,98825.89
2023-04-01,B014,14524587.64,16788998.67,1730039.1,556429.04,142139.03,84844.84,684449.93,184646.76,1173610.06,1957022.97,716144.0,531497.24
2023-04-01,B015,26365013.85,8031282.52,608284.16,1072878.89,268757.68,102647.9,1511742.64,80955.61,-464594.73,979689.73,-1604931.8,-1685887.41
2023-04-01,B016,30578752.23,19169337.92,2043280.82,1006243.25,231734.26,86627.96,1666906.92,73716.35,1037037.57,2361643.05,-311507.13,-385223.48
2023-04-01,B017,30685048.65,24489451.18,2046962.06,814258.15,267884.96,86386.06,1697826.51,98511.75,1232703.9,2401233.07,-110851.59,-209363.34
2023-04-01,B018,21776948.48,7735165.37,592277.52,1034617.05,190889.83,52865.79,826724.66,66609.61,-442339.53,836033.14,-1025308.57,-1091918.17
2023-04-01,B019,17233497.9,17255449.54,1981517.14,805594.36,144793.92,56446.76,821230.53,78132.69,1175922.78,2182757.82,555932.93,477800.24
2023-04-01,B020,15294934.52,12062484.49,1257337.37,492890.03,63627.67,51197.49,563922.23,103989.54,764447.34,1372162.52,315350.26,211360.73
2023-05-01,B001,19203401.15,7924756.82,779937.46,573630.18,207599.68,74697.49,1093994.78,42595.36,206307.28,1062234.63,-605390.33,-647985.69
2023-05-01,B002,20470850.04,12658132.52,1105255.01,1045151.13,224549.82,104285.32,747464.01,79091.02,60103.87,1434090.14,-358525.0,-437616.03
2023-05-01,B003,18492953.19,15600542.35,1436646.99,500513.91,112440.28,67804.76,707330.94,134261.76,936133.09,1616892.04,409047.19,274785.44
2023-05-01,B004,22128015.37,6564469.54,599084.95,778029.23,190137.12,119548.38,972542.78,51562.29,-178944.28,908770.46,-841801.56,-893363.85
2023-05-01,B005,8622754.23,9665215.53,748582.43,373762.81,59516.62,21395.13,317636.57,51400.44,374819.63,829494.18,138094.81,86694.37
2023-05-01,B006,9316677.05,9868961.54,915836.8,376706.63,87175.56,44996.56,346282.61,71585.25,539130.16,1048008.91,325019.67,253434.42
2023-05-01,B007,16000737.79,8618701.79,908686.43,751190.56,99375.15,47955.51,695858.71,75216.19,157495.87,1056017.08,-391032.18,-466248.37
2023-05-01,B008,10093504.42,20429297.74,1572576.65,263876.09,111873.53,56900.67,393998.09,79243.1,1308700.56,1741350.85,1083476.67,1004233.57
2023-05-01,B009,18472146.66,11349299.32,897242.55,663234.29,205320.2,41090.3,1151738.28,103676.41,234008.26,1143653.05,-671319.52,-774995.93
2023-05-01,B010,23563238.63,11007176.08,1231282.45,1171051.56,153896.73,67089.1,836996.99,123114.83,60230.89,1452268.28,-555780.28,-678895.11
2023-05-01,B011,22402242.2,12194864.83,1066508.95,1116602.82,129058.66,112114.71,1383713.87,68059.42,-50093.87,1307682.31,-1192634.38,-1260693.8
2023-05-01,B012,12690946.75,12340669.9,1122631.71,640076.84,111496.4,28489.48,652335.4,88456.47,482554.88,1262617.59,-29794.65,-118251.12
2023-05-01,B013,17274538.15,8351312.24,783031.55,541590.55,173254.31,36044.42,870123.97,41340.35,241441.0,992330.28,-419384.24,-460724.58
2023-05-01,B014,28983032.8,22821455.7,1795910.81,1065538.37,288699.2,160979.78,1854583.36,92845.8,730372.44,2245589.79,-674531.94,-767377.74
2023-05-01,B015,30920407.3,9326679.23,955951.12,1298613.03,200132.55,117293.38,1552950.62,30117.41,-342661.91,1273377.05,-1578186.59,-1608304.01
2023-05-01,B016,14003846.79,7236351.22,785342.05,559075.66,163491.44,45059.41,808388.43,74843.41,226266.38,993892.9,-373571.19,-448414.6
2023-05-01,B017,14101190.56,10200904.54,1083942.54,665078.85,112028.58,66260.22,541432.09,104455.48,418863.68,1262231.34,55720.4,-48735.08
2023-05-01,B018,13257544.55,20706771.14,1858724.54,723668.65,158199.56,47992.13,720447.93,73396.0,1135055.89,2064916.23,620799.66,547403.66
2023-05-01,B019,27706023.32,21352111.96,1616337.99,803881.91,315930.04,141900.61,1297895.22,92183.13,812456.07,2074168.64,-27608.49,-119791.62
2023-05-01,B020,19689828.9,13403776.35,1160501.76,959689.69,182613.29,96449.37,946763.11,147146.18,200812.07,1439564.42,-466888.38,-614034.56
2023-06-01,B001,9203970.1,9456698.19,724649.96,415462.19,42053.02,23529.25,436315.71,62471.23,309187.77,790232.22,-61545.67,-124016.9
2023-06-01,B002,11599642.59,14905901.27,1667030.43,340052.5,93502.66,34498.73,739919.6,85651.21,1326977.93,1795031.81,715059.71,629408.49
2023-06-01,B003,22415766.73,21623120.66,2247853.98,1019594.71,261880.01,123463.48,1317149.94,78086.83,1228259.27,2633197.48,296452.82,218365.99
2023-06-01,B004,14793056.54,18782687.77,1999761.56,684972.93,176015.55,64729.42,854551.44,197609.95,1314788.63,2240506.53,700982.15,503372.2
2023-06-01,B005,21978051.15,9654184.25,1083505.81,726817.79,237972.33,127012.74,938500.95,78752.53,356688.02,1448490.88,-216827.85,-295580.39
2023-06-01,B006,12335195.92,11558829.06,1275459.26,667851.84,83961.71,65829.26,660705.51,53360.82,607607.43,1425250.23,96692.89,43332.07
2023-06-01,B007,26822580.52,13722792.83,1216005.29,873940.51,305657.3,71132.9,1349872.18,100504.23,342064.77,1592795.48,-631017.21,-731521.45
2023-06-01,B008,10087530.01,9510767.19,777194.91,513787.27,59090.95,60092.13,426331.64,66651.67,263407.64,896377.99,-43740.91,-110392.58
2023-06-01,B009,15569539.25,10783377.99,1149109.41,570254.15,67676.72,88301.76,548040.01,48398.66,578855.25,1305087.89,186793.73,138395.06
2023-06-01,B010,21153888.59,14998641.44,1399971.06,704364.2,128058.0,45592.91,1075458.52,107718.82,695606.86,1573621.97,-206200.75,-313919.57
2023-06-01,B011,24437231.52,11922334.27,935425.23,1115332.09,226376.49,129522.57,1579675.25,109504.37,-179906.86,1291324.28,-1403683.05,-1513187.42
2023-06-01,B012,10055183.03,18608953.62,2024270.12,497427.76,71210.49,21774.92,600651.56,143054.93,1526842.37,2117255.53,1019176.21,876121.28
2023-06-01,B013,10413771.87,13211183.29,1287445.44,448619.52,57543.2,30371.14,456284.1,80982.26,838825.92,1375359.78,470456.16,389473.9
2023-06-01,B014,13306482.39,15952723.11,1686041.69,647924.91,122518.67,60891.19,649639.22,183610.48,1038116.79,1869451.56,571887.43,388276.94
2023-06-01,B015,18242744.04,18727674.92,1649244.87,519128.56,142254.12,77843.77,979441.13,119767.31,1130116.31,1869342.76,370773.07,251005.76
2023-06-01,B016,20843775.05,23438605.22,2460227.21,671860.78,130916.4,107780.65,1257281.91,170114.73,1788366.43,2698924.26,769781.57,599666.84
2023-06-01,B017,23887619.05,17075489.31,1295475.44,782534.78,178301.24,138416.69,974945.32,128189.88,512940.66,1612193.38,-145286.72,-273476.6
2023-06-01,B018,27403646.28,9789946.72,873280.02,690458.7,149621.19,91500.91,1310234.13,85422.85,182821.32,1114402.12,-886290.7,-971713.56
2023-06-01,B019,19769477.71,12046159.52,1067908.29,1074235.42,116626.83,97734.24,1237572.77,94749.39,-6327.13,1282269.36,-1029538.83,-1124288.22
2023-06-01,B020,13709037.28,21052798.52,2156890.54,672111.27,106702.07,53497.14,581148.21,170392.75,1484779.27,2317089.75,1063830.27,893437.52
2023-07-01,B001,25672446.61,25677564.44,2929934.16,706848.27,224969.01,57154.7,1456276.26,287819.39,2223085.89,3212057.87,1048933.34,761113.95
2023-07-01,B002,26377401.39,14881912.88,1358740.81,1414436.51,183694.61,147160.02,1294490.18,108809.49,-55695.71,1689595.44,-1019331.26,-1128140.75
2023-07-01,B003,20205354.9,7170573.88,621915.82,907716.16,197958.57,120518.48,1274814.3,55120.89,-285800.34,940392.87,-1242137.59,-1297258.48
2023-07-01,B004,19073186.76,23083146.43,2616953.93,952536.5,149899.45,80644.91,878814.61,251660.81,1664417.43,2847498.28,1016147.17,764486.37
2023-07-01,B005,25808725.68,16334066.9,1801605.99,1206542.63,141117.12,67801.27,1567315.57,169616.95,595063.36,2010524.37,-763333.83,-932950.78
2023-07-01,B006,14409173.17,20986647.36,1678602.62,691060.62,152789.28,69217.7,927644.25,243775.55,987541.99,1900609.6,281904.73,38129.18
2023-07-01,B007,12207645.22,14097269.26,1228850.24,357133.48,103223.96,41013.4,473576.64,113934.56,871716.77,1373087.6,542377.48,428442.92
2023-07-01,B008,7575270.8,7837253.22,629850.83,376812.92,31951.25,41093.96,299657.36,86304.2,253037.91,702896.04,26425.76,-59878.44
2023-07-01,B009,28537275.98,13693034.49,1073631.36,1200064.63,302734.73,92698.38,1803814.77,41119.81,-126433.27,1469064.47,-1534814.93,-1575934.74
2023-07-01,B010,12269360.73,10295403.22,1107359.99,538681.7,82939.67,68547.48,676540.84,41894.91,568678.3,1258847.14,43624.61,1729.69
2023-07-01,B011,22978659.03,8903782.4,949396.33,676413.64,216150.79,108469.89,939966.28,66441.5,272982.69,1274017.01,-342362.91,-408804.41
2023-07-01,B012,17986149.86,17930580.6,1820710.14,816643.06,205791.54,72693.7,1114294.09,132336.44,1004067.08,2099195.37,168258.22,35921.79
2023-07-01,B013,16094635.49,17980541.87,1719729.26,622881.72,118333.04,74796.36,689063.12,149587.02,1096847.54,1912858.66,600913.82,451326.8
2023-07-01,B014,11152934.96,16741076.26,1772228.5,425003.29,119852.86,52237.29,530501.11,165986.3,1347225.21,1944318.66,988814.26,822827.96
2023-07-01,B015,8114284.67,14847350.31,1355363.94,352086.29,66941.37,18589.81,521058.2,51926.53,1003277.64,1440895.11,567750.61,515824.08
2023-07-01,B016,23269501.25,17250564.93,1474226.7,653613.85,203040.69,97554.21,1140726.04,66108.65,820612.85,1774821.6,-19518.3,-85626.95
2023-07-01,B017,8182416.73,9381218.97,1051191.18,392354.79,77759.73,19659.34,373577.33,112472.98,658836.39,1148610.25,382678.13,270205.14
2023-07-01,B018,17534415.98,7446987.26,817681.6,513946.84,133716.27,72000.37,984220.42,56302.78,303734.76,1023398.24,-474769.03,-531071.8
2023-07-01,B019,12488468.88,11231344.83,890773.6,464265.67,86647.42,62569.95,760317.27,107103.77,426507.93,1039990.97,-184591.98,-291695.75
2023-07-01,B020,22996277.26,14462948.97,1292487.02,1029395.15,237124.5,83920.95,1151750.94,74185.92,263091.87,1613532.46,-567613.63,-641799.55
2023-08-01,B001,12972510.68,17291721.61,1777455.12,572817.14,101630.13,47791.58,664432.55,145988.61,1204637.98,1926876.83,689627.15,543638.54
2023-08-01,B002,12332007.54,7966613.03,787751.74,603079.95,145419.37,55175.97,472423.66,38056.77,184671.79,988347.08,-87156.53,-125213.3
2023-08-01,B003,22587051.73,5709391.77,594277.8,962756.04,230657.17,97224.2,1353881.7,55508.64,-368478.23,922159.17,-1394478.57,-1449987.21
2023-08-01,B004,16334754.38,16448872.56,1805158.38,441868.34,90091.02,42973.66,671889.04,153522.88,1363290.04,1938223.06,824465.68,670942.8
2023-08-01,B005,9770297.15,7716853.7,705965.99,336388.18,99703.31,29348.45,367394.86,41650.61,369577.81,835017.75,131234.71,89584.1
2023-08-01,B006,17705583.62,12401376.77,969327.01,615251.67,191624.83,42819.82,1148803.55,38274.63,354075.34,1203771.66,-560283.56,-598558.19
2023-08-01,B007,15197635.2,5295553.65,462158.63,807929.17,152518.32,85476.72,673675.62,58925.64,-345770.54,700153.67,-781451.12,-840376.76
2023-08-01,B008,9214497.94,9674555.38,901094.42,494087.57,89510.13,50678.41,561432.15,33783.33,407006.85,1041282.96,-14236.76,-48020.09
2023-08-01,B009,8193954.11,15933598.22,1241228.75,272098.27,75101.89,27323.47,457165.2,171493.42,969130.48,1343654.1,614390.63,442897.22
2023-08-01,B010,8388624.78,10019371.64,897608.06,277437.8,56175.53,48774.17,527288.97,99380.43,620170.26,1002557.76,197830.98,98450.55
2023-08-01,B011,15326453.75,7062667.24,603786.32,418978.71,112388.72,42139.35,576957.76,21485.24,184807.61,758314.39,-237622.09,-259107.33
2023-08-01,B012,19563986.24,6764740.9,756180.05,834614.92,128034.5,111762.18,985194.49,58790.47,-78434.86,995976.74,-823832.67,-882623.14
2023-08-01,B013,16743897.3,17844447.75,1881662.53,460050.87,122105.68,88725.5,771551.43,202793.02,1421611.65,2092493.7,860891.4,658098.38
2023-08-01,B014,24300690.04,20629830.53,1964931.51,965869.41,252376.51,93557.54,1370236.08,224780.23,999062.1,2310865.56,-25239.92,-250020.15
2023-08-01,B015,14934523.98,15651970.27,1438704.26,782354.62,166137.89,71220.75,769282.73,154526.46,656349.64,1676062.89,124425.54,-30100.92
2023-08-01,B016,12054776.06,15457799.12,1206454.87,403947.67,97844.87,66223.89,446214.48,145255.39,802507.21,1370523.63,520361.48,375106.09
2023-08-01,B017,16074782.12,15935023.56,1502522.62,578628.82,173364.48,71676.39,756436.38,177341.76,923893.8,1747563.49,412498.29,235156.53
2023-08-01,B018,12032113.12,13552573.21,1105683.35,488660.45,94291.72,62340.78,708722.54,76402.25,617022.89,1262315.85,64932.85,-11469.4
2023-08-01,B019,11337512.56,10489689.72,963615.99,465430.91,60645.98,67447.56,470433.76,74064.85,498185.08,1091709.52,155844.85,81780.0
2023-08-01,B020,27398525.37,14598976.87,1603488.01,1371397.06,199700.28,105358.15,1564562.71,84421.2,232090.95,1908546.44,-1027413.33,-1111834.52
2023-09-01,B001,8432166.42,9233891.95,983845.87,421965.55,95149.98,20485.82,462673.53,69332.83,561880.31,1099481.66,214842.58,145509.75
2023-09-01,B002,9627440.79,9419404.49,818914.62,326870.64,108524.07,23146.66,587720.91,110637.6,492043.98,950585.36,35993.81,-74643.79
2023-09-01,B003,14613014.12,9556894.14,938359.56,483336.05,158512.14,86713.96,680957.43,28737.74,455023.51,1183585.66,19292.18,-9445.56
2023-09-01,B004,11400762.53,9953672.82,1074217.24,357456.04,67470.9,48592.86,679902.26,78157.21,716761.2,1190280.99,152922.69,74765.48
2023-09-01,B005,18626831.56,7871252.28,766783.13,833778.75,103203.02,61710.14,732055.84,27805.9,-66995.62,931696.3,-634138.29,-661944.19
2023-09-01,B006,11882779.3,6273747.05,564727.86,393277.43,51769.09,32780.18,483050.78,31664.64,171450.42,649277.13,-227051.09,-258715.73
2023-09-01,B007,10006508.07,18421397.89,1468798.41,371213.23,71379.22,37813.23,568547.31,132212.27,1097585.18,1577990.85,638230.31,506018.04
2023-09-01,B008,13798161.42,11473051.57,867285.64,401143.75,57343.05,67968.08,503836.97,67889.39,466141.88,992596.77,87616.05,19726.66
2023-09-01,B009,27251211.18,11869982.41,908972.23,1264579.88,164833.15,57169.49,1455500.44,100031.49,-355607.65,1130974.87,-1589105.46,-1689136.95
2023-09-01,B010,10522840.06,20051823.85,1691807.56,383982.94,49051.82,42609.55,683322.25,97260.68,1307824.62,1783468.93,716163.75,618903.07
2023-09-01,B011,25819223.68,14460965.94,1248020.26,939744.49,195460.31,131740.21,1151438.36,141784.26,308275.77,1575220.78,-515962.07,-657746.33
2023-09-01,B012,13457017.01,19539243.64,1832285.96,478993.99,116540.0,62349.34,528704.53,168719.12,1353291.97,2011175.31,1003476.78,834757.66
2023-09-01,B013,19051738.55,19472331.05,2203342.59,641398.15,224532.18,84386.77,1231533.69,194153.34,1561944.43,2512261.54,639329.69,445176.35
2023-09-01,B014,11251532.89,19882388.68,2259077.28,346748.72,65972.4,25044.42,665245.05,64448.48,1912328.57,2350094.11,1338100.34,1273651.86
2023-09-01,B015,19394453.86,13036545.41,1447150.12,688604.89,134961.0,106745.14,1190231.72,43191.15,758545.23,1688856.27,-189980.35,-233171.49
2023-09-01,B016,11802528.6,17542922.68,1431064.95,620487.12,51898.29,24865.41,590140.79,125625.09,810577.83,1507828.65,297200.74,171575.65
2023-09-01,B017,7926443.15,9748184.5,974082.61,433235.13,38006.73,36787.64,488240.5,34174.08,540847.48,1048876.99,127401.36,93227.28
2023-09-01,B018,13545839.87,5404872.65,537156.43,468362.05,96345.45,79128.42,739812.78,45015.5,68794.38,712630.3,-495544.52,-540560.03
2023-09-01,B019,16404761.68,7992958.37,652298.42,753358.41,99662.9,64590.42,1060525.57,48904.46,-101059.98,816551.75,-997332.23,-1046236.69
2023-09-01,B020,20954073.64,6771812.63,672196.54,568564.89,247276.21,84137.44,1193703.65,24973.22,103631.65,1003610.18,-758658.36,-783631.57
2023-10-01,B001,27543269.99,9283273.66,856854.7,1321199.26,114312.21,98884.78,1299957.44,47618.08,-464344.57,1070051.68,-1551105.02,-1598723.1
2023-10-01,B002,14265886.04,18182127.01,1506017.24,575703.34,99303.83,53407.88,612318.19,195605.85,930313.89,1658728.94,470707.41,275101.56
2023-10-01,B003,18174142.36,8600969.03,770388.92,896120.03,81318.83,55299.39,724171.29,102053.52,-125731.1,907007.14,-713284.18,-815337.7
2023-10-01,B004,8597761.14,7635035.02,840258.07,352332.1,98082.82,39213.01,439444.61,46500.93,487925.98,977553.9,185777.19,139276.26
2023-10-01,B005,20655136.05,15571538.24,1525917.49,604125.54,181872.68,90106.53,1041584.52,55811.11,921791.95,1797896.7,152186.64,96375.54
2023-10-01,B006,21655911.14,17363590.53,1314671.48,863037.86,92493.55,110856.75,1355360.88,62770.24,451633.62,1518021.79,-700376.95,-763147.19
2023-10-01,B007,19619203.41,12938612.23,1060394.12,609570.03,126716.7,81060.24,835469.04,116309.41,450824.08,1268171.05,-176868.02,-293177.43
2023-10-01,B008,13499004.3,14518355.57,1564879.9,424017.71,83369.6,73465.52,799577.7,138404.46,1140862.19,1721715.01,498119.6,359715.14
2023-10-01,B009,9648215.7,9876716.51,852455.94,268127.61,52800.39,36666.61,578155.61,118048.71,584328.34,941922.94,95639.72,-22408.99
2023-10-01,B010,20637534.52,20315135.72,1780866.7,1103352.92,163850.42,96778.77,1068061.29,183150.11,677513.78,2041495.89,-129918.32,-313068.43
2023-10-01,B011,23885457.6,18310068.11,1727203.28,944531.36,204435.74,58816.05,1349544.74,218290.58,782671.92,1990455.07,-303621.03,-521911.61
2023-10-01,B012,15923484.46,9896113.55,1059543.29,488339.37,73457.69,56118.59,729738.39,88811.73,571203.91,1189119.56,-28958.2,-117769.93
2023-10-01,B013,10848803.68,11473225.98,920537.23,293201.69,128383.08,60407.53,514249.5,71038.13,627335.53,1109327.84,301876.65,230838.52
2023-10-01,B014,18548941.73,12883719.26,1455069.67,812823.15,149383.98,71185.22,1082524.62,126843.07,642246.52,1675638.86,-219708.91,-346551.98
2023-10-01,B015,11983642.59,16201596.73,1633853.05,551206.97,140592.4,35668.15,591230.93,91994.43,1082646.08,1810113.6,667675.69,575681.26
2023-10-01,B016,24813629.07,12036134.38,1381182.43,676126.51,224702.14,50008.09,933680.15,133557.16,705055.92,1655892.66,46086.0,-87471.16
2023-10-01,B017,16235820.61,18650437.14,1973074.66,745449.81,91345.61,44523.49,595361.28,113848.62,1227624.84,2108943.77,768132.68,654284.05
2023-10-01,B018,27052260.74,10238782.74,1151793.1,712042.2,310119.42,138169.37,1516961.75,88296.87,439750.9,1600081.89,-628922.06,-717218.92
2023-10-01,B019,26351018.04,19874595.97,1878200.09,663433.29,125976.27,58229.55,1139481.12,107479.89,1214766.81,2062405.91,259491.51,152011.61
2023-10-01,B020,13993606.96,13857206.47,1538781.68,472330.89,66538.99,33156.86,497587.8,99362.55,1066450.79,1638477.53,668558.83,569196.28
2023-11-01,B001,10406130.15,9080990.62,888684.14,404350.12,122331.52,38041.31,517583.2,49293.42,484334.02,1049056.97,127123.65,77830.24
2023-11-01,B002,24336850.71,9637829.52,881844.82,1329636.85,98009.18,115516.45,1159521.92,100335.22,-447792.03,1095370.44,-1393788.33,-1494123.55
2023-11-01,B003,10009501.58,17056222.41,1738539.55,259390.08,102803.76,56245.08,414492.66,181885.71,1479149.47,1897588.39,1223705.65,1041819.94
2023-11-01,B004,13552149.47,13129105.14,1195036.74,607397.92,147163.67,60217.02,833669.91,49202.46,587638.82,1402417.42,-38650.41,-87852.87
2023-11-01,B005,8147041.8,18138576.6,1872291.49,255662.41,40012.47,23758.94,294012.3,178273.25,1616629.08,1936062.9,1386388.19,1208114.94
2023-11-01,B006,21063944.09,13098506.7,1473261.78,669772.58,155924.04,70715.13,1331781.36,133232.72,803489.2,1699900.95,-301652.99,-434885.71
2023-11-01,B007,19668714.97,15573032.89,1747298.93,974961.35,88661.23,99707.83,1020147.63,163349.59,772337.58,1935667.99,-59440.99,-222790.58
2023-11-01,B008,28202691.68,10185827.89,845473.2,881096.9,136774.38,85349.27,1483127.11,60132.88,-35623.69,1067596.85,-1296627.16,-1356760.03
2023-11-01,B009,9923156.92,7497039.45,771150.78,537116.86,50333.58,22635.01,366918.27,83708.22,234033.91,844119.37,-59915.76,-143623.98
2023-11-01,B010,17555844.09,13333008.33,1463411.97,692388.99,201777.75,78463.57,941464.02,116311.76,771022.98,1743653.3,109800.29,-6511.47
2023-11-01,B011,28252928.75,22043437.37,2319962.32,767974.68,249573.98,124150.04,1388548.24,130930.59,1551987.64,2693686.34,537163.42,406232.83
2023-11-01,B012,12759151.72,9211478.98,706623.09,499660.5,63996.48,52729.26,720495.85,59732.86,206962.59,823348.82,-396807.52,-456540.38
2023-11-01,B013,20012359.73,15400655.08,1392690.87,533997.65,233545.54,111184.3,842456.66,68796.4,858693.23,1737420.71,360966.41,292170.0
2023-11-01,B014,12733722.93,6391554.16,493995.78,563707.79,77015.65,53484.55,572147.81,73524.25,-69712.02,624495.97,-511359.63,-584883.88
2023-11-01,B015,11292428.77,7995187.97,895050.01,437060.1,93540.44,56254.87,478316.96,44507.51,457989.91,1044845.32,129468.26,84960.75
2023-11-01,B016,19536684.35,15597103.12,1719021.76,766734.65,216225.3,81027.1,1092493.02,91390.31,952287.11,2016274.16,157046.5,65656.19
2023-11-01,B017,21755205.84,15835410.1,1602979.28,984118.49,184863.58,71599.51,1010735.76,120864.35,618860.79,1859442.37,-135411.88,-256276.23
2023-11-01,B018,13323381.69,18392545.42,1548653.91,468475.45,88266.18,56099.94,559573.63,67591.78,1080178.46,1693020.04,664970.95,597379.17
2023-11-01,B019,11088351.3,9739836.44,1029403.79,285292.8,130979.22,61456.33,498322.12,49487.57,744110.98,1221839.33,438224.41,388736.84
2023-11-01,B020,20097203.61,14997654.68,1666856.84,809609.2,158476.65,114890.14,850688.64,85487.9,857247.64,1940223.63,279925.79,194437.89
2023-12-01,B001,12581632.3,5834039.39,654669.52,505551.02,129188.15,41560.77,744982.82,69566.92,149118.51,825418.44,-425115.39,-494682.31
2023-12-01,B002,18339474.85,9327072.33,1004787.63,791143.4,214614.8,48792.21,827118.83,60515.99,213644.24,1268194.65,-350067.58,-410583.57
2023-12-01,B003,9235116.28,6416439.23,567459.72,468501.91,83191.72,20686.27,413891.49,42532.85,98957.8,671337.71,-211055.69,-253588.54
2023-12-01,B004,18799376.86,16563955.19,1503816.21,962566.1,169336.2,99270.94,666122.64,135763.55,541250.12,1772423.35,143734.62,7971.07
2023-12-01,B005,9171999.29,8411248.89,667616.9,453905.4,65190.59,48965.98,559956.5,57161.87,213711.49,781773.47,-232088.43,-289250.3
2023-12-01,B006,8919079.87,12790070.03,1018191.41,265717.28,37593.57,28779.32,442744.04,87479.18,752474.13,1084564.29,376102.98,288623.8
2023-12-01,B007,22731153.98,16617813.84,1277579.06,963618.74,100355.6,121547.77,865018.6,53925.2,313960.32,1499482.43,-329154.91,-383080.11
2023-12-01,B008,17604057.24,12962247.78,1312052.94,686928.96,115297.14,46992.49,813807.17,147527.43,625123.98,1474342.58,-26393.55,-173920.98
2023-12-01,B009,19251509.66,14376197.42,1236189.7,980313.27,175974.38,86098.95,1023862.37,75714.8,255876.43,1498263.02,-505912.62,-581627.42
2023-12-01,B010,21054127.09,15985691.54,1749898.8,629279.08,240004.5,45081.42,1145981.42,68879.34,1120619.71,2034984.71,259724.21,190844.87
2023-12-01,B011,10646731.48,14137683.27,1613353.54,333990.04,101951.6,46622.37,428558.81,81626.49,1279363.5,1761927.51,999378.65,917752.17
2023-12-01,B012,22289366.75,19306861.04,2023087.42,937096.29,169526.55,74718.96,1276886.03,98463.77,1085991.12,2267332.93,53350.6,-45113.17
2023-12-01,B013,15892747.51,10129703.67,931108.31,646234.46,120055.14,42191.14,867883.81,101906.19,284873.86,1093354.59,-420763.68,-522669.87
2023-12-01,B014,15821375.44,15859923.86,1581134.0,707228.51,70498.9,81440.16,973473.27,166531.68,873905.49,1733073.06,52371.29,-114160.39
2023-12-01,B015,17077168.68,13326571.0,1429251.29,435034.27,147749.3,87098.86,667735.0,78247.28,994217.02,1664099.46,561330.2,483082.92
2023-12-01,B016,7982356.21,13131427.45,1331472.02,350044.65,73869.56,28706.97,451692.57,113643.72,981427.37,1434048.56,632311.34,518667.62
2023-12-01,B017,11174205.12,7955547.88,725650.73,427986.8,61106.57,60893.1,621072.99,74864.11,297663.92,847650.39,-201409.4,-276273.5
2023-12-01,B018,20072449.53,13403894.26,1042824.59,664143.64,135027.85,49088.73,881622.95,137297.86,378680.95,1226941.17,-318825.42,-456123.28
2023-12-01,B019,11300455.55,20810732.81,2085396.67,365724.54,94007.92,46011.78,584157.53,155512.1,1719672.13,2225416.37,1275534.3,1120022.21
2023-12-01,B020,23727215.04,8047348.2,673248.69,1057812.68,197113.31,71131.16,889881.41,93421.47,-384564.0,941493.16,-1006200.93,-1099622.4
2024-01-01,B001,8545681.27,14323069.34,1447284.15,238571.43,86366.41,44577.91,554192.74,111619.35,1208712.72,1578228.47,785464.3,673844.95
2024-01-01,B002,23452606.42,18524793.86,2015697.66,1253188.95,215665.91,55223.38,1178223.05,164764.29,762508.72,2286586.95,-144825.04,-309589.34
2024-01-01,B003,11810355.17,10741979.48,946879.0,621050.05,96797.87,54449.7,453259.48,65591.82,325828.95,1098126.57,23817.04,-41774.77
2024-01-01,B004,22921841.66,18741322.12,1465491.84,1145966.07,187118.06,46185.95,1221247.49,213693.52,319525.78,1698795.85,-668417.71,-882111.23
2024-01-01,B005,20488158.77,14421475.3,1398875.63,1007714.66,195266.1,49266.02,1150576.64,45307.51,391160.97,1643407.75,-514883.56,-560191.07
2024-01-01,B006,15456485.01,11146754.01,984177.52,563008.97,148876.73,36526.95,631332.34,66598.47,421168.54,1169581.2,-24760.11,-91358.58
2024-01-01,B007,27901640.37,23191271.86,2429561.2,1099810.21,311022.06,113106.05,1776573.67,202519.1,1329750.99,2853689.32,-22694.57,-225213.67
2024-01-01,B008,22345906.43,24855322.15,2752313.08,941443.64,108961.41,106659.03,1041147.06,94851.8,1810869.44,2967933.52,985342.82,890491.02
2024-01-01,B009,15679350.28,15904781.25,1194781.03,561801.15,163994.53,69784.68,866602.45,182245.99,632979.87,1428560.23,156.63,-182089.35
2024-01-01,B010,14617739.85,7134769.28,773309.01,724292.58,134629.57,48218.22,798497.63,73246.27,49016.43,956156.8,-566633.42,-639879.68
2024-01-01,B011,9609977.56,7035921.76,768773.57,401832.99,112501.34,39203.12,337105.26,25912.22,366940.59,920478.03,181539.79,155627.56
2024-01-01,B012,9757709.84,11187229.53,1088582.2,351648.59,93604.14,38586.96,583929.69,124009.84,736933.61,1220773.3,285195.02,161185.19
2024-01-01,B013,15763256.41,16360085.33,1596434.62,820956.68,140309.85,59609.96,707122.01,165626.19,775477.94,1796354.43,268275.74,102649.55
2024-01-01,B014,15991953.38,23269718.03,2592459.23,834567.6,144651.19,72486.58,627191.11,185927.44,1757891.63,2809597.0,1347838.29,1161910.85
2024-01-01,B015,12136238.48,10911751.21,1040186.7,655694.94,97148.89,56052.71,601882.92,45631.03,384491.76,1193388.3,-64189.56,-109820.58
2024-01-01,B016,12407404.68,18542036.54,1608316.55,631950.18,119068.37,37370.63,617948.83,144773.75,976366.37,1764755.56,514856.54,370082.79
2024-01-01,B017,8336580.99,15527456.12,1413031.09,329958.27,83976.01,33834.14,516652.97,159344.35,1083072.81,1530841.24,684230.0,524885.65
2024-01-01,B018,20844982.32,7687563.25,688323.41,645663.63,113927.44,84772.54,1309676.59,32908.65,42659.77,887023.39,-1068316.83,-1101225.49
2024-01-01,B019,20055771.33,7039696.83,787730.97,793054.57,220731.5,96827.51,784951.82,36252.08,-5323.6,1105289.97,-472716.41,-508968.49
2024-01-01,B020,16695417.06,13332240.69,1078098.56,770079.65,111342.47,67618.75,972673.68,132055.3,308018.92,1257059.79,-485693.54,-617748.84
2024-02-01,B001,20359794.95,14462432.38,1440653.39,915746.54,148414.15,42796.99,969785.12,164282.2,524906.85,1631864.53,-253667.13,-417949.33
2024-02-01,B002,24535515.58,16320000.53,1328430.06,847603.55,240394.49,78044.33,967870.54,167703.47,480826.51,1646868.88,-168605.21,-336308.69
2024-02-01,B003,12732288.44,18072220.72,1626451.4,437258.27,65998.81,28032.33,582272.52,171743.92,1189193.13,1720482.54,700951.75,529207.83
2024-02-01,B004,14458410.48,6387717.63,533123.81,370179.66,139630.59,36252.19,550599.06,28819.09,162944.15,709006.59,-211772.14,-240591.22
2024-02-01,B005,16050563.49,8907990.3,827746.39,749329.07,75925.89,50348.76,937183.73,87960.38,78417.33,954021.04,-732491.75,-820452.12
2024-02-01,B006,11888699.8,14068387.66,1405918.0,617812.72,48047.21,31830.2,759851.37,46245.43,788105.27,1485795.4,108131.3,61885.88
2024-02-01,B007,10184591.56,18380140.95,1640296.27,353930.75,106844.27,33288.82,647156.97,161160.61,1286365.52,1780429.36,779341.64,618181.03
2024-02-01,B008,18074897.91,17571632.41,1692080.04,874683.26,102426.05,101162.56,666883.48,75812.87,817396.79,1895668.65,354101.91,278289.03
2024-02-01,B009,13284812.2,12486528.99,1186077.27,401958.73,136077.8,32686.69,782754.24,64184.23,784118.54,1354841.76,170128.79,105944.56
2024-02-01,B010,10617509.66,21058854.21,2346366.61,308126.86,103814.18,60095.68,470500.9,85918.73,2038239.75,2510276.47,1731648.71,1645729.99
2024-02-01,B011,14367124.99,8721179.74,947147.93,558476.48,152820.56,78593.5,632913.58,92641.29,388671.45,1178561.99,-12828.07,-105469.36
2024-02-01,B012,9853149.09,12988224.95,1069447.7,275086.24,83940.25,48593.71,376760.73,83156.03,794361.46,1201981.66,550134.7,466978.67
2024-02-01,B013,22508404.08,15590024.89,1501741.12,809255.66,235093.67,58580.09,807805.71,185802.06,692485.46,1795414.87,178353.5,-7448.56
2024-02-01,B014,24716167.71,18597892.43,1928989.66,949666.2,186772.75,58290.32,1162112.47,140701.05,979323.46,2174052.73,62274.06,-78426.98
2024-02-01,B015,16298332.17,12359143.37,977346.78,788004.83,181113.42,42286.81,680256.48,50932.25,189341.95,1200747.0,-267514.3,-318446.55
2024-02-01,B016,16453588.03,13197065.12,1183377.01,622249.87,120286.42,48616.6,971741.66,150912.43,561127.13,1352280.03,-241711.5,-392623.93
2024-02-01,B017,21755719.9,11503597.31,997908.99,756959.03,195178.18,72352.79,1065413.56,107018.18,240949.96,1265439.96,-556932.63,-663950.8
2024-02-01,B018,21967982.56,13995138.31,1200304.45,1101271.79,214810.43,115815.29,845597.74,44324.93,99032.66,1530930.17,-415939.36,-460264.29
2024-02-01,B019,15639795.79,13482284.09,1098051.27,849943.74,82610.56,73396.69,708228.79,114936.47,248107.54,1254058.53,-304114.0,-419050.47
2024-02-01,B020,11590606.0,9705143.61,1039450.71,522854.81,119360.94,29200.15,457795.43,89666.26,516595.9,1188011.8,207361.56,117695.3
2024-03-01,B001,29886805.94,7601838.95,648638.92,1301870.93,191259.5,110538.69,1186960.04,85808.81,-653232.0,950437.11,-1538393.85,-1624202.66
2024-03-01,B002,20892782.14,8642315.32,966932.11,1003434.19,159593.69,49636.04,1051203.44,45577.96,-36502.08,1176161.84,-878475.79,-924053.75
2024-03-01,B003,23185139.88,15770619.56,1493453.68,998251.72,207413.66,129160.51,1415725.59,48013.09,495201.96,1830027.84,-583949.47,-631962.56
2024-03-01,B004,15248875.36,11905936.54,1363742.81,708260.51,133205.4,72838.51,640324.3,37516.24,655482.3,1569786.72,221201.91,183685.67
2024-03-01,B005,20704839.85,16432373.67,1721932.27,928229.98,191944.0,67483.99,1236855.32,94174.83,793702.29,1981360.25,-183725.05,-277899.88
2024-03-01,B006,10431540.92,11583251.16,947876.4,291960.42,73148.23,28443.8,484748.29,77842.22,655915.98,1049468.43,272759.72,194917.5
2024-03-01,B007,9191106.1,19393920.62,1515823.91,499178.84,40192.01,19736.98,386905.12,162824.23,1016645.07,1575752.91,689668.95,526844.72
2024-03-01,B008,12118049.87,12608945.53,1417156.77,415802.67,64273.18,32374.83,654091.34,115975.62,1001354.11,1513804.78,443910.78,327935.16
2024-03-01,B009,15493522.35,8327186.85,651598.08,515904.05,68879.52,78168.49,874511.38,77687.72,135694.03,798646.09,-591769.34,-669457.06
2024-03-01,B010,19653247.93,10320410.46,1135611.15,575147.73,105170.62,96124.04,1205733.18,77798.18,560463.42,1336905.8,-443975.11,-521773.29
2024-03-01,B011,7419674.71,14259401.98,1420000.73,379160.95,76075.62,25752.48,306235.0,83046.31,1040839.78,1521828.84,836432.89,753386.58
2024-03-01,B012,10305415.89,19154929.42,1701797.73,359962.51,98016.3,58575.28,519636.2,225206.82,1341835.22,1858389.31,978790.59,753583.77
2024-03-01,B013,8686245.51,8208942.39,782292.07,403937.76,99234.29,29832.89,439437.95,78960.32,378354.31,911359.25,67983.54,-10976.77
2024-03-01,B014,13660373.38,6637359.38,620374.41,722090.22,120612.54,53698.98,864892.3,57118.18,-101715.81,794685.93,-792296.59,-849414.77
2024-03-01,B015,9156737.47,9464632.77,1039105.81,287572.04,50357.73,34638.53,374797.61,111400.48,751533.78,1124102.07,461732.42,350331.93
2024-03-01,B016,17997498.69,6330888.06,621782.91,664731.73,142348.3,107780.8,1062755.21,53210.04,-42948.82,871912.01,-855574.93,-908784.98
2024-03-01,B017,30694824.8,13653295.25,1117979.94,1356785.85,306592.43,76813.41,1982323.85,72471.08,-238805.91,1501385.78,-1837723.92,-1910195.0
2024-03-01,B018,22240979.33,17476050.95,1544119.63,653543.91,250960.68,125577.9,1423353.89,88216.88,890575.73,1920658.22,-156239.58,-244456.46
2024-03-01,B019,12463671.31,20015269.34,1812149.51,512395.64,91698.05,27299.2,477606.88,183537.15,1299753.88,1931146.77,941144.26,757607.11
2024-03-01,B020,10483839.63,19349172.7,1482425.2,377086.84,58754.63,43063.54,517411.42,78267.08,1105338.36,1584243.36,689745.1,611478.03
2024-04-01,B001,31433082.69,24559633.22,2771295.61,982844.06,204839.02,107070.2,1743927.36,233183.0,1788451.55,3083204.83,356433.4,123250.41
2024-04-01,B002,14010444.97,15871712.84,1815189.32,413739.17,167724.78,47674.9,817085.91,103783.75,1401450.16,2030589.0,799763.92,695980.17
2024-04-01,B003,19755891.44,18537927.86,1426763.35,693439.2,128427.05,103598.07,1121263.82,106514.91,733324.15,1658788.46,-155914.56,-262429.47
2024-04-01,B004,28445428.69,21256082.31,1721284.51,1124382.13,316708.22,123703.2,1275483.7,184936.9,596902.38,2161695.93,-238169.9,-423106.8
2024-04-01,B005,25637890.77,11143636.11,866801.68,1219014.75,207070.34,91266.53,1663390.75,47901.79,-352213.08,1165138.55,-1717266.96,-1765168.75
2024-04-01,B006,27516962.9,14181046.66,1273327.25,1238699.69,177123.45,120736.63,1146463.25,138703.05,34627.56,1571187.33,-813975.61,-952678.66
2024-04-01,B007,14450020.25,16269695.27,1497318.0,747559.31,133092.4,33562.33,925924.14,64768.16,749758.69,1663972.73,-9510.72,-74278.87
2024-04-01,B008,20957643.05,11785920.99,1183929.77,1023268.72,146147.7,73514.25,963886.8,65436.04,160661.06,1403591.73,-583563.78,-648999.82
2024-04-01,B009,16694103.15,8814812.87,743862.26,452254.24,153031.51,37338.79,876865.41,51743.55,291608.02,934232.56,-394887.1,-446630.64
2024-04-01,B010,28022895.79,10313707.24,1062313.51,786087.58,174936.1,87215.17,1681342.9,33472.67,276225.93,1324464.78,-1142965.7,-1176438.37
2024-04-01,B011,12616775.27,17379325.79,1882516.01,352984.44,65601.29,73604.18,807079.07,86034.07,1529531.57,2021721.49,861657.98,775623.91
2024-04-01,B012,26854732.36,16663860.61,1713578.06,1384973.08,229518.96,121208.85,1061021.95,103266.63,328604.98,2064305.88,-381689.16,-484955.78
2024-04-01,B013,21581860.85,12670649.35,1419440.34,629978.51,138255.92,126008.64,1118143.12,120907.53,789461.83,1683704.9,-64416.74,-185324.27
2024-04-01,B014,18396128.01,11025709.98,1121339.35,844634.57,212855.64,87272.97,1191858.78,81374.15,276704.78,1421467.96,-615025.39,-696399.54
2024-04-01,B015,21168424.2,9219801.05,755731.22,618942.72,198041.75,63262.42,938430.48,103153.2,136788.51,1017035.39,-540337.81,-643491.01
2024-04-01,B016,27229937.12,21080922.04,1689750.75,914735.51,238263.43,153716.41,1564241.4,87510.35,775015.24,2081730.59,-397246.31,-484756.66
2024-04-01,B017,12623346.83,14229985.44,1490175.52,690099.42,65853.72,74905.69,471561.84,81377.56,800076.1,1630934.93,469273.67,387896.11
2024-04-01,B018,10341894.68,17044067.36,1869298.12,493670.3,76426.72,56806.88,626412.69,85547.13,1375627.82,2002531.73,882448.74,796901.61
2024-04-01,B019,32450835.5,25533249.45,2909958.96,896730.38,203004.91,107636.11,2082000.23,266956.59,2013228.59,3220599.99,241869.38,-25087.21
2024-04-01,B020,14940286.35,18481202.86,1676399.27,411716.98,123925.15,64433.98,858471.47,160206.95,1264682.3,1864758.41,594569.96,434363.01
2024-05-01,B001,22840990.83,7937134.71,874284.24,771687.58,112615.83,63462.03,820876.25,52455.85,102596.66,1050362.1,-542201.73,-594657.59
2024-05-01,B002,13123429.77,15650373.3,1524275.96,353035.08,67357.75,76747.16,790459.41,57604.58,1171240.88,1668380.87,524886.38,467281.81
2024-05-01,B003,23114058.5,14510320.03,1332017.37,752975.85,130288.76,55848.36,977946.56,158617.95,579041.52,1518154.49,-212767.92,-371385.87
2024-05-01,B004,18511761.98,20774334.61,1849246.11,997046.97,174144.2,107768.66,1168328.22,162615.21,852199.14,2131158.97,-34216.22,-196831.42
2024-05-01,B005,22216254.83,13690310.73,1109018.74,933708.45,178538.87,51829.78,1340183.62,75772.23,175310.29,1339387.4,-934504.67,-1010276.91
2024-05-01,B006,13990605.14,9767041.64,827390.08,367873.72,116906.21,37945.97,743128.52,67255.2,459516.35,982242.25,-128759.99,-196015.19
2024-05-01,B007,22496479.01,10503775.36,879772.94,862941.29,169360.85,98059.29,1123531.43,45254.14,16831.65,1147193.08,-839279.65,-884533.79
2024-05-01,B008,18121838.37,19056445.92,1978305.58,863732.42,76508.93,38163.04,871628.06,143743.34,1114573.16,2092977.55,357617.07,213873.74
2024-05-01,B009,31167888.58,7979835.89,712621.41,1552418.18,152106.83,151507.2,1837769.16,85106.54,-839796.77,1016235.44,-2373951.9,-2459058.44
2024-05-01,B010,21642537.42,24210974.53,1917625.8,890693.45,248045.3,122294.56,1297076.1,118274.02,1026932.34,2287965.66,100196.11,-18077.92
2024-05-01,B011,22918107.58,16853167.06,1850258.05,836732.93,229924.91,46851.87,1418126.91,168128.08,1013525.12,2127034.83,-127825.01,-295953.09
2024-05-01,B012,17586330.71,11687014.77,972568.08,629487.71,207306.53,100010.9,742208.26,110407.31,343080.37,1279885.5,-91810.46,-202217.78
2024-05-01,B013,12134530.67,14450458.69,1124277.67,543688.59,86913.99,50021.01,673519.98,68338.01,580589.09,1261212.67,44004.1,-24333.91
2024-05-01,B014,20410239.81,6740281.41,696230.07,1006490.91,96513.65,69989.48,1237640.76,47073.13,-310260.84,862733.19,-1381398.47,-1428471.6
2024-05-01,B015,20004521.2,7064380.24,807295.71,747847.33,169214.89,87454.16,1149949.68,74762.09,59448.38,1063964.76,-833832.25,-908594.33
2024-05-01,B016,23200973.46,8408097.35,874161.0,1234664.14,229495.8,48195.11,1376139.66,50744.66,-360503.14,1151851.91,-1458951.89,-1509696.56
2024-05-01,B017,9724801.01,15391423.31,1308070.14,533494.82,49031.34,52510.29,525427.49,132394.07,774575.32,1409611.78,350689.47,218295.39
2024-05-01,B018,11215662.37,13857162.42,1382813.68,465571.75,87379.06,30786.95,662403.46,79850.31,917241.93,1500979.69,373004.48,293154.17
2024-05-01,B019,16061565.39,10083264.09,796833.7,488148.13,166736.96,83318.05,1029195.42,49917.88,308685.57,1046888.71,-470454.84,-520372.72
2024-05-01,B020,19022800.66,19429633.01,1534751.61,557897.17,122063.61,102881.61,1017006.96,231568.66,976854.44,1759696.82,184792.69,-46775.97
2024-06-01,B001,21046256.35,19000499.97,1774330.38,1055822.22,217111.14,54098.76,1263177.2,194152.12,718508.16,2045540.28,-273459.14,-467611.26
2024-06-01,B002,28295267.51,20920989.68,2129729.1,731192.22,220716.36,98214.8,1511117.48,160795.86,1398536.88,2448660.26,206350.56,45554.7
2024-06-01,B003,20620404.24,8176674.48,862965.47,1000658.63,89380.39,81764.59,1312496.33,70774.51,-137693.17,1034110.44,-1279044.52,-1349819.03
2024-06-01,B004,10069181.46,4987476.41,548096.38,366099.44,75592.57,50693.15,438937.81,56940.12,181996.94,674382.1,-130655.15,-187595.27
2024-06-01,B005,12830159.86,11618756.49,946115.09,651445.48,95913.58,67176.35,646838.27,62001.69,294669.62,1109205.02,-189078.72,-251080.41
2024-06-01,B006,10057501.27,14583292.67,1356154.24,294316.47,46820.07,55847.24,643554.7,129275.44,1061837.77,1458821.54,520950.38,391674.94
2024-06-01,B007,19006474.0,24939318.89,2864098.39,553022.57,175008.15,99843.84,1194417.03,117370.95,2311075.82,3138950.38,1391510.78,1274139.83
2024-06-01,B008,29188049.17,18268631.94,1512328.56,1373089.86,135270.05,103276.67,1593474.21,80576.37,139238.7,1750875.28,-1215688.79,-1296265.17
2024-06-01,B009,12011139.41,8757560.63,729329.72,552827.29,78418.22,62621.38,744050.82,92408.38,176502.43,870369.32,-426508.79,-518917.17
2024-06-01,B010,24205508.96,20506770.97,1662716.47,1151943.3,141553.94,129464.32,1300305.4,74557.45,510773.18,1933734.74,-518513.96,-593071.41
2024-06-01,B011,23528184.55,7867271.73,853072.53,885626.56,174318.35,81497.69,947759.09,93599.94,-32554.04,1108888.57,-724497.08,-818097.02
2024-06-01,B012,14560223.12,11524216.38,1098152.99,401211.51,172141.71,51579.64,714010.15,138234.67,696941.47,1321874.34,206652.67,68418.0
2024-06-01,B013,21321960.71,19226751.88,1730943.75,954235.3,122309.73,61767.78,961752.7,91112.81,776708.44,1915021.25,-966.76,-92079.57
2024-06-01,B014,13971314.96,7347374.37,781890.33,729245.86,160163.18,80394.6,619315.84,51150.98,52644.47,1022448.11,-326113.59,-377264.57
2024-06-01,B015,18167694.46,18574902.55,1958352.27,696605.95,217140.67,78718.8,931692.21,204731.01,1261746.32,2254211.73,625913.58,421182.57
2024-06-01,B016,14584950.0,18211072.7,1747438.89,669885.39,148459.18,83371.35,533973.56,181864.3,1077553.5,1979269.43,775410.48,593546.17
2024-06-01,B017,13103015.97,10570760.83,1168793.33,366179.66,140097.78,51682.77,671166.49,61259.17,802613.67,1360573.88,323227.72,261968.56
2024-06-01,B018,10231356.13,10043231.14,812182.54,467924.51,98119.28,28409.08,424161.15,53587.96,344258.03,938710.89,46625.23,-6962.73
2024-06-01,B019,11995552.02,18632209.71,1948844.83,552129.83,137598.69,31222.72,610675.7,160776.48,1396714.99,2117666.24,954860.71,794084.23
2024-06-01,B020,15663764.74,12767023.62,1460881.85,820518.11,122914.49,77434.05,618413.9,58257.82,640363.74,1661230.39,222298.38,164040.55
2024-07-01,B001,28046154.37,18800094.58,1472580.52,987303.85,278977.13,103905.68,1006836.21,175630.47,485276.68,1855463.34,-138676.71,-314307.18
2024-07-01,B002,19868216.93,14213921.69,1091549.67,931431.24,171187.82,98671.26,788993.58,120584.57,160118.42,1361408.75,-359016.08,-479600.65
2024-07-01,B003,13352768.84,10249270.65,1041827.39,448462.24,61967.92,29144.89,584733.37,84004.71,593365.15,1132940.2,99744.59,15739.88
2024-07-01,B004,21376375.92,10545062.65,987725.44,925228.17,113900.52,65227.96,1319213.9,111056.66,62497.27,1166853.91,-1077588.17,-1188644.83
2024-07-01,B005,19289237.88,13019804.41,1139967.67,857803.64,150945.44,51964.03,723103.77,148488.99,282164.02,1342877.13,-238030.29,-386519.28
2024-07-01,B006,24342116.56,14876049.1,1418753.87,681450.91,240475.08,94569.3,1302434.46,51522.3,737302.95,1753798.25,-230087.12,-281609.42
2024-07-01,B007,18500269.58,12461128.16,1269202.91,695964.02,97128.82,45724.25,1155188.16,108306.31,573238.89,1412055.98,-439096.2,-547402.51
2024-07-01,B008,17054178.54,6621971.14,611662.47,445543.87,131257.88,85111.38,819006.32,47014.36,166118.6,828031.73,-436518.46,-483532.83
2024-07-01,B009,26534518.09,17725221.15,1756064.55,1100391.33,256685.47,142007.66,1394881.62,141291.58,655673.22,2154757.68,-340515.27,-481806.85
2024-07-01,B010,14738196.06,7075328.86,749900.06,786567.64,161587.28,72581.68,608323.46,62591.87,-36667.58,984069.02,-410822.08,-473413.95
2024-07-01,B011,21529681.04,11190609.07,986544.91,1061104.56,224133.92,104774.1,1233151.42,41511.96,-74559.66,1315452.93,-978803.05,-1020315.01
2024-07-01,B012,22994630.03,13782267.79,1451836.8,712030.81,170032.74,134632.08,1223464.78,158778.07,739806.0,1756501.62,-178993.97,-337772.04
2024-07-01,B013,16860056.94,20875447.1,2024797.77,808240.58,109976.32,56533.26,1038036.91,134508.31,1216557.19,2191307.35,345029.86,210521.55
2024-07-01,B014,23067739.8,10981197.35,858868.52,942854.89,155411.47,56541.5,985916.55,123173.74,-83986.36,1070821.49,-857949.95,-981123.68
2024-07-01,B015,11972190.59,16014504.93,1689307.53,448338.2,115102.01,68973.56,720303.11,166559.92,1240969.33,1873383.09,704741.78,538181.86
2024-07-01,B016,14895971.85,7822798.75,662242.81,441768.99,143614.07,35189.79,573522.99,72520.92,220473.81,841046.67,-174245.32,-246766.24
2024-07-01,B017,11771278.94,5820775.37,484717.94,409886.3,126720.16,55396.78,478619.16,46765.88,74831.65,666834.89,-221670.57,-268436.45
2024-07-01,B018,13905686.13,12789435.83,1464810.55,689795.59,109833.68,48947.95,868713.4,90388.13,775014.96,1623592.18,65083.18,-25304.95
2024-07-01,B019,19323237.56,10412032.41,1104343.26,681586.62,78700.13,109560.93,1077825.84,44705.94,422756.64,1292604.32,-466808.14,-511514.08
2024-07-01,B020,16031291.2,9373417.43,856224.05,754724.77,147877.04,50726.33,681753.37,36126.11,101499.28,1054827.42,-381650.72,-417776.83
2024-08-01,B001,12302736.32,12105005.08,1267386.87,551448.36,117704.92,33779.57,528767.84,80130.65,715938.52,1418871.36,338655.16,258524.51
2024-08-01,B002,12292601.6,15786889.54,1399983.92,384056.34,129531.37,55066.17,528643.83,162864.07,1015927.59,1584581.46,671881.3,509017.23
2024-08-01,B003,12177547.73,8250319.58,636255.27,618733.0,109775.07,65530.36,530943.37,37546.27,17522.27,811560.7,-338115.68,-375661.95
2024-08-01,B004,20690336.9,14635889.88,1170592.54,984260.11,204956.94,88312.89,1089227.86,108902.35,186332.43,1463862.37,-609625.6,-718527.95
2024-08-01,B005,24410459.25,13915046.36,1246739.64,862619.64,246297.64,92389.59,1575585.83,124585.81,384119.99,1585426.87,-852778.6,-977364.41
2024-08-01,B006,20933952.15,13701042.91,1495828.54,562006.39,85836.55,102326.69,988008.25,124506.62,933822.16,1683991.78,133977.15,9470.53
2024-08-01,B007,17574745.05,8560863.22,815073.69,773359.69,83796.75,46362.09,960472.86,83598.79,41714.0,945232.53,-788600.02,-872198.81
2024-08-01,B008,22929663.1,20596389.42,1734067.73,841945.8,173678.4,123135.01,1264934.79,76395.0,892121.93,2030881.13,-75999.45,-152394.45
2024-08-01,B009,16733292.16,23363885.57,2636616.89,550469.26,99416.25,71799.65,694986.77,227180.64,2086147.63,2807832.8,1562376.77,1335196.13
2024-08-01,B010,19044464.83,15354487.93,1691732.62,645653.07,175360.93,83578.86,1121918.74,118882.27,1046079.55,1950672.4,183100.6,64218.32
2024-08-01,B011,25570106.45,8028170.91,656355.9,1233597.1,107489.75,126216.07,1401298.91,75876.78,-577241.2,890061.71,-1744834.3,-1820711.08
2024-08-01,B012,10409637.4,8947937.54,873768.92,485695.03,77025.4,34984.91,569554.42,46558.1,388073.88,985779.23,-69470.23,-116028.33
2024-08-01,B013,10870804.14,14479804.95,1311571.6,385740.24,127338.61,61999.8,423252.03,51666.54,925831.36,1500910.02,691917.75,640251.21
2024-08-01,B014,12593704.67,7994785.92,898186.97,599658.39,79482.92,32923.36,631395.78,60007.35,298528.58,1010593.25,-220460.92,-280468.28
2024-08-01,B015,19534794.76,13928623.66,1535066.36,782060.71,187669.92,49517.68,1044433.01,116263.88,753005.65,1772253.96,-54239.76,-170503.64
2024-08-01,B016,16454451.16,16624902.06,1505969.43,876978.45,67238.81,38146.21,906276.41,152307.75,628990.98,1611354.45,-171900.41,-324208.16
2024-08-01,B017,7351874.2,13862733.28,1561369.96,237127.74,34622.01,30439.01,442573.87,164671.51,1324242.22,1626430.98,946729.36,782057.85
2024-08-01,B018,28205242.32,8615186.53,892636.31,857713.89,142644.51,64764.27,1155588.9,87128.34,34922.42,1100045.09,-913257.7,-1000386.03
2024-08-01,B019,10971706.67,10365655.51,835303.02,513000.33,64112.04,32974.45,639727.5,89627.69,322302.69,932389.5,-220338.33,-309966.02
2024-08-01,B020,24804790.06,8152448.69,775883.63,1180738.12,233915.81,71195.96,912077.17,84990.09,-404854.49,1080995.4,-1011819.89,-1096809.97
2024-09-01,B001,18275957.73,14955281.71,1216912.36,548168.19,159137.12,65816.4,691126.38,123956.42,668744.17,1441865.89,202571.31,78614.89
2024-09-01,B002,20911205.05,12540231.13,993154.66,1130004.16,176775.74,70155.05,799702.18,94063.24,-136849.5,1240085.46,-689620.89,-783684.13
2024-09-01,B003,16759502.82,13824322.26,1564374.38,628628.99,165826.67,56970.76,923735.37,71894.96,935745.39,1787171.81,234807.45,162912.5
2024-09-01,B004,18081010.51,6049358.97,683988.33,710290.43,125226.91,99621.92,1156613.86,29848.03,-26302.1,908837.17,-958067.12,-987915.14
2024-09-01,B005,27168205.02,20620897.43,1773998.52,1053562.58,238721.18,73532.06,1311340.05,201948.7,720435.94,2086251.76,-278650.86,-480599.57
2024-09-01,B006,17025532.0,16494101.41,1720834.5,464795.8,112639.45,97627.79,1071088.44,195087.89,1256038.7,1931101.74,395217.5,200129.6
2024-09-01,B007,27969483.92,18971945.62,2083566.63,1020149.5,280494.88,115789.11,1099124.68,107559.45,1063417.13,2479850.63,360576.45,253017.0
2024-09-01,B008,19246046.49,8159594.54,687596.94,984896.65,213111.16,86345.45,1190317.08,92868.39,-297299.71,987053.55,-1188160.19,-1281028.58
2024-09-01,B009,11734979.63,12395157.04,1047952.16,588932.46,66456.09,44908.38,695138.08,75683.01,459019.7,1159316.63,-124753.92,-200436.92
2024-09-01,B010,11860432.56,12029444.68,940887.72,595033.78,64204.07,43896.08,503220.93,113333.55,345853.95,1048987.87,-49266.84,-162600.39
2024-09-01,B011,12521058.93,7328545.76,570771.72,450620.12,103047.44,72600.19,800568.08,83986.39,120151.61,746419.35,-504768.84,-588755.24
2024-09-01,B012,16648751.13,9279969.75,883756.77,457782.38,95268.43,36836.77,747393.68,28481.87,425974.39,1015861.96,-189314.1,-217795.96
2024-09-01,B013,9484078.21,15085801.05,1162548.46,437100.0,52688.27,54889.42,402416.81,165961.05,725448.46,1270126.15,430609.33,264648.28
2024-09-01,B014,8044581.46,6688476.4,740803.64,216726.31,67641.6,16660.14,391701.11,74408.95,524077.33,825105.38,216677.96,142269.01
2024-09-01,B015,23111534.33,7237883.35,676806.59,686996.68,133433.78,57295.52,1410104.7,36864.32,-10190.09,867535.89,-1229565.49,-1266429.82
2024-09-01,B016,14674974.11,20095278.59,2220077.62,426730.93,79453.13,49254.2,602965.46,80446.5,1793346.68,2348784.95,1319088.56,1238642.06
2024-09-01,B017,22151224.0,15792662.3,1669140.43,676078.89,220194.93,129298.58,900145.72,166208.66,993061.54,2018633.93,442409.32,276200.66
2024-09-01,B018,22216119.19,12488384.69,1286581.97,1209900.13,203433.72,59025.47,1177223.58,126332.38,76681.83,1549041.16,-838082.55,-964414.93
2024-09-01,B019,18175293.06,20545879.42,1775369.35,557153.93,181514.56,54328.47,786822.35,95406.11,1218215.42,2011212.38,667236.1,571829.99
2024-09-01,B020,13459027.85,10093777.89,1146755.83,716825.37,120351.41,56395.75,535749.05,51589.86,429930.45,1323502.99,70928.57,19338.7
2024-10-01,B001,8081052.78,10977403.36,1026248.41,280504.96,68344.4,39105.8,422368.94,49804.55,745743.45,1133698.61,430824.7,381020.15
2024-10-01,B002,20886004.12,16004644.15,1508723.61,1075325.26,243070.29,89952.07,869492.12,167207.24,433398.35,1841745.98,-103071.4,-270278.64
2024-10-01,B003,18322958.81,16291282.25,1599745.59,655923.82,195965.78,50653.06,879866.62,60418.09,943821.77,1846364.44,310573.99,250155.9
2024-10-01,B004,19521060.36,9960704.98,897964.91,842392.92,207686.19,73211.43,804186.24,79878.57,55571.99,1178862.52,-467716.64,-547595.2
2024-10-01,B005,23310823.01,22287889.35,2054045.06,1175967.34,205719.9,124799.93,981998.22,164121.09,878077.71,2384564.89,226599.32,62478.23
2024-10-01,B006,20100173.34,14024087.13,1531284.22,913694.49,141285.52,61210.81,949946.99,72618.01,617589.73,1733780.54,-129860.94,-202478.95
2024-10-01,B007,16827683.66,12188370.32,1229197.58,814081.13,94300.3,87829.03,682305.37,99310.51,415116.45,1411326.91,-85059.59,-184370.1
2024-10-01,B008,15737649.83,17585231.22,1430312.6,840565.74,173324.61,52676.31,959132.03,182454.87,589746.85,1656313.52,-143384.26,-325839.12
2024-10-01,B009,21128132.01,14030807.03,1072695.66,1139963.51,236689.66,92364.26,1252206.63,163897.79,-67267.85,1401749.57,-990420.57,-1154318.36
2024-10-01,B010,27122829.94,13770229.71,1423196.53,760754.79,194093.2,89678.35,1733738.66,120266.15,662441.74,1706968.09,-787525.37,-907791.51
2024-10-01,B011,21503250.19,16689941.71,1610872.43,1124021.75,250315.82,109105.08,913360.91,167792.22,486850.68,1970293.32,-67089.34,-234881.56
2024-10-01,B012,28482694.76,12142648.37,1365472.25,1115014.23,210631.57,77036.52,1091843.84,49861.98,250458.01,1653140.34,-553717.74,-603579.72
2024-10-01,B013,9900727.9,12002020.69,1357868.95,271313.77,100771.67,24810.79,509204.29,36577.69,1086555.19,1483451.41,702933.35,666355.66
2024-10-01,B014,17367488.27,15010627.11,1490610.08,571669.94,165477.06,56774.68,1026772.42,94177.4,918940.14,1712861.83,114419.46,20242.07
2024-10-01,B015,18221475.14,8472608.34,702306.45,605939.45,123004.2,58502.53,1154984.07,50024.27,96367.0,883813.18,-877110.34,-927134.61
2024-10-01,B016,27932129.13,18715383.71,1975391.28,1080578.59,309774.89,158747.8,1086109.69,72266.73,894812.69,2443913.98,277225.7,204958.97
2024-10-01,B017,15243168.91,7121476.59,633903.53,468657.12,142756.7,88007.19,983121.42,49611.92,165246.41,864667.42,-587111.12,-636723.03
2024-10-01,B018,22819230.96,22084191.93,1944368.92,1045858.46,243814.62,102851.68,1268124.6,151437.45,898510.46,2291035.21,-22947.85,-174385.3
2024-10-01,B019,29481886.85,20862794.46,2271553.7,1133198.65,242251.18,158952.18,1123288.46,174815.89,1138355.05,2672757.06,416269.95,241454.06
2024-10-01,B020,9962427.15,22835275.51,2011081.93,479034.68,87008.06,28025.94,410063.42,71864.36,1532047.25,2126115.93,1237017.83,1165153.47
2024-11-01,B001,13139672.24,9964178.67,910254.71,646246.84,131910.55,60585.39,831417.26,36658.83,264007.88,1102750.65,-374913.45,-411572.28
2024-11-01,B002,17664576.31,12408728.13,950687.53,593053.16,98626.47,58032.49,731624.91,143810.85,357634.37,1107346.49,-217331.57,-361142.42
2024-11-01,B003,24824819.28,8966195.87,971989.37,639591.17,192975.48,66586.06,1274987.21,91259.41,332398.2,1231550.92,-683027.46,-774286.87
2024-11-01,B004,15766609.18,5616781.52,615570.49,485736.91,158880.7,56806.02,653205.1,54020.5,129833.58,831257.21,-307684.81,-361705.31
2024-11-01,B005,8725959.54,9183475.04,1053595.68,479568.63,46412.83,28577.68,443383.27,65312.48,574027.05,1128586.2,205634.3,140321.82
2024-11-01,B006,23703236.22,10705110.54,1112621.67,1283685.22,108625.11,99403.16,854417.19,61185.14,-171063.55,1320649.94,-817452.47,-878637.6
2024-11-01,B007,13274421.57,14980341.68,1422654.03,678736.81,128435.84,40526.42,521377.71,54406.61,743917.22,1591616.29,391501.77,337095.16
2024-11-01,B008,10994109.87,16339683.77,1393532.95,384566.98,87991.58,55355.72,621639.27,153117.54,1008965.98,1536880.26,530674.01,377556.47
2024-11-01,B009,11888359.32,14824555.09,1665500.36,434466.73,80970.56,64494.61,602096.92,117627.97,1231033.63,1810965.53,774401.88,656773.9
2024-11-01,B010,21689948.36,8244033.63,632998.15,922405.36,105671.74,47257.75,824552.51,79448.81,-289407.22,785927.64,-961030.23,-1040479.05
2024-11-01,B011,14199518.78,5556995.78,566534.27,735343.0,61733.14,73445.02,825922.84,47957.92,-168808.72,701712.43,-859553.4,-907511.32
2024-11-01,B012,28100980.1,11068694.2,892741.17,1499429.2,267787.74,84830.56,1053170.65,91956.66,-606688.02,1245359.47,-1307240.37,-1399197.03
2024-11-01,B013,7751301.73,7880789.52,768209.17,235507.35,46207.72,39725.31,431347.2,38038.52,532701.82,854142.19,187287.65,149249.13
2024-11-01,B014,25371390.45,8384065.13,853467.02,1076146.82,248693.46,69860.27,1272901.51,39197.71,-222679.8,1172020.75,-1177027.58,-1216225.29
2024-11-01,B015,23619031.53,18776454.99,2151205.87,1199434.97,96654.34,99831.63,1371220.01,133900.54,951770.9,2347691.84,-222963.14,-356863.68
2024-11-01,B016,11416526.61,8444943.91,821848.35,545528.34,85862.77,66420.81,724086.44,55135.84,276320.01,974131.93,-295482.85,-350618.69
2024-11-01,B017,13298902.33,14030281.04,1411719.22,476676.84,85009.25,51088.76,748784.19,114623.6,935042.39,1547817.24,322356.21,207732.6
2024-11-01,B018,7604150.79,9144728.91,824914.09,411338.86,87639.03,42802.09,469027.59,71991.37,413575.24,955355.21,74988.76,2997.39
2024-11-01,B019,24300780.04,8131403.11,730019.03,1039691.48,264831.94,111977.12,1414240.46,61699.74,-309672.45,1106828.09,-1347103.85,-1408803.59
2024-11-01,B020,9882902.31,9302950.3,712426.12,266858.37,106222.09,29671.53,429785.13,102336.47,445567.75,848319.74,151676.24,49339.76
2024-12-01,B001,17018481.24,20028187.38,1585249.8,712595.5,196594.44,34525.34,1035166.19,204930.01,872654.3,1816369.58,68607.89,-136322.12
2024-12-01,B002,26636297.45,14641114.99,1355113.53,916296.0,145317.27,63299.01,1599393.27,57313.23,438817.53,1563729.8,-951959.46,-1009272.69
2024-12-01,B003,13679732.13,9131209.4,787162.92,408933.14,86023.22,35889.84,518257.16,94860.12,378229.79,909075.99,-18114.3,-112974.42
2024-12-01,B004,24150509.33,18091854.55,1944065.23,1101751.78,248042.31,112353.62,1072422.29,93630.03,842313.44,2304461.16,130287.08,36657.06
2024-12-01,B005,18734840.08,22578481.62,2525023.43,886092.45,223806.53,55942.93,1015452.51,115920.31,1638930.98,2804772.88,903227.92,787307.61
2024-12-01,B006,14157204.7,7412553.03,781785.94,473220.66,64649.46,52907.85,841049.47,63653.82,308565.28,899343.25,-414926.88,-478580.69
2024-12-01,B007,24570246.31,11993859.12,1292605.18,662521.52,103992.31,139835.53,1423073.6,129103.0,630083.65,1536433.01,-549162.11,-678265.11
2024-12-01,B008,11575152.89,6256682.92,562019.74,376411.99,130366.66,65585.03,625469.72,56498.02,185607.75,757971.43,-243910.29,-300408.31
2024-12-01,B009,14630743.46,14102090.51,1110548.64,470315.29,163444.01,84703.26,632185.95,148366.23,640233.35,1358695.91,256194.66,107828.43
2024-12-01,B010,29048869.91,7391979.92,663888.87,1499371.67,168469.79,109409.58,1689988.5,33963.27,-835482.8,941768.25,-2247591.93,-2281555.19
2024-12-01,B011,25215697.58,10293737.45,1076422.23,1245312.65,271408.83,84523.87,1252572.71,84780.68,-168890.41,1432354.93,-1065530.43,-1150311.11
2024-12-01,B012,11111454.04,8435638.75,966502.02,396284.96,56865.0,43280.66,606894.81,75105.12,570217.06,1066647.69,63467.92,-11637.2
2024-12-01,B013,13157078.55,11489324.06,1246849.62,636221.45,89201.67,66108.59,546591.64,87602.03,610628.17,1402159.87,219346.78,131744.75
2024-12-01,B014,7675447.32,14689988.16,1614710.98,384007.28,71059.93,37479.67,444178.92,68034.06,1230703.69,1723250.58,895064.38,827030.31
2024-12-01,B015,9807210.97,8489299.46,824156.3,413087.71,42775.94,39740.48,569490.54,86960.19,411068.59,906672.73,-75905.52,-162865.71
2024-12-01,B016,15966059.0,18313464.82,1549118.33,721790.16,187311.78,41664.05,1013802.09,66586.09,827328.17,1778094.16,42501.92,-24084.16
2024-12-01,B017,20185723.92,18202274.7,1532443.71,647963.8,159497.19,50236.77,1099574.93,60321.4,884479.91,1742177.67,-5361.06,-65682.46
2024-12-01,B018,19805869.57,15351940.01,1277013.94,827898.83,97673.51,80366.09,1025582.24,100449.74,449115.11,1455053.54,-398427.53,-498877.27
2024-12-01,B019,10552037.89,17425071.69,1416245.02,333501.79,73989.44,23124.19,431167.2,54895.49,1082743.23,1513358.65,748689.65,693794.16
2024-12-01,B020,17334713.73,14096079.2,1389603.11,638680.75,141741.6,37687.21,1042194.26,144543.92,750922.36,1569031.92,-111843.09,-256387.0
2025-01-01,B001,10425445.45,5907784.34,517049.34,484307.97,51750.53,34317.82,664493.02,40763.85,32741.37,603117.68,-545683.3,-586447.16
2025-01-01,B002,22676029.81,15756765.01,1612050.7,623852.25,131467.75,88166.43,988223.37,143646.85,988198.45,1831684.88,219609.26,75962.41
2025-01-01,B003,26439427.19,19967001.9,1582355.85,979859.79,121067.27,140963.1,1566262.49,200517.05,602496.07,1844386.23,-701736.04,-902253.09
2025-01-01,B004,13268512.94,12332579.77,1364072.0,508177.27,141582.34,76700.43,835635.9,57025.69,855894.73,1582354.77,238541.59,181515.9
2025-01-01,B005,12584476.25,13265235.66,1190546.27,391275.08,71599.35,40086.26,717084.69,123286.92,799271.19,1302231.88,193872.12,70585.2
2025-01-01,B006,23653514.83,15651700.83,1715089.36,940224.38,179188.8,86391.02,925819.18,174165.5,774864.98,1980669.17,114625.62,-59539.88
2025-01-01,B007,16498806.59,9215710.44,774773.28,513218.53,71014.85,75029.91,638885.77,95481.47,261554.74,920818.03,-231286.27,-326767.74
2025-01-01,B008,22733287.06,7635320.39,736060.46,1213676.91,179854.42,104713.12,1388907.69,88090.8,-477616.45,1020628.01,-1581956.59,-1670047.38
2025-01-01,B009,10036151.9,5617260.8,591294.18,488394.26,104136.21,49953.96,374873.9,65142.24,102899.92,745384.35,-117883.81,-183026.05
2025-01-01,B010,26536632.76,17502605.55,1466318.37,1434747.44,294043.68,60218.81,1323335.88,56042.91,31570.92,1820580.85,-937502.48,-993545.39
2025-01-01,B011,18656920.96,11754464.76,960863.12,695751.61,116185.5,57902.0,1124343.59,108183.42,265111.51,1134950.62,-685144.58,-793328.01
2025-01-01,B012,23566283.36,18485012.51,1513993.49,1235615.41,228367.74,106327.31,944291.88,101014.98,278378.09,1848688.54,-331218.75,-432233.73
2025-01-01,B013,21563092.45,14009103.09,1555075.04,1179355.65,144315.16,100651.09,1184390.54,75422.97,375719.38,1800041.29,-563704.9,-639127.87
2025-01-01,B014,17250775.11,15427849.45,1661805.01,861594.49,142004.91,71359.54,931977.63,63846.67,800210.52,1875169.46,81597.33,17750.66
2025-01-01,B015,10557874.85,19296632.73,1592732.24,482153.01,118024.99,33399.04,526365.48,164019.69,1110579.23,1744156.27,735637.78,571618.09
2025-01-01,B016,16419080.06,14973213.5,1535821.63,726640.4,93668.95,38832.9,919653.73,156673.19,809181.23,1668323.49,22029.36,-134643.84
2025-01-01,B017,22175121.78,11630710.89,1328539.81,1217715.99,129041.68,121608.83,1010680.72,49280.14,110823.82,1579190.32,-649206.39,-698486.53
2025-01-01,B018,18804825.17,10258670.37,949846.59,718125.64,131104.33,76565.2,949500.59,99544.94,231720.95,1157516.13,-510110.11,-609655.05
2025-01-01,B019,7598988.86,9814211.07,943888.94,205764.05,69123.83,34535.22,389809.78,82159.2,738124.89,1047548.0,451974.16,369814.96
2025-01-01,B020,7041194.49,8508572.4,848569.19,313317.41,75801.36,29398.42,288096.46,39551.02,535251.78,953768.97,352355.1,312804.08
2025-02-01,B001,18192270.6,12082552.32,1227703.7,745637.42,116008.85,38579.49,1023608.85,39978.04,482066.28,1382292.04,-386954.23,-426932.27
2025-02-01,B002,8478701.64,16889929.31,1438378.72,449391.92,59260.19,17725.84,359681.28,89748.27,988986.81,1515364.76,706291.56,616543.29
2025-02-01,B003,23753960.67,17671945.25,1731859.38,959255.17,107995.02,47517.27,1419199.68,170841.91,772604.21,1887371.67,-491083.18,-661925.09
2025-02-01,B004,17625751.58,20059844.61,2227632.29,935669.21,153758.43,42031.27,991282.56,157061.41,1291963.08,2423421.98,496470.21,339408.79
2025-02-01,B005,10657712.29,14916513.21,1260168.52,314248.06,55223.79,32978.24,478022.89,127574.53,945920.46,1348370.55,556099.6,428525.07
2025-02-01,B006,11362807.07,13645181.6,1363446.61,447616.81,49122.31,46675.85,514651.07,67295.34,915829.8,1459244.77,496976.89,429681.55
2025-02-01,B007,30613703.39,21049719.51,2162113.84,1552276.11,282881.15,174901.23,1169737.75,177394.44,609837.73,2619896.22,-102117.65,-279512.09
2025-02-01,B008,12462306.21,10521505.23,1070172.23,335882.66,86009.59,37580.32,539704.83,76045.69,734289.57,1193762.15,318174.66,242128.97
2025-02-01,B009,21980287.26,15025578.24,1312391.56,657785.78,255302.95,97124.79,1425328.49,48381.29,654605.78,1664819.31,-418294.96,-466676.25
2025-02-01,B010,12919009.4,19093472.9,2096699.45,541314.37,89812.65,37178.34,785645.54,171072.27,1555385.08,2223690.44,896730.52,725658.26
2025-02-01,B011,23032527.6,11193571.03,1216775.22,1009617.65,220590.97,88759.88,1227638.63,39785.84,207157.57,1526126.06,-711130.22,-750916.06
2025-02-01,B012,27996697.23,14319100.85,1193856.1,1129484.18,296996.33,139506.0,1571992.33,80478.42,64371.93,1630358.43,-1071118.08,-1151596.5
2025-02-01,B013,7340693.45,12115831.18,939225.89,294288.2,65032.04,31315.73,367782.31,50610.8,644937.69,1035573.66,373503.15,322892.35
2025-02-01,B014,12519316.43,10460879.65,784964.71,669701.79,135394.78,58165.98,548552.0,49431.13,115262.92,978525.47,-239728.33,-289159.45
2025-02-01,B015,7888141.66,8468917.81,674127.45,299640.49,56025.84,27844.95,501471.8,65622.83,374486.96,757998.24,-43114.05,-108736.88
2025-02-01,B016,20015762.38,14712867.58,1182346.04,1092514.34,232138.82,60070.01,832812.16,118678.45,89831.7,1474554.87,-450771.63,-569450.08
2025-02-01,B017,23034248.56,23379223.03,1975677.48,1107338.39,213344.19,69483.97,1126668.45,91980.87,868339.09,2258505.64,24498.81,-67482.06
2025-02-01,B018,21953684.41,12213814.0,1340481.06,1127926.33,246694.97,103371.22,803722.77,78527.64,212554.73,1690547.25,-241101.85,-319629.49
2025-02-01,B019,15781506.91,20618005.98,1856137.6,695155.49,116525.16,67377.76,938688.57,188699.84,1160982.11,2040040.52,406196.46,217496.62
2025-02-01,B020,19860241.34,14008181.08,1374085.48,884847.64,136009.61,57359.86,729871.99,68450.65,489237.85,1567454.94,-47264.68,-115715.33
2025-03-01,B001,21812674.45,12879310.22,1474307.96,627084.94,237884.26,101512.02,1100391.35,71257.43,847223.01,1813704.25,86227.95,14970.52
2025-03-01,B002,8936685.94,18302213.15,1810672.04,449183.9,94418.62,38558.73,318100.45,211286.47,1361488.14,1943649.38,1176365.04,965078.57
2025-03-01,B003,11552522.28,10185344.89,937792.17,320470.33,87786.01,44963.2,507480.13,46743.87,617321.84,1070541.38,242590.92,195847.04
2025-03-01,B004,9737445.13,15241850.58,1265593.36,449288.39,73863.65,51322.05,366581.82,53796.45,816304.97,1390779.06,574908.85,521112.4
2025-03-01,B005,19850208.3,11182613.07,1085437.26,1085162.79,92654.25,43417.22,755066.97,128834.08,274.47,1221508.73,-618721.02,-747555.11
2025-03-01,B006,14473952.93,15422322.55,1663286.02,696503.71,132432.73,43757.16,710985.06,176237.59,966782.31,1839475.92,431987.14,255749.55
2025-03-01,B007,14493487.38,20360220.38,1842758.62,746863.61,172137.54,59263.4,845366.81,128489.6,1095895.02,2074159.55,481929.14,353439.54
2025-03-01,B008,16876394.97,11997606.44,1001539.4,434010.59,191798.37,37836.38,691270.48,142180.64,567528.8,1231174.15,105893.08,-36287.56
2025-03-01,B009,19135365.08,7207463.01,609410.54,633026.75,104575.83,46810.18,1161027.37,64498.4,-23616.21,760796.55,-1033257.56,-1097755.96
2025-03-01,B010,32716698.73,21317359.97,1834015.48,1753201.26,256285.51,126424.58,1934411.25,81126.77,80814.23,2216725.58,-1470886.93,-1552013.7
2025-03-01,B011,12129078.3,9590528.92,769746.59,449014.92,84385.36,56777.49,652615.37,107733.35,320731.67,910909.45,-190720.84,-298454.19
2025-03-01,B012,15565548.96,17466268.12,1885984.66,531350.27,154381.54,76040.15,847493.94,60282.76,1354634.39,2116406.35,737562.14,677279.37
2025-03-01,B013,22705140.71,11105464.37,1069451.23,967293.33,129772.4,51834.63,915024.65,79004.31,102157.9,1251058.25,-631259.72,-710264.04
2025-03-01,B014,20329118.36,19077222.88,1431841.73,571904.28,110036.41,101846.67,732983.78,83995.84,859937.45,1643724.81,338836.75,254840.9
2025-03-01,B015,32498222.29,23302905.1,2442817.62,1326042.72,285507.7,107769.47,1518913.4,226068.68,1116774.9,2836094.8,-8861.32,-234930.0
2025-03-01,B016,24117007.94,15345281.78,1521727.06,1211744.72,226216.22,49542.62,1332020.82,108411.3,309982.34,1797485.9,-746279.64,-854690.94
2025-03-01,B017,12595274.09,9310519.21,948782.62,441760.42,93644.36,67627.16,600193.34,61730.51,507022.2,1110054.14,68100.38,6369.87
2025-03-01,B018,13118117.84,13225109.57,1149425.02,356065.83,99887.81,37355.75,701463.24,106347.03,793359.19,1286668.58,229139.5,122792.47
2025-03-01,B019,25694147.65,12468124.42,1260909.01,833281.8,295569.32,57361.85,1033408.96,144394.4,427627.21,1613840.18,-252850.58,-397244.97
2025-03-01,B020,20286679.68,6620574.81,665027.25,556002.96,86321.05,75466.77,1172494.08,37946.22,109024.28,826815.07,-901681.98,-939628.19
2025-04-01,B001,14552516.37,14374520.89,1116355.77,688480.06,120676.4,51646.49,763852.96,114037.06,427875.72,1288678.66,-163654.36,-277691.43
2025-04-01,B002,12698350.09,9236569.42,794555.42,431621.47,71646.24,37618.18,555314.86,71511.87,362933.96,903819.84,-83116.48,-154628.35
2025-04-01,B003,16547987.46,13455087.78,1213691.02,450550.01,73835.01,95562.85,746073.19,113688.86,763141.01,1383088.87,186465.67,72776.8
2025-04-01,B004,17612546.5,24190344.21,2622606.93,855907.14,181681.6,57974.2,882603.62,93550.54,1766699.8,2862262.73,1123751.97,1030201.43
2025-04-01,B005,18608413.19,13326969.86,1393276.54,511242.19,188032.32,54865.09,1027435.58,157641.93,882034.35,1636173.95,97496.18,-60145.75
2025-04-01,B006,12965815.23,21877348.72,1832217.09,537783.84,92262.6,76358.26,477375.0,236743.93,1294433.25,2000837.95,985679.11,748935.18
2025-04-01,B007,21844155.11,17622367.71,1406309.95,1125923.1,181576.08,114088.27,1318450.57,181185.21,280386.85,1701974.3,-742399.38,-923584.58
2025-04-01,B008,22336066.84,10275250.4,973093.21,807156.63,140017.49,86198.37,1423677.98,118249.88,165936.58,1199309.07,-1031525.54,-1149775.42
2025-04-01,B009,10641699.01,9761600.09,1024386.12,341406.06,92164.06,57271.56,679372.03,102672.39,682980.06,1173821.74,153043.65,50371.26
2025-04-01,B010,20102300.52,10365083.4,830571.22,1102842.54,134851.44,59825.39,742126.45,64610.77,-272271.32,1025248.05,-819720.94,-884331.71
2025-04-01,B011,13906900.41,16638600.97,1517465.06,461696.16,77687.01,68554.62,775546.75,182341.84,1055768.89,1663706.69,426463.78,244121.94
2025-04-01,B012,21483794.66,10347668.3,1021263.36,628675.89,92928.96,88757.3,834650.42,53928.11,392587.47,1202949.62,-260376.69,-314304.8
2025-04-01,B013,9664096.66,17360041.52,1477216.75,270692.33,90201.98,32394.6,393158.14,76581.09,1206524.42,1599813.32,935962.85,859381.76
2025-04-01,B014,9876996.54,16827946.78,1374941.58,312511.96,80973.82,22463.14,354407.2,107932.32,1062429.62,1478378.53,811459.37,703527.05
2025-04-01,B015,8266279.12,12462595.61,1013637.43,422755.2,60462.24,49559.96,472392.18,62277.25,590882.23,1123659.64,228512.25,166235.0
2025-04-01,B016,23440201.27,14786825.64,1258106.66,1078988.57,238034.76,120259.35,1182486.96,173058.79,179118.09,1616400.77,-645074.76,-818133.55
2025-04-01,B017,14440268.32,6050037.23,547392.43,523598.04,168189.92,48732.13,736761.43,50660.9,23794.39,764314.49,-496044.99,-546705.89
2025-04-01,B018,15989652.79,21272444.82,1648514.1,787003.58,94923.6,84030.04,907825.59,114333.36,861510.51,1827467.74,132638.57,18305.21
2025-04-01,B019,18897749.98,23074507.61,2418861.25,582763.86,106316.37,96294.14,998417.99,162051.45,1836097.38,2621471.76,1040289.9,878238.45
2025-04-01,B020,17239989.91,16119388.09,1597792.3,619689.24,99455.24,77272.25,1040371.89,49687.97,978103.05,1774519.79,114458.66,64770.69
2025-05-01,B001,14232789.37,8255477.5,658279.49,438883.66,99003.74,78832.97,618441.25,37064.31,219395.84,836116.2,-221208.7,-258273.01
2025-05-01,B002,20015571.97,7910046.99,828465.97,728697.52,93652.6,92147.66,1234154.19,62528.26,99768.45,1014266.23,-948585.48,-1011113.74
2025-05-01,B003,15627041.12,14832771.86,1159022.01,629477.77,136840.54,71696.45,671292.61,66160.11,529544.24,1367559.0,66788.62,628.51
2025-05-01,B004,10031799.56,15905242.41,1445765.19,517367.2,45785.03,41188.99,564783.15,79119.2,928397.98,1532739.21,450588.85,371469.65
2025-05-01,B005,11664971.26,12228511.47,1302184.19,500433.38,74859.67,29267.81,617040.57,67602.6,801750.81,1406311.67,288837.72,221235.13
2025-05-01,B006,24678119.58,13047547.31,1360693.11,1150039.18,196957.35,62195.34,1294934.5,56292.21,210653.93,1619845.8,-825127.88,-881420.09
2025-05-01,B007,10171639.09,17357428.59,1306870.75,552109.82,62918.78,45436.72,374627.22,191751.12,754760.92,1415226.24,488489.2,296738.08
2025-05-01,B008,12033037.63,8226589.33,841922.94,485395.24,78311.73,33378.19,605721.74,36270.17,356527.71,953612.86,-137504.12,-173774.29
2025-05-01,B009,26014220.24,22959222.51,1896746.7,930922.59,195780.49,93469.77,1062668.62,177859.27,965824.12,2185996.97,192405.76,14546.49
2025-05-01,B010,13133577.27,24569567.93,2070457.06,698727.13,117642.07,32858.09,673297.92,120605.33,1371729.93,2220957.22,848932.17,728326.85
2025-05-01,B011,23677011.77,9676680.76,1015653.69,1158312.6,231802.66,136815.41,1108909.46,106848.33,-142658.91,1384271.77,-882950.3,-989798.63
2025-05-01,B012,26254722.97,12305251.05,1079701.5,1091141.42,108008.59,146975.29,1059580.16,126047.99,-11439.92,1334685.38,-816036.19,-942084.18
2025-05-01,B013,8689873.46,13948254.61,1382702.94,263652.92,44654.53,21673.74,390473.24,93042.27,1119050.03,1449031.21,794905.06,701862.78
2025-05-01,B014,14940862.46,6844741.5,584119.04,687460.72,127925.43,62728.26,557409.99,56328.16,-103341.67,774772.74,-470097.97,-526426.12
2025-05-01,B015,10030300.01,17135048.85,1753701.59,276616.02,64626.65,51129.0,500137.25,107650.46,1477085.57,1869457.25,1092703.97,985053.52
2025-05-01,B016,18181943.92,21182708.48,2280828.24,780951.67,99053.88,45435.38,962456.74,201164.67,1499876.58,2425317.5,681909.1,480744.43
2025-05-01,B017,9341115.65,9129009.76,964004.55,457906.57,74586.18,36389.0,515002.01,52719.23,506097.98,1074979.73,102071.15,49351.92
2025-05-01,B018,13157808.64,14668471.03,1476389.46,696829.8,56251.22,29523.1,789569.72,64514.63,779559.67,1562163.78,75764.26,11249.63
2025-05-01,B019,20818438.37,11749227.03,1335643.29,555180.31,183638.01,48821.51,1114141.91,47128.81,780462.98,1568102.81,-101219.41,-148348.22
2025-05-01,B020,20473004.71,16871984.02,1324345.09,1089286.56,148867.14,88166.98,1305377.52,201797.94,235058.53,1561379.2,-833284.88,-1035082.82
2025-06-01,B001,7967285.98,13143075.95,1437939.05,367196.67,90111.89,32615.04,429028.25,85098.72,1070742.37,1560665.98,764441.05,679342.33
2025-06-01,B002,20418909.76,18442706.98,1749892.86,999365.9,147667.73,118154.85,730734.97,133222.2,750526.97,2015715.45,285614.59,152392.38
2025-06-01,B003,21108487.93,12677520.06,1099281.53,889293.72,109848.82,65321.0,980430.27,123616.8,209987.81,1274451.35,-595272.64,-718889.44
2025-06-01,B004,20396810.76,13124916.16,1000838.54,839414.77,186480.07,96628.26,926454.59,45293.14,161423.77,1283946.87,-481922.49,-527215.63
2025-06-01,B005,24184050.06,10696968.5,887252.34,1090095.76,290075.55,119580.38,1418325.1,86809.05,-202843.43,1296908.27,-1211512.6,-1298321.65
2025-06-01,B006,20685007.87,18780692.25,1712255.66,1104660.97,214563.2,100197.08,975034.09,171429.91,607594.69,2027015.94,-52679.12,-224109.03
2025-06-01,B007,18344563.84,8297934.43,780360.97,621913.62,210536.17,96081.29,680255.7,59008.71,158447.35,1086978.43,-215190.89,-274199.6
2025-06-01,B008,9914703.01,11187663.49,955369.13,442427.9,107278.4,58123.14,486402.67,130179.12,512941.22,1120770.67,191940.1,61760.97
2025-06-01,B009,18619376.48,15910201.95,1433964.95,940822.97,78510.34,49967.39,692087.07,148384.72,493141.98,1562442.67,-70467.37,-218852.09
2025-06-01,B010,24825266.19,6860809.19,586699.91,1156229.91,283828.79,65847.64,936926.32,77131.57,-569530.0,936376.34,-1156779.89,-1233911.46
2025-06-01,B011,27462049.24,18818772.01,2018216.16,911853.87,169859.63,126213.09,1764215.45,118305.04,1106362.28,2314288.88,-361780.45,-480085.48
2025-06-01,B012,14200018.09,21323530.45,1810612.35,465998.3,147520.99,45142.62,754827.29,200141.88,1344614.05,2003275.97,782450.37,582308.49
2025-06-01,B013,12822166.09,12235565.98,991407.1,371136.73,130716.0,43559.92,589529.8,96475.42,620270.37,1165683.02,205016.5,108541.08
2025-06-01,B014,19628412.92,17355657.62,1309485.33,665533.8,147731.81,107446.54,1003613.06,131537.06,643951.53,1564663.69,-104483.18,-236020.23
2025-06-01,B015,20933787.29,22358296.91,2367205.58,893903.65,242894.02,99092.74,1084698.81,156743.63,1473301.93,2709192.35,730589.89,573846.26
2025-06-01,B016,23836273.68,8787078.02,851985.79,1232279.1,260184.12,53788.48,1457470.55,84411.5,-380293.3,1165958.39,-1523791.25,-1608202.76
2025-06-01,B017,13371145.2,8545618.47,832114.93,676767.26,57508.19,65917.17,512067.7,102192.97,155347.68,955540.3,-233294.66,-335487.63
2025-06-01,B018,18004085.13,17467631.91,1795982.49,917271.74,145269.6,45930.51,1096392.63,101288.52,878710.75,1987182.6,-26481.77,-127770.3
2025-06-01,B019,9727429.24,19236031.67,1522517.98,349608.76,93075.45,24792.98,384790.51,155502.51,1172909.22,1640386.42,905987.14,750484.64
2025-06-01,B020,16574031.83,12347005.94,1322227.39,536090.8,97217.99,46174.02,859086.36,55466.43,786136.59,1465619.4,70442.24,14975.8
2025-07-01,B001,10910577.91,14323690.9,1359632.07,594407.16,111391.15,35743.9,521794.08,82235.91,765224.9,1506767.11,390565.87,308329.96
2025-07-01,B002,15427036.3,8266603.6,698978.47,709798.44,76855.61,33714.23,660231.97,66273.57,-10819.97,809548.31,-560482.11,-626755.68
2025-07-01,B003,9621531.63,15514587.95,1396792.89,305555.46,69855.62,31822.04,494006.35,186027.04,1091237.42,1498470.54,698908.73,512881.69
2025-07-01,B004,10377740.21,14050119.94,1408711.53,262284.37,118345.69,44212.0,648023.88,72716.44,1146427.17,1571269.22,660960.97,588244.53
2025-07-01,B005,17265235.49,5949791.86,632310.29,902854.4,175064.02,42401.56,657120.42,70859.83,-270544.12,849775.87,-710198.95,-781058.78
2025-07-01,B006,10554093.77,6042973.19,510598.53,443125.48,76510.14,44844.4,650332.63,66876.99,67473.06,631953.07,-461505.03,-528382.02
2025-07-01,B007,13947840.62,5901231.27,574634.48,386310.51,161134.6,59284.67,837521.48,22584.54,188323.97,795053.75,-428778.24,-451362.77
2025-07-01,B008,11027621.35,6160656.23,698255.55,551822.34,108643.77,51205.26,651234.16,71357.27,146433.21,858104.59,-344951.91,-416309.18
2025-07-01,B009,22773524.91,11892402.84,1126233.84,940823.13,255164.19,133619.4,1333184.3,41656.65,185410.71,1515017.44,-758989.99,-800646.64
2025-07-01,B010,19526231.76,10141020.5,996726.06,1014250.62,140921.87,45918.73,1215054.35,73616.66,-17524.56,1183566.67,-1045738.3,-1119354.96
2025-07-01,B011,15868358.97,23603420.66,2365722.23,849679.8,82057.6,86084.34,915961.54,136076.39,1516042.43,2533864.16,768222.82,632146.42
2025-07-01,B012,15127564.71,6441648.07,613947.28,738625.05,87364.13,86710.9,895816.39,73171.76,-124677.77,788022.31,-846419.13,-919590.89
2025-07-01,B013,9388033.28,18393521.81,1617359.52,355859.21,58273.54,36827.55,443396.97,77126.36,1261500.32,1712460.62,913204.44,836078.08
2025-07-01,B014,21197418.31,15477096.61,1578757.04,900118.94,117166.67,72608.96,1245184.76,91012.38,678638.1,1768532.67,-376771.02,-467783.4
2025-07-01,B015,13971655.56,15548991.3,1392132.71,526588.61,104035.43,56681.65,511336.66,129080.74,865544.1,1552849.79,514924.52,385843.79
2025-07-01,B016,13449903.15,7949326.67,711847.42,340237.71,144788.83,50318.84,504273.69,49274.64,371609.71,906955.09,62443.69,13169.05
2025-07-01,B017,24034434.04,7700357.16,676656.76,914384.85,186708.47,70944.16,1083434.41,62061.03,-237728.08,934309.39,-1063509.86,-1125570.89
2025-07-01,B018,28070261.95,18961307.79,1665499.03,1451803.82,309989.05,161046.95,1063888.85,139388.32,213695.21,2136535.03,-379157.64,-518545.96
2025-07-01,B019,16702951.65,13363753.47,1452423.94,609702.53,177765.56,96001.03,949453.65,62594.61,842721.41,1726190.54,167034.36,104439.75
2025-07-01,B020,20573399.07,12501532.15,1260491.83,958767.77,202427.11,79648.84,907546.59,113817.64,301724.06,1542567.77,-323746.58,-437564.22
2025-08-01,B001,21280989.1,10496255.36,1152570.04,1160974.77,166948.28,91405.31,1132143.54,69087.49,-8404.73,1410923.64,-882194.67,-951282.16
2025-08-01,B002,10332865.52,9857174.63,997022.89,388814.98,45757.56,48288.7,559354.42,74601.16,608207.91,1091069.15,142899.75,68298.59
2025-08-01,B003,8087978.96,9096471.79,713698.35,238504.59,90632.84,28434.83,356894.6,41226.88,475193.76,832766.02,237366.82,196139.94
2025-08-01,B004,14254620.11,7118852.42,695534.69,703807.17,159642.91,66584.13,877475.92,57011.78,-8272.49,921761.73,-659521.36,-716533.14
2025-08-01,B005,11023679.97,24405137.52,2001013.42,311283.78,94397.09,51089.51,437048.31,216620.97,1689729.64,2146500.01,1398167.93,1181546.95
2025-08-01,B006,14649156.8,7877092.59,878514.06,582570.16,162016.74,38425.95,923977.76,87511.85,295943.89,1078956.75,-427591.17,-515103.02
2025-08-01,B007,11801152.08,12026166.53,993499.04,396346.11,75024.27,69289.67,417890.62,84228.83,597152.93,1137812.98,323576.25,239347.43
2025-08-01,B008,8451646.28,17487849.9,1449757.38,231197.89,37493.35,20682.27,313858.67,188844.32,1218559.5,1507933.0,962876.44,774032.13
2025-08-01,B009,19426489.57,15262454.43,1630381.11,753189.9,154188.98,109406.47,859157.35,135828.85,877191.21,1893976.56,281629.31,145800.46
2025-08-01,B010,21217857.93,18278428.89,2018204.69,1045917.97,221227.02,70178.02,1288139.55,87153.21,972286.72,2309609.74,-24447.79,-111601.0
2025-08-01,B011,10614275.71,14094192.32,1442007.42,419985.07,121796.11,29334.72,388498.28,74685.9,1022022.35,1593138.25,784654.9,709969.01
2025-08-01,B012,26288110.69,20882388.83,2090310.94,848161.71,159378.5,100240.84,1178489.33,163986.27,1242149.22,2349930.27,323279.23,159292.96
2025-08-01,B013,20174338.08,11846244.09,1218524.16,1075069.27,218689.15,40843.65,1038308.61,42514.33,143454.89,1478056.96,-635320.92,-677835.26
2025-08-01,B014,26804094.94,21357975.32,1782030.33,1407834.13,136848.81,59867.69,962914.85,84464.31,374196.2,1978746.83,-392002.15,-476466.46
2025-08-01,B015,20578812.33,10499987.75,1026402.73,613434.73,86072.85,57506.65,1069464.82,117521.21,412968.0,1169982.23,-512917.32,-630438.53
2025-08-01,B016,15548254.22,16755517.79,1394083.64,845310.17,146985.41,69896.99,787616.69,194014.63,548773.47,1610966.04,-21960.83,-215975.46
2025-08-01,B017,12688607.98,20718540.57,2122784.2,475909.34,137186.93,48747.96,512199.41,85031.95,1646874.86,2308719.08,1320610.33,1235578.38
2025-08-01,B018,11347019.09,10279479.76,901915.86,453160.25,60244.0,58334.12,433216.19,59386.52,448755.61,1020493.97,134117.53,74731.01
2025-08-01,B019,22853633.65,10829958.95,1227471.86,1085851.57,250339.27,91195.4,1176770.18,76741.28,141620.29,1569006.53,-693615.23,-770356.5
2025-08-01,B020,21272455.5,10153377.24,1085397.22,965385.65,97149.64,104918.17,1296865.26,53438.34,120011.57,1287465.03,-974785.88,-1028224.21
2025-09-01,B001,20652954.42,15806970.26,1528331.45,627309.4,133576.45,96164.28,784178.17,88121.88,901022.05,1758072.18,346584.61,258462.74
2025-09-01,B002,9225312.62,9440083.4,734457.26,448596.33,107075.28,32733.27,351437.79,104965.33,285860.93,874265.82,74231.7,-30733.64
2025-09-01,B003,18531508.42,9788023.29,846351.44,989431.74,176651.69,110943.7,914026.58,44602.93,-143080.3,1133946.84,-769511.48,-814114.41
2025-09-01,B004,20909146.86,18221350.58,1623108.73,770123.13,127425.1,99218.54,1165434.02,79023.62,852985.61,1849752.38,-85804.76,-164828.39
2025-09-01,B005,18742465.27,11180376.49,1225007.14,644643.98,219713.75,45269.73,1152358.84,97479.66,580363.15,1489990.62,-307012.21,-404491.87
2025-09-01,B006,19648034.75,15364161.81,1225875.82,779359.71,157861.97,85734.21,909931.29,87911.24,446516.1,1469472.0,-219819.01,-307730.24
2025-09-01,B007,14131052.58,12873430.29,995182.48,501330.48,107936.6,33964.62,917603.75,122211.67,493852.0,1137083.7,-281850.53,-404062.2
2025-09-01,B008,16360169.3,17336938.47,1335483.47,846404.52,96777.83,94208.62,605655.77,167495.26,489078.95,1526469.91,74409.63,-93085.63
2025-09-01,B009,28147239.92,10041667.96,790766.84,988136.34,337164.68,101462.83,1361081.85,31716.07,-197369.5,1229394.35,-1119823.83,-1151539.91
2025-09-01,B010,24517040.61,18944763.36,1926146.81,816870.96,259274.12,94201.11,1530414.2,194763.45,1109275.85,2279622.04,-67663.12,-262426.57
2025-09-01,B011,10437904.73,19573572.85,1675548.2,279901.07,79718.24,57588.35,648278.76,125943.79,1395647.13,1812854.79,884674.96,758731.17
2025-09-01,B012,11199417.72,12602741.76,1310878.56,599625.91,66681.22,39028.46,658227.61,43264.08,711252.65,1416588.24,158734.72,115470.64
2025-09-01,B013,9598296.77,19980782.08,2053714.19,280957.26,72169.52,47976.16,458403.3,93244.05,1772756.93,2173859.87,1434499.3,1341255.25
2025-09-01,B014,25031762.98,21477535.76,2074646.05,683215.03,149200.85,90741.05,1204028.64,219670.78,1391431.02,2314587.94,427344.27,207673.49
2025-09-01,B015,18661983.12,11470589.25,1222498.22,890216.87,218961.17,99703.46,714417.89,62269.76,332281.35,1541162.86,-63471.91,-125741.66
2025-09-01,B016,11687762.76,8767452.12,663547.67,477997.09,104867.62,63952.3,597430.32,68290.17,185550.58,832367.59,-243059.82,-311349.99
2025-09-01,B017,13474039.47,9201530.26,845700.84,705682.42,126244.68,44856.77,598112.61,42289.45,140018.42,1016802.29,-286992.73,-329282.18
2025-09-01,B018,11493943.2,15968581.36,1609850.14,296536.9,67564.9,59618.12,722874.98,170557.1,1313313.24,1737033.15,717621.27,547064.17
2025-09-01,B019,24559021.62,16867598.1,1841268.77,1246811.64,284812.0,129552.47,1017772.49,95025.57,594457.13,2255633.25,-8950.88,-103976.46
2025-09-01,B020,14233990.66,10460400.7,870968.95,394603.77,147629.31,80178.19,915259.8,60052.22,476365.19,1098776.45,-211087.11,-271139.33
2025-10-01,B001,16011321.69,10196714.56,775651.56,572349.84,73457.68,56860.18,987650.3,98509.07,203301.72,905969.42,-654030.72,-752539.78
2025-10-01,B002,15682596.0,8442743.99,721826.13,558125.68,73605.0,68776.53,777681.23,97842.84,163700.45,864207.66,-471599.25,-569442.09
2025-10-01,B003,9851649.01,14782096.73,1526815.88,379133.04,83340.63,41134.19,611821.52,62522.19,1147682.84,1651290.7,660336.14,597813.95
2025-10-01,B004,12844898.4,7451405.01,586439.96,443300.2,152475.88,38673.44,771790.34,76308.69,143139.75,777589.27,-437501.27,-513809.95
2025-10-01,B005,25703858.19,15125959.31,1707664.48,726917.33,150435.78,60312.51,916741.03,156317.72,980747.16,1918412.77,274754.41,118436.68
2025-10-01,B006,25373604.87,22851928.44,2426999.72,974764.2,174863.93,55781.44,1281869.89,76119.71,1452235.52,2657645.09,401011.0,324891.29
2025-10-01,B007,15171811.41,9576901.33,848022.52,468125.12,98517.54,40916.08,725600.85,47692.05,379897.4,987456.14,-206269.82,-253961.87
2025-10-01,B008,10065511.93,5767148.59,613081.52,283746.74,52046.33,33482.65,366305.07,24155.77,329334.79,698610.51,48558.7,24402.93
2025-10-01,B009,18918557.31,7020342.64,743916.82,483649.06,182555.28,60215.8,1227543.06,66348.62,260267.76,986687.9,-724504.22,-790852.84
2025-10-01,B010,7015910.83,8944361.8,860664.52,248672.22,32987.06,37512.08,336469.18,100374.89,611992.3,931163.66,346022.26,245647.38
2025-10-01,B011,19763891.02,10495581.88,1192162.43,514319.13,202645.88,95900.54,1067468.22,66709.13,677843.3,1490708.85,-91078.51,-157787.64
2025-10-01,B012,18195872.94,11658140.39,1264622.33,769776.12,217107.8,73281.69,1001796.71,97452.4,494846.21,1555011.82,-216561.02,-314013.42
2025-10-01,B013,11840158.03,16805211.56,1325822.73,417655.42,124297.04,70709.16,506393.91,153256.21,908167.31,1520828.93,596779.6,443523.39
2025-10-01,B014,20736902.81,13013471.25,992438.47,1029613.58,184298.02,87764.6,961004.17,67774.27,-37175.12,1264501.09,-726116.66,-793890.93
2025-10-01,B015,17134140.7,20780367.24,1993299.26,632595.12,178124.03,90943.66,975038.07,227027.62,1360704.14,2262366.95,654733.76,427706.13
2025-10-01,B016,26570643.8,10122982.35,1115170.11,1118166.8,154484.84,142104.23,1283248.34,111727.98,-2996.69,1411759.18,-989655.96,-1101383.94
2025-10-01,B017,9137411.83,5743254.6,506148.65,472185.41,76315.47,37567.96,473438.37,33618.27,33963.25,620032.09,-325591.69,-359209.96
2025-10-01,B018,19061419.56,17399623.83,1585055.15,1035468.31,213127.26,71842.69,875870.02,80697.31,549586.85,1870025.11,-41313.22,-122010.53
2025-10-01,B019,14532466.97,11059651.2,1151270.15,613832.12,119554.33,51606.28,828846.2,88744.62,537438.03,1322430.77,-120247.56,-208992.18
2025-10-01,B020,22340611.92,14848696.8,1629864.86,1059369.53,222644.6,110337.68,1213367.44,47441.87,570495.33,1962847.15,-309889.83,-357331.69
2025-11-01,B001,11413228.1,18253945.74,1927632.58,387258.22,103456.19,51806.69,590443.95,173999.98,1540374.36,2082895.46,1105193.29,931193.3
2025-11-01,B002,21552241.53,15827581.38,1192303.1,565003.42,138404.91,60105.01,1335868.28,58012.61,627299.68,1390813.02,-510058.68,-568071.3
2025-11-01,B003,14841903.73,13833232.61,1492394.91,506999.61,155772.59,50080.31,757632.46,126703.83,985395.3,1698247.81,433615.74,306911.9
2025-11-01,B004,13096864.1,15302049.14,1647334.98,528913.43,118387.73,41684.33,763673.56,70945.48,1118421.55,1807407.03,514820.04,443874.56
2025-11-01,B005,23779243.93,15120184.46,1329288.91,1150480.94,98195.92,121929.7,1072183.14,149017.11,178807.97,1549414.53,-673249.55,-822266.67
2025-11-01,B006,14715066.85,6064497.5,684651.41,539556.36,72447.57,51930.74,949815.45,65030.04,145095.04,809029.72,-680342.1,-745372.14
2025-11-01,B007,20159337.65,8390170.51,932655.22,982476.12,201351.95,45702.68,926973.91,60274.31,-49820.9,1179709.86,-729740.17,-790014.49
2025-11-01,B008,15126441.38,11191559.73,1226333.03,736747.41,85737.33,65528.85,585472.04,52382.14,489585.62,1377599.21,55379.76,2997.61
2025-11-01,B009,22825247.97,6723189.63,760720.27,662754.97,168228.36,50784.09,1254071.76,63462.61,97965.29,979732.72,-937094.01,-1000556.62
2025-11-01,B010,12345232.46,10701824.42,1091147.57,495233.0,125969.99,60211.91,470209.58,99082.91,595914.58,1277329.48,311886.91,212803.99
2025-11-01,B011,19656609.45,16195578.02,1506187.29,518398.62,183433.88,51220.28,1173388.1,82349.07,987788.68,1740841.45,49054.73,-33294.34
2025-11-01,B012,9642661.76,18580400.49,1597018.8,379509.09,96067.03,55023.07,373949.88,199894.46,1217509.71,1748108.9,994649.92,794755.46
2025-11-01,B013,7792796.52,12281513.52,1203284.04,320099.62,41172.03,16844.88,506047.09,109321.8,883184.42,1261300.95,435154.24,325832.44
2025-11-01,B014,17260153.75,9175997.77,1046161.76,949057.0,179428.86,98274.42,1093394.1,45371.8,97104.76,1323865.04,-718586.06,-763957.87
2025-11-01,B015,24347515.11,20597043.67,2281995.05,927297.92,234251.6,111259.52,1048331.09,159312.29,1354697.12,2627506.16,651877.15,492564.86
2025-11-01,B016,8682329.82,15652165.44,1212065.81,382680.21,46454.57,42369.68,392065.82,147072.88,829385.59,1300890.06,526144.03,379071.15
2025-11-01,B017,21071688.66,16566692.37,1893291.32,703060.66,173361.3,102700.16,1120819.89,79703.65,1190230.66,2169352.77,345472.23,265768.58
2025-11-01,B018,26380329.72,18381446.96,2002472.52,1007335.84,183330.74,56477.65,1032674.61,101847.1,995136.68,2242280.92,202270.47,100423.37
2025-11-01,B019,8972634.53,8196992.19,817446.64,447663.78,78699.12,22669.16,426333.58,25173.97,369782.85,918814.92,44817.56,19643.59
2025-11-01,B020,18768893.49,12404735.44,1132977.11,728687.67,210193.85,80684.28,913246.85,43250.43,404289.44,1423855.24,-218079.28,-261329.71
2025-12-01,B001,7613619.7,8149141.53,781627.4,217092.71,79626.23,37865.77,443459.03,87024.05,564534.69,899119.4,238567.66,151543.61
2025-12-01,B002,12394344.86,8703567.87,840392.05,504289.3,124455.88,56160.72,490069.95,67823.25,336102.75,1021008.65,26649.4,-41173.85
2025-12-01,B003,8043880.04,16801974.78,1749875.28,336694.63,69150.0,17315.18,282897.53,163548.95,1413180.65,1836340.46,1216748.3,1053199.35
2025-12-01,B004,9286113.43,12288745.56,1208396.92,286668.13,75647.25,40342.85,333217.96,104061.82,921728.79,1324387.02,704500.93,600439.11
2025-12-01,B005,16191433.58,14463433.6,1455160.84,561932.72,71305.59,56503.27,857685.82,97980.45,893228.13,1582969.7,163351.16,65370.71
2025-12-01,B006,22480378.52,13347969.83,1108779.48,994701.8,118872.53,104690.53,1225033.47,121312.73,114077.67,1332342.54,-887392.73,-1008705.46
2025-12-01,B007,18626159.1,20071049.86,1716350.49,859928.23,120882.16,51944.43,876889.96,131019.1,856422.27,1889177.09,152358.9,21339.8
2025-12-01,B008,8908920.42,12347973.05,1213537.23,433093.19,91967.38,50111.15,412703.89,60399.34,780444.04,1355615.76,509818.68,449419.34
2025-12-01,B009,14489362.57,7465561.8,627898.9,618635.76,114107.77,30244.29,879956.87,39174.93,9263.14,772250.96,-726341.67,-765516.6
2025-12-01,B010,9518271.39,6561134.8,695648.81,515725.9,92298.6,51077.13,407048.1,55137.78,179922.9,839024.54,-83749.46,-138887.25
2025-12-01,B011,26080852.54,10484623.98,1196827.79,662984.93,199581.9,87538.2,1612138.75,61608.0,533842.86,1483947.89,-791175.79,-852783.79
2025-12-01,B012,15021372.37,9765225.73,1009644.46,501826.72,94515.58,82204.19,705488.25,90888.41,507817.74,1186364.24,-20950.74,-111839.15
2025-12-01,B013,26642617.34,15665169.97,1327125.8,962579.8,213754.23,112278.02,1134740.05,76237.66,364545.99,1653158.05,-444161.8,-520399.47
2025-12-01,B014,17564499.77,12711290.14,1156213.26,897942.55,113066.89,84038.48,864646.29,80433.09,258270.71,1353318.63,-409270.21,-489703.31
2025-12-01,B015,15651566.18,9339809.94,1047877.63,448113.75,80266.74,72779.39,969941.22,55758.86,599763.88,1200923.76,-217131.2,-272890.07
2025-12-01,B016,13212979.27,8822794.3,902763.68,356354.37,57830.13,36757.38,760657.52,100854.31,546409.3,997351.19,-119660.7,-220515.01
2025-12-01,B017,21267575.93,18388909.97,1859749.53,850629.12,101471.47,56147.48,1087886.36,191465.74,1009120.41,2017368.49,78853.01,-112612.73
2025-12-01,B018,11020463.31,17591604.74,1400406.27,484583.55,46539.13,53057.26,670492.98,84779.69,915822.73,1500002.66,344926.13,260146.45
2025-12-01,B019,29911611.86,16273879.69,1703157.96,1080556.71,286417.44,78142.49,1872031.05,123425.48,622601.25,2067717.89,-884869.87,-1008295.35
2025-12-01,B020,22057479.01,13724967.4,1541108.17,676253.86,236385.96,123281.29,1077841.52,75209.81,864854.3,1900775.41,146680.03,71470.22
