LoanID,CustomerID,LoanType,LoanAmountINR,InterestRatePct,OriginationDate,TenureMonths,OutstandingINR,NPAFlag,RiskGrade
L0000001,C005412,Auto Loan,465402,12.55,2021-07-25,48,125595,NPA,E
L0000002,C009446,Personal Loan,586495,9.77,2025-09-14,60,290934,Standard,A
L0000003,C000338,Business Loan,949103,8.47,2023-12-15,36,497284,Standard,B
L0000004,C003352,Auto Loan,293468,14.43,2022-08-03,60,87324,Standard,C
L0000005,C004100,Personal Loan,2966110,13.34,2022-10-16,24,2231162,Standard,B
L0000006,C006043,Business Loan,1831347,11.89,2023-01-11,120,1725701,Standard,B
L0000007,C006094,Education Loan,2148232,11.73,2023-01-12,120,1216425,Standard,C
L0000008,C002569,Personal Loan,250829,7.48,2021-05-10,240,217894,Standard,A
L0000009,C001465,Education Loan,574264,13.31,2023-02-22,84,521259,Standard,B
L0000010,C002819,Auto Loan,1279316,10.58,2021-02-09,120,665916,Standard,B
L0000011,C002984,Personal Loan,374671,13.11,2022-12-11,84,191272,Standard,A
L0000012,C009956,Auto Loan,260869,14.61,2022-01-15,48,157587,Standard,B
L0000013,C002892,Personal Loan,659546,15.8,2022-07-24,120,292703,Standard,C
L0000014,C008543,Personal Loan,653808,10.72,2024-12-27,120,157237,Standard,C
L0000015,C004778,Education Loan,450523,10.54,2025-05-26,84,361252,Standard,B
L0000016,C000622,Personal Loan,340363,16.19,2025-12-22,36,87518,Standard,B
L0000017,C004689,Business Loan,1262925,16.15,2021-01-05,24,331827,Standard,B
L0000018,C004168,Home Loan,544369,15.06,2025-04-02,48,432740,Standard,A
L0000019,C002852,Personal Loan,515906,14.09,2025-05-04,84,346554,Standard,B
L0000020,C000678,Personal Loan,256589,8.49,2021-07-03,120,134843,Standard,C
L0000021,C009075,Business Loan,3919729,10.7,2024-09-11,60,3221476,Standard,A
L0000022,C009630,Education Loan,342661,7.3,2021-05-31,84,170182,Standard,B
L0000023,C004672,Personal Loan,4482333,15.83,2022-10-14,120,2932568,Standard,B
L0000024,C000795,Business Loan,1527068,14.67,2021-05-28,36,836958,Standard,C
L0000025,C009975,Auto Loan,6337737,11.99,2023-03-23,120,3097081,Standard,B
L0000026,C003689,Auto Loan,380781,15.25,2024-04-02,84,263345,NPA,E
L0000027,C001687,Education Loan,581551,14.49,2024-06-06,84,462114,NPA,D
L0000028,C000236,Personal Loan,1919139,9.45,2024-04-05,180,849817,Standard,A
L0000029,C008473,Business Loan,1723780,10.01,2024-05-17,120,1597425,Standard,A
L0000030,C008049,Home Loan,830172,14.7,2022-09-11,180,605905,Standard,A
L0000031,C006517,Education Loan,254212,12.27,2024-11-29,240,51724,NPA,E
L0000032,C002326,Auto Loan,1308788,12.71,2022-04-16,36,343701,Standard,B
L0000033,C009597,Personal Loan,478661,8.22,2025-11-11,120,434941,Standard,B
L0000034,C005352,Home Loan,668104,9.84,2024-02-13,24,193237,Standard,A
L0000035,C008692,Personal Loan,328309,8.15,2021-04-21,180,277740,Standard,B
L0000036,C002481,Education Loan,1681273,11.48,2021-10-18,120,1582921,Standard,B
L0000037,C009049,Home Loan,50000,10.93,2023-09-18,240,24979,Standard,A
L0000038,C000539,Auto Loan,319585,16.34,2023-02-27,60,106026,Standard,C
L0000039,C000780,Home Loan,1001090,10.0,2022-12-05,84,528870,Standard,A
L0000040,C006342,Business Loan,1940729,9.49,2021-08-05,60,1608297,Standard,A
L0000041,C002128,Home Loan,1316607,8.94,2025-02-04,120,1139401,Standard,B
L0000042,C005624,Home Loan,537970,9.07,2022-06-22,120,308772,Standard,B
L0000043,C005717,Home Loan,161029,10.31,2025-12-04,84,133501,Standard,C
L0000044,C004448,Business Loan,2679500,11.62,2024-10-01,24,2242113,Standard,A
L0000045,C000764,Home Loan,664662,9.84,2022-03-05,24,192032,Standard,A
L0000046,C001242,Personal Loan,940348,8.91,2024-08-31,84,731158,Standard,A
L0000047,C000853,Personal Loan,138155,13.03,2022-08-01,84,110396,Standard,C
L0000048,C000230,Auto Loan,841853,12.11,2022-01-04,60,173560,Standard,B
L0000049,C001314,Education Loan,534186,10.08,2023-06-21,24,148189,Standard,B
L0000050,C004498,Personal Loan,614942,7.64,2023-12-26,240,235318,Standard,B
L0000051,C005963,Business Loan,979529,10.79,2023-08-03,120,425748,Standard,B
L0000052,C003353,Education Loan,800481,8.35,2023-09-29,60,203641,Standard,A
L0000053,C001389,Home Loan,116430,16.5,2025-03-27,36,87875,Standard,C
L0000054,C006708,Auto Loan,180794,11.19,2023-10-20,120,114422,Standard,A
L0000055,C004812,Home Loan,543062,10.76,2021-02-17,48,304358,Standard,B
L0000056,C003689,Business Loan,425223,14.74,2023-02-03,240,286941,NPA,E
L0000057,C008982,Business Loan,1138058,14.8,2022-09-22,84,459352,Standard,A
L0000058,C007472,Business Loan,278561,8.1,2023-12-12,120,247182,Standard,A
L0000059,C004951,Business Loan,339357,11.55,2024-12-29,84,119214,Standard,B
L0000060,C009920,Education Loan,307194,12.85,2023-10-26,240,295068,Standard,B
L0000061,C005954,Auto Loan,355100,14.63,2025-06-19,60,341314,Standard,C
L0000062,C006835,Education Loan,10946121,13.58,2024-02-23,180,3641060,Standard,A
L0000063,C006448,Auto Loan,3931879,12.67,2024-02-09,240,2079718,Standard,B
L0000064,C008493,Personal Loan,9588321,9.6,2025-03-01,84,4001319,Standard,A
L0000065,C000063,Home Loan,1205164,7.46,2023-08-04,120,784397,Standard,A
L0000066,C004716,Personal Loan,2379220,12.99,2023-04-18,36,659094,Standard,B
L0000067,C009157,Auto Loan,190259,13.56,2023-04-22,24,53351,Standard,A
L0000068,C004387,Home Loan,328140,9.64,2023-11-02,36,281999,Standard,A
L0000069,C006657,Education Loan,153917,11.86,2022-10-08,84,124233,Standard,B
L0000070,C004497,Education Loan,925381,10.8,2021-01-01,60,553904,Standard,B
L0000071,C005014,Auto Loan,171593,10.04,2022-12-24,24,161042,Standard,A
L0000072,C008194,Education Loan,555644,11.61,2022-06-18,36,331301,Standard,B
L0000073,C007361,Home Loan,906102,7.45,2023-11-27,240,538610,Standard,A
L0000074,C001616,Auto Loan,522197,14.15,2021-02-21,36,254550,Standard,A
L0000075,C004025,Personal Loan,961314,12.51,2021-10-28,60,308545,Standard,B
L0000076,C009762,Auto Loan,440310,8.08,2025-12-28,84,219728,Standard,B
L0000077,C001452,Education Loan,689988,15.12,2022-01-05,120,403301,Standard,B
L0000078,C007535,Personal Loan,1149419,15.73,2023-08-23,120,912611,Standard,B
L0000079,C003143,Home Loan,10585466,11.72,2022-03-06,240,3892594,Standard,B
L0000080,C006899,Home Loan,1653276,12.22,2024-09-08,24,884907,Standard,A
L0000081,C001651,Auto Loan,1248745,9.15,2024-04-06,24,801223,Standard,B
L0000082,C004811,Home Loan,2440675,13.24,2022-11-02,84,1376113,Standard,A
L0000083,C008343,Personal Loan,951831,16.32,2023-07-05,24,667203,Standard,C
L0000084,C000556,Auto Loan,771323,9.81,2025-10-29,180,302671,Standard,A
L0000085,C002637,Home Loan,757922,7.51,2024-10-28,48,629429,Standard,C
L0000086,C004686,Business Loan,1019916,16.35,2022-07-06,240,406721,Standard,B
L0000087,C003885,Education Loan,1371961,15.62,2022-08-16,24,1053102,Standard,B
L0000088,C006256,Auto Loan,253802,15.17,2024-09-22,60,79758,Standard,A
L0000089,C009602,Business Loan,1609813,8.38,2023-12-03,48,678992,Standard,B
L0000090,C008900,Personal Loan,734466,8.06,2023-12-28,240,381131,Standard,C
L0000091,C008895,Auto Loan,380809,12.3,2023-07-23,240,194976,Standard,A
L0000092,C008521,Personal Loan,177448,11.17,2022-05-16,48,114690,Standard,B
L0000093,C004449,Home Loan,220892,7.66,2025-09-12,36,52522,Standard,A
L0000094,C001795,Education Loan,2665815,15.38,2024-05-07,48,2241980,Standard,B
L0000095,C006020,Business Loan,638524,8.01,2022-08-01,240,456033,Standard,C
L0000096,C007649,Auto Loan,271068,10.45,2025-10-09,84,133441,Standard,A
L0000097,C001802,Personal Loan,1358164,7.91,2023-01-25,240,375547,Standard,A
L0000098,C008764,Business Loan,2630734,7.75,2024-07-05,240,960698,Standard,A
L0000099,C004235,Education Loan,2126610,7.92,2025-04-12,24,1499954,Standard,B
L0000100,C001999,Auto Loan,881556,12.89,2024-01-28,240,576296,Standard,A
L0000101,C002852,Education Loan,2958895,13.07,2023-05-05,36,999395,Standard,B
L0000102,C004114,Auto Loan,1570789,10.76,2022-10-10,120,1424816,Standard,A
L0000103,C002204,Education Loan,89947,12.74,2024-11-13,36,80668,Standard,B
L0000104,C006409,Personal Loan,656735,11.07,2023-05-26,60,297020,Standard,C
L0000105,C009202,Auto Loan,6678352,15.61,2022-06-24,60,6142044,Standard,B
L0000106,C000597,Education Loan,1211126,12.21,2023-07-13,240,343517,Standard,A
L0000107,C001105,Auto Loan,795733,7.4,2024-04-29,180,314952,Standard,A
L0000108,C004290,Personal Loan,3949523,11.28,2022-11-29,84,3437090,Standard,A
L0000109,C001779,Home Loan,225733,7.68,2022-09-25,60,175118,Standard,C
L0000110,C000881,Personal Loan,967503,7.39,2023-11-02,240,256041,Standard,B
L0000111,C006155,Home Loan,4656673,12.78,2023-10-12,120,3917082,Standard,A
L0000112,C000023,Home Loan,2782328,11.6,2023-02-04,48,2701236,Standard,A
L0000113,C004948,Personal Loan,182712,15.14,2025-07-01,84,118798,Standard,B
L0000114,C003440,Home Loan,846036,12.36,2023-11-12,24,807857,Standard,A
L0000115,C007379,Personal Loan,874184,14.28,2024-08-29,120,218324,Standard,C
L0000116,C006660,Auto Loan,3462886,15.09,2021-03-01,84,1579369,NPA,E
L0000117,C004051,Personal Loan,1374616,15.49,2022-12-12,24,564757,Standard,A
L0000118,C007126,Personal Loan,354614,13.33,2025-10-11,60,78283,Standard,A
L0000119,C005245,Business Loan,182323,8.26,2022-01-28,48,86083,Standard,A
L0000120,C009484,Business Loan,2074581,8.06,2024-12-09,24,1050228,Standard,A
L0000121,C008291,Auto Loan,757611,13.22,2024-02-15,24,220373,Standard,A
L0000122,C004524,Auto Loan,2263806,15.59,2024-05-03,84,519460,Standard,B
L0000123,C004947,Auto Loan,2316516,7.35,2022-12-12,36,1924557,Standard,B
L0000124,C003502,Business Loan,446525,9.37,2021-06-26,48,172022,NPA,D
L0000125,C005218,Personal Loan,680498,12.27,2022-04-27,180,210696,Standard,C
L0000126,C006697,Education Loan,1160180,8.83,2024-04-10,36,278875,Standard,B
L0000127,C003456,Personal Loan,699278,12.62,2024-09-16,120,377613,Standard,A
L0000128,C003937,Business Loan,1584683,11.54,2021-12-23,240,767655,Standard,B
L0000129,C004064,Business Loan,1125438,11.33,2022-03-17,84,248869,Standard,A
L0000130,C007416,Business Loan,93194,14.4,2021-12-24,36,29542,Standard,B
L0000131,C005163,Auto Loan,1514487,12.65,2022-05-26,48,1358695,Standard,A
L0000132,C009666,Home Loan,980250,11.24,2022-04-04,36,400319,Standard,B
L0000133,C002308,Auto Loan,2915749,16.49,2023-03-04,180,2264023,Standard,B
L0000134,C008722,Personal Loan,313852,14.34,2025-02-09,48,243056,Standard,A
L0000135,C003795,Education Loan,873392,13.12,2024-08-04,48,406885,Standard,C
L0000136,C007864,Personal Loan,594503,9.67,2022-11-24,48,462778,Standard,C
L0000137,C009762,Personal Loan,338937,11.97,2025-07-12,240,116087,Standard,B
L0000138,C009996,Personal Loan,237984,13.6,2021-02-03,24,132424,Standard,B
L0000139,C007531,Auto Loan,229446,14.96,2025-02-02,60,70882,Standard,B
L0000140,C000477,Personal Loan,3631530,11.36,2022-04-12,84,1451673,Standard,A
L0000141,C003354,Business Loan,1047901,11.77,2024-11-23,84,413277,Standard,B
L0000142,C005379,Personal Loan,4287325,14.04,2023-08-19,180,1693929,Standard,B
L0000143,C009557,Education Loan,447262,11.06,2025-12-27,180,205502,Standard,A
L0000144,C004133,Personal Loan,3021850,9.13,2023-05-28,240,2367248,Standard,A
L0000145,C002743,Personal Loan,150571,16.06,2025-01-17,60,114532,Standard,B
L0000146,C005412,Personal Loan,668293,8.23,2025-06-02,48,566276,Standard,A
L0000147,C009144,Education Loan,457176,13.34,2024-06-15,48,171559,Standard,C
L0000148,C003650,Home Loan,1428703,11.55,2023-08-29,120,695825,Standard,C
L0000149,C009943,Personal Loan,506404,14.9,2024-02-04,180,450021,Standard,B
L0000150,C008755,Personal Loan,316531,15.75,2024-09-21,120,172811,Standard,B
L0000151,C003203,Business Loan,2733755,13.9,2021-07-09,24,1869825,Standard,B
L0000152,C006323,Personal Loan,4091668,13.06,2025-11-02,24,893696,Standard,C
L0000153,C002448,Personal Loan,94906,10.5,2023-02-20,24,84440,Standard,A
L0000154,C001697,Personal Loan,362496,12.14,2021-04-13,84,186889,Standard,B
L0000155,C008809,Personal Loan,2004490,7.87,2021-02-22,180,926457,Standard,B
L0000156,C007397,Home Loan,125980,14.08,2024-01-18,120,81536,Standard,A
L0000157,C008412,Auto Loan,5020426,7.31,2023-03-31,120,4062807,Standard,B
L0000158,C009533,Home Loan,900505,12.56,2022-04-22,180,497657,NPA,D
L0000159,C006106,Personal Loan,218549,9.31,2024-05-20,36,114611,Standard,B
L0000160,C004696,Personal Loan,188151,11.57,2025-11-25,120,124170,Standard,B
L0000161,C001080,Business Loan,1047498,13.59,2021-01-10,84,956560,Standard,B
L0000162,C003168,Personal Loan,441037,9.89,2023-01-22,180,325228,Standard,A
L0000163,C006959,Business Loan,968896,15.74,2022-12-12,48,947996,Standard,B
L0000164,C007955,Personal Loan,622522,10.63,2023-01-11,84,377114,Standard,A
L0000165,C007403,Education Loan,1702413,9.41,2021-09-22,48,1419520,Standard,C
L0000166,C007362,Personal Loan,331969,14.52,2025-11-19,180,88147,Standard,C
L0000167,C001317,Business Loan,388332,14.13,2023-01-15,36,260586,Standard,B
L0000168,C006906,Home Loan,1149364,13.31,2024-12-07,240,553105,Standard,B
L0000169,C003470,Business Loan,1894285,16.11,2022-01-10,180,689050,Standard,A
L0000170,C005513,Business Loan,510355,9.61,2024-10-02,36,127574,Standard,B
L0000171,C002451,Home Loan,580235,15.64,2022-10-16,48,492521,NPA,E
L0000172,C003922,Personal Loan,362585,8.23,2023-12-28,48,81395,Standard,B
L0000173,C007083,Personal Loan,5952267,10.34,2023-02-14,24,1756149,Standard,A
L0000174,C003628,Business Loan,574252,14.62,2022-01-21,36,468784,NPA,E
L0000175,C008622,Personal Loan,2758355,7.73,2021-09-22,84,596602,Standard,A
L0000176,C000477,Auto Loan,1557179,12.19,2023-03-24,60,857658,Standard,A
L0000177,C009812,Personal Loan,550578,13.72,2021-07-05,84,362705,Standard,C
L0000178,C004817,Personal Loan,234499,11.0,2023-08-10,60,90593,Standard,C
L0000179,C007295,Business Loan,2328862,16.46,2022-11-07,180,1268437,Standard,A
L0000180,C001574,Personal Loan,865702,8.17,2021-01-01,48,193535,Standard,B
L0000181,C008089,Personal Loan,228072,10.23,2022-02-19,60,98218,NPA,E
L0000182,C008107,Auto Loan,4091585,12.32,2024-02-09,24,2080491,Standard,B
L0000183,C009991,Business Loan,1809594,9.24,2022-01-01,120,1157885,Standard,C
L0000184,C009452,Personal Loan,462397,15.22,2021-04-02,240,355162,NPA,D
L0000185,C005688,Home Loan,621624,11.44,2022-11-17,180,314626,Standard,A
L0000186,C000267,Business Loan,654409,15.94,2025-04-08,120,465054,Standard,C
L0000187,C004714,Education Loan,3230506,9.38,2022-10-27,84,2424995,Standard,C
L0000188,C006433,Auto Loan,1606240,13.98,2023-11-03,36,664947,Standard,A
L0000189,C002226,Education Loan,439628,14.57,2021-06-03,60,411144,Standard,A
L0000190,C008667,Personal Loan,1133855,10.56,2023-03-07,60,703075,Standard,A
L0000191,C001405,Personal Loan,6819236,16.12,2021-02-03,48,3086271,Standard,C
L0000192,C003082,Home Loan,1307008,13.18,2021-11-28,240,904011,Standard,B
L0000193,C000442,Business Loan,1697300,13.48,2022-01-25,240,919884,NPA,E
L0000194,C000175,Home Loan,568943,12.3,2023-04-22,24,243867,Standard,B
L0000195,C003077,Personal Loan,971467,13.68,2023-10-24,60,246343,Standard,A
L0000196,C003658,Business Loan,918511,9.79,2022-01-08,240,655807,Standard,A
L0000197,C007206,Auto Loan,395183,14.77,2023-08-11,48,223686,NPA,E
L0000198,C008836,Auto Loan,496704,15.08,2021-02-13,60,305787,Standard,B
L0000199,C009361,Home Loan,2109354,9.67,2022-06-18,60,1847224,Standard,A
L0000200,C006237,Education Loan,191950,7.89,2022-09-15,60,55685,Standard,B
L0000201,C009185,Home Loan,1260795,13.85,2025-06-18,60,601109,Standard,B
L0000202,C001212,Personal Loan,2171216,15.39,2021-03-03,84,493107,NPA,E
L0000203,C006042,Home Loan,1271057,16.42,2024-03-11,60,702351,Standard,A
L0000204,C006005,Home Loan,1953203,8.61,2022-03-26,84,869345,Standard,A
L0000205,C007424,Home Loan,1318508,16.12,2025-08-25,24,275634,Standard,B
L0000206,C004334,Personal Loan,1202181,8.38,2025-10-28,60,867812,Standard,B
L0000207,C000686,Home Loan,586311,16.49,2021-03-02,60,346387,Standard,B
L0000208,C008094,Personal Loan,666671,9.48,2021-05-31,84,591512,Standard,A
L0000209,C004101,Business Loan,2104242,12.27,2023-11-10,48,1067274,Standard,A
L0000210,C001481,Home Loan,3152256,7.74,2021-02-12,48,1357741,Standard,C
L0000211,C006544,Home Loan,4202201,11.69,2024-03-18,240,1045096,Standard,B
L0000212,C001704,Business Loan,351814,9.51,2022-02-11,36,311609,Standard,B
L0000213,C006118,Personal Loan,4997658,12.34,2021-11-19,240,3988942,Standard,C
L0000214,C001046,Home Loan,239060,15.73,2023-06-08,60,133948,Standard,C
L0000215,C005901,Personal Loan,1225967,15.16,2024-11-06,36,472189,Standard,B
L0000216,C002024,Personal Loan,343576,11.1,2025-02-08,36,172876,Standard,B
L0000217,C004994,Auto Loan,700589,13.69,2023-02-17,48,177800,Standard,B
L0000218,C001852,Education Loan,952529,10.81,2022-11-04,120,442499,Standard,B
L0000219,C004053,Home Loan,193866,7.45,2024-02-18,180,39270,Standard,A
L0000220,C009255,Education Loan,905474,7.26,2022-03-07,120,450904,Standard,B
L0000221,C006647,Business Loan,4729444,13.48,2024-09-21,180,4099046,Standard,B
L0000222,C004661,Auto Loan,628485,12.34,2024-03-15,120,461181,Standard,B
L0000223,C001651,Personal Loan,501874,16.4,2023-01-12,48,395795,Standard,A
L0000224,C005755,Auto Loan,2193892,12.77,2021-08-01,84,451081,Standard,B
L0000225,C007698,Personal Loan,746587,15.85,2021-08-09,84,662351,Standard,B
L0000226,C000549,Auto Loan,454923,11.71,2022-03-20,60,344338,Standard,A
L0000227,C007655,Personal Loan,1087003,15.75,2024-02-13,84,487170,Standard,A
L0000228,C001200,Personal Loan,631944,15.53,2024-04-05,60,583480,Standard,B
L0000229,C006874,Home Loan,2481216,9.52,2023-01-30,180,2391681,Standard,B
L0000230,C005105,Auto Loan,1053984,9.18,2021-06-14,180,419752,Standard,A
L0000231,C007626,Home Loan,2024044,8.05,2024-11-23,180,547694,Standard,A
L0000232,C003576,Personal Loan,244924,9.22,2021-03-28,240,206294,Standard,B
L0000233,C007553,Personal Loan,484359,15.73,2024-11-03,180,185653,Standard,B
L0000234,C000185,Education Loan,620037,14.96,2025-09-10,180,196421,Standard,B
L0000235,C005193,Auto Loan,305726,14.52,2023-01-28,240,285916,Standard,A
L0000236,C005691,Personal Loan,359855,12.73,2023-05-25,84,214294,Standard,A
L0000237,C006181,Education Loan,282345,10.47,2025-08-30,120,222019,Standard,A
L0000238,C004622,Auto Loan,707672,12.84,2023-05-04,60,472846,Standard,B
L0000239,C008797,Personal Loan,1382680,15.23,2022-04-22,24,936885,NPA,D
L0000240,C002562,Home Loan,1039894,10.84,2024-09-28,36,764319,Standard,B
L0000241,C006403,Personal Loan,2766862,9.84,2023-02-03,240,1080362,Standard,B
L0000242,C006322,Home Loan,134781,14.14,2023-09-30,84,87023,NPA,E
L0000243,C002331,Personal Loan,4291139,9.39,2025-02-10,240,932517,Standard,B
L0000244,C001573,Home Loan,1148968,14.64,2022-01-10,240,508586,Standard,A
L0000245,C007901,Personal Loan,274551,11.48,2021-07-18,24,99905,Standard,C
L0000246,C002157,Business Loan,298283,10.85,2024-07-06,120,90287,Standard,C
L0000247,C008560,Personal Loan,1090722,15.36,2021-07-15,24,391996,Standard,B
L0000248,C005249,Business Loan,2758523,8.72,2021-08-16,240,2562720,Standard,A
L0000249,C009771,Business Loan,4792564,13.38,2021-06-07,240,2991353,Standard,A
L0000250,C004892,Personal Loan,231773,9.01,2025-04-24,120,92010,Standard,A
L0000251,C007755,Education Loan,2368565,14.09,2022-11-15,24,766022,Standard,A
L0000252,C007319,Personal Loan,2797013,7.54,2021-02-21,24,2515629,Standard,C
L0000253,C009566,Business Loan,548940,15.75,2022-05-02,48,418217,Standard,A
L0000254,C002735,Education Loan,2061273,11.18,2022-08-08,240,1825955,Standard,A
L0000255,C007864,Home Loan,103622,9.46,2024-10-08,180,95627,Standard,C
L0000256,C002766,Personal Loan,187746,13.34,2022-05-23,36,169932,Standard,C
L0000257,C007662,Business Loan,733131,9.78,2024-04-11,60,372325,Standard,C
L0000258,C009575,Business Loan,1132655,13.77,2023-05-17,60,469735,Standard,A
L0000259,C006591,Business Loan,335965,13.25,2024-11-01,120,193175,Standard,A
L0000260,C009408,Business Loan,380560,14.72,2024-01-10,120,178168,Standard,B
L0000261,C007035,Personal Loan,50000,14.28,2023-06-17,48,22686,NPA,D
L0000262,C004119,Business Loan,509890,8.37,2021-02-24,120,326109,Standard,B
L0000263,C008038,Auto Loan,456224,11.98,2024-09-30,24,377065,Standard,B
L0000264,C008908,Home Loan,460578,11.67,2023-11-25,240,313262,Standard,A
L0000265,C007340,Home Loan,238057,14.37,2025-07-10,84,103463,Standard,B
L0000266,C000444,Home Loan,263003,12.94,2024-01-19,240,123451,Standard,B
L0000267,C004251,Home Loan,120634,14.22,2023-04-11,180,61744,Standard,A
L0000268,C002559,Personal Loan,212472,15.37,2022-01-24,36,56654,Standard,A
L0000269,C004542,Business Loan,1002905,8.1,2023-12-28,36,926773,Standard,C
L0000270,C006911,Education Loan,286583,15.29,2024-11-26,84,91273,Standard,B
L0000271,C006133,Personal Loan,1588399,9.29,2023-06-16,60,545640,Standard,A
L0000272,C002350,Auto Loan,676842,9.49,2024-12-07,24,473820,Standard,B
L0000273,C007114,Home Loan,3247100,7.27,2021-01-30,48,1321366,Standard,A
L0000274,C004749,Auto Loan,240898,9.12,2025-04-27,24,212598,Standard,A
L0000275,C002069,Business Loan,99604,7.61,2025-06-09,84,67842,Standard,B
L0000276,C002550,Auto Loan,248956,13.92,2025-02-15,84,95726,Standard,B
L0000277,C001155,Auto Loan,4553617,11.85,2025-09-24,48,2636541,Standard,B
L0000278,C004687,Auto Loan,1098758,10.8,2021-08-23,84,669546,Standard,A
L0000279,C000516,Personal Loan,320143,8.9,2025-02-03,60,296774,Standard,A
L0000280,C006735,Auto Loan,1674040,9.69,2025-02-15,240,1337282,Standard,A
L0000281,C003528,Home Loan,381879,15.59,2022-09-24,60,345385,Standard,A
L0000282,C009744,Personal Loan,1554473,10.8,2025-06-14,60,1030563,Standard,A
L0000283,C000865,Home Loan,556789,16.1,2022-02-12,48,513651,NPA,E
L0000284,C006800,Business Loan,202922,11.28,2021-07-12,60,119513,Standard,B
L0000285,C002707,Home Loan,697644,15.18,2025-08-04,60,679871,NPA,E
L0000286,C001363,Business Loan,883893,14.59,2023-11-06,60,568771,NPA,D
L0000287,C009520,Personal Loan,669555,15.49,2024-01-13,36,641173,Standard,B
L0000288,C003843,Personal Loan,369943,8.14,2023-01-03,180,194580,NPA,D
L0000289,C001293,Auto Loan,508906,15.65,2023-05-22,48,417211,Standard,A
L0000290,C006569,Business Loan,637952,14.33,2024-10-05,48,153322,Standard,A
L0000291,C006141,Personal Loan,680438,14.73,2021-05-29,60,509173,Standard,C
L0000292,C005637,Home Loan,3254719,9.18,2022-09-12,84,1761378,Standard,C
L0000293,C007559,Auto Loan,689609,11.08,2024-07-16,120,331620,Standard,A
L0000294,C009770,Education Loan,150271,11.36,2023-02-17,120,110136,Standard,B
L0000295,C009905,Home Loan,3316309,10.2,2025-07-27,240,1938617,Standard,B
L0000296,C003407,Personal Loan,396779,14.91,2025-10-15,120,204478,Standard,A
L0000297,C008092,Home Loan,490245,15.95,2021-01-27,240,166670,Standard,A
L0000298,C004879,Home Loan,186172,14.56,2022-07-28,48,166495,Standard,B
L0000299,C000763,Auto Loan,250461,12.65,2021-05-24,48,166440,Standard,B
L0000300,C004033,Auto Loan,169847,14.44,2023-02-21,84,49265,Standard,B
L0000301,C006419,Home Loan,738452,15.6,2024-10-12,60,530612,Standard,C
L0000302,C006111,Education Loan,5816881,10.37,2022-11-16,36,1566220,Standard,C
L0000303,C007652,Business Loan,321187,9.46,2024-11-07,24,142894,Standard,A
L0000304,C000609,Auto Loan,549649,7.9,2022-12-11,180,340496,Standard,A
L0000305,C005805,Home Loan,989834,13.12,2022-07-30,84,519581,Standard,A
L0000306,C002637,Personal Loan,422666,8.52,2025-11-30,24,312958,Standard,A
L0000307,C005325,Business Loan,79891,13.78,2021-07-24,120,73419,Standard,A
L0000308,C005231,Auto Loan,707470,10.57,2021-05-21,84,501498,Standard,A
L0000309,C008776,Home Loan,6188920,9.64,2021-06-09,36,2449572,Standard,A
L0000310,C004701,Personal Loan,743029,9.31,2021-12-21,120,375466,Standard,C
L0000311,C008945,Business Loan,247098,7.73,2021-10-31,36,210276,Standard,A
L0000312,C006229,Personal Loan,436945,15.03,2023-03-23,60,130184,Standard,A
L0000313,C009471,Personal Loan,1294315,12.59,2023-04-16,240,989774,Standard,A
L0000314,C009482,Personal Loan,1483209,8.87,2023-01-25,24,994962,Standard,A
L0000315,C004438,Business Loan,359543,8.49,2023-10-03,240,128848,Standard,A
L0000316,C000421,Personal Loan,283236,15.68,2021-01-18,36,153805,Standard,C
L0000317,C008767,Business Loan,1100812,9.54,2022-03-31,48,485300,Standard,B
L0000318,C002867,Education Loan,88638,16.17,2024-11-13,36,31329,NPA,D
L0000319,C007547,Home Loan,808620,15.1,2025-03-26,60,266404,Standard,A
L0000320,C003164,Education Loan,933044,16.07,2025-10-21,36,665074,Standard,B
L0000321,C008917,Personal Loan,1383698,8.85,2024-09-23,180,576732,Standard,B
L0000322,C005466,Education Loan,230899,15.05,2021-08-08,120,195114,Standard,A
L0000323,C002623,Personal Loan,1065755,10.98,2025-04-05,84,625179,NPA,D
L0000324,C001556,Auto Loan,123363,16.18,2022-03-02,240,46770,Standard,B
L0000325,C006001,Business Loan,464946,9.52,2022-02-06,84,143581,Standard,B
L0000326,C005763,Home Loan,3088462,11.0,2025-02-18,180,2516785,Standard,A
L0000327,C001061,Personal Loan,2941297,8.7,2025-12-11,24,1423728,Standard,A
L0000328,C002001,Personal Loan,2447225,8.67,2022-09-09,84,1526024,Standard,B
L0000329,C000076,Business Loan,2955955,9.64,2024-01-29,24,2555715,Standard,C
L0000330,C002096,Home Loan,50000,12.18,2022-03-02,24,20271,Standard,B
L0000331,C006480,Personal Loan,105067,7.34,2025-06-27,24,37091,NPA,D
L0000332,C003728,Personal Loan,2843139,16.45,2024-02-18,240,2497286,Standard,A
L0000333,C002989,Home Loan,424777,13.33,2025-10-25,120,367137,Standard,A
L0000334,C002443,Personal Loan,711601,14.15,2021-06-08,48,378350,Standard,B
L0000335,C004724,Personal Loan,254524,14.56,2024-07-06,24,214805,Standard,B
L0000336,C004882,Home Loan,912265,14.75,2023-12-24,84,827256,Standard,B
L0000337,C001803,Education Loan,138344,13.3,2025-09-14,84,61566,Standard,B
L0000338,C007768,Business Loan,589662,8.38,2025-04-27,36,157656,Standard,B
L0000339,C007795,Auto Loan,709135,12.05,2024-03-15,180,472745,Standard,B
L0000340,C002033,Education Loan,106007,7.4,2023-09-10,36,22618,Standard,A
L0000341,C000604,Business Loan,660512,9.49,2022-04-18,180,410354,Standard,B
L0000342,C008439,Home Loan,327350,16.37,2025-10-21,84,159057,Standard,A
L0000343,C000225,Home Loan,839253,10.56,2024-08-29,120,584006,Standard,C
L0000344,C005794,Home Loan,1074912,14.63,2023-11-25,48,418969,Standard,C
L0000345,C009902,Home Loan,3172967,11.17,2022-07-22,60,936624,Standard,B
L0000346,C000057,Auto Loan,2391858,15.06,2024-11-20,24,2343734,Standard,A
L0000347,C002099,Business Loan,190056,13.48,2024-10-22,36,65636,Standard,A
L0000348,C009959,Education Loan,1607455,9.33,2023-12-28,84,1507545,Standard,C
L0000349,C009073,Business Loan,770624,11.61,2025-08-13,24,386602,Standard,C
L0000350,C006688,Home Loan,569527,15.92,2022-03-11,180,342350,Standard,A
L0000351,C005369,Home Loan,5887125,13.76,2023-04-22,36,4600393,Standard,A
L0000352,C000933,Personal Loan,671397,9.87,2024-06-29,24,555648,Standard,B
L0000353,C007701,Education Loan,1108864,15.66,2021-12-06,24,264411,Standard,A
L0000354,C003623,Personal Loan,2723694,10.46,2022-01-31,240,1468446,Standard,B
L0000355,C007648,Personal Loan,293847,12.67,2023-01-29,120,168223,NPA,E
L0000356,C006735,Auto Loan,148660,11.42,2022-10-29,60,100429,Standard,A
L0000357,C008218,Home Loan,322058,8.37,2022-02-09,180,167442,Standard,A
L0000358,C005400,Business Loan,316777,16.4,2022-04-19,240,254225,NPA,E
L0000359,C001406,Business Loan,441083,13.77,2022-06-12,180,417386,Standard,A
L0000360,C006108,Personal Loan,715431,13.76,2022-03-11,180,418000,NPA,D
L0000361,C001631,Personal Loan,8068456,10.38,2025-03-12,24,3235491,Standard,B
L0000362,C001888,Home Loan,1328134,9.48,2025-06-23,240,951936,NPA,E
L0000363,C001336,Home Loan,970563,12.06,2021-05-06,36,950204,Standard,A
L0000364,C009118,Education Loan,698626,12.0,2023-01-17,180,265537,Standard,A
L0000365,C004884,Home Loan,87849,10.86,2022-09-30,24,37927,Standard,C
L0000366,C009073,Education Loan,612145,8.08,2021-03-12,120,421818,Standard,A
L0000367,C006966,Auto Loan,339271,14.51,2022-01-06,24,260361,Standard,A
L0000368,C005015,Education Loan,436593,9.95,2021-02-17,48,104556,Standard,A
L0000369,C008704,Personal Loan,3910061,7.4,2025-01-15,180,2268529,Standard,A
L0000370,C002457,Business Loan,2092357,8.56,2023-02-17,180,726751,Standard,A
L0000371,C009363,Personal Loan,640829,16.0,2022-02-25,240,236478,Standard,A
L0000372,C000525,Home Loan,892204,15.39,2022-08-12,180,326049,Standard,A
L0000373,C009947,Auto Loan,661259,14.58,2021-02-10,60,310742,Standard,B
L0000374,C000341,Education Loan,1794683,12.41,2021-05-04,48,1716428,Standard,B
L0000375,C007255,Home Loan,1433370,15.47,2021-10-03,24,960572,NPA,D
L0000376,C005800,Personal Loan,1061866,12.72,2023-06-22,24,461428,Standard,A
L0000377,C003478,Auto Loan,243108,8.63,2025-11-24,180,104068,Standard,B
L0000378,C008557,Business Loan,344552,16.05,2025-11-29,240,333998,Standard,B
L0000379,C004095,Home Loan,360023,15.11,2024-03-16,84,227034,Standard,C
L0000380,C007857,Business Loan,641212,11.26,2024-12-20,180,443847,Standard,B
L0000381,C006837,Personal Loan,796478,12.64,2025-05-07,36,423623,Standard,B
L0000382,C002552,Personal Loan,276345,13.35,2022-09-30,240,55383,Standard,C
L0000383,C004040,Home Loan,1119878,14.16,2022-11-27,120,502591,Standard,A
L0000384,C009110,Auto Loan,1559238,13.75,2024-07-11,180,1280998,Standard,B
L0000385,C005205,Personal Loan,392898,10.73,2023-07-20,36,143735,Standard,B
L0000386,C006840,Education Loan,1347629,15.53,2024-02-21,36,1211412,Standard,A
L0000387,C004889,Home Loan,1020812,7.6,2022-06-21,120,264612,Standard,A
L0000388,C002139,Personal Loan,2777252,8.1,2022-01-01,84,2526456,Standard,A
L0000389,C007050,Personal Loan,2905301,9.93,2021-05-06,24,915984,Standard,B
L0000390,C004062,Education Loan,65660,10.6,2021-10-06,120,48702,Standard,A
L0000391,C005014,Home Loan,4336320,13.82,2023-10-18,24,1661132,Standard,A
L0000392,C007212,Education Loan,3421331,16.32,2024-08-02,180,708532,Standard,A
L0000393,C001956,Education Loan,311195,15.63,2021-01-08,120,254759,NPA,D
L0000394,C006452,Business Loan,306604,7.8,2023-01-16,84,210278,Standard,A
L0000395,C000601,Auto Loan,150067,7.41,2021-07-28,36,98140,Standard,A
L0000396,C008741,Education Loan,155778,12.86,2022-12-23,60,41044,Standard,A
L0000397,C001824,Personal Loan,641053,14.71,2025-08-22,84,329428,Standard,A
L0000398,C003230,Personal Loan,3636925,15.17,2021-02-19,120,1304707,Standard,B
L0000399,C004926,Business Loan,1913593,16.4,2022-12-21,24,695162,NPA,E
L0000400,C000181,Auto Loan,4843033,11.85,2024-10-27,180,1837844,Standard,A
L0000401,C006174,Business Loan,248691,15.78,2024-11-24,24,168490,Standard,A
L0000402,C008418,Business Loan,327110,15.0,2023-11-08,36,301173,Standard,A
L0000403,C001033,Auto Loan,847694,8.3,2023-11-27,180,184818,Standard,B
L0000404,C004725,Business Loan,477133,10.1,2024-02-18,60,379162,Standard,A
L0000405,C000764,Education Loan,185799,15.93,2025-08-23,240,96969,NPA,D
L0000406,C001798,Auto Loan,874620,11.05,2025-04-19,84,378320,Standard,A
L0000407,C000587,Personal Loan,942043,12.59,2024-09-05,120,460848,Standard,A
L0000408,C004944,Home Loan,1620868,12.32,2021-04-11,180,978209,Standard,A
L0000409,C003136,Personal Loan,604448,9.67,2022-11-06,24,434719,Standard,A
L0000410,C009428,Auto Loan,959595,14.28,2023-10-20,48,912389,Standard,A
L0000411,C009067,Home Loan,3249288,15.56,2023-02-19,180,1151482,Standard,C
L0000412,C005738,Education Loan,628951,11.6,2022-10-07,48,401097,Standard,A
L0000413,C000730,Home Loan,271522,10.11,2024-08-03,120,59879,Standard,C
L0000414,C005256,Education Loan,520963,13.05,2021-02-19,36,497266,Standard,B
L0000415,C009707,Personal Loan,857412,9.55,2024-07-26,120,648508,Standard,C
L0000416,C001463,Business Loan,2007207,12.57,2024-12-21,84,1717062,Standard,A
L0000417,C003977,Personal Loan,352247,13.17,2024-08-02,48,145376,Standard,A
L0000418,C003122,Home Loan,988983,14.52,2025-10-31,24,700003,Standard,A
L0000419,C007045,Home Loan,160250,8.59,2025-08-21,120,85494,Standard,A
L0000420,C005213,Education Loan,172659,8.24,2023-11-23,48,98912,Standard,B
L0000421,C009639,Auto Loan,7954152,11.91,2023-09-04,120,2194204,Standard,B
L0000422,C002688,Business Loan,83454,11.62,2023-09-24,48,28733,Standard,C
L0000423,C001658,Education Loan,248490,10.86,2023-08-22,48,153701,Standard,B
L0000424,C007097,Home Loan,3182071,14.99,2023-10-05,24,980132,Standard,A
L0000425,C002147,Business Loan,2136083,11.57,2021-11-23,240,729117,Standard,A
L0000426,C004283,Personal Loan,305567,14.58,2023-10-22,120,224357,Standard,B
L0000427,C009061,Home Loan,972942,10.69,2024-04-02,84,578268,Standard,A
L0000428,C006882,Personal Loan,465671,16.22,2021-07-22,180,392883,Standard,A
L0000429,C009212,Education Loan,91153,15.52,2024-10-30,84,50801,Standard,A
L0000430,C009027,Personal Loan,759221,12.0,2022-10-09,24,199417,Standard,C
L0000431,C004527,Home Loan,862317,13.41,2021-09-22,240,226613,Standard,B
L0000432,C004749,Personal Loan,6464630,9.94,2024-08-18,36,4653794,Standard,B
L0000433,C000865,Personal Loan,529248,16.38,2024-09-10,36,243150,Standard,A
L0000434,C006648,Personal Loan,1034314,12.94,2022-03-03,60,642877,Standard,B
L0000435,C002697,Personal Loan,3424862,11.01,2021-01-15,24,2274213,Standard,A
L0000436,C008366,Auto Loan,550146,13.1,2024-04-15,24,271850,NPA,E
L0000437,C002163,Personal Loan,1639191,12.76,2024-12-01,120,739612,Standard,B
L0000438,C009383,Education Loan,670339,9.88,2025-09-11,24,587477,Standard,B
L0000439,C008886,Personal Loan,139173,12.3,2021-08-22,60,53700,Standard,A
L0000440,C004413,Business Loan,1273199,8.64,2023-05-22,84,306227,Standard,A
L0000441,C003795,Education Loan,366045,12.5,2024-10-30,60,272405,Standard,B
L0000442,C003465,Home Loan,874340,12.96,2024-10-09,240,670268,Standard,C
L0000443,C001199,Home Loan,928602,7.34,2025-11-22,60,231040,Standard,A
L0000444,C002874,Personal Loan,1347066,8.24,2025-06-08,48,514091,Standard,B
L0000445,C000893,Business Loan,217682,11.61,2023-07-05,36,63457,Standard,A
L0000446,C004974,Auto Loan,703204,15.37,2023-11-07,36,532012,Standard,B
L0000447,C005487,Personal Loan,740596,15.09,2023-11-13,48,354801,Standard,A
L0000448,C001599,Personal Loan,286982,10.44,2023-04-22,24,195069,Standard,B
L0000449,C005158,Auto Loan,107492,11.98,2022-04-10,48,33044,Standard,A
L0000450,C002692,Personal Loan,913640,12.71,2024-02-15,24,402143,Standard,B
L0000451,C005751,Business Loan,378442,9.96,2023-01-17,36,215263,Standard,A
L0000452,C009398,Personal Loan,1386719,8.27,2023-12-22,36,1013275,Standard,C
L0000453,C001824,Auto Loan,380097,13.86,2022-12-28,84,129382,Standard,C
L0000454,C001976,Home Loan,608585,11.04,2025-03-25,48,336769,NPA,E
L0000455,C005654,Personal Loan,1116415,11.79,2022-04-14,120,524500,Standard,A
L0000456,C009815,Auto Loan,1947402,14.32,2023-12-26,48,767928,Standard,A
L0000457,C008199,Home Loan,1154340,8.12,2024-04-25,120,431154,Standard,A
L0000458,C001553,Business Loan,330790,9.02,2021-06-20,120,100638,Standard,A
L0000459,C008250,Personal Loan,338637,10.41,2025-01-09,48,166966,Standard,C
L0000460,C006843,Education Loan,552415,11.26,2021-04-16,36,529855,Standard,B
L0000461,C008080,Personal Loan,433930,15.96,2022-03-29,84,419230,Standard,A
L0000462,C001056,Business Loan,1472768,8.06,2024-02-03,60,1294355,Standard,A
L0000463,C006110,Auto Loan,446064,14.42,2022-06-08,180,240786,Standard,A
L0000464,C009073,Personal Loan,309989,10.78,2024-01-10,60,76828,Standard,B
L0000465,C006829,Personal Loan,2861587,14.71,2025-07-18,240,2161221,NPA,D
L0000466,C004766,Home Loan,1870262,11.2,2023-03-24,120,1079706,Standard,C
L0000467,C008645,Auto Loan,414958,9.71,2025-10-22,24,95685,Standard,C
L0000468,C002039,Business Loan,964352,8.91,2022-06-06,180,885234,Standard,B
L0000469,C005111,Home Loan,196909,8.88,2023-08-27,36,63895,Standard,C
L0000470,C005730,Business Loan,860022,13.88,2025-09-18,36,550992,Standard,C
L0000471,C009064,Business Loan,1009953,8.65,2021-09-19,84,530527,Standard,B
L0000472,C002593,Education Loan,533406,13.95,2023-09-01,240,397896,Standard,C
L0000473,C002195,Education Loan,426267,8.39,2022-09-04,84,275509,Standard,A
L0000474,C005792,Personal Loan,904162,13.36,2025-02-07,84,221479,Standard,C
L0000475,C001519,Home Loan,2948513,15.61,2023-01-22,60,1695678,Standard,B
L0000476,C002456,Education Loan,266343,12.6,2024-02-08,36,134509,Standard,B
L0000477,C009981,Business Loan,816513,9.53,2023-10-30,60,548167,Standard,A
L0000478,C002195,Home Loan,1059197,14.19,2025-03-08,60,475307,Standard,A
L0000479,C009697,Business Loan,583894,15.07,2023-08-24,84,320954,Standard,B
L0000480,C007057,Personal Loan,155852,15.39,2023-03-11,180,96722,Standard,A
L0000481,C009174,Personal Loan,123608,10.77,2024-06-13,36,75290,Standard,C
L0000482,C001838,Auto Loan,1109552,9.46,2024-07-17,84,818346,Standard,A
L0000483,C008158,Education Loan,4156707,13.57,2025-05-04,84,1278152,Standard,B
L0000484,C005504,Home Loan,1290992,9.98,2024-12-18,60,400697,Standard,C
L0000485,C004425,Home Loan,139846,7.49,2021-07-26,36,30003,Standard,A
L0000486,C007677,Auto Loan,245282,7.3,2024-01-03,60,105758,Standard,A
L0000487,C002099,Home Loan,2604955,10.37,2022-09-13,60,781179,Standard,A
L0000488,C007213,Education Loan,426356,9.66,2025-07-18,60,110920,Standard,C
L0000489,C007343,Home Loan,4407736,13.04,2021-01-26,48,3685062,Standard,A
L0000490,C009114,Personal Loan,292986,15.33,2023-05-18,180,120504,Standard,A
L0000491,C002347,Personal Loan,1147921,8.72,2023-03-31,240,920539,Standard,A
L0000492,C001958,Personal Loan,1674695,16.28,2025-05-09,60,479044,Standard,A
L0000493,C005389,Home Loan,1106453,11.56,2025-10-14,120,582783,Standard,B
L0000494,C000231,Business Loan,480908,12.7,2025-08-07,48,318641,Standard,A
L0000495,C008109,Business Loan,418748,13.09,2022-08-14,84,347972,Standard,A
L0000496,C005590,Personal Loan,260062,7.36,2025-11-29,36,91879,Standard,B
L0000497,C004147,Business Loan,702683,8.93,2021-06-11,60,678923,Standard,A
L0000498,C002444,Education Loan,122507,7.56,2021-09-15,24,53939,Standard,A
L0000499,C000762,Education Loan,1261431,11.35,2023-03-08,120,1225529,Standard,A
L0000500,C001171,Auto Loan,319873,9.13,2021-04-13,120,157205,Standard,A
L0000501,C009062,Personal Loan,120372,14.06,2021-10-27,24,112735,NPA,E
L0000502,C003598,Business Loan,935258,8.04,2021-02-21,120,204602,Standard,C
L0000503,C000832,Personal Loan,979852,13.19,2024-02-21,180,201637,NPA,E
L0000504,C007987,Business Loan,2369355,8.74,2023-11-21,120,1335289,Standard,B
L0000505,C003618,Education Loan,267972,8.83,2023-07-31,180,242528,Standard,A
L0000506,C008491,Auto Loan,1315770,15.96,2022-06-10,120,735516,Standard,A
L0000507,C007150,Business Loan,240853,14.98,2025-01-09,240,114801,Standard,C
L0000508,C005451,Business Loan,109164,11.32,2021-12-29,24,85195,Standard,B
L0000509,C005094,Business Loan,1287819,11.32,2024-05-29,240,286871,Standard,A
L0000510,C003836,Personal Loan,559401,15.61,2023-04-17,240,240971,Standard,A
L0000511,C006614,Education Loan,361866,12.22,2022-08-12,60,112050,Standard,B
L0000512,C003430,Education Loan,1843028,7.32,2025-03-02,120,1646236,Standard,B
L0000513,C004925,Business Loan,537352,10.84,2024-09-13,84,417404,Standard,B
L0000514,C004349,Home Loan,1393949,8.65,2022-08-08,36,1123294,Standard,C
L0000515,C000596,Auto Loan,464010,15.54,2025-06-17,36,162465,Standard,B
L0000516,C008130,Business Loan,412716,13.54,2022-04-23,36,349335,Standard,A
L0000517,C002861,Business Loan,783247,14.47,2025-10-07,60,517114,Standard,A
L0000518,C005039,Business Loan,2995221,16.13,2021-03-10,48,2611374,Standard,A
L0000519,C005961,Education Loan,2083858,12.81,2023-03-04,120,982439,Standard,C
L0000520,C003110,Education Loan,351840,12.82,2025-07-03,180,152652,NPA,D
L0000521,C007166,Business Loan,727857,10.71,2021-07-07,24,520598,Standard,A
L0000522,C008929,Home Loan,687362,14.48,2024-01-28,60,596858,Standard,B
L0000523,C001906,Personal Loan,618385,8.22,2022-03-16,120,276326,Standard,B
L0000524,C000445,Home Loan,2052686,7.4,2024-08-29,48,1402670,Standard,B
L0000525,C006525,Personal Loan,310603,13.92,2021-01-29,120,161281,Standard,B
L0000526,C007070,Business Loan,231512,15.02,2022-07-21,36,86982,Standard,B
L0000527,C005595,Personal Loan,182671,13.75,2024-09-05,180,59417,Standard,A
L0000528,C002710,Home Loan,340600,13.89,2022-11-27,120,144586,Standard,C
L0000529,C009008,Home Loan,1246458,14.82,2021-09-10,60,400674,Standard,B
L0000530,C007213,Auto Loan,3883867,9.1,2021-09-26,36,3445466,Standard,C
L0000531,C000004,Business Loan,328117,15.63,2023-12-19,24,223440,Standard,A
L0000532,C009098,Home Loan,1734806,16.09,2021-04-20,24,1296305,Standard,A
L0000533,C009962,Personal Loan,1386155,14.73,2023-07-27,180,1346617,NPA,D
L0000534,C004918,Auto Loan,497754,11.61,2023-01-01,84,438250,Standard,B
L0000535,C005477,Education Loan,337691,11.95,2025-09-03,24,269516,Standard,A
L0000536,C006163,Home Loan,162388,8.11,2024-05-22,24,151952,Standard,B
L0000537,C002266,Business Loan,628355,15.21,2021-06-29,120,549192,Standard,B
L0000538,C000502,Personal Loan,1012938,7.21,2022-04-13,240,528560,NPA,E
L0000539,C009472,Auto Loan,856647,8.59,2022-08-11,24,742273,Standard,B
L0000540,C003428,Auto Loan,368353,7.31,2025-01-13,180,259019,Standard,A
L0000541,C008415,Home Loan,3504331,14.03,2023-07-18,180,2228393,Standard,B
L0000542,C008062,Home Loan,2307167,14.8,2022-08-13,24,1336404,Standard,A
L0000543,C004814,Auto Loan,590757,13.04,2023-06-26,48,515511,Standard,A
L0000544,C006375,Home Loan,3962525,9.47,2021-01-28,120,3198201,Standard,A
L0000545,C009961,Business Loan,156066,8.46,2024-10-18,120,94030,Standard,A
L0000546,C007791,Business Loan,3449411,15.12,2021-07-24,180,1240141,Standard,C
L0000547,C002869,Business Loan,148621,9.48,2023-06-24,48,56359,Standard,B
L0000548,C002097,Business Loan,92412,13.71,2021-04-17,120,61099,Standard,C
L0000549,C004014,Auto Loan,188195,15.38,2022-06-24,24,146396,Standard,A
L0000550,C002407,Business Loan,1636204,14.73,2021-02-27,36,590099,Standard,B
L0000551,C005452,Personal Loan,533966,14.44,2025-03-28,180,445784,Standard,B
L0000552,C001600,Education Loan,286909,15.9,2022-03-21,240,213068,Standard,C
L0000553,C008016,Education Loan,391631,10.35,2023-09-16,48,105971,Standard,A
L0000554,C000725,Business Loan,1244932,7.68,2025-06-02,48,544499,Standard,B
L0000555,C003763,Personal Loan,7310253,12.11,2024-06-07,36,5824502,Standard,A
L0000556,C001914,Personal Loan,257947,11.23,2023-03-02,84,202976,NPA,D
L0000557,C008272,Personal Loan,1220433,8.35,2025-02-26,180,830618,Standard,C
L0000558,C005777,Auto Loan,3593786,7.26,2022-09-03,84,771131,Standard,B
L0000559,C008886,Auto Loan,467327,9.01,2024-09-01,120,210408,Standard,B
L0000560,C004564,Home Loan,712767,7.43,2024-05-21,120,571407,Standard,B
L0000561,C001729,Home Loan,1309979,16.23,2023-01-17,24,799061,Standard,A
L0000562,C006026,Auto Loan,1116038,12.11,2021-04-03,36,290694,Standard,B
L0000563,C005185,Personal Loan,213897,8.82,2025-08-22,48,97699,Standard,B
L0000564,C000526,Home Loan,606255,10.28,2021-06-15,36,397124,Standard,A
L0000565,C002811,Business Loan,246930,14.91,2021-06-08,24,228205,NPA,E
L0000566,C006855,Business Loan,432029,14.66,2021-11-26,180,173533,Standard,C
L0000567,C004091,Education Loan,373099,16.47,2022-05-25,48,264780,Standard,B
L0000568,C002139,Education Loan,992645,10.67,2021-06-23,48,866719,Standard,B
L0000569,C007487,Business Loan,1537807,10.45,2023-12-04,60,339031,Standard,B
L0000570,C006775,Education Loan,319306,8.66,2024-03-16,48,152472,Standard,A
L0000571,C008260,Education Loan,1207545,14.88,2022-05-10,24,1143117,Standard,C
L0000572,C002408,Home Loan,663609,12.98,2021-04-14,36,627991,Standard,A
L0000573,C005113,Home Loan,337883,11.25,2025-11-15,84,243580,Standard,B
L0000574,C000980,Personal Loan,2988094,9.29,2021-08-26,240,2089234,Standard,B
L0000575,C003510,Personal Loan,691491,10.72,2022-08-23,48,249713,Standard,A
L0000576,C003003,Education Loan,192327,13.75,2022-05-06,36,90494,Standard,A
L0000577,C008390,Business Loan,3097483,8.58,2023-01-29,84,1730347,Standard,A
L0000578,C002120,Personal Loan,3074613,12.9,2022-03-08,240,2960958,Standard,B
L0000579,C007434,Home Loan,3463682,11.83,2025-09-21,84,1410886,Standard,B
L0000580,C000601,Business Loan,2401392,8.03,2025-08-26,84,717008,Standard,A
L0000581,C004740,Auto Loan,1463559,9.75,2025-07-24,84,515103,Standard,A
L0000582,C004158,Auto Loan,1945658,14.36,2022-01-18,48,1317411,Standard,C
L0000583,C003336,Education Loan,879090,7.65,2023-01-14,120,514754,Standard,B
L0000584,C000881,Personal Loan,727821,9.83,2025-05-08,180,459126,Standard,B
L0000585,C003890,Home Loan,2092969,13.72,2021-08-10,36,1045388,Standard,A
L0000586,C000728,Business Loan,243542,12.29,2024-06-29,60,211377,Standard,A
L0000587,C005816,Home Loan,1649749,15.59,2021-02-08,60,411555,Standard,B
L0000588,C000190,Education Loan,624808,10.47,2023-04-05,48,561559,Standard,B
L0000589,C007236,Personal Loan,2552632,16.32,2024-04-15,84,2179450,NPA,D
L0000590,C002647,Auto Loan,1447254,11.5,2021-10-08,60,741669,Standard,A
L0000591,C006085,Education Loan,1048170,10.05,2021-06-18,60,484945,Standard,A
L0000592,C002359,Personal Loan,2610857,13.07,2021-01-06,48,927852,Standard,A
L0000593,C007814,Personal Loan,3632196,9.7,2023-03-09,60,2124847,Standard,A
L0000594,C003096,Home Loan,844781,12.28,2022-11-03,48,297623,Standard,B
L0000595,C002511,Education Loan,450465,12.75,2021-12-24,36,345415,Standard,A
L0000596,C007949,Auto Loan,1813100,13.5,2023-07-26,240,1483726,NPA,E
L0000597,C001420,Home Loan,479489,9.15,2023-03-19,240,181937,Standard,B
L0000598,C006620,Business Loan,2268987,15.11,2024-12-07,84,1398341,Standard,A
L0000599,C001742,Personal Loan,587362,7.81,2023-11-23,240,169306,Standard,C
L0000600,C004817,Home Loan,1052693,13.73,2024-07-16,120,914438,Standard,B
L0000601,C004720,Personal Loan,1542758,12.87,2021-08-20,120,429895,Standard,B
L0000602,C009291,Business Loan,604377,15.17,2023-08-24,84,363149,Standard,B
L0000603,C004380,Business Loan,545811,15.29,2022-12-25,36,428358,Standard,C
L0000604,C005675,Personal Loan,1713832,14.87,2021-08-15,36,900159,Standard,B
L0000605,C007769,Education Loan,307468,11.67,2024-12-19,36,87242,Standard,A
L0000606,C008396,Education Loan,902526,14.85,2025-08-02,180,364349,Standard,B
L0000607,C002929,Home Loan,1591020,15.2,2024-05-18,36,674707,Standard,A
L0000608,C009552,Home Loan,333086,14.09,2024-11-07,48,234754,Standard,C
L0000609,C005955,Auto Loan,213838,15.02,2021-09-25,180,141007,Standard,B
L0000610,C005677,Auto Loan,288481,7.65,2023-03-19,180,129487,Standard,B
L0000611,C007782,Home Loan,741599,11.64,2024-02-26,84,382862,Standard,C
L0000612,C005667,Personal Loan,1105171,14.13,2025-08-01,120,607498,Standard,B
L0000613,C003845,Auto Loan,2202944,16.15,2025-12-09,240,1380685,Standard,B
L0000614,C001989,Personal Loan,806624,9.87,2023-06-29,84,372068,Standard,C
L0000615,C002922,Personal Loan,636810,14.38,2021-07-08,48,548573,Standard,A
L0000616,C009801,Business Loan,361890,14.27,2021-08-09,48,214387,Standard,A
L0000617,C009518,Home Loan,729358,12.24,2021-05-17,24,507599,Standard,A
L0000618,C000923,Business Loan,559526,13.79,2023-04-29,24,524488,Standard,A
L0000619,C009915,Home Loan,4384697,16.25,2025-03-05,24,4242159,Standard,B
L0000620,C001840,Home Loan,4929656,10.45,2023-08-12,48,3538319,Standard,B
L0000621,C003949,Personal Loan,592252,11.69,2021-05-11,180,237180,Standard,A
L0000622,C008441,Home Loan,580445,9.83,2021-12-22,240,399758,Standard,B
L0000623,C007130,Home Loan,1590407,13.54,2025-09-23,24,1551347,Standard,B
L0000624,C005181,Personal Loan,1284722,13.67,2025-02-08,120,933489,Standard,C
L0000625,C005680,Personal Loan,102567,7.87,2025-07-04,24,27094,Standard,B
L0000626,C009920,Home Loan,722586,15.08,2024-12-29,120,168640,Standard,C
L0000627,C005380,Business Loan,248684,15.29,2023-03-21,48,116843,Standard,C
L0000628,C002022,Personal Loan,270465,16.26,2023-03-23,240,217114,Standard,B
L0000629,C002722,Business Loan,868634,8.41,2023-12-29,36,627926,Standard,A
L0000630,C004037,Personal Loan,1008006,13.18,2024-11-15,240,476875,Standard,B
L0000631,C007140,Home Loan,865522,10.19,2025-10-26,240,508887,Standard,A
L0000632,C008289,Education Loan,524540,10.12,2021-10-04,84,422958,Standard,A
L0000633,C001483,Home Loan,1649225,8.63,2022-10-05,36,1009351,Standard,B
L0000634,C003986,Home Loan,978831,7.36,2021-09-14,36,245036,Standard,A
L0000635,C009914,Personal Loan,5256961,8.63,2023-10-17,120,4959759,Standard,B
L0000636,C005239,Auto Loan,804183,13.65,2022-08-22,24,547786,NPA,E
L0000637,C006887,Personal Loan,192216,7.41,2021-03-06,84,144698,Standard,B
L0000638,C001642,Auto Loan,194088,13.85,2025-05-07,24,90074,Standard,A
L0000639,C002118,Auto Loan,398097,12.98,2022-07-10,84,214633,Standard,A
L0000640,C007280,Auto Loan,934723,16.11,2022-03-06,84,200687,Standard,C
L0000641,C002179,Home Loan,957627,16.2,2025-12-30,48,384918,Standard,A
L0000642,C008114,Education Loan,258326,7.75,2022-10-05,48,145876,Standard,A
L0000643,C008377,Personal Loan,1251497,12.35,2024-10-26,84,499277,Standard,A
L0000644,C002773,Business Loan,3239798,12.88,2022-09-23,84,1070018,Standard,C
L0000645,C004653,Home Loan,357921,16.32,2024-10-10,48,216164,Standard,A
L0000646,C004168,Business Loan,429952,12.42,2024-07-11,84,92275,Standard,A
L0000647,C001469,Auto Loan,281220,8.33,2024-03-28,48,242909,Standard,A
L0000648,C003276,Home Loan,502314,11.07,2021-10-27,60,155674,Standard,A
L0000649,C002730,Home Loan,2624231,10.21,2025-11-23,84,2135302,Standard,A
L0000650,C006256,Personal Loan,1951268,8.91,2024-12-12,36,949507,Standard,B
L0000651,C000550,Home Loan,1357625,13.28,2024-11-04,36,537239,Standard,B
L0000652,C007967,Education Loan,289526,13.66,2025-03-07,60,257426,Standard,B
L0000653,C009408,Auto Loan,1089471,11.47,2024-03-19,120,498351,Standard,A
L0000654,C007841,Personal Loan,1633090,14.87,2024-02-28,60,1465538,Standard,A
L0000655,C002016,Business Loan,1069647,13.67,2024-07-18,120,1033979,Standard,A
L0000656,C001883,Auto Loan,470246,12.7,2024-08-08,120,352244,Standard,A
L0000657,C001682,Personal Loan,264004,15.97,2023-11-15,120,116274,Standard,C
L0000658,C009028,Home Loan,1277149,8.51,2025-04-12,240,1042203,Standard,A
L0000659,C002304,Home Loan,399318,8.79,2024-09-29,180,201894,Standard,B
L0000660,C002925,Home Loan,1201890,11.71,2022-01-21,24,1037001,Standard,C
L0000661,C006836,Personal Loan,670001,7.75,2022-11-27,180,647984,Standard,A
L0000662,C003833,Education Loan,3174297,15.94,2025-07-22,48,894424,Standard,B
L0000663,C007282,Personal Loan,425738,13.85,2021-07-06,24,101846,Standard,A
L0000664,C004847,Home Loan,4408857,9.86,2021-08-15,180,4175466,Standard,A
L0000665,C001322,Business Loan,1299870,10.66,2021-01-19,36,854924,Standard,C
L0000666,C003403,Business Loan,745653,8.73,2021-01-12,180,547848,Standard,C
L0000667,C009235,Personal Loan,447407,8.78,2024-09-02,84,307678,Standard,A
L0000668,C000527,Business Loan,1394479,7.57,2022-09-12,48,825801,Standard,B
L0000669,C008609,Home Loan,370325,8.41,2025-02-15,60,229514,Standard,A
L0000670,C007613,Auto Loan,1614211,9.11,2023-04-26,240,947180,Standard,A
L0000671,C002729,Auto Loan,341624,15.39,2021-01-15,120,117358,NPA,E
L0000672,C003680,Auto Loan,295894,11.9,2023-03-22,60,286637,Standard,A
L0000673,C003767,Home Loan,324145,13.87,2024-06-05,84,279794,NPA,E
L0000674,C007425,Personal Loan,2645243,16.02,2025-07-07,60,1333246,Standard,B
L0000675,C005497,Personal Loan,288825,12.06,2025-07-13,36,273038,Standard,B
L0000676,C008910,Personal Loan,337928,11.82,2022-12-26,180,171036,NPA,E
L0000677,C001873,Business Loan,336565,15.64,2022-05-19,60,256341,Standard,A
L0000678,C002906,Personal Loan,1350363,11.57,2025-04-06,240,651979,Standard,A
L0000679,C001606,Personal Loan,534479,8.42,2025-04-04,240,521419,Standard,B
L0000680,C004487,Personal Loan,1595259,11.3,2022-04-21,60,1352732,Standard,B
L0000681,C009909,Personal Loan,175902,8.33,2021-02-09,60,123627,Standard,A
L0000682,C002745,Auto Loan,438743,12.91,2024-02-09,36,412333,Standard,A
L0000683,C002897,Personal Loan,480476,7.5,2023-03-20,24,270508,Standard,B
L0000684,C002418,Business Loan,579326,15.85,2023-12-09,84,477538,Standard,B
L0000685,C009826,Business Loan,153432,9.53,2021-01-30,180,93335,Standard,C
L0000686,C004345,Auto Loan,428529,12.24,2025-07-14,36,399502,Standard,C
L0000687,C007153,Personal Loan,1523104,12.25,2022-01-12,48,658562,Standard,A
L0000688,C005870,Auto Loan,467170,9.21,2022-04-13,120,246037,Standard,C
L0000689,C008361,Personal Loan,3606262,16.21,2021-10-08,36,1721347,Standard,C
L0000690,C008315,Personal Loan,565228,11.0,2023-06-17,24,301914,Standard,A
L0000691,C005050,Personal Loan,526714,9.28,2021-06-15,84,357248,Standard,A
L0000692,C004389,Business Loan,214017,9.22,2024-03-13,240,87855,Standard,B
L0000693,C005147,Auto Loan,169748,12.27,2023-03-19,180,70956,Standard,B
L0000694,C007298,Auto Loan,160751,8.06,2024-07-19,60,56950,Standard,C
L0000695,C000393,Business Loan,1625355,14.91,2024-05-31,24,686851,NPA,D
L0000696,C003493,Education Loan,418274,8.87,2024-03-01,84,106035,Standard,C
L0000697,C000374,Personal Loan,638500,16.35,2023-08-24,24,460252,Standard,A
L0000698,C007537,Auto Loan,474931,12.92,2023-08-09,120,200224,Standard,A
L0000699,C005444,Personal Loan,79401,8.5,2021-05-27,240,61818,Standard,B
L0000700,C001823,Personal Loan,1358556,16.18,2022-05-08,24,966731,Standard,A
L0000701,C002773,Auto Loan,175361,12.24,2021-04-18,60,61303,NPA,E
L0000702,C005944,Auto Loan,114764,13.15,2024-01-01,84,105959,NPA,E
L0000703,C009167,Auto Loan,268294,9.89,2022-07-14,60,124595,Standard,A
L0000704,C000783,Home Loan,306261,9.7,2022-08-15,24,69859,Standard,A
L0000705,C006354,Home Loan,309461,9.71,2021-12-21,60,250205,Standard,A
L0000706,C009108,Business Loan,575964,12.86,2025-08-25,180,321082,Standard,A
L0000707,C008960,Home Loan,150339,13.09,2025-12-12,180,42206,Standard,C
L0000708,C002353,Personal Loan,581964,14.43,2022-11-26,240,330875,Standard,A
L0000709,C003864,Home Loan,936944,14.62,2024-11-22,36,833671,Standard,C
L0000710,C000341,Business Loan,78113,16.24,2024-06-13,60,26842,Standard,A
L0000711,C005774,Home Loan,325287,9.8,2025-07-18,120,212262,Standard,B
L0000712,C005234,Personal Loan,330903,16.31,2022-01-24,84,240971,Standard,A
L0000713,C004674,Education Loan,2280516,15.83,2023-02-01,240,494201,NPA,E
L0000714,C009941,Education Loan,540627,11.74,2022-11-19,36,476717,Standard,A
L0000715,C009695,Auto Loan,674902,9.19,2024-09-17,240,258991,Standard,C
L0000716,C002051,Business Loan,685698,13.65,2024-05-08,48,536690,Standard,B
L0000717,C001748,Home Loan,560898,11.99,2024-01-05,180,436942,Standard,A
L0000718,C003851,Home Loan,1313284,15.78,2022-07-28,240,298901,Standard,A
L0000719,C000853,Home Loan,240190,7.59,2025-08-21,84,213182,Standard,B
L0000720,C005759,Business Loan,299540,11.51,2025-01-08,60,206394,Standard,A
L0000721,C007185,Business Loan,3684784,14.63,2024-02-02,240,1269565,Standard,B
L0000722,C002312,Personal Loan,247862,9.84,2025-08-11,60,180922,Standard,C
L0000723,C001345,Auto Loan,637168,9.52,2023-09-15,240,232639,Standard,B
L0000724,C000142,Personal Loan,755608,13.12,2023-09-17,120,325026,Standard,B
L0000725,C000635,Personal Loan,902771,16.21,2024-12-06,180,282874,Standard,B
L0000726,C000900,Home Loan,706596,7.7,2022-04-10,60,333486,Standard,B
L0000727,C007726,Auto Loan,2152153,14.06,2021-11-18,180,1459262,Standard,A
L0000728,C000515,Auto Loan,340768,11.64,2022-11-20,36,224196,Standard,B
L0000729,C008233,Personal Loan,283823,7.61,2023-09-03,240,272364,Standard,A
L0000730,C000728,Business Loan,766042,9.52,2025-10-02,36,367310,Standard,A
L0000731,C007341,Auto Loan,174636,11.26,2025-06-08,180,56419,Standard,A
L0000732,C003530,Personal Loan,1445288,9.41,2022-05-22,48,539770,Standard,A
L0000733,C002074,Personal Loan,474174,13.66,2024-03-06,24,183531,Standard,A
L0000734,C000949,Personal Loan,691843,9.3,2021-08-03,84,271222,Standard,B
L0000735,C003827,Business Loan,2760073,14.39,2021-12-31,60,898079,Standard,A
L0000736,C002378,Auto Loan,602388,7.27,2024-06-04,180,271623,Standard,A
L0000737,C004045,Home Loan,1329614,11.03,2022-12-27,84,679441,Standard,A
L0000738,C003656,Home Loan,253903,11.8,2022-02-19,36,247891,Standard,B
L0000739,C006959,Auto Loan,208381,15.87,2024-05-22,60,110158,Standard,B
L0000740,C006044,Home Loan,96873,7.21,2024-10-09,24,75989,Standard,B
L0000741,C001659,Auto Loan,4757331,8.65,2024-05-16,120,4344034,Standard,A
L0000742,C001045,Education Loan,1476761,13.44,2025-01-23,48,928472,Standard,C
L0000743,C002145,Education Loan,1023787,12.61,2025-02-19,84,845935,Standard,C
L0000744,C003635,Education Loan,1061805,11.24,2021-02-05,24,278279,Standard,B
L0000745,C007101,Home Loan,188479,14.58,2022-08-05,60,62034,Standard,A
L0000746,C000763,Personal Loan,299938,9.69,2025-03-18,240,223232,Standard,B
L0000747,C009309,Auto Loan,158638,8.43,2023-07-25,120,33480,Standard,C
L0000748,C004151,Auto Loan,736580,12.81,2025-03-24,120,239376,Standard,B
L0000749,C000063,Personal Loan,1895309,12.19,2021-04-28,84,976321,Standard,A
L0000750,C007562,Home Loan,1622860,11.84,2024-05-22,120,1241829,Standard,A
L0000751,C005549,Personal Loan,117148,12.44,2021-12-07,240,41433,NPA,E
L0000752,C000850,Business Loan,3311907,11.34,2025-02-14,180,1638174,Standard,B
L0000753,C002938,Personal Loan,725254,8.3,2023-04-01,180,310978,Standard,B
L0000754,C000787,Business Loan,185583,12.38,2025-04-19,36,138614,Standard,B
L0000755,C000133,Education Loan,504147,7.32,2023-03-08,84,144868,Standard,A
L0000756,C002692,Personal Loan,52402,15.95,2023-04-01,60,22865,Standard,B
L0000757,C009335,Auto Loan,50306,15.16,2025-10-27,120,35694,Standard,A
L0000758,C000868,Education Loan,223859,9.59,2023-12-24,24,94218,Standard,B
L0000759,C008373,Business Loan,682397,10.44,2024-07-17,180,290583,Standard,B
L0000760,C001346,Home Loan,142047,13.39,2024-11-25,60,135517,Standard,A
L0000761,C004617,Home Loan,1105121,14.0,2024-01-05,36,447392,Standard,C
L0000762,C001481,Home Loan,975943,13.87,2024-05-26,180,615672,Standard,A
L0000763,C007209,Home Loan,1965871,7.65,2022-05-05,60,966048,Standard,C
L0000764,C004589,Auto Loan,1456326,12.23,2021-06-08,240,455216,Standard,B
L0000765,C000664,Home Loan,3007186,7.84,2023-12-29,120,1306419,Standard,C
L0000766,C006473,Auto Loan,654970,11.03,2022-01-27,36,301198,Standard,A
L0000767,C006872,Business Loan,2492720,15.35,2025-06-14,36,1240752,Standard,B
L0000768,C007015,Personal Loan,2431995,14.21,2024-08-23,60,1101208,Standard,A
L0000769,C009754,Business Loan,1117663,15.28,2023-02-05,48,882591,Standard,A
L0000770,C009776,Education Loan,968416,12.05,2023-10-20,36,402605,Standard,C
L0000771,C006337,Home Loan,3890095,14.46,2023-10-24,240,1685942,Standard,B
L0000772,C008129,Home Loan,1445194,11.24,2022-10-18,84,769891,Standard,A
L0000773,C005549,Education Loan,236093,7.58,2021-03-04,240,93159,Standard,A
L0000774,C002201,Auto Loan,1926093,8.27,2022-03-15,180,1214719,Standard,A
L0000775,C004004,Business Loan,1940663,12.51,2025-08-16,60,1535178,Standard,B
L0000776,C009495,Auto Loan,926159,10.36,2022-12-30,84,288238,Standard,B
L0000777,C003035,Personal Loan,868472,8.05,2023-12-16,180,615985,Standard,B
L0000778,C005458,Personal Loan,3090708,13.91,2022-06-27,36,794368,Standard,B
L0000779,C002642,Business Loan,933119,8.23,2025-11-17,60,886570,Standard,A
L0000780,C008367,Business Loan,1253099,7.35,2022-05-24,180,671541,Standard,C
L0000781,C002141,Home Loan,2093513,8.72,2022-07-31,60,1228664,NPA,E
L0000782,C008022,Home Loan,76542,10.13,2022-11-16,36,41698,Standard,A
L0000783,C007812,Home Loan,2599636,15.94,2023-04-28,24,2513165,Standard,B
L0000784,C006283,Education Loan,839208,14.87,2023-12-22,60,616932,Standard,B
L0000785,C002439,Auto Loan,874131,13.81,2022-05-30,240,346264,Standard,C
L0000786,C006662,Personal Loan,1049574,13.2,2021-10-01,180,521532,Standard,A
L0000787,C008841,Business Loan,319949,13.83,2023-05-06,60,82706,Standard,B
L0000788,C005520,Personal Loan,311137,14.27,2022-04-17,84,259442,Standard,C
L0000789,C005267,Personal Loan,2447077,16.44,2024-03-28,36,665463,Standard,B
L0000790,C006568,Personal Loan,8442048,12.33,2021-11-05,120,7343883,Standard,B
L0000791,C004345,Auto Loan,538330,9.43,2023-02-14,180,304521,Standard,B
L0000792,C009095,Home Loan,1076721,7.49,2025-08-29,36,686082,Standard,A
L0000793,C006325,Home Loan,877168,9.75,2024-05-25,48,700220,Standard,A
L0000794,C009827,Auto Loan,104500,12.13,2025-07-26,60,35023,Standard,B
L0000795,C009400,Home Loan,552409,10.15,2024-01-09,48,119226,Standard,B
L0000796,C002886,Personal Loan,583779,8.13,2021-05-03,60,234728,Standard,A
L0000797,C009413,Business Loan,172221,14.69,2022-08-10,240,78405,Standard,A
L0000798,C001164,Home Loan,3120638,12.49,2023-07-11,84,2813785,Standard,C
L0000799,C007239,Education Loan,565412,11.18,2024-08-20,180,508773,Standard,A
L0000800,C006613,Personal Loan,2254572,10.73,2022-03-09,48,770339,Standard,A
L0000801,C005842,Personal Loan,421478,12.85,2021-09-01,24,358505,NPA,E
L0000802,C004352,Personal Loan,341570,12.51,2024-09-26,60,129120,Standard,A
L0000803,C001146,Personal Loan,308456,15.25,2025-01-11,48,87104,Standard,B
L0000804,C002702,Auto Loan,138791,10.66,2023-09-06,60,115362,Standard,B
L0000805,C008836,Business Loan,302081,15.73,2024-06-21,36,279584,Standard,A
L0000806,C003033,Auto Loan,615883,12.93,2023-07-24,60,343512,Standard,B
L0000807,C002487,Auto Loan,862965,12.49,2024-06-16,180,566735,Standard,B
L0000808,C002427,Personal Loan,409706,11.9,2025-02-13,36,315058,Standard,B
L0000809,C009103,Home Loan,3003700,13.73,2023-12-11,180,2726469,Standard,B
L0000810,C009887,Personal Loan,1807424,13.26,2025-03-05,240,1339974,Standard,B
L0000811,C004606,Home Loan,1374452,13.76,2023-04-03,120,895729,Standard,B
L0000812,C000197,Home Loan,2834824,8.13,2023-01-11,48,2159483,Standard,A
L0000813,C007846,Home Loan,480050,14.41,2023-10-22,60,399842,NPA,D
L0000814,C007545,Personal Loan,660916,10.82,2022-06-15,36,573020,Standard,C
L0000815,C005956,Business Loan,681405,9.1,2024-01-15,180,351172,Standard,A
L0000816,C004710,Auto Loan,486362,7.39,2025-12-30,240,349346,Standard,B
L0000817,C001530,Education Loan,2329529,13.93,2025-11-09,240,1031954,Standard,B
L0000818,C004266,Personal Loan,4256211,14.87,2024-10-29,36,1874663,Standard,B
L0000819,C008482,Home Loan,288714,10.58,2023-07-05,120,254942,Standard,A
L0000820,C000535,Home Loan,1199285,8.9,2022-04-21,48,379144,Standard,A
L0000821,C001080,Home Loan,1929773,10.94,2024-11-06,240,1241353,Standard,B
L0000822,C004946,Auto Loan,129064,9.07,2025-08-22,84,38686,NPA,D
L0000823,C005039,Home Loan,294867,13.89,2025-12-13,240,151202,Standard,C
L0000824,C009485,Education Loan,183030,16.38,2023-07-13,36,172398,Standard,B
L0000825,C009451,Business Loan,225829,7.62,2024-12-01,36,166752,Standard,A
L0000826,C002694,Education Loan,2883619,11.02,2021-03-03,24,1012435,Standard,B
L0000827,C002654,Auto Loan,1441937,13.02,2021-02-15,240,690841,Standard,B
L0000828,C002400,Auto Loan,204492,9.11,2024-02-08,48,79287,Standard,A
L0000829,C004764,Home Loan,194581,14.24,2022-06-07,120,101446,Standard,B
L0000830,C008059,Home Loan,637175,14.73,2025-11-02,48,253190,Standard,A
L0000831,C004602,Education Loan,186618,8.94,2024-04-26,36,174118,Standard,B
L0000832,C009819,Home Loan,282221,11.56,2025-11-30,84,151162,Standard,C
L0000833,C005345,Home Loan,2249098,16.12,2022-01-23,180,1946640,Standard,B
L0000834,C003114,Auto Loan,187835,7.31,2021-04-18,24,153754,Standard,C
L0000835,C005457,Personal Loan,5471045,15.28,2021-09-08,60,2680184,Standard,B
L0000836,C008016,Business Loan,759719,10.98,2024-02-29,240,286642,Standard,B
L0000837,C003513,Personal Loan,8622689,8.22,2023-09-14,84,4490163,Standard,A
L0000838,C000558,Home Loan,2737535,15.28,2023-01-01,84,842405,Standard,C
L0000839,C002903,Auto Loan,311091,15.24,2025-02-12,60,101563,Standard,A
L0000840,C009110,Business Loan,153588,13.17,2025-06-23,120,146417,Standard,B
L0000841,C004462,Home Loan,90979,8.24,2024-06-28,24,37281,Standard,B
L0000842,C001103,Education Loan,526316,15.72,2021-04-03,84,203046,Standard,B
L0000843,C002468,Home Loan,869986,15.23,2024-04-06,240,806692,Standard,B
L0000844,C009661,Education Loan,1893333,15.35,2025-10-08,84,1297792,NPA,D
L0000845,C006742,Home Loan,1357702,11.29,2021-11-15,120,867606,Standard,B
L0000846,C007690,Home Loan,473534,15.77,2022-07-08,48,274200,Standard,A
L0000847,C008365,Home Loan,3798009,8.73,2025-12-17,60,3229537,Standard,B
L0000848,C008467,Personal Loan,267490,15.19,2024-09-06,180,144605,Standard,B
L0000849,C007328,Personal Loan,222775,10.45,2023-01-17,60,109553,Standard,B
L0000850,C006641,Auto Loan,872630,15.21,2024-11-10,24,835625,Standard,B
L0000851,C000376,Personal Loan,699959,11.63,2024-11-14,48,241845,Standard,A
L0000852,C003456,Personal Loan,372840,10.2,2022-07-07,120,231252,Standard,B
L0000853,C009448,Home Loan,449165,14.07,2024-05-12,60,341762,Standard,B
L0000854,C007015,Auto Loan,177243,11.68,2023-07-18,240,60329,Standard,A
L0000855,C006156,Education Loan,681760,11.86,2022-06-18,240,586180,Standard,A
L0000856,C008980,Personal Loan,572120,12.56,2021-06-21,180,399999,NPA,E
L0000857,C000501,Auto Loan,243280,15.07,2021-02-02,36,225967,Standard,A
L0000858,C004033,Business Loan,3836760,16.04,2025-03-21,36,1395131,Standard,A
L0000859,C002183,Business Loan,305742,11.02,2022-04-03,48,214092,Standard,B
L0000860,C003657,Personal Loan,497653,12.8,2022-05-26,48,381973,NPA,E
L0000861,C000503,Education Loan,402949,11.37,2023-02-18,24,328729,Standard,A
L0000862,C008918,Auto Loan,1819281,11.71,2024-12-05,48,540223,Standard,B
L0000863,C004655,Personal Loan,964349,14.25,2023-10-21,240,627159,Standard,B
L0000864,C000943,Auto Loan,382693,14.11,2025-01-03,24,341752,Standard,C
L0000865,C009327,Business Loan,199421,13.49,2022-12-07,24,177971,Standard,A
L0000866,C003039,Auto Loan,2781886,9.44,2021-05-12,120,1473277,Standard,C
L0000867,C004617,Business Loan,124132,14.34,2024-06-23,180,68130,NPA,D
L0000868,C003279,Personal Loan,8801049,15.29,2022-04-08,48,6755198,Standard,B
L0000869,C000098,Education Loan,543972,16.0,2021-08-16,48,474374,Standard,A
L0000870,C001353,Home Loan,416008,10.94,2021-04-10,24,387305,Standard,B
L0000871,C004063,Business Loan,358911,11.5,2021-01-11,180,140926,Standard,A
L0000872,C000936,Auto Loan,973912,15.03,2021-10-19,36,324614,Standard,A
L0000873,C003137,Personal Loan,2255466,10.01,2022-08-07,240,1672178,Standard,B
L0000874,C007187,Personal Loan,4156477,14.95,2025-10-15,240,3415257,Standard,A
L0000875,C009101,Auto Loan,498042,15.17,2023-10-09,36,134745,Standard,A
L0000876,C002129,Personal Loan,688003,10.94,2022-01-08,36,272818,NPA,E
L0000877,C004357,Personal Loan,927760,16.5,2023-04-21,240,610243,Standard,A
L0000878,C002298,Home Loan,53038,10.74,2023-05-29,240,22209,Standard,B
L0000879,C005300,Education Loan,332259,10.59,2025-02-17,84,308942,Standard,A
L0000880,C007951,Auto Loan,1145902,11.51,2021-03-08,180,648941,Standard,A
L0000881,C003536,Education Loan,2469915,8.88,2025-05-27,36,1870430,Standard,A
L0000882,C003612,Personal Loan,275632,16.0,2023-11-29,60,155476,Standard,A
L0000883,C001934,Education Loan,731839,12.19,2025-03-04,24,288627,Standard,A
L0000884,C003018,Personal Loan,246305,13.7,2021-06-24,60,111637,Standard,A
L0000885,C008598,Business Loan,755004,10.93,2025-12-12,36,489616,Standard,A
L0000886,C002131,Personal Loan,440150,7.59,2021-12-15,180,194922,Standard,B
L0000887,C003589,Education Loan,2779259,15.31,2023-03-27,120,720763,Standard,A
L0000888,C004999,Auto Loan,941152,14.74,2022-12-02,36,273276,Standard,A
L0000889,C007948,Home Loan,7978690,13.89,2023-07-17,180,2196162,Standard,A
L0000890,C008646,Personal Loan,1155504,16.01,2021-03-03,48,781685,NPA,E
L0000891,C000640,Personal Loan,571227,9.58,2024-12-31,180,174902,NPA,D
L0000892,C005079,Business Loan,1340020,8.77,2021-08-13,60,347313,Standard,B
L0000893,C003958,Home Loan,460339,8.98,2025-02-22,120,100622,Standard,A
L0000894,C003699,Home Loan,560738,9.38,2025-04-22,36,418851,Standard,A
L0000895,C001802,Personal Loan,3123456,13.2,2024-04-06,24,2402639,NPA,E
L0000896,C005200,Education Loan,107710,11.47,2021-11-05,36,47860,Standard,B
L0000897,C001011,Personal Loan,589806,15.83,2025-09-01,48,166494,Standard,C
L0000898,C000367,Personal Loan,1680393,15.24,2021-08-02,84,1459687,Standard,C
L0000899,C005356,Education Loan,359801,12.36,2024-06-18,60,108609,Standard,B
L0000900,C001041,Education Loan,488439,12.0,2023-04-25,36,191058,Standard,B
L0000901,C001601,Business Loan,126136,14.96,2024-11-05,24,86696,Standard,B
L0000902,C007357,Home Loan,1161107,11.86,2022-07-19,24,717492,Standard,A
L0000903,C002494,Personal Loan,687863,12.6,2025-06-01,240,315678,Standard,A
L0000904,C001370,Home Loan,14190713,11.29,2021-02-23,84,6311176,NPA,E
L0000905,C001576,Auto Loan,1781917,9.27,2021-12-04,84,1365279,NPA,D
L0000906,C009348,Auto Loan,357587,9.45,2023-06-11,240,212754,Standard,A
L0000907,C005665,Education Loan,164811,15.79,2023-01-02,120,33694,Standard,A
L0000908,C009941,Personal Loan,1207328,8.28,2021-02-25,24,482402,Standard,B
L0000909,C005608,Home Loan,122747,11.88,2025-01-11,36,62325,Standard,A
L0000910,C002654,Home Loan,585154,13.81,2024-07-26,36,347885,Standard,A
L0000911,C003559,Home Loan,888053,12.13,2024-11-03,84,557294,Standard,A
L0000912,C007978,Personal Loan,377429,11.71,2024-07-04,24,153283,Standard,B
L0000913,C007873,Auto Loan,681946,10.58,2023-01-26,180,346460,NPA,D
L0000914,C004214,Personal Loan,915384,8.36,2021-08-27,60,333075,Standard,B
L0000915,C004531,Auto Loan,1799385,15.63,2021-06-22,36,1334081,NPA,D
L0000916,C004220,Personal Loan,1229912,14.04,2021-01-13,48,397794,Standard,B
L0000917,C002357,Home Loan,440219,16.31,2022-11-05,120,357799,Standard,A
L0000918,C008159,Personal Loan,654329,7.54,2024-08-29,36,151314,Standard,A
L0000919,C009547,Personal Loan,3709039,13.75,2022-07-10,240,2470643,Standard,C
L0000920,C006968,Home Loan,3390751,16.38,2021-01-18,36,2083716,Standard,C
L0000921,C007380,Personal Loan,675461,10.52,2024-09-07,180,606517,Standard,B
L0000922,C003249,Business Loan,7066945,12.0,2025-10-02,240,6674832,Standard,A
L0000923,C006412,Personal Loan,68890,12.97,2021-12-11,240,65451,Standard,B
L0000924,C004859,Business Loan,928086,9.41,2021-02-22,84,466825,Standard,B
L0000925,C001976,Business Loan,476315,10.34,2021-08-19,180,198507,Standard,B
L0000926,C004813,Business Loan,598542,10.42,2022-12-03,240,511053,Standard,B
L0000927,C001438,Auto Loan,2975189,8.5,2022-08-28,60,1778032,Standard,B
L0000928,C000862,Auto Loan,617048,8.58,2021-06-10,120,410088,Standard,A
L0000929,C001174,Home Loan,1494499,13.39,2023-08-12,240,1076788,Standard,A
L0000930,C009014,Personal Loan,368932,11.79,2024-09-19,48,252547,Standard,A
L0000931,C006651,Personal Loan,613852,15.86,2025-06-17,84,344525,Standard,A
L0000932,C005187,Personal Loan,1282075,12.08,2024-02-27,36,1162784,Standard,B
L0000933,C006593,Auto Loan,4491736,12.57,2024-12-09,24,2644484,Standard,A
L0000934,C006338,Home Loan,966993,13.05,2022-06-09,240,614311,NPA,E
L0000935,C000527,Personal Loan,574364,13.96,2024-07-05,120,390963,Standard,B
L0000936,C002448,Home Loan,264727,8.53,2023-10-05,60,161023,Standard,B
L0000937,C007212,Business Loan,96650,11.82,2021-03-18,240,76629,Standard,C
L0000938,C007047,Business Loan,98080,12.46,2024-02-29,180,59056,Standard,A
L0000939,C005460,Education Loan,1169698,11.22,2025-01-09,24,780564,Standard,A
L0000940,C004797,Home Loan,661101,7.36,2021-03-06,48,433526,Standard,A
L0000941,C002250,Personal Loan,1496054,16.22,2023-10-01,120,1384452,Standard,C
L0000942,C008704,Personal Loan,252573,10.47,2023-01-13,60,229808,Standard,A
L0000943,C003903,Education Loan,2441823,10.69,2022-03-31,240,2135660,Standard,C
L0000944,C004644,Home Loan,1296246,15.8,2023-02-24,84,840704,NPA,D
L0000945,C007713,Business Loan,1871181,11.73,2025-09-13,60,1270086,Standard,A
L0000946,C002801,Education Loan,459577,14.28,2025-12-24,84,111741,Standard,B
L0000947,C008341,Business Loan,1126305,7.62,2023-01-16,36,946321,NPA,D
L0000948,C001085,Home Loan,259846,13.36,2025-07-13,120,169623,Standard,A
L0000949,C004057,Business Loan,599210,12.05,2025-09-18,84,370304,Standard,A
L0000950,C009400,Business Loan,81092,11.28,2025-04-02,240,67426,Standard,A
L0000951,C006750,Personal Loan,184322,15.56,2024-03-02,120,147208,Standard,B
L0000952,C009937,Auto Loan,843983,15.74,2025-05-05,120,720889,Standard,C
L0000953,C004651,Business Loan,389501,7.29,2023-12-07,84,351090,Standard,A
L0000954,C001126,Home Loan,3285248,15.17,2021-11-11,84,3029049,Standard,A
L0000955,C008079,Auto Loan,498978,11.22,2021-07-17,240,110122,Standard,A
L0000956,C003235,Auto Loan,514447,8.29,2025-07-28,240,215558,Standard,B
L0000957,C006391,Personal Loan,7505684,11.87,2024-09-12,60,1571846,Standard,A
L0000958,C005241,Home Loan,1337891,9.19,2024-07-15,120,465098,Standard,A
L0000959,C005164,Auto Loan,679999,8.51,2022-01-11,24,194478,Standard,C
L0000960,C003825,Personal Loan,293628,14.25,2021-09-24,36,284208,Standard,A
L0000961,C000524,Business Loan,532720,15.68,2025-04-03,36,185018,Standard,B
L0000962,C005301,Education Loan,448083,9.92,2023-09-23,84,323268,Standard,B
L0000963,C001867,Business Loan,124261,14.36,2023-09-09,120,63644,NPA,E
L0000964,C005871,Home Loan,88187,8.47,2023-03-09,180,37230,Standard,B
L0000965,C006888,Personal Loan,1433925,15.71,2022-04-21,48,756603,Standard,A
L0000966,C004918,Business Loan,568020,10.25,2025-08-14,60,280542,Standard,C
L0000967,C000173,Home Loan,3247819,10.09,2025-03-26,120,1915961,Standard,B
L0000968,C004239,Home Loan,573104,9.5,2024-09-30,240,231811,Standard,A
L0000969,C005891,Business Loan,2207226,11.8,2025-07-16,84,558141,Standard,B
L0000970,C003672,Home Loan,3009952,12.55,2022-11-02,84,1592194,NPA,E
L0000971,C002913,Personal Loan,5499309,10.45,2024-09-07,36,1523555,Standard,A
L0000972,C001051,Business Loan,670384,10.74,2021-04-24,240,279643,Standard,C
L0000973,C006907,Home Loan,271471,15.59,2024-11-19,60,183933,Standard,A
L0000974,C005837,Personal Loan,1004972,15.1,2024-05-12,180,717073,Standard,A
L0000975,C006209,Personal Loan,62143,10.04,2022-02-23,120,49603,Standard,A
L0000976,C006193,Auto Loan,1252043,7.51,2021-10-27,60,1199280,Standard,C
L0000977,C005374,Auto Loan,166529,11.02,2023-03-02,36,83046,Standard,C
L0000978,C000400,Home Loan,200627,16.11,2022-11-11,240,85038,Standard,B
L0000979,C006092,Personal Loan,3224463,11.19,2024-10-17,24,832319,Standard,B
L0000980,C002514,Home Loan,194129,16.31,2021-04-22,36,55183,Standard,A
L0000981,C009685,Education Loan,2765353,14.04,2021-08-26,48,1886568,Standard,A
L0000982,C002324,Personal Loan,3509462,10.23,2025-04-14,180,2859058,Standard,C
L0000983,C002363,Personal Loan,753099,14.41,2022-06-06,36,572957,NPA,E
L0000984,C008524,Business Loan,1518882,7.84,2025-08-25,180,518022,Standard,A
L0000985,C005825,Auto Loan,291923,14.58,2023-03-10,48,239861,Standard,B
L0000986,C001666,Personal Loan,1084793,11.85,2023-12-02,120,1040162,Standard,A
L0000987,C007385,Auto Loan,2343290,12.07,2024-02-08,120,1678453,Standard,A
L0000988,C007429,Business Loan,305629,12.17,2023-04-28,48,299176,Standard,B
L0000989,C000576,Auto Loan,426862,11.76,2023-09-14,84,223191,Standard,B
L0000990,C004698,Business Loan,429719,14.12,2024-01-24,240,313264,Standard,A
L0000991,C008221,Personal Loan,319003,13.78,2021-07-17,180,75487,Standard,C
L0000992,C003714,Auto Loan,325901,10.85,2025-11-03,48,95481,Standard,A
L0000993,C009664,Home Loan,571817,12.04,2023-07-03,24,386657,Standard,B
L0000994,C000532,Home Loan,532370,13.68,2023-03-30,60,183648,Standard,A
L0000995,C007749,Personal Loan,154852,8.88,2025-10-27,24,84764,Standard,B
L0000996,C005138,Education Loan,473659,15.42,2022-09-11,120,345836,Standard,B
L0000997,C006604,Business Loan,361415,8.05,2025-06-17,24,327792,Standard,B
L0000998,C001914,Personal Loan,3063330,7.4,2023-05-23,240,2802521,NPA,E
L0000999,C003783,Home Loan,341845,8.96,2023-12-30,120,134861,Standard,C
L0001000,C009535,Home Loan,391151,8.23,2025-08-08,84,108315,Standard,A
L0001001,C002945,Home Loan,835161,13.71,2021-06-19,36,672060,Standard,A
L0001002,C005519,Home Loan,4730798,14.84,2024-10-21,240,3992897,Standard,A
L0001003,C006772,Business Loan,2072511,8.6,2025-07-20,60,1349796,Standard,B
L0001004,C004493,Business Loan,2216880,14.28,2021-06-14,48,641125,Standard,A
L0001005,C008000,Personal Loan,575351,11.49,2024-04-21,60,168997,Standard,B
L0001006,C001537,Home Loan,661874,8.26,2021-11-16,84,514141,Standard,C
L0001007,C003160,Home Loan,1456566,14.53,2025-10-19,60,832696,Standard,B
L0001008,C009225,Home Loan,527847,8.94,2024-08-01,24,492337,Standard,C
L0001009,C004908,Home Loan,756029,10.65,2021-01-06,60,453460,Standard,A
L0001010,C006765,Home Loan,359995,12.05,2023-10-09,120,217172,Standard,B
L0001011,C006337,Education Loan,1425634,10.24,2022-05-07,180,1038541,Standard,A
L0001012,C006098,Personal Loan,325769,12.28,2021-11-28,36,211204,Standard,B
L0001013,C006437,Home Loan,4589400,14.86,2022-07-20,240,1975174,Standard,A
L0001014,C003599,Business Loan,907850,15.44,2025-08-02,84,276002,Standard,A
L0001015,C007492,Education Loan,1450183,13.69,2024-07-21,180,1240711,Standard,A
L0001016,C001034,Business Loan,548834,12.85,2024-03-05,120,150771,Standard,B
L0001017,C008746,Business Loan,407604,11.88,2021-07-12,240,360994,Standard,A
L0001018,C005942,Auto Loan,505483,14.32,2021-06-02,84,102227,Standard,A
L0001019,C009763,Personal Loan,813742,8.82,2023-09-20,84,346430,Standard,A
L0001020,C009354,Business Loan,1861541,11.06,2022-06-30,24,841866,Standard,A
L0001021,C006272,Education Loan,302973,13.41,2023-11-26,120,73205,Standard,A
L0001022,C004572,Home Loan,485644,10.73,2023-06-20,240,299652,Standard,A
L0001023,C003576,Home Loan,9154551,10.74,2024-07-02,36,2441218,Standard,A
L0001024,C007441,Personal Loan,313201,7.61,2023-02-17,180,109800,Standard,B
L0001025,C008585,Auto Loan,172716,12.45,2022-10-04,120,117180,Standard,B
L0001026,C002737,Personal Loan,837472,12.37,2025-11-30,24,577358,Standard,A
L0001027,C007530,Auto Loan,156135,15.74,2023-01-18,48,83771,NPA,D
L0001028,C002103,Home Loan,1141355,8.2,2021-02-13,180,642825,Standard,B
L0001029,C008586,Home Loan,276926,12.22,2023-09-18,180,252965,NPA,D
L0001030,C008209,Business Loan,308330,10.96,2025-04-02,240,92539,Standard,B
L0001031,C005402,Home Loan,1056658,7.82,2025-08-01,36,623214,Standard,A
L0001032,C005581,Business Loan,1021028,12.07,2023-06-09,36,360900,Standard,A
L0001033,C009805,Education Loan,406494,12.4,2023-06-03,120,102606,Standard,A
L0001034,C002578,Business Loan,440512,14.68,2023-10-01,120,376486,Standard,A
L0001035,C002349,Business Loan,784468,14.64,2023-09-16,36,743702,Standard,A
L0001036,C008158,Personal Loan,112823,7.92,2021-07-03,84,63813,Standard,B
L0001037,C008784,Personal Loan,2673482,13.78,2022-01-12,36,1169411,Standard,A
L0001038,C007449,Auto Loan,608915,9.97,2024-02-19,48,167925,Standard,B
L0001039,C002019,Home Loan,629345,8.75,2025-03-04,180,229327,Standard,A
L0001040,C003839,Home Loan,888332,16.01,2023-02-16,120,256783,NPA,E
L0001041,C004494,Business Loan,369483,13.21,2021-01-20,180,167205,NPA,D
L0001042,C001598,Home Loan,723120,10.14,2021-05-05,60,457880,Standard,B
L0001043,C007889,Education Loan,606765,15.01,2023-12-01,36,409321,Standard,C
L0001044,C004512,Business Loan,321237,8.39,2025-05-03,36,249679,Standard,B
L0001045,C005748,Education Loan,506634,9.6,2025-11-23,84,230649,NPA,E
L0001046,C007624,Personal Loan,3587401,15.44,2024-05-18,180,2623376,Standard,A
L0001047,C002404,Personal Loan,1246906,13.83,2021-10-15,24,331189,Standard,B
L0001048,C006541,Business Loan,998713,10.28,2024-06-18,48,313576,Standard,A
L0001049,C001535,Auto Loan,271504,14.48,2021-10-17,240,113962,Standard,A
L0001050,C009726,Home Loan,1378895,8.21,2025-12-12,24,383798,Standard,B
L0001051,C001347,Personal Loan,316768,12.56,2024-03-09,48,189759,Standard,B
L0001052,C007866,Auto Loan,1934569,10.24,2021-02-25,240,1149674,Standard,A
L0001053,C006633,Personal Loan,1012341,9.05,2024-11-07,60,263718,Standard,A
L0001054,C002793,Home Loan,129094,14.94,2023-12-07,84,44437,Standard,C
L0001055,C006925,Auto Loan,373508,12.4,2025-12-10,36,331753,Standard,B
L0001056,C008657,Business Loan,1221518,11.72,2025-02-05,180,1146401,Standard,B
L0001057,C009291,Personal Loan,671308,12.95,2022-12-02,180,375127,Standard,B
L0001058,C007610,Home Loan,1133022,14.33,2025-08-18,240,487715,Standard,A
L0001059,C002034,Education Loan,1109949,15.63,2023-04-05,60,655857,Standard,A
L0001060,C000543,Auto Loan,288015,8.53,2022-12-20,180,109519,NPA,D
L0001061,C002215,Home Loan,3257991,13.43,2024-04-30,36,1294107,Standard,A
L0001062,C005257,Personal Loan,320060,15.28,2021-03-21,24,100476,Standard,B
L0001063,C003831,Personal Loan,638968,13.17,2023-10-19,84,572503,Standard,B
L0001064,C009501,Personal Loan,199362,9.9,2023-09-24,180,125586,Standard,A
L0001065,C006387,Home Loan,900842,8.77,2023-06-01,24,503454,Standard,B
L0001066,C000404,Education Loan,657463,10.35,2024-12-28,240,235817,Standard,B
L0001067,C000821,Education Loan,86849,10.39,2022-01-23,48,84865,Standard,A
L0001068,C008384,Business Loan,405706,14.94,2023-03-29,84,160992,Standard,A
L0001069,C007233,Business Loan,796985,14.36,2025-08-06,240,467922,Standard,B
L0001070,C003935,Auto Loan,562925,16.38,2023-11-10,84,369836,Standard,A
L0001071,C000822,Auto Loan,416207,9.4,2023-10-27,84,340032,Standard,A
L0001072,C006304,Business Loan,3723192,13.9,2024-08-09,84,1904611,Standard,B
L0001073,C002357,Home Loan,411330,11.68,2025-02-25,24,154350,Standard,B
L0001074,C008106,Personal Loan,135454,15.47,2021-06-12,120,43204,NPA,D
L0001075,C008546,Personal Loan,1301233,15.69,2022-08-13,120,1048963,Standard,A
L0001076,C007582,Personal Loan,1379712,12.98,2023-09-18,60,323752,Standard,A
L0001077,C003340,Personal Loan,1008304,7.94,2025-08-25,120,778708,Standard,B
L0001078,C009243,Home Loan,633411,7.81,2023-12-09,60,334227,Standard,B
L0001079,C001729,Education Loan,653780,14.47,2021-08-19,240,154331,Standard,A
L0001080,C007561,Auto Loan,239394,10.05,2021-07-04,48,87139,NPA,D
L0001081,C006480,Business Loan,913857,13.86,2023-11-17,240,621799,Standard,A
L0001082,C003887,Personal Loan,213385,13.49,2023-10-13,180,206074,Standard,A
L0001083,C006040,Auto Loan,870860,9.4,2024-12-29,36,663042,Standard,A
L0001084,C004786,Personal Loan,171896,10.24,2021-03-15,84,59346,Standard,A
L0001085,C009246,Home Loan,184354,8.04,2025-09-08,24,92533,Standard,A
L0001086,C003599,Auto Loan,6376930,16.08,2021-11-30,180,4707026,Standard,C
L0001087,C006537,Personal Loan,126697,7.93,2021-09-21,24,115837,Standard,B
L0001088,C003172,Personal Loan,564469,14.19,2023-01-04,24,191228,Standard,C
L0001089,C000053,Auto Loan,860820,13.9,2021-09-30,240,334196,Standard,B
L0001090,C009318,Business Loan,1211549,14.38,2023-09-18,240,676742,Standard,A
L0001091,C008498,Home Loan,151800,13.49,2022-08-24,84,64848,Standard,A
L0001092,C000680,Business Loan,160988,11.57,2022-03-09,60,60853,Standard,A
L0001093,C000930,Personal Loan,1034853,10.28,2021-09-19,84,902229,Standard,A
L0001094,C006606,Auto Loan,1115462,13.48,2023-03-23,48,1078938,Standard,A
L0001095,C003406,Education Loan,642232,9.47,2024-12-12,24,515894,Standard,B
L0001096,C000237,Home Loan,1642768,16.1,2025-03-30,48,473444,Standard,B
L0001097,C007703,Personal Loan,1184703,12.66,2024-06-07,60,1098028,Standard,B
L0001098,C005888,Personal Loan,1710289,11.61,2023-01-09,24,455741,Standard,B
L0001099,C008983,Auto Loan,758663,13.79,2025-07-15,240,603781,NPA,D
L0001100,C009538,Auto Loan,1006498,10.15,2025-10-15,60,835676,Standard,B
L0001101,C009421,Business Loan,1242939,14.65,2023-03-19,24,827705,Standard,B
L0001102,C000884,Auto Loan,474848,15.13,2022-02-09,240,163725,Standard,B
L0001103,C006587,Auto Loan,1333787,11.94,2024-02-02,180,774554,Standard,A
L0001104,C005296,Personal Loan,866533,12.95,2024-06-21,60,673654,Standard,A
L0001105,C004284,Home Loan,620797,8.22,2021-08-19,120,289889,NPA,E
L0001106,C000998,Personal Loan,355831,15.06,2023-01-09,24,276472,NPA,E
L0001107,C007572,Home Loan,768630,9.52,2024-04-05,240,306183,Standard,A
L0001108,C000108,Home Loan,566786,7.45,2023-03-25,84,328305,Standard,A
L0001109,C009965,Personal Loan,437493,7.81,2021-05-31,24,149675,Standard,A
L0001110,C000825,Business Loan,358889,15.86,2022-07-12,24,183588,Standard,A
L0001111,C007460,Home Loan,1241929,10.4,2023-08-06,180,1142441,Standard,B
L0001112,C002361,Home Loan,485599,10.09,2024-06-05,240,136024,Standard,B
L0001113,C007729,Business Loan,811512,13.38,2022-08-06,120,298736,Standard,A
L0001114,C005542,Personal Loan,306518,12.69,2024-04-05,84,193852,Standard,A
L0001115,C000677,Home Loan,598194,13.6,2023-05-25,60,182047,Standard,A
L0001116,C004067,Education Loan,5604476,11.17,2025-02-21,120,1811071,Standard,A
L0001117,C005301,Personal Loan,1217194,14.52,2024-06-27,84,288122,Standard,A
L0001118,C009349,Business Loan,1037677,15.37,2024-10-29,120,687241,Standard,B
L0001119,C001556,Auto Loan,588478,8.57,2023-01-31,48,502938,Standard,B
L0001120,C008093,Home Loan,1157778,8.3,2022-05-30,48,1105678,Standard,A
L0001121,C004062,Home Loan,711118,16.09,2025-12-12,60,640943,Standard,A
L0001122,C008841,Business Loan,903665,8.15,2025-04-03,240,568414,Standard,B
L0001123,C009549,Auto Loan,215216,11.65,2021-10-16,24,180156,Standard,B
L0001124,C001866,Home Loan,463012,11.63,2025-04-05,240,108562,Standard,B
L0001125,C009425,Business Loan,439736,15.68,2021-03-12,36,314865,Standard,B
L0001126,C003901,Auto Loan,352333,10.66,2023-08-16,240,77623,Standard,A
L0001127,C003389,Personal Loan,606081,11.54,2025-03-15,84,357463,Standard,B
L0001128,C001734,Business Loan,2396273,14.62,2022-12-19,180,1110655,NPA,E
L0001129,C006162,Personal Loan,168278,10.42,2022-07-09,48,110402,Standard,A
L0001130,C000840,Business Loan,934067,7.78,2021-10-02,48,745600,Standard,B
L0001131,C001755,Education Loan,1008769,7.52,2024-12-01,180,716994,Standard,A
L0001132,C002081,Auto Loan,1237341,13.99,2021-06-07,48,425860,Standard,B
L0001133,C004846,Personal Loan,393878,14.63,2022-04-27,120,313406,Standard,B
L0001134,C002609,Education Loan,1213923,7.32,2022-03-21,48,946358,Standard,B
L0001135,C000877,Auto Loan,1438541,15.19,2022-05-18,36,616808,Standard,B
L0001136,C009668,Personal Loan,613670,11.79,2022-12-28,180,537904,Standard,A
L0001137,C004849,Business Loan,1186737,7.46,2021-01-06,36,962348,NPA,E
L0001138,C000498,Personal Loan,1969358,12.38,2023-03-15,36,1202335,Standard,A
L0001139,C005166,Auto Loan,2515096,8.21,2025-12-10,240,886257,Standard,B
L0001140,C002163,Business Loan,941086,10.26,2021-03-27,120,807635,Standard,A
L0001141,C002171,Personal Loan,321217,8.79,2021-02-27,60,313687,Standard,A
L0001142,C006495,Auto Loan,381532,12.18,2022-07-22,120,177137,Standard,A
L0001143,C003511,Personal Loan,2636102,12.4,2024-10-18,84,2213846,NPA,E
L0001144,C005962,Auto Loan,1331773,15.62,2021-06-17,84,862306,Standard,B
L0001145,C007679,Business Loan,636388,8.46,2022-02-12,120,242669,Standard,A
L0001146,C006219,Personal Loan,398308,11.85,2022-01-17,240,116776,Standard,A
L0001147,C008524,Education Loan,907616,12.59,2025-05-02,24,452856,Standard,C
L0001148,C001163,Personal Loan,236622,10.78,2024-06-18,24,145517,Standard,A
L0001149,C008795,Auto Loan,836672,8.1,2022-03-13,60,315801,Standard,B
L0001150,C003607,Personal Loan,2200343,15.08,2023-09-20,24,906671,Standard,B
L0001151,C005608,Auto Loan,1924593,11.66,2024-03-22,120,1503094,Standard,B
L0001152,C004157,Personal Loan,964570,10.28,2022-01-03,48,911339,Standard,B
L0001153,C003089,Personal Loan,852340,7.32,2024-02-21,60,687917,Standard,C
L0001154,C000839,Personal Loan,1017423,15.58,2023-12-29,60,893206,NPA,E
L0001155,C002374,Auto Loan,213010,14.8,2025-05-04,60,110604,Standard,A
L0001156,C007267,Personal Loan,458789,8.63,2023-06-26,48,347331,Standard,A
L0001157,C002084,Auto Loan,1860005,9.39,2023-09-04,180,781028,Standard,A
L0001158,C005969,Personal Loan,662084,10.79,2022-08-04,240,413330,Standard,B
L0001159,C002546,Home Loan,2331837,12.27,2025-04-06,180,1778637,Standard,A
L0001160,C006357,Personal Loan,362641,11.57,2021-05-07,84,345054,Standard,A
L0001161,C006116,Business Loan,1118979,14.34,2022-10-13,60,469401,Standard,B
L0001162,C002079,Business Loan,3050059,16.05,2023-06-07,240,1430303,Standard,B
L0001163,C006422,Education Loan,789743,11.04,2021-07-17,24,645197,Standard,A
L0001164,C009343,Home Loan,1019736,8.13,2021-01-28,48,531769,Standard,A
L0001165,C007516,Business Loan,1100134,15.51,2024-08-06,120,680838,Standard,A
L0001166,C007245,Personal Loan,723419,15.05,2022-11-24,24,341213,Standard,C
L0001167,C007489,Personal Loan,1416192,15.39,2022-05-01,180,1374609,Standard,B
L0001168,C003252,Personal Loan,461620,11.32,2023-09-16,60,365060,Standard,B
L0001169,C005591,Personal Loan,272173,10.33,2023-07-18,84,181008,Standard,B
L0001170,C007243,Business Loan,1799388,16.02,2022-03-09,60,630696,Standard,C
L0001171,C008470,Education Loan,1805802,13.75,2021-08-05,60,1498125,Standard,B
L0001172,C009393,Education Loan,2282179,10.6,2021-09-14,84,1608982,Standard,C
L0001173,C000645,Home Loan,1539135,8.28,2024-09-16,60,1177673,Standard,B
L0001174,C007818,Auto Loan,643874,9.7,2023-07-29,48,532471,Standard,C
L0001175,C005705,Education Loan,250245,7.9,2023-09-04,60,185339,Standard,A
L0001176,C003921,Auto Loan,300188,14.54,2023-07-06,180,195613,Standard,C
L0001177,C001791,Personal Loan,930489,8.2,2022-01-04,60,522236,Standard,C
L0001178,C007760,Business Loan,327044,7.58,2022-02-27,36,102614,Standard,B
L0001179,C004426,Business Loan,7613566,8.37,2022-04-10,48,3950427,Standard,C
L0001180,C006199,Home Loan,1748831,15.65,2022-01-20,120,1659165,Standard,C
L0001181,C008898,Personal Loan,460183,8.33,2024-02-13,240,338891,Standard,A
L0001182,C008495,Auto Loan,2036964,10.37,2023-10-15,84,1420752,Standard,B
L0001183,C008097,Business Loan,476242,10.66,2021-05-30,24,366365,Standard,B
L0001184,C003145,Personal Loan,578515,7.63,2025-06-07,240,286827,Standard,A
L0001185,C009873,Education Loan,298972,12.62,2023-11-27,36,82165,Standard,B
L0001186,C004705,Personal Loan,381038,16.25,2024-09-04,36,274229,Standard,B
L0001187,C004142,Personal Loan,917786,12.33,2023-04-10,180,622596,Standard,B
L0001188,C003274,Home Loan,471382,8.12,2022-11-09,36,370962,Standard,A
L0001189,C001830,Personal Loan,245084,7.27,2025-01-19,24,127805,Standard,A
L0001190,C004008,Business Loan,316469,10.91,2024-12-12,240,166181,Standard,A
L0001191,C006008,Auto Loan,848222,11.61,2025-08-31,24,280822,Standard,B
L0001192,C000115,Personal Loan,777253,12.88,2023-07-21,84,684828,Standard,B
L0001193,C006005,Auto Loan,488444,13.7,2021-02-24,120,323668,Standard,A
L0001194,C008096,Auto Loan,152944,11.46,2022-08-19,60,108403,Standard,B
L0001195,C006541,Personal Loan,647257,11.14,2021-07-26,36,462394,Standard,B
L0001196,C007745,Home Loan,2400271,9.53,2025-03-14,240,1914603,Standard,A
L0001197,C001262,Personal Loan,2798060,10.35,2022-10-02,36,1951349,Standard,C
L0001198,C004696,Home Loan,456140,7.72,2023-10-22,48,351209,Standard,A
L0001199,C004900,Auto Loan,765651,8.4,2022-02-04,240,372891,Standard,B
L0001200,C007594,Business Loan,141716,14.18,2022-09-16,24,37713,Standard,B
L0001201,C007253,Home Loan,499085,8.35,2025-08-05,24,216474,Standard,A
L0001202,C002499,Auto Loan,750551,11.11,2024-03-18,120,180157,Standard,A
L0001203,C009212,Home Loan,132979,11.67,2024-02-25,36,85079,Standard,A
L0001204,C009028,Home Loan,2509557,7.23,2024-01-18,180,591971,Standard,A
L0001205,C005956,Business Loan,527259,14.24,2021-03-09,48,134840,Standard,B
L0001206,C003080,Auto Loan,1551645,12.01,2023-04-27,240,1042244,Standard,A
L0001207,C003402,Education Loan,2847672,7.68,2024-02-14,48,1965297,Standard,A
L0001208,C008887,Education Loan,9162468,11.35,2021-04-01,120,4702641,Standard,A
L0001209,C000605,Auto Loan,972556,7.71,2021-12-26,24,203060,Standard,B
L0001210,C004001,Personal Loan,459075,14.46,2021-09-15,120,214654,Standard,B
L0001211,C005782,Personal Loan,975503,15.2,2021-07-01,60,903192,Standard,A
L0001212,C007866,Home Loan,330332,12.89,2025-02-09,180,77142,Standard,B
L0001213,C004340,Personal Loan,499069,15.8,2022-11-15,84,239050,NPA,D
L0001214,C008624,Personal Loan,133653,13.82,2022-01-06,180,38833,Standard,B
L0001215,C005568,Home Loan,2469464,14.47,2023-05-04,180,1590833,Standard,B
L0001216,C006669,Business Loan,515990,10.76,2024-06-05,120,394261,Standard,B
L0001217,C008774,Personal Loan,979362,7.45,2025-05-03,60,393871,Standard,A
L0001218,C003293,Business Loan,260313,9.3,2021-01-19,60,60681,Standard,B
L0001219,C006095,Personal Loan,2242398,12.89,2024-01-12,240,1689058,Standard,A
L0001220,C000579,Education Loan,1429774,8.12,2023-04-07,240,1289761,Standard,B
L0001221,C000771,Business Loan,449966,12.47,2022-09-22,240,400739,Standard,B
L0001222,C000064,Personal Loan,607981,15.82,2025-06-10,84,252933,Standard,C
L0001223,C003424,Auto Loan,1725788,12.89,2021-04-20,240,948708,Standard,B
L0001224,C001922,Personal Loan,383603,15.63,2025-12-06,48,79599,Standard,A
L0001225,C007869,Personal Loan,283933,9.68,2021-11-29,24,200105,Standard,B
L0001226,C000055,Home Loan,1224738,7.51,2024-10-28,24,1110876,Standard,C
L0001227,C005137,Home Loan,726194,15.45,2022-01-19,180,426046,Standard,A
L0001228,C003190,Education Loan,1144806,16.23,2023-09-18,180,703932,Standard,A
L0001229,C001466,Auto Loan,1457790,13.28,2021-12-27,180,358254,Standard,A
L0001230,C006652,Home Loan,1158720,13.86,2024-04-07,180,285751,Standard,C
L0001231,C002752,Education Loan,335221,13.56,2025-09-18,24,106147,Standard,A
L0001232,C006886,Personal Loan,320570,15.97,2025-07-16,180,285220,Standard,B
L0001233,C000726,Education Loan,2412653,7.31,2023-10-24,180,2277074,Standard,A
L0001234,C006853,Education Loan,392577,8.11,2022-01-20,180,240376,Standard,B
L0001235,C001469,Auto Loan,4540029,11.05,2024-10-20,36,1157294,Standard,A
L0001236,C009512,Personal Loan,628737,13.97,2025-04-07,48,455294,Standard,B
L0001237,C006107,Personal Loan,4633503,11.64,2024-04-22,240,1926741,Standard,A
L0001238,C000830,Personal Loan,2684864,15.94,2025-04-18,24,700762,Standard,B
L0001239,C004950,Auto Loan,1344529,8.13,2024-01-10,24,1244333,Standard,B
L0001240,C009499,Home Loan,1095482,14.2,2021-09-29,48,939214,Standard,A
L0001241,C002580,Business Loan,2802154,7.51,2023-12-01,240,775247,Standard,B
L0001242,C002853,Personal Loan,3007159,11.59,2021-10-12,120,2941711,Standard,A
L0001243,C008047,Personal Loan,3811165,14.93,2022-03-13,60,2954865,Standard,A
L0001244,C000250,Education Loan,806211,15.11,2021-02-15,240,486470,Standard,A
L0001245,C003471,Education Loan,1266290,11.54,2025-07-22,240,365031,Standard,B
L0001246,C000543,Home Loan,96401,15.36,2022-04-21,48,93941,Standard,C
L0001247,C000375,Personal Loan,1008713,7.93,2021-11-16,120,938730,Standard,B
L0001248,C004658,Personal Loan,717484,12.53,2024-12-19,120,393510,NPA,E
L0001249,C007644,Home Loan,469510,14.54,2024-10-25,240,311067,Standard,A
L0001250,C004487,Business Loan,2302147,8.43,2024-08-25,24,1955414,Standard,A
L0001251,C008743,Home Loan,352288,15.01,2025-04-30,84,167696,Standard,C
L0001252,C004461,Personal Loan,668373,16.47,2024-05-22,36,587955,NPA,D
L0001253,C007534,Home Loan,1150868,8.89,2025-01-15,84,368759,Standard,B
L0001254,C005063,Auto Loan,586606,16.35,2022-09-22,24,518118,Standard,A
L0001255,C008585,Home Loan,849072,9.41,2022-09-13,180,197372,Standard,B
L0001256,C001016,Personal Loan,648446,7.96,2021-11-10,36,422478,Standard,B
L0001257,C004474,Education Loan,50434,9.31,2022-01-26,24,10711,Standard,A
L0001258,C003065,Home Loan,1183130,13.11,2022-12-26,240,538127,Standard,A
L0001259,C000236,Education Loan,66509,15.95,2022-06-23,48,40270,Standard,A
L0001260,C006005,Personal Loan,1109249,11.62,2022-10-31,36,402433,NPA,E
L0001261,C003735,Personal Loan,1981226,10.73,2021-06-09,240,1498329,Standard,A
L0001262,C000436,Auto Loan,1312090,10.18,2023-01-01,48,558001,Standard,B
L0001263,C009594,Education Loan,1585078,10.08,2023-06-30,180,690264,Standard,A
L0001264,C006010,Home Loan,5020744,13.37,2025-12-24,48,4377439,Standard,A
L0001265,C000934,Personal Loan,3724795,7.31,2022-05-07,240,3443877,Standard,B
L0001266,C006034,Personal Loan,402571,15.09,2024-03-30,120,209803,Standard,B
L0001267,C008305,Education Loan,789844,10.42,2024-05-29,180,574317,Standard,C
L0001268,C009433,Education Loan,768295,14.82,2024-03-17,84,375317,Standard,B
L0001269,C005492,Personal Loan,915886,13.98,2022-03-12,84,848201,Standard,A
L0001270,C000606,Home Loan,1328976,11.63,2022-05-19,60,916190,Standard,A
L0001271,C003442,Personal Loan,339603,13.02,2025-12-19,240,134775,Standard,C
L0001272,C002859,Personal Loan,763038,12.5,2022-03-01,120,721176,Standard,B
L0001273,C002756,Business Loan,1538729,13.35,2021-02-22,24,1166316,Standard,A
L0001274,C002003,Personal Loan,514244,15.37,2022-03-06,36,380450,Standard,B
L0001275,C006880,Home Loan,95246,13.55,2025-07-08,84,26315,Standard,A
L0001276,C003916,Personal Loan,2133532,13.44,2023-02-14,180,1288099,Standard,B
L0001277,C009415,Auto Loan,817428,11.24,2022-11-11,48,179900,Standard,B
L0001278,C008932,Home Loan,2569006,10.66,2023-01-16,240,2282895,Standard,C
L0001279,C001350,Home Loan,664105,12.84,2021-02-26,120,618842,Standard,B
L0001280,C009617,Business Loan,3423249,7.2,2022-12-04,120,977038,NPA,D
L0001281,C009870,Personal Loan,699741,8.63,2025-04-22,60,189343,Standard,C
L0001282,C000716,Home Loan,319140,10.51,2023-06-02,120,166008,Standard,A
L0001283,C009591,Home Loan,878898,8.75,2022-08-13,84,845569,Standard,A
L0001284,C008313,Personal Loan,923675,14.54,2024-03-01,180,187149,Standard,B
L0001285,C002379,Home Loan,1217462,10.66,2022-03-02,120,640476,Standard,B
L0001286,C002401,Education Loan,1542893,15.15,2025-06-16,60,1247070,Standard,B
L0001287,C004156,Personal Loan,75169,16.39,2025-12-31,180,33296,Standard,B
L0001288,C005954,Business Loan,378634,15.29,2021-06-02,240,252408,Standard,C
L0001289,C002008,Personal Loan,2033134,10.78,2021-01-16,180,1066717,Standard,A
L0001290,C001232,Education Loan,1978052,15.48,2025-11-10,120,1563198,Standard,B
L0001291,C004991,Personal Loan,323223,10.55,2025-10-23,180,66763,Standard,B
L0001292,C000365,Education Loan,276980,12.51,2022-08-06,240,227728,Standard,A
L0001293,C000201,Auto Loan,92450,16.03,2022-01-30,180,26473,Standard,B
L0001294,C003333,Home Loan,851045,15.8,2024-01-14,84,490131,Standard,B
L0001295,C002091,Business Loan,1049688,10.92,2023-03-22,36,300202,Standard,A
L0001296,C004353,Personal Loan,281181,8.39,2024-04-21,24,155182,Standard,A
L0001297,C007568,Education Loan,790839,15.11,2022-06-08,24,720960,Standard,B
L0001298,C009561,Personal Loan,612440,13.68,2021-03-17,240,291165,Standard,A
L0001299,C006867,Business Loan,140350,13.11,2024-04-10,84,105730,Standard,A
L0001300,C006717,Business Loan,2186381,11.83,2025-11-26,84,2136424,Standard,A
L0001301,C004462,Home Loan,876729,9.15,2022-01-19,180,436277,Standard,A
L0001302,C000219,Education Loan,1531813,9.71,2025-12-24,60,1470495,Standard,B
L0001303,C009865,Business Loan,1246318,9.05,2022-06-22,180,1047246,Standard,A
L0001304,C008956,Personal Loan,1550518,12.43,2023-05-20,84,1501958,Standard,A
L0001305,C002501,Personal Loan,339588,10.14,2022-10-04,180,315044,Standard,A
L0001306,C002588,Personal Loan,3640248,9.14,2025-10-20,60,886377,Standard,C
L0001307,C002897,Education Loan,954549,15.02,2024-03-25,48,388900,NPA,D
L0001308,C007092,Business Loan,1199215,12.44,2023-11-20,240,1066494,Standard,B
L0001309,C009749,Education Loan,1703929,11.9,2022-04-08,60,772164,Standard,A
L0001310,C002450,Personal Loan,2017866,8.68,2022-02-22,84,1848274,Standard,A
L0001311,C000885,Auto Loan,149933,11.75,2023-08-19,240,114083,Standard,C
L0001312,C004350,Business Loan,481910,11.52,2021-10-04,84,329737,Standard,A
L0001313,C002630,Business Loan,1191245,16.13,2023-01-12,180,1082540,Standard,B
L0001314,C000869,Business Loan,5018481,15.35,2024-01-18,84,1912139,Standard,A
L0001315,C004823,Education Loan,1789535,15.98,2021-01-16,48,1415547,Standard,B
L0001316,C006482,Home Loan,159457,9.01,2021-10-27,84,45329,Standard,A
L0001317,C004461,Personal Loan,1294075,8.12,2022-11-05,48,939095,Standard,C
L0001318,C005856,Auto Loan,50000,8.21,2025-11-02,120,33107,Standard,C
L0001319,C001845,Home Loan,1277560,8.0,2024-12-04,240,538418,Standard,B
L0001320,C003028,Personal Loan,260554,11.2,2023-06-10,84,222123,Standard,C
L0001321,C002742,Personal Loan,2084303,7.53,2024-12-04,48,1989453,Standard,B
L0001322,C001253,Personal Loan,248874,8.06,2022-02-10,60,157360,Standard,A
L0001323,C002693,Education Loan,395186,14.14,2022-04-17,60,192424,Standard,A
L0001324,C002723,Auto Loan,1434010,8.77,2024-01-01,84,340300,Standard,A
L0001325,C008895,Auto Loan,181308,9.28,2022-05-08,180,153874,Standard,B
L0001326,C005000,Education Loan,2296117,9.14,2021-11-05,180,623030,Standard,A
L0001327,C003531,Auto Loan,767836,12.89,2022-06-21,24,412264,Standard,A
L0001328,C001217,Personal Loan,810153,7.97,2024-06-23,48,246434,Standard,B
L0001329,C009696,Auto Loan,269111,14.81,2023-07-24,180,194427,Standard,A
L0001330,C000672,Auto Loan,919398,12.39,2022-02-07,120,516562,Standard,B
L0001331,C003874,Personal Loan,992149,7.22,2024-08-30,84,894269,NPA,D
L0001332,C006413,Education Loan,2830821,16.07,2025-10-06,60,1009504,Standard,A
L0001333,C001062,Personal Loan,271115,7.53,2025-01-05,48,90882,Standard,A
L0001334,C008387,Education Loan,2745683,10.68,2024-09-21,180,2114049,Standard,B
L0001335,C004068,Home Loan,388649,8.82,2023-07-24,48,117776,Standard,B
L0001336,C000322,Auto Loan,489463,12.24,2022-11-06,60,178762,Standard,B
L0001337,C001067,Business Loan,374279,11.46,2022-02-04,120,157187,Standard,A
L0001338,C000452,Home Loan,429921,13.53,2021-01-02,84,187966,Standard,A
L0001339,C000141,Education Loan,1238361,14.49,2021-04-15,180,500084,Standard,C
L0001340,C003472,Business Loan,463256,12.96,2024-07-12,84,216330,Standard,C
L0001341,C006698,Home Loan,224770,11.59,2021-03-30,180,93575,Standard,B
L0001342,C004465,Business Loan,415345,14.23,2021-08-28,84,286573,Standard,A
L0001343,C001792,Business Loan,931680,15.08,2022-07-27,180,641749,Standard,B
L0001344,C001270,Personal Loan,2332125,10.95,2025-10-26,24,1346326,Standard,A
L0001345,C009114,Business Loan,360680,10.67,2025-01-16,36,313301,Standard,B
L0001346,C005979,Auto Loan,1287047,7.59,2022-01-18,60,333402,Standard,B
L0001347,C009214,Auto Loan,4321168,7.35,2025-07-02,48,2661089,Standard,B
L0001348,C004918,Business Loan,947277,15.43,2021-05-06,36,513421,NPA,D
L0001349,C005776,Education Loan,364059,15.56,2024-12-06,180,97211,Standard,C
L0001350,C008440,Personal Loan,452175,12.86,2021-08-19,36,301618,Standard,B
L0001351,C003039,Auto Loan,808149,12.28,2023-11-15,240,287882,Standard,C
L0001352,C003545,Education Loan,571270,15.96,2021-05-07,180,316767,Standard,A
L0001353,C003891,Home Loan,1806022,14.93,2023-12-09,84,1286835,Standard,B
L0001354,C001275,Auto Loan,826189,16.19,2023-07-29,240,358942,Standard,B
L0001355,C000234,Home Loan,324221,8.13,2024-01-17,84,173858,Standard,A
L0001356,C000183,Home Loan,409829,16.46,2021-12-20,36,396688,Standard,B
L0001357,C004742,Business Loan,990405,10.59,2021-07-09,180,599501,Standard,A
L0001358,C002215,Business Loan,160633,12.22,2025-08-07,180,116621,Standard,C
L0001359,C000353,Business Loan,362797,8.42,2025-04-16,24,82760,Standard,B
L0001360,C003580,Personal Loan,808618,12.61,2025-12-04,180,411977,Standard,B
L0001361,C000426,Education Loan,1175631,9.41,2025-12-17,120,873406,Standard,B
L0001362,C003165,Auto Loan,389670,14.29,2025-05-23,48,346254,Standard,A
L0001363,C004178,Home Loan,2004047,10.01,2023-03-31,240,516870,Standard,B
L0001364,C000238,Education Loan,446241,10.03,2025-03-04,24,245512,NPA,E
L0001365,C000142,Personal Loan,1630887,12.62,2025-09-13,84,345949,Standard,B
L0001366,C007498,Home Loan,299799,11.82,2024-05-25,84,209934,Standard,A
L0001367,C003243,Business Loan,349816,11.33,2025-07-15,180,338726,Standard,A
L0001368,C005192,Education Loan,1023698,9.5,2022-09-28,60,313091,Standard,C
L0001369,C001544,Personal Loan,125814,9.96,2024-08-28,36,103315,Standard,A
L0001370,C009811,Auto Loan,248467,11.66,2023-01-07,240,215996,Standard,C
L0001371,C007408,Personal Loan,316032,12.35,2022-08-05,84,252815,Standard,B
L0001372,C007655,Business Loan,1061763,8.81,2022-02-02,60,475347,Standard,A
L0001373,C002519,Education Loan,671187,10.23,2024-12-08,24,590056,Standard,A
L0001374,C006999,Home Loan,390306,15.39,2021-06-05,120,352386,Standard,A
L0001375,C005643,Personal Loan,114056,8.79,2022-04-04,48,76871,Standard,B
L0001376,C004258,Business Loan,302272,9.98,2021-04-01,48,157017,Standard,A
L0001377,C001246,Auto Loan,5765865,7.74,2023-12-24,120,3093334,Standard,B
L0001378,C004880,Personal Loan,2182087,8.35,2025-07-24,36,2028149,Standard,B
L0001379,C002564,Home Loan,387533,8.26,2022-11-09,84,193060,Standard,A
L0001380,C009554,Auto Loan,341784,11.3,2022-04-23,240,93084,Standard,A
L0001381,C007989,Personal Loan,135448,10.87,2025-09-20,48,61038,NPA,D
L0001382,C002472,Home Loan,5278462,8.61,2021-06-27,60,2051693,Standard,B
L0001383,C000109,Home Loan,480551,7.72,2022-12-23,24,339385,Standard,A
L0001384,C009382,Business Loan,1075830,16.29,2025-03-21,60,260304,Standard,A
L0001385,C001062,Auto Loan,817492,8.67,2023-07-08,84,588908,Standard,B
L0001386,C000435,Education Loan,626975,13.23,2023-01-15,84,357653,Standard,A
L0001387,C001297,Home Loan,1576040,15.5,2022-06-21,120,1041939,Standard,B
L0001388,C007307,Auto Loan,415723,9.5,2024-11-23,120,195789,Standard,B
L0001389,C006975,Business Loan,387822,14.91,2023-07-18,36,262226,Standard,B
L0001390,C005000,Education Loan,466113,11.31,2023-11-04,120,345067,Standard,B
L0001391,C001228,Business Loan,767634,7.22,2025-10-26,36,654019,Standard,A
L0001392,C003331,Business Loan,990007,11.76,2023-02-27,240,300230,Standard,A
L0001393,C007468,Auto Loan,108411,9.03,2022-02-22,240,80013,Standard,B
L0001394,C000459,Personal Loan,518060,7.74,2025-02-10,180,294061,Standard,A
L0001395,C007754,Personal Loan,588954,8.33,2021-11-14,84,437374,Standard,B
L0001396,C000855,Personal Loan,309863,16.24,2021-02-14,36,74810,Standard,B
L0001397,C008126,Business Loan,420253,10.2,2024-08-26,84,140057,Standard,A
L0001398,C003729,Auto Loan,837818,15.4,2023-11-23,240,447109,Standard,B
L0001399,C004359,Personal Loan,114240,9.16,2024-10-08,120,107289,Standard,A
L0001400,C003098,Business Loan,1313575,7.6,2025-04-19,180,382417,Standard,A
L0001401,C001322,Auto Loan,1261854,15.68,2024-12-21,240,395425,Standard,B
L0001402,C000731,Auto Loan,1480798,16.3,2021-07-15,84,960814,NPA,E
L0001403,C005370,Auto Loan,291849,8.87,2023-10-29,84,78096,Standard,B
L0001404,C008544,Personal Loan,105893,7.2,2025-11-15,240,23285,Standard,A
L0001405,C003029,Home Loan,2873802,11.27,2025-05-27,36,2209474,Standard,A
L0001406,C008448,Auto Loan,373072,13.45,2021-04-13,84,167827,Standard,A
L0001407,C002878,Auto Loan,530335,15.69,2024-11-08,48,465309,Standard,B
L0001408,C001958,Auto Loan,82418,8.31,2023-06-02,180,80254,NPA,D
L0001409,C005047,Business Loan,3380969,15.83,2023-05-19,24,2953075,Standard,B
L0001410,C001687,Personal Loan,978137,12.71,2021-12-24,180,511499,Standard,A
L0001411,C007169,Business Loan,185793,16.12,2021-10-25,60,129828,NPA,D
L0001412,C007048,Business Loan,1832540,15.49,2023-10-26,24,842284,Standard,A
L0001413,C009192,Education Loan,588500,14.37,2021-02-15,36,157428,Standard,A
L0001414,C008819,Home Loan,1268468,15.11,2022-01-26,48,767262,Standard,B
L0001415,C007971,Personal Loan,1756567,16.41,2024-10-31,84,480361,NPA,D
L0001416,C003217,Education Loan,1626070,15.01,2022-05-29,180,660610,Standard,B
L0001417,C003056,Auto Loan,1669760,15.27,2021-05-10,48,1228228,Standard,B
L0001418,C002902,Auto Loan,3091897,15.92,2022-02-16,60,1985047,Standard,B
L0001419,C005211,Home Loan,152784,7.91,2025-07-27,180,39791,Standard,A
L0001420,C008485,Home Loan,5096404,15.58,2023-09-15,24,1896783,Standard,B
L0001421,C005195,Home Loan,1064663,10.57,2023-12-17,36,568846,Standard,B
L0001422,C002563,Personal Loan,1906256,12.03,2023-07-22,240,994757,Standard,C
L0001423,C005838,Personal Loan,1913362,14.28,2021-12-11,180,1245926,Standard,B
L0001424,C007542,Education Loan,532452,9.95,2024-12-19,36,377734,Standard,B
L0001425,C008978,Personal Loan,915078,7.79,2024-03-23,120,379094,Standard,B
L0001426,C006973,Auto Loan,3780809,15.19,2021-06-18,240,2863031,Standard,B
L0001427,C006073,Auto Loan,237920,12.44,2023-02-02,84,134450,Standard,A
L0001428,C008969,Business Loan,124723,10.94,2024-01-06,180,105305,Standard,A
L0001429,C001913,Home Loan,420255,7.92,2023-06-23,84,118570,Standard,A
L0001430,C003848,Business Loan,420048,14.47,2022-06-08,24,343877,Standard,B
L0001431,C003524,Home Loan,310719,7.93,2021-04-28,36,68315,Standard,A
L0001432,C001842,Personal Loan,725479,8.41,2021-01-23,120,310404,Standard,A
L0001433,C000513,Personal Loan,634958,15.92,2021-11-20,120,448366,Standard,B
L0001434,C006905,Home Loan,2100433,10.07,2022-08-11,24,632546,Standard,B
L0001435,C002019,Business Loan,859759,13.02,2022-04-07,24,667843,Standard,A
L0001436,C000365,Education Loan,320215,15.91,2024-05-10,180,300788,Standard,B
L0001437,C009639,Personal Loan,777750,7.76,2021-11-24,84,685588,NPA,D
L0001438,C007189,Home Loan,2005721,16.1,2024-12-19,48,542365,Standard,A
L0001439,C000811,Home Loan,6982126,14.57,2025-04-18,84,2376768,NPA,E
L0001440,C008763,Home Loan,840973,14.54,2023-04-29,120,207268,Standard,A
L0001441,C009440,Education Loan,2284638,16.04,2022-11-19,24,1356749,Standard,B
L0001442,C002464,Business Loan,448633,11.0,2024-01-29,84,372068,Standard,A
L0001443,C000163,Education Loan,1649525,12.81,2023-06-09,180,1426746,Standard,B
L0001444,C001397,Business Loan,507272,15.62,2024-11-24,36,345468,Standard,C
L0001445,C000458,Auto Loan,807102,10.02,2025-04-02,36,535354,Standard,B
L0001446,C004448,Education Loan,4777823,7.28,2025-03-09,24,2940134,Standard,A
L0001447,C001108,Business Loan,699217,11.76,2024-06-09,24,368940,Standard,A
L0001448,C000967,Education Loan,3079641,15.11,2024-03-21,120,843762,Standard,B
L0001449,C005890,Personal Loan,341796,9.66,2022-07-04,48,107225,Standard,A
L0001450,C002524,Education Loan,547196,13.72,2025-03-31,60,332667,Standard,A
L0001451,C009332,Business Loan,94642,14.05,2025-04-25,36,74296,Standard,A
L0001452,C000994,Business Loan,11098774,14.76,2023-04-27,60,9052482,Standard,A
L0001453,C006166,Education Loan,3114604,14.15,2023-11-03,36,1810710,Standard,B
L0001454,C008138,Auto Loan,302405,10.86,2025-05-30,36,199752,Standard,B
L0001455,C000151,Personal Loan,3472843,10.28,2024-06-26,180,934225,Standard,B
L0001456,C008147,Home Loan,245143,9.68,2021-06-13,36,161136,Standard,C
L0001457,C009064,Auto Loan,2841223,11.52,2021-03-14,48,2333345,Standard,B
L0001458,C009324,Business Loan,468632,13.52,2021-08-26,180,319984,NPA,E
L0001459,C004478,Auto Loan,970716,10.52,2024-11-09,120,220665,Standard,A
L0001460,C009972,Auto Loan,595227,15.6,2023-10-02,36,554637,Standard,A
L0001461,C001398,Home Loan,454933,13.69,2024-09-19,24,286713,Standard,B
L0001462,C009482,Business Loan,1078555,8.27,2023-03-23,60,298055,NPA,D
L0001463,C006975,Education Loan,617355,13.31,2024-08-05,120,323450,Standard,A
L0001464,C000988,Personal Loan,701726,9.58,2023-05-18,36,160236,Standard,A
L0001465,C007354,Personal Loan,1466612,15.8,2025-09-03,60,1366200,Standard,A
L0001466,C000636,Business Loan,4465121,14.6,2022-10-30,48,2784274,Standard,C
L0001467,C004430,Personal Loan,565040,9.52,2021-07-06,24,263638,Standard,B
L0001468,C004077,Home Loan,1316812,8.74,2021-11-28,180,343901,Standard,C
L0001469,C006669,Personal Loan,469217,11.45,2022-12-01,180,119446,Standard,A
L0001470,C003290,Auto Loan,4444801,15.64,2023-03-20,120,1958418,Standard,C
L0001471,C008025,Education Loan,1734140,11.34,2025-07-23,48,1061190,NPA,D
L0001472,C003997,Personal Loan,539164,15.63,2024-04-21,36,328624,Standard,B
L0001473,C000386,Personal Loan,53807,11.55,2022-07-09,240,38427,Standard,B
L0001474,C007395,Business Loan,4326602,8.28,2024-05-02,240,3046204,Standard,B
L0001475,C003432,Home Loan,657059,9.66,2022-01-18,84,629966,Standard,A
L0001476,C005996,Personal Loan,271497,8.36,2025-02-01,84,75118,Standard,A
L0001477,C008628,Auto Loan,154524,8.05,2023-08-22,48,118906,Standard,A
L0001478,C002998,Business Loan,1233323,14.67,2025-11-02,36,717766,NPA,D
L0001479,C009193,Personal Loan,1028358,9.4,2024-02-15,84,875348,Standard,A
L0001480,C009564,Personal Loan,538548,15.45,2024-06-01,48,455684,Standard,B
L0001481,C009353,Home Loan,315504,9.83,2024-08-15,48,285912,Standard,B
L0001482,C003236,Home Loan,222940,8.0,2024-07-08,48,203669,Standard,C
L0001483,C007427,Business Loan,247170,16.33,2021-07-09,240,86913,Standard,A
L0001484,C000292,Auto Loan,1221463,13.36,2024-02-10,120,396968,Standard,A
L0001485,C009285,Business Loan,493558,15.06,2024-08-12,120,156288,Standard,B
L0001486,C004122,Home Loan,3062755,8.82,2025-09-30,60,1288252,Standard,B
L0001487,C003854,Home Loan,320625,15.76,2024-03-25,240,310919,Standard,C
L0001488,C009817,Personal Loan,555368,10.41,2024-02-28,24,280373,Standard,B
L0001489,C007919,Business Loan,998258,8.61,2023-02-28,36,369370,Standard,A
L0001490,C005699,Auto Loan,323541,9.8,2025-07-13,84,140702,Standard,B
L0001491,C008320,Personal Loan,534599,15.57,2023-09-07,84,508105,Standard,B
L0001492,C003310,Home Loan,9675314,8.24,2021-04-01,36,4451254,Standard,A
L0001493,C005796,Business Loan,1428529,15.63,2021-06-29,240,333956,Standard,A
L0001494,C005612,Home Loan,1532659,12.0,2025-01-05,84,1396104,Standard,B
L0001495,C000201,Home Loan,1212229,13.77,2024-01-14,36,1166948,NPA,E
L0001496,C008438,Business Loan,2965202,14.76,2021-10-03,240,1092272,Standard,C
L0001497,C000477,Home Loan,1974074,13.11,2023-01-06,48,994467,Standard,B
L0001498,C005827,Personal Loan,1646880,14.79,2021-09-22,24,838475,Standard,B
L0001499,C002898,Home Loan,666184,15.32,2024-07-01,120,469992,Standard,B
L0001500,C003137,Personal Loan,157256,12.92,2025-12-07,180,34474,Standard,A
L0001501,C009196,Auto Loan,119409,13.83,2025-12-18,180,64112,NPA,E
L0001502,C002592,Home Loan,124244,10.83,2024-05-09,240,80605,Standard,B
L0001503,C006542,Business Loan,1206595,7.92,2025-04-22,240,330983,Standard,A
L0001504,C008823,Home Loan,4127327,16.41,2021-04-28,24,2014751,Standard,C
L0001505,C001002,Auto Loan,614199,15.64,2023-11-05,120,600774,Standard,B
L0001506,C006775,Auto Loan,2139603,10.33,2021-09-08,60,517993,NPA,D
L0001507,C009848,Home Loan,185516,7.71,2023-08-22,36,170028,Standard,B
L0001508,C005444,Home Loan,508337,13.85,2022-04-24,84,229516,Standard,A
L0001509,C001080,Education Loan,209380,15.24,2024-03-21,84,87935,Standard,B
L0001510,C005367,Education Loan,381415,14.64,2021-08-21,48,253615,Standard,B
L0001511,C003811,Auto Loan,74881,13.26,2024-01-23,48,62475,Standard,B
L0001512,C003171,Personal Loan,695331,12.82,2025-07-02,180,667494,Standard,A
L0001513,C002027,Home Loan,782140,10.09,2021-10-06,180,257972,Standard,C
L0001514,C002063,Personal Loan,951217,13.23,2025-02-20,180,235950,Standard,B
L0001515,C002519,Business Loan,503629,7.61,2021-01-15,60,463727,Standard,B
L0001516,C002657,Home Loan,1517122,13.37,2022-12-13,240,851055,Standard,A
L0001517,C004407,Personal Loan,618312,8.13,2023-10-27,120,524531,Standard,A
L0001518,C003112,Education Loan,2365473,7.57,2023-04-23,84,683951,Standard,C
L0001519,C007353,Education Loan,2199004,15.15,2023-04-19,24,987925,Standard,A
L0001520,C001512,Personal Loan,279973,9.43,2023-06-10,240,111808,Standard,C
L0001521,C008048,Personal Loan,1188438,15.7,2022-02-01,36,559711,Standard,A
L0001522,C009735,Home Loan,2541344,10.43,2025-08-03,84,1275749,Standard,A
L0001523,C008187,Personal Loan,1555798,9.22,2023-05-30,48,430727,Standard,A
L0001524,C009098,Home Loan,387813,9.45,2025-10-16,60,217450,Standard,A
L0001525,C005427,Auto Loan,313067,16.07,2023-07-28,240,227094,Standard,C
L0001526,C004684,Home Loan,512999,10.51,2024-10-10,24,170018,Standard,B
L0001527,C006497,Home Loan,1150317,13.69,2024-01-09,60,890559,Standard,A
L0001528,C007458,Auto Loan,1530025,15.55,2021-11-13,48,654165,Standard,B
L0001529,C002530,Auto Loan,714240,15.05,2021-12-24,180,597350,NPA,D
L0001530,C009334,Business Loan,847111,12.27,2025-07-14,120,348868,NPA,E
L0001531,C008339,Home Loan,1193168,16.49,2023-08-15,48,802315,Standard,A
L0001532,C008068,Personal Loan,142290,15.28,2023-04-01,36,41371,Standard,B
L0001533,C001880,Business Loan,763539,13.21,2022-07-20,24,389671,Standard,A
L0001534,C002464,Personal Loan,123571,11.64,2022-08-21,240,85563,Standard,C
L0001535,C006864,Education Loan,2327601,15.4,2023-05-06,48,920749,Standard,B
L0001536,C006479,Auto Loan,4174765,7.46,2025-07-12,48,961976,Standard,A
L0001537,C000340,Home Loan,1464775,14.35,2022-12-22,84,1309398,Standard,B
L0001538,C002234,Home Loan,1616435,9.77,2024-02-29,24,1180399,Standard,C
L0001539,C000924,Personal Loan,92312,14.0,2021-09-10,48,44824,Standard,C
L0001540,C006262,Personal Loan,402712,12.36,2023-10-06,24,339021,Standard,A
L0001541,C008572,Business Loan,586828,11.31,2023-05-29,180,170874,Standard,A
L0001542,C003375,Home Loan,2647103,8.82,2022-10-07,36,2228731,Standard,A
L0001543,C001124,Auto Loan,820705,13.29,2025-10-03,240,671504,Standard,B
L0001544,C005342,Education Loan,1022776,9.91,2021-06-21,48,943731,Standard,A
L0001545,C005598,Personal Loan,179114,15.53,2022-04-28,180,45682,Standard,C
L0001546,C001782,Business Loan,299512,12.9,2022-11-24,24,243963,Standard,A
L0001547,C006036,Education Loan,3307136,13.8,2023-09-19,84,2522371,Standard,B
L0001548,C001514,Business Loan,456568,14.55,2022-12-15,120,173016,Standard,B
L0001549,C000411,Personal Loan,631495,9.51,2025-11-11,60,328406,Standard,B
L0001550,C008194,Business Loan,547637,10.45,2025-07-28,84,283754,Standard,A
L0001551,C000183,Home Loan,860672,11.1,2022-11-21,240,770171,Standard,A
L0001552,C008672,Personal Loan,343856,16.02,2024-12-10,60,188026,Standard,B
L0001553,C001446,Auto Loan,1117196,8.99,2022-12-21,240,510816,Standard,A
L0001554,C000194,Auto Loan,2188392,10.75,2022-05-20,24,1590524,Standard,B
L0001555,C000334,Home Loan,518458,9.19,2025-08-05,120,142518,Standard,C
L0001556,C007277,Personal Loan,1707277,13.63,2025-01-17,240,1474289,Standard,A
L0001557,C009011,Home Loan,81149,14.8,2024-11-16,36,71446,Standard,A
L0001558,C001047,Home Loan,3609355,10.95,2023-09-01,84,1090866,Standard,C
L0001559,C009230,Home Loan,1679656,13.75,2023-07-15,60,1353807,Standard,A
L0001560,C000110,Personal Loan,311428,8.58,2021-01-27,120,265793,Standard,A
L0001561,C002326,Personal Loan,319923,8.71,2024-09-18,60,164832,Standard,B
L0001562,C005037,Business Loan,1691262,16.02,2024-01-25,240,1584336,Standard,A
L0001563,C000269,Home Loan,256217,11.57,2021-11-29,60,168525,Standard,B
L0001564,C001203,Personal Loan,444121,8.5,2021-12-22,120,307795,Standard,B
L0001565,C008161,Education Loan,1987993,7.38,2022-12-25,36,1474930,Standard,A
L0001566,C001626,Home Loan,286441,16.41,2023-04-12,36,146876,Standard,B
L0001567,C006162,Home Loan,473074,11.78,2025-08-05,60,163901,Standard,A
L0001568,C005201,Home Loan,1246925,12.88,2023-01-27,180,789967,NPA,E
L0001569,C007043,Education Loan,2109606,9.72,2025-08-21,48,692637,Standard,A
L0001570,C005056,Personal Loan,1493004,14.91,2024-10-04,60,1394554,Standard,B
L0001571,C003569,Auto Loan,253839,13.24,2025-12-18,240,67236,Standard,A
L0001572,C004557,Home Loan,1585851,8.13,2021-04-14,36,1088421,Standard,A
L0001573,C005617,Personal Loan,495121,11.29,2025-04-09,84,138597,Standard,B
L0001574,C005316,Personal Loan,1276168,11.12,2025-11-01,240,1088439,Standard,A
L0001575,C008820,Personal Loan,531402,7.95,2022-03-24,180,279778,Standard,A
L0001576,C004972,Business Loan,1471749,13.3,2022-10-04,48,1112297,Standard,B
L0001577,C002115,Home Loan,651270,8.14,2023-05-08,84,525251,Standard,B
L0001578,C005303,Personal Loan,1234992,7.34,2023-10-27,60,789950,Standard,B
L0001579,C000912,Auto Loan,428746,7.45,2021-12-18,180,137829,Standard,A
L0001580,C007391,Business Loan,477917,13.82,2025-10-06,84,342374,Standard,B
L0001581,C005054,Personal Loan,71347,13.04,2025-07-09,120,21551,Standard,C
L0001582,C006652,Auto Loan,15000000,9.42,2022-04-29,24,12943703,Standard,B
L0001583,C007702,Home Loan,1254133,16.07,2021-02-10,48,692298,Standard,B
L0001584,C002427,Home Loan,740727,8.78,2022-03-01,24,391396,Standard,B
L0001585,C000332,Home Loan,708759,15.0,2024-08-13,240,642912,Standard,A
L0001586,C009143,Auto Loan,1389811,13.04,2024-10-06,48,538651,Standard,C
L0001587,C006286,Home Loan,584890,8.37,2023-08-02,36,420877,Standard,B
L0001588,C008046,Personal Loan,1394051,8.9,2024-05-13,48,1174093,Standard,C
L0001589,C007801,Home Loan,1892323,14.9,2021-02-02,36,875894,Standard,A
L0001590,C000344,Home Loan,1354583,8.09,2021-08-21,180,813082,Standard,A
L0001591,C005648,Business Loan,1018931,15.32,2022-09-17,24,229748,Standard,B
L0001592,C001118,Business Loan,530688,10.28,2024-12-22,84,403646,Standard,B
L0001593,C002906,Home Loan,1010930,14.17,2025-03-02,180,426415,Standard,A
L0001594,C001302,Home Loan,14155647,12.66,2022-01-26,180,8127505,Standard,A
L0001595,C005553,Personal Loan,1561276,7.79,2025-04-01,36,1502327,NPA,E
L0001596,C004344,Education Loan,1287932,9.48,2023-04-28,36,368369,Standard,B
L0001597,C006221,Home Loan,1474232,15.93,2022-07-17,60,897010,Standard,A
L0001598,C001385,Home Loan,265387,7.42,2025-10-31,240,202318,Standard,C
L0001599,C009626,Education Loan,626922,13.91,2024-05-17,240,457063,Standard,C
L0001600,C003183,Personal Loan,247036,12.12,2025-09-05,60,63822,Standard,C
L0001601,C000047,Business Loan,274409,10.23,2022-05-26,48,170675,Standard,A
L0001602,C004189,Home Loan,1482030,15.53,2022-05-18,240,701794,Standard,A
L0001603,C007834,Auto Loan,2711050,11.41,2021-01-07,60,1227958,Standard,B
L0001604,C005742,Auto Loan,166219,7.75,2025-09-22,120,87276,Standard,B
L0001605,C003105,Personal Loan,541989,11.08,2021-08-21,36,411001,Standard,A
L0001606,C007032,Business Loan,9587737,12.58,2021-03-02,24,6339984,NPA,E
L0001607,C007250,Business Loan,2306520,13.15,2023-07-13,120,2122344,Standard,A
L0001608,C002806,Personal Loan,4034164,10.69,2022-03-10,36,1387521,Standard,A
L0001609,C003347,Education Loan,1480831,9.29,2023-05-03,180,383097,Standard,B
L0001610,C002580,Personal Loan,284949,15.1,2023-03-17,60,221430,Standard,B
L0001611,C007124,Auto Loan,237249,10.35,2024-07-10,48,148795,Standard,B
L0001612,C000773,Business Loan,218234,14.05,2023-08-07,60,169534,NPA,D
L0001613,C006208,Auto Loan,603930,15.53,2022-09-18,84,241536,Standard,A
L0001614,C009328,Home Loan,289078,11.94,2023-07-01,36,62504,Standard,B
L0001615,C003574,Home Loan,2784600,14.57,2024-11-02,84,709523,Standard,A
L0001616,C009635,Home Loan,153311,13.37,2021-04-26,24,148799,Standard,B
L0001617,C001126,Home Loan,228973,15.37,2024-03-03,48,150291,Standard,A
L0001618,C005468,Personal Loan,330823,11.07,2024-12-13,48,122400,Standard,B
L0001619,C006756,Business Loan,683332,10.38,2022-04-11,24,270366,Standard,B
L0001620,C001951,Personal Loan,1073516,8.17,2023-11-28,48,692758,Standard,B
L0001621,C005006,Home Loan,1383073,13.48,2025-01-03,84,1124443,Standard,C
L0001622,C001160,Home Loan,1439467,8.07,2021-12-06,180,510175,Standard,B
L0001623,C001667,Auto Loan,1224317,10.78,2025-12-23,180,485475,Standard,A
L0001624,C007423,Personal Loan,2456321,14.72,2025-09-17,120,2066775,Standard,B
L0001625,C009225,Personal Loan,864477,8.57,2024-07-10,60,424154,Standard,B
L0001626,C008127,Personal Loan,1521722,13.18,2025-06-04,84,944977,Standard,A
L0001627,C005219,Personal Loan,515383,13.24,2025-05-02,120,330554,NPA,D
L0001628,C006208,Auto Loan,118290,13.52,2021-12-18,48,57777,Standard,C
L0001629,C007307,Auto Loan,186635,11.08,2023-05-15,36,73291,Standard,A
L0001630,C009351,Auto Loan,4988994,12.62,2024-07-21,48,3563637,Standard,A
L0001631,C002324,Home Loan,306410,8.96,2024-02-02,84,227989,Standard,A
L0001632,C008809,Business Loan,296297,8.93,2022-08-24,84,262613,Standard,B
L0001633,C000339,Home Loan,1568797,15.55,2024-11-30,120,1269163,Standard,B
L0001634,C000111,Personal Loan,1566618,7.54,2022-09-26,60,410353,Standard,C
L0001635,C008844,Education Loan,1172976,7.52,2025-12-24,48,264478,Standard,A
L0001636,C005589,Education Loan,943420,7.54,2023-04-03,60,661150,Standard,B
L0001637,C002097,Personal Loan,924969,10.06,2023-09-20,120,607356,Standard,A
L0001638,C008140,Auto Loan,1602620,9.51,2022-09-18,60,747492,Standard,A
L0001639,C000078,Education Loan,1259265,12.27,2021-09-28,120,689985,Standard,A
L0001640,C005011,Personal Loan,1031002,16.05,2025-05-31,120,784147,Standard,A
L0001641,C007606,Auto Loan,453957,7.94,2022-11-30,24,260370,Standard,A
L0001642,C009646,Personal Loan,695350,12.62,2023-06-14,36,174848,Standard,A
L0001643,C004763,Personal Loan,617826,13.9,2024-02-20,240,460210,Standard,C
L0001644,C007957,Home Loan,1274317,15.98,2024-06-13,36,1078347,Standard,A
L0001645,C009910,Business Loan,173052,14.1,2021-01-13,36,151497,Standard,A
L0001646,C002031,Auto Loan,890610,16.44,2022-10-21,24,397789,Standard,B
L0001647,C000466,Home Loan,1835824,10.07,2023-09-07,60,1281986,Standard,B
L0001648,C006246,Home Loan,304562,15.57,2021-11-03,84,115258,Standard,B
L0001649,C007438,Business Loan,69300,7.73,2021-07-12,24,20292,Standard,C
L0001650,C008304,Education Loan,619315,12.65,2022-05-05,240,393676,Standard,B
L0001651,C003514,Personal Loan,3431517,15.75,2025-10-10,84,2421204,Standard,B
L0001652,C009733,Home Loan,730346,13.94,2023-08-04,240,709007,NPA,E
L0001653,C001279,Business Loan,2242389,8.79,2022-03-26,240,540994,Standard,B
L0001654,C004103,Auto Loan,583445,10.7,2025-06-24,180,127814,Standard,B
L0001655,C009878,Home Loan,832637,8.52,2024-10-26,240,449874,Standard,B
L0001656,C005404,Education Loan,839990,10.37,2025-02-12,180,752634,Standard,A
L0001657,C002317,Personal Loan,246620,13.78,2025-11-07,84,143378,Standard,B
L0001658,C009769,Auto Loan,240850,8.48,2024-08-08,24,137797,Standard,B
L0001659,C005621,Home Loan,736303,11.82,2024-06-04,48,276779,Standard,C
L0001660,C008737,Personal Loan,175745,9.56,2024-02-26,120,78830,Standard,B
L0001661,C009336,Auto Loan,486298,7.84,2025-07-12,24,361689,Standard,A
L0001662,C003173,Education Loan,195575,8.24,2023-07-23,48,69001,Standard,B
L0001663,C006531,Personal Loan,247682,7.41,2023-06-03,84,83856,Standard,C
L0001664,C000460,Home Loan,1395309,9.65,2023-05-01,120,592705,Standard,A
L0001665,C006893,Auto Loan,354037,16.03,2021-12-27,60,214914,Standard,A
L0001666,C006263,Personal Loan,3053611,12.16,2024-04-24,60,739312,Standard,B
L0001667,C002257,Auto Loan,220422,11.57,2025-08-26,48,44129,Standard,C
L0001668,C005492,Business Loan,1250857,8.66,2025-07-20,24,539337,Standard,A
L0001669,C007478,Home Loan,239558,10.92,2022-10-04,48,122099,Standard,B
L0001670,C006708,Personal Loan,2329135,9.0,2025-03-16,60,1497715,Standard,A
L0001671,C009896,Personal Loan,260374,11.17,2025-09-24,84,72402,Standard,A
L0001672,C003957,Personal Loan,2054087,11.69,2024-11-27,240,1521512,Standard,A
L0001673,C000765,Business Loan,1730070,15.49,2025-12-07,84,545071,Standard,B
L0001674,C009939,Auto Loan,744196,14.06,2022-12-09,180,407877,Standard,A
L0001675,C007300,Auto Loan,2311250,14.33,2024-07-15,36,1446649,Standard,A
L0001676,C008146,Auto Loan,7193793,15.94,2024-02-23,48,6515622,Standard,B
L0001677,C009496,Auto Loan,377555,14.14,2025-11-06,24,272085,Standard,B
L0001678,C003620,Home Loan,1556795,13.82,2025-02-11,24,509017,Standard,A
L0001679,C007853,Business Loan,2481224,13.82,2024-09-03,36,1173681,Standard,A
L0001680,C003949,Home Loan,1939441,11.79,2021-03-09,36,1509682,Standard,B
L0001681,C007802,Home Loan,1274637,8.57,2021-03-04,36,334645,Standard,A
L0001682,C000438,Business Loan,308768,12.86,2023-09-25,60,79907,Standard,A
L0001683,C005876,Auto Loan,192619,10.55,2022-05-28,120,151437,Standard,A
L0001684,C005587,Home Loan,1686533,16.21,2022-02-06,180,1471891,Standard,A
L0001685,C007204,Education Loan,571590,9.05,2023-05-14,48,278550,Standard,B
L0001686,C000531,Business Loan,1682304,13.25,2022-07-26,48,1366948,NPA,D
L0001687,C007317,Auto Loan,4025477,15.17,2021-01-28,120,3173866,Standard,A
L0001688,C006038,Personal Loan,5723265,11.2,2022-10-09,36,3848051,Standard,B
L0001689,C007727,Auto Loan,363449,13.41,2024-05-04,84,107283,NPA,D
L0001690,C003928,Personal Loan,822657,11.03,2025-11-11,60,668790,Standard,C
L0001691,C003147,Auto Loan,772025,8.84,2025-05-01,36,350688,Standard,A
L0001692,C000907,Business Loan,668835,9.1,2022-07-16,24,494809,Standard,B
L0001693,C008029,Home Loan,447543,10.0,2022-03-27,240,162460,Standard,B
L0001694,C006197,Home Loan,973390,11.0,2025-10-14,36,233759,Standard,C
L0001695,C002524,Personal Loan,869341,13.01,2021-03-18,48,442130,Standard,A
L0001696,C009110,Auto Loan,457025,13.3,2023-03-25,48,169035,Standard,B
L0001697,C006402,Personal Loan,364631,14.68,2023-07-06,24,146762,Standard,B
L0001698,C006131,Personal Loan,55941,14.99,2022-04-14,84,44317,Standard,A
L0001699,C008993,Personal Loan,167098,7.53,2022-07-20,24,134259,Standard,A
L0001700,C009882,Personal Loan,1815174,11.74,2024-05-01,36,1760538,Standard,C
L0001701,C009785,Business Loan,169455,14.3,2024-06-08,180,119915,Standard,A
L0001702,C007814,Personal Loan,934972,16.03,2021-06-24,60,466070,Standard,A
L0001703,C009530,Education Loan,1270800,13.86,2022-02-12,36,467225,Standard,B
L0001704,C009647,Home Loan,151850,9.68,2024-11-30,240,112201,Standard,B
L0001705,C006711,Education Loan,119336,10.69,2021-04-25,60,95128,Standard,B
L0001706,C000581,Home Loan,356748,16.44,2021-03-21,84,103229,Standard,B
L0001707,C005213,Auto Loan,907713,9.82,2021-11-10,84,406057,Standard,A
L0001708,C006560,Home Loan,4212600,13.77,2022-06-14,48,2856156,Standard,B
L0001709,C001379,Business Loan,763691,9.26,2025-06-09,240,177869,Standard,A
L0001710,C002505,Education Loan,1280650,13.92,2022-08-16,84,616752,Standard,A
L0001711,C006653,Personal Loan,2192289,8.06,2022-04-19,48,1885409,NPA,D
L0001712,C005970,Personal Loan,593478,11.38,2021-05-01,60,436064,Standard,A
L0001713,C000164,Home Loan,720048,9.96,2025-05-14,48,319541,Standard,A
L0001714,C008542,Personal Loan,226226,7.42,2024-01-06,120,131952,Standard,A
L0001715,C004424,Home Loan,4204159,8.66,2021-02-10,240,1674764,Standard,A
L0001716,C009218,Auto Loan,1785737,7.65,2022-04-19,24,820521,NPA,D
L0001717,C002336,Business Loan,792920,8.82,2021-07-04,120,385414,Standard,B
L0001718,C000958,Business Loan,88542,13.64,2025-06-14,180,34216,Standard,B
L0001719,C001455,Personal Loan,5323168,8.61,2023-07-31,48,3221617,Standard,B
L0001720,C001245,Auto Loan,254199,16.18,2022-05-19,48,184851,Standard,A
L0001721,C006752,Personal Loan,115783,8.68,2023-11-06,240,37865,Standard,A
L0001722,C008314,Education Loan,967618,16.19,2025-11-13,84,548192,Standard,A
L0001723,C001458,Auto Loan,71166,14.1,2024-09-26,180,19542,NPA,D
L0001724,C003813,Personal Loan,328447,9.8,2023-07-08,120,295325,Standard,A
L0001725,C009843,Home Loan,482889,15.35,2025-12-05,240,341956,Standard,A
L0001726,C004073,Home Loan,967558,16.3,2023-10-19,120,510925,Standard,C
L0001727,C008964,Business Loan,1041484,16.02,2021-10-30,84,930610,Standard,A
L0001728,C006213,Home Loan,281189,10.47,2023-01-26,120,210065,Standard,B
L0001729,C001744,Home Loan,523425,10.27,2021-01-19,60,326182,Standard,B
L0001730,C008924,Personal Loan,743724,8.54,2021-10-22,36,655817,Standard,C
L0001731,C004731,Home Loan,500810,16.48,2021-08-02,240,389717,Standard,B
L0001732,C001683,Business Loan,3126778,9.43,2024-12-19,36,777655,Standard,A
L0001733,C004266,Home Loan,79404,7.6,2025-06-30,180,52104,Standard,A
L0001734,C005772,Business Loan,986234,9.77,2022-08-10,84,646242,Standard,B
L0001735,C004528,Personal Loan,868292,14.07,2022-06-15,180,271933,Standard,B
L0001736,C009403,Business Loan,3519798,14.55,2022-09-29,60,3171904,Standard,A
L0001737,C005308,Personal Loan,1171845,7.68,2023-12-09,180,425003,Standard,B
L0001738,C005749,Education Loan,1882666,16.28,2024-04-26,120,1506586,Standard,A
L0001739,C006903,Personal Loan,573021,15.93,2024-08-06,48,423239,Standard,C
L0001740,C009364,Home Loan,1560609,7.48,2023-10-27,240,1216544,Standard,A
L0001741,C009125,Business Loan,524641,11.38,2023-01-10,48,426728,NPA,E
L0001742,C000211,Home Loan,5176632,11.46,2025-06-25,240,2693416,Standard,A
L0001743,C009860,Home Loan,521343,11.78,2022-04-22,84,269117,Standard,C
L0001744,C001613,Personal Loan,1288771,13.11,2022-04-17,180,1161652,NPA,E
L0001745,C005526,Business Loan,328933,14.38,2024-04-07,24,146198,Standard,A
L0001746,C000083,Home Loan,372401,8.53,2022-11-19,60,218838,Standard,A
L0001747,C006365,Auto Loan,718221,11.54,2024-09-25,120,376882,Standard,B
L0001748,C003851,Home Loan,3121239,9.06,2021-04-13,36,2338880,Standard,A
L0001749,C005305,Education Loan,120267,9.69,2025-05-15,120,97157,Standard,A
L0001750,C000798,Personal Loan,1242783,10.1,2025-02-04,180,417154,Standard,C
L0001751,C004609,Home Loan,3307892,10.32,2023-04-20,24,3234126,Standard,B
L0001752,C005551,Home Loan,905407,11.33,2023-05-14,180,297639,Standard,A
L0001753,C008209,Auto Loan,2108360,11.97,2021-04-20,120,1154523,Standard,A
L0001754,C000555,Home Loan,311931,10.0,2022-12-10,24,300987,Standard,A
L0001755,C009519,Business Loan,1194015,12.44,2022-09-15,36,364896,Standard,B
L0001756,C004365,Personal Loan,325801,10.08,2025-05-26,180,272455,Standard,A
L0001757,C003305,Home Loan,510361,14.25,2021-05-26,180,323944,Standard,C
L0001758,C007540,Home Loan,318848,15.28,2023-04-21,240,287314,Standard,A
L0001759,C005531,Personal Loan,1722466,14.14,2023-12-17,60,825561,Standard,C
L0001760,C009130,Education Loan,220656,14.72,2024-12-29,24,59816,NPA,E
L0001761,C005280,Home Loan,110116,11.36,2023-04-07,48,75467,Standard,A
L0001762,C004618,Education Loan,664025,11.7,2024-08-13,48,158298,NPA,E
L0001763,C004359,Business Loan,979899,7.77,2025-06-19,240,638631,Standard,A
L0001764,C006505,Auto Loan,371286,13.41,2021-04-01,120,302745,Standard,B
L0001765,C005232,Personal Loan,236772,9.08,2022-09-20,36,145956,Standard,A
L0001766,C003897,Home Loan,914139,13.09,2024-11-12,120,634887,Standard,A
L0001767,C003663,Home Loan,395970,9.74,2023-01-19,48,343047,Standard,B
L0001768,C002370,Auto Loan,480151,11.4,2021-09-05,180,469939,Standard,B
L0001769,C009716,Home Loan,1461060,16.16,2025-11-13,240,1107848,Standard,A
L0001770,C004864,Auto Loan,127266,15.7,2021-10-31,240,82900,Standard,C
L0001771,C006248,Personal Loan,645172,7.72,2022-12-07,180,581765,Standard,A
L0001772,C009117,Business Loan,1234442,15.93,2023-04-06,180,935862,Standard,A
L0001773,C001404,Personal Loan,142383,13.21,2021-09-27,180,130628,Standard,A
L0001774,C002494,Home Loan,227022,13.0,2021-02-11,240,138997,Standard,B
L0001775,C009279,Auto Loan,3781773,8.17,2023-12-31,36,2390353,Standard,A
L0001776,C008105,Business Loan,1017652,15.12,2022-11-12,36,641540,NPA,D
L0001777,C009413,Education Loan,956069,12.64,2022-11-06,180,314032,NPA,D
L0001778,C001711,Education Loan,472611,7.42,2025-04-03,180,312077,Standard,B
L0001779,C004218,Home Loan,2454284,14.15,2023-06-16,60,1172060,NPA,D
L0001780,C005777,Home Loan,376920,16.04,2024-04-10,180,331749,Standard,B
L0001781,C005746,Business Loan,712608,13.68,2022-11-18,24,476350,Standard,B
L0001782,C002705,Business Loan,330810,10.15,2022-09-26,60,88288,Standard,A
L0001783,C008734,Auto Loan,802728,14.02,2024-12-23,84,258918,Standard,B
L0001784,C006005,Personal Loan,2408841,12.79,2021-04-12,120,1082843,Standard,A
L0001785,C002301,Personal Loan,963062,10.06,2025-08-10,36,691788,Standard,B
L0001786,C005643,Home Loan,3364801,10.93,2021-01-12,180,1711189,Standard,B
L0001787,C003179,Auto Loan,564333,10.93,2021-10-09,120,140882,NPA,D
L0001788,C002531,Home Loan,5223041,14.04,2022-06-01,36,3906922,Standard,A
L0001789,C003988,Education Loan,1276452,9.41,2022-04-10,240,360361,Standard,A
L0001790,C002984,Home Loan,462284,13.92,2025-07-18,60,445584,Standard,A
L0001791,C006662,Business Loan,661739,7.87,2023-02-19,24,613738,Standard,A
L0001792,C001923,Personal Loan,210761,12.61,2024-03-05,24,102929,Standard,C
L0001793,C001926,Business Loan,327448,8.77,2025-06-09,240,95682,Standard,C
L0001794,C006776,Business Loan,1175338,14.64,2021-01-16,180,846560,Standard,A
L0001795,C006313,Home Loan,449529,9.51,2021-05-19,120,207082,Standard,B
L0001796,C003685,Auto Loan,716299,15.67,2024-09-28,180,662995,Standard,A
L0001797,C005506,Auto Loan,1435789,10.61,2021-01-11,24,1347478,Standard,A
L0001798,C001557,Business Loan,711160,10.72,2023-10-13,240,400860,NPA,E
L0001799,C007014,Home Loan,656141,14.97,2025-10-08,120,365893,Standard,B
L0001800,C001937,Business Loan,468307,14.23,2022-03-31,24,155424,Standard,B
L0001801,C005891,Education Loan,154878,11.01,2023-09-19,36,150306,Standard,C
L0001802,C000188,Business Loan,210992,16.1,2025-12-09,180,71578,Standard,B
L0001803,C000915,Education Loan,1088855,15.67,2025-04-29,36,966521,Standard,A
L0001804,C005724,Personal Loan,56130,10.35,2024-10-10,240,24593,Standard,A
L0001805,C006612,Personal Loan,310543,16.41,2024-08-15,24,129857,Standard,C
L0001806,C002072,Personal Loan,333493,8.49,2023-07-10,180,117403,Standard,A
L0001807,C009290,Personal Loan,495211,14.89,2021-07-08,60,470155,Standard,A
L0001808,C002815,Home Loan,8141860,11.78,2022-06-30,120,4806351,Standard,B
L0001809,C007766,Home Loan,350611,11.06,2024-02-20,60,154031,Standard,A
L0001810,C009459,Personal Loan,3067643,14.28,2025-05-02,36,1863026,Standard,B
L0001811,C003607,Education Loan,1132850,13.01,2025-04-30,60,1081587,Standard,B
L0001812,C001632,Personal Loan,575120,12.05,2025-12-15,24,212609,NPA,D
L0001813,C003353,Business Loan,160958,8.46,2025-04-06,84,65198,Standard,A
L0001814,C004125,Home Loan,10420031,15.98,2022-07-29,48,8236495,Standard,A
L0001815,C009391,Auto Loan,2840176,11.14,2022-04-25,180,1064084,Standard,A
L0001816,C009305,Home Loan,484825,13.73,2022-01-06,48,273313,Standard,B
L0001817,C009742,Auto Loan,1544830,13.31,2024-12-04,36,1346778,Standard,C
L0001818,C003192,Home Loan,1215219,9.93,2025-06-05,120,1116071,Standard,C
L0001819,C001450,Personal Loan,2913573,9.39,2021-03-09,24,1298400,Standard,B
L0001820,C002943,Home Loan,2206534,15.09,2025-10-29,84,2152927,Standard,B
L0001821,C007809,Personal Loan,276139,8.24,2025-10-09,24,110453,Standard,A
L0001822,C009206,Personal Loan,363699,9.68,2024-02-17,24,82192,Standard,A
L0001823,C001307,Personal Loan,143055,10.85,2021-06-12,240,69791,Standard,B
L0001824,C002459,Home Loan,584229,15.85,2025-02-20,36,506366,Standard,C
L0001825,C002215,Auto Loan,667352,11.05,2021-10-08,36,331783,Standard,B
L0001826,C000651,Home Loan,402504,9.45,2023-02-15,48,347917,Standard,C
L0001827,C005418,Business Loan,2658866,11.47,2025-10-01,180,1826836,Standard,A
L0001828,C003629,Auto Loan,1530686,9.96,2021-01-28,60,606022,Standard,A
L0001829,C006309,Business Loan,898814,10.14,2024-09-25,24,324085,NPA,D
L0001830,C002598,Business Loan,2292570,11.34,2023-04-09,60,1185972,NPA,E
L0001831,C006427,Personal Loan,757740,7.92,2024-01-30,240,581346,Standard,B
L0001832,C005444,Home Loan,1268439,8.36,2022-04-04,24,808376,Standard,A
L0001833,C007117,Personal Loan,1547705,16.48,2023-06-01,240,627994,Standard,B
L0001834,C007469,Personal Loan,864774,15.22,2022-04-16,24,641899,Standard,B
L0001835,C001694,Education Loan,1383594,12.22,2021-04-10,120,340994,Standard,B
L0001836,C001980,Personal Loan,294051,7.74,2025-06-30,60,185802,Standard,A
L0001837,C008544,Education Loan,2320745,11.43,2022-01-07,24,2176220,Standard,B
L0001838,C001569,Business Loan,527472,12.01,2022-08-08,24,247487,Standard,B
L0001839,C007045,Personal Loan,180765,13.69,2024-03-09,240,67562,Standard,B
L0001840,C002934,Business Loan,1198776,9.09,2024-12-25,180,999733,Standard,C
L0001841,C007278,Education Loan,3500266,12.42,2024-08-06,120,1122272,Standard,B
L0001842,C007253,Personal Loan,320555,11.62,2025-04-16,24,101965,Standard,A
L0001843,C007694,Business Loan,228542,11.57,2022-12-14,36,173700,Standard,A
L0001844,C006018,Business Loan,1027030,9.88,2021-05-22,120,496900,Standard,B
L0001845,C008153,Personal Loan,1090266,11.34,2023-09-01,24,580035,Standard,B
L0001846,C001591,Personal Loan,2432754,16.09,2023-12-13,48,1796102,Standard,B
L0001847,C004285,Personal Loan,2820369,11.86,2022-11-23,120,2112300,Standard,C
L0001848,C006034,Personal Loan,87318,15.71,2023-06-04,180,40173,NPA,D
L0001849,C000612,Personal Loan,1237210,13.59,2022-09-22,48,1100660,Standard,C
L0001850,C005097,Auto Loan,142676,9.18,2024-04-07,60,67577,Standard,B
L0001851,C003761,Auto Loan,1139138,11.73,2024-08-10,84,520271,Standard,A
L0001852,C008965,Education Loan,836501,11.52,2022-02-05,24,339200,Standard,C
L0001853,C008386,Auto Loan,663498,8.2,2021-08-14,84,245579,Standard,C
L0001854,C009629,Home Loan,4544660,15.18,2025-05-01,60,1389026,Standard,B
L0001855,C008174,Home Loan,339198,8.2,2024-03-12,36,254903,Standard,B
L0001856,C009320,Education Loan,1324816,9.27,2023-02-28,120,439085,Standard,C
L0001857,C000795,Home Loan,2221729,10.55,2023-05-26,48,971688,Standard,A
L0001858,C005492,Auto Loan,613831,15.38,2021-09-13,36,497583,Standard,A
L0001859,C009833,Home Loan,951724,13.83,2024-03-07,24,699680,Standard,A
L0001860,C007349,Home Loan,844715,10.67,2022-08-17,84,568443,Standard,B
L0001861,C003263,Business Loan,1441067,15.99,2025-05-21,48,1279899,Standard,A
L0001862,C001426,Personal Loan,634009,14.24,2023-06-27,240,320868,Standard,A
L0001863,C008871,Personal Loan,949161,16.4,2021-06-05,240,610136,Standard,A
L0001864,C007363,Business Loan,1715750,10.34,2022-10-08,180,838075,Standard,C
L0001865,C006199,Auto Loan,2012204,14.23,2022-09-08,48,852732,Standard,B
L0001866,C006637,Personal Loan,942637,9.39,2022-11-29,240,741523,Standard,A
L0001867,C000404,Education Loan,1652526,10.02,2021-04-11,60,1076074,Standard,A
L0001868,C009393,Personal Loan,708831,10.74,2023-04-18,60,442484,Standard,B
L0001869,C008180,Home Loan,570189,12.24,2021-11-09,36,462872,Standard,B
L0001870,C009067,Home Loan,456047,12.16,2022-04-25,48,280024,NPA,D
L0001871,C006440,Business Loan,528549,10.47,2021-05-05,48,431161,Standard,C
L0001872,C003993,Personal Loan,780729,15.85,2025-01-11,84,415270,Standard,C
L0001873,C001774,Auto Loan,652223,16.47,2023-05-10,180,210507,Standard,A
L0001874,C005664,Personal Loan,2845659,12.88,2025-10-30,48,703020,Standard,B
L0001875,C006332,Business Loan,256223,14.6,2025-08-10,24,218812,NPA,D
L0001876,C004081,Business Loan,1133144,14.93,2025-12-16,24,669716,Standard,A
L0001877,C004450,Auto Loan,244816,8.31,2024-08-28,60,215881,Standard,B
L0001878,C007602,Business Loan,384994,14.77,2025-03-29,24,269242,NPA,E
L0001879,C008998,Business Loan,890590,8.77,2022-08-03,48,601729,Standard,A
L0001880,C006120,Personal Loan,907600,15.1,2022-09-27,84,522486,Standard,A
L0001881,C007061,Education Loan,639897,15.52,2025-09-04,24,373545,Standard,A
L0001882,C000364,Home Loan,1965358,13.61,2025-11-27,180,1030667,Standard,A
L0001883,C002113,Auto Loan,693166,11.0,2021-06-15,84,159060,Standard,A
L0001884,C000618,Education Loan,2529054,15.31,2022-05-17,120,1824029,Standard,A
L0001885,C005633,Personal Loan,272789,14.83,2025-07-08,240,186953,Standard,A
L0001886,C005380,Auto Loan,1158746,13.28,2024-08-29,180,588107,NPA,E
L0001887,C007082,Business Loan,78863,10.55,2021-09-14,240,41066,Standard,C
L0001888,C008779,Business Loan,1534173,12.75,2021-05-13,180,1177436,Standard,A
L0001889,C004228,Home Loan,214971,11.16,2024-03-18,24,120920,Standard,A
L0001890,C000282,Home Loan,328231,16.28,2025-11-12,120,186689,NPA,D
L0001891,C000968,Education Loan,3422292,12.29,2023-12-09,36,3146756,Standard,A
L0001892,C005950,Auto Loan,736498,10.32,2022-04-02,36,221089,Standard,C
L0001893,C007743,Business Loan,2941928,16.17,2024-03-10,24,1172056,Standard,A
L0001894,C005169,Personal Loan,757812,8.78,2022-04-15,36,480409,Standard,B
L0001895,C001798,Personal Loan,629722,10.32,2021-03-13,84,397046,NPA,D
L0001896,C006039,Auto Loan,319721,15.04,2025-04-27,180,198384,NPA,E
L0001897,C004979,Home Loan,798749,14.39,2022-02-26,240,304321,Standard,B
L0001898,C006973,Business Loan,550496,8.06,2025-06-27,84,383759,Standard,A
L0001899,C004890,Home Loan,2547198,10.29,2023-05-06,120,998466,Standard,B
L0001900,C008691,Home Loan,1358638,8.16,2025-01-23,48,1157125,Standard,B
L0001901,C007419,Education Loan,627625,9.12,2023-11-13,36,258670,Standard,C
L0001902,C005612,Auto Loan,3377089,10.74,2022-07-15,180,1468373,Standard,A
L0001903,C006254,Business Loan,297708,8.69,2021-06-15,84,257198,Standard,A
L0001904,C002086,Auto Loan,3213292,14.89,2025-07-04,48,2262721,NPA,D
L0001905,C005527,Business Loan,145732,13.82,2021-10-28,180,98177,Standard,C
L0001906,C002188,Home Loan,573373,12.26,2023-11-11,180,146315,Standard,C
L0001907,C004627,Home Loan,50000,15.18,2022-10-01,36,47926,NPA,E
L0001908,C005268,Business Loan,582936,13.28,2025-12-24,240,396563,Standard,B
L0001909,C006945,Business Loan,761563,15.93,2023-11-27,60,730033,Standard,B
L0001910,C003531,Auto Loan,320244,10.99,2022-08-23,60,133249,Standard,C
L0001911,C000967,Personal Loan,115629,15.45,2025-07-09,120,51007,Standard,A
L0001912,C009493,Education Loan,598634,8.31,2023-08-12,240,244923,Standard,A
L0001913,C003378,Home Loan,916545,13.84,2025-01-20,48,843771,Standard,C
L0001914,C006178,Business Loan,286155,8.53,2025-08-11,84,60967,Standard,A
L0001915,C008732,Personal Loan,1939256,10.24,2025-06-21,240,681574,Standard,B
L0001916,C005941,Education Loan,1331317,14.13,2022-06-27,48,563654,Standard,A
L0001917,C003770,Personal Loan,1297293,14.42,2025-01-23,48,822116,Standard,B
L0001918,C001622,Home Loan,2204627,11.05,2023-07-06,120,1410672,Standard,A
L0001919,C009782,Auto Loan,482840,7.78,2024-11-22,180,380666,Standard,A
L0001920,C000577,Business Loan,952807,12.4,2023-01-23,36,553719,Standard,A
L0001921,C008755,Auto Loan,191544,11.5,2025-05-29,120,129579,Standard,A
L0001922,C005925,Home Loan,2849906,8.1,2025-01-11,120,742214,Standard,A
L0001923,C008134,Home Loan,1800728,12.68,2021-06-06,240,772972,Standard,B
L0001924,C000775,Home Loan,1591946,8.85,2024-02-22,240,997965,Standard,A
L0001925,C002079,Personal Loan,246253,11.54,2024-12-13,240,97053,Standard,B
L0001926,C006788,Home Loan,765961,7.36,2022-11-07,48,225804,Standard,B
L0001927,C001395,Home Loan,246528,7.57,2021-08-10,84,122020,NPA,E
L0001928,C002522,Personal Loan,133776,12.68,2024-02-27,60,123457,Standard,A
L0001929,C005498,Home Loan,130690,12.42,2021-04-04,180,69552,Standard,B
L0001930,C002072,Home Loan,1278618,13.12,2021-10-03,36,536666,Standard,A
L0001931,C005590,Personal Loan,376597,9.72,2023-02-07,60,314306,NPA,E
L0001932,C004225,Home Loan,650602,14.88,2023-07-09,120,197507,Standard,B
L0001933,C008027,Business Loan,1158860,10.7,2022-12-14,60,488693,Standard,A
L0001934,C003004,Education Loan,1261624,7.65,2025-12-27,240,553763,Standard,B
L0001935,C006717,Home Loan,2621627,14.84,2025-08-08,36,1523031,Standard,B
L0001936,C000664,Home Loan,1186918,14.82,2022-05-27,36,922511,Standard,A
L0001937,C004069,Personal Loan,180160,8.36,2022-05-26,240,141219,Standard,A
L0001938,C009785,Business Loan,885249,7.45,2024-03-19,240,242679,Standard,B
L0001939,C004659,Home Loan,755982,15.11,2023-08-29,180,543406,Standard,B
L0001940,C007754,Business Loan,2052392,13.19,2022-05-22,84,1365019,Standard,B
L0001941,C003136,Auto Loan,503366,13.32,2023-02-25,48,343211,Standard,B
L0001942,C000183,Auto Loan,494136,7.32,2023-04-01,84,99884,Standard,A
L0001943,C001530,Home Loan,231983,15.12,2022-05-03,24,106420,Standard,A
L0001944,C001270,Home Loan,333350,9.8,2021-10-16,84,294744,Standard,B
L0001945,C000123,Education Loan,2004555,16.2,2022-04-04,36,1239021,Standard,B
L0001946,C000762,Business Loan,1052835,15.65,2021-01-23,60,749298,Standard,B
L0001947,C006192,Business Loan,600379,13.01,2025-05-12,36,421206,Standard,A
L0001948,C007109,Home Loan,755685,10.45,2023-04-05,120,645612,NPA,E
L0001949,C000229,Home Loan,241874,13.17,2022-12-10,180,121298,Standard,C
L0001950,C009352,Auto Loan,1908037,15.05,2024-02-17,36,1545796,Standard,C
L0001951,C008904,Business Loan,9913503,8.06,2023-08-07,36,4517337,Standard,A
L0001952,C002697,Education Loan,3874546,14.56,2021-05-21,180,2132480,Standard,A
L0001953,C003979,Home Loan,505058,16.38,2025-12-06,24,399826,Standard,B
L0001954,C006280,Auto Loan,306474,11.44,2024-10-18,240,228327,Standard,A
L0001955,C002590,Home Loan,142901,9.12,2025-04-23,48,118081,Standard,B
L0001956,C004251,Auto Loan,2159630,9.2,2022-05-05,180,667174,NPA,D
L0001957,C008607,Auto Loan,614264,15.46,2023-04-05,240,292832,NPA,E
L0001958,C001589,Personal Loan,924077,16.19,2023-06-07,60,743847,Standard,A
L0001959,C008522,Auto Loan,798722,7.24,2025-07-22,120,290540,Standard,C
L0001960,C003131,Auto Loan,260095,13.64,2021-03-26,180,195906,Standard,A
L0001961,C006892,Home Loan,102364,8.75,2021-10-26,24,93749,Standard,A
L0001962,C003143,Auto Loan,337669,8.9,2021-11-27,240,278139,Standard,C
L0001963,C003435,Auto Loan,531458,15.76,2021-02-25,48,146393,Standard,A
L0001964,C003542,Personal Loan,8678008,14.0,2022-12-04,84,7611322,NPA,E
L0001965,C009824,Personal Loan,427992,11.51,2024-09-04,84,365627,Standard,B
L0001966,C002065,Business Loan,2570378,15.95,2024-10-18,240,2480004,Standard,A
L0001967,C007146,Personal Loan,645959,16.15,2024-08-31,120,166224,Standard,B
L0001968,C006995,Auto Loan,1269614,11.94,2024-01-05,84,947120,Standard,B
L0001969,C007347,Auto Loan,522458,16.27,2022-12-08,36,149465,Standard,A
L0001970,C000557,Home Loan,1195176,13.63,2022-05-14,24,478145,Standard,A
L0001971,C001385,Education Loan,241794,9.04,2021-01-24,180,226309,Standard,A
L0001972,C002621,Auto Loan,1335224,12.93,2022-10-09,36,512269,Standard,B
L0001973,C004894,Home Loan,50000,10.61,2022-03-15,36,26960,Standard,B
L0001974,C007966,Personal Loan,233971,15.09,2021-07-31,180,72526,Standard,A
L0001975,C006564,Personal Loan,456111,13.63,2024-01-14,36,168846,Standard,A
L0001976,C003351,Home Loan,646185,8.79,2024-01-25,240,468497,Standard,C
L0001977,C005497,Personal Loan,656185,10.62,2025-08-20,84,447693,Standard,B
L0001978,C006634,Education Loan,599013,11.22,2023-04-26,84,300944,Standard,A
L0001979,C003248,Education Loan,403504,10.43,2023-03-31,48,106749,Standard,A
L0001980,C000622,Personal Loan,1059600,13.96,2024-12-19,36,928363,Standard,B
L0001981,C001456,Home Loan,1368924,8.72,2025-12-03,24,971548,Standard,B
L0001982,C009780,Home Loan,233731,12.56,2023-07-17,60,128504,Standard,A
L0001983,C009762,Education Loan,129378,7.65,2022-02-06,120,68135,Standard,A
L0001984,C008012,Personal Loan,769105,14.16,2023-10-18,84,302874,Standard,B
L0001985,C006734,Personal Loan,1491904,11.61,2025-04-22,180,1382819,Standard,B
L0001986,C005455,Auto Loan,1827828,11.58,2022-12-16,120,863352,Standard,B
L0001987,C007511,Home Loan,1006045,14.96,2025-04-26,60,350053,Standard,B
L0001988,C006021,Business Loan,55240,14.97,2021-07-15,24,47577,Standard,B
L0001989,C009246,Business Loan,575690,9.35,2024-05-24,48,337911,Standard,B
L0001990,C001772,Business Loan,870191,13.22,2022-05-19,240,309202,Standard,A
L0001991,C007818,Personal Loan,441798,11.12,2022-11-11,240,399914,Standard,B
L0001992,C003571,Personal Loan,228089,8.21,2022-09-22,84,47671,Standard,A
L0001993,C004615,Personal Loan,491614,13.39,2024-09-18,60,273813,Standard,A
L0001994,C007098,Home Loan,666425,15.93,2021-09-04,48,435330,Standard,C
L0001995,C000149,Auto Loan,557652,11.05,2022-06-02,60,216397,Standard,A
L0001996,C005311,Business Loan,803785,14.34,2022-04-10,36,232115,Standard,B
L0001997,C007824,Auto Loan,2571090,11.9,2025-08-18,180,595955,Standard,A
L0001998,C009700,Personal Loan,4101398,11.18,2023-11-16,36,3357036,Standard,A
L0001999,C008429,Business Loan,255488,13.63,2021-11-25,120,250097,Standard,A
L0002000,C003982,Home Loan,386543,13.17,2023-09-22,84,92199,Standard,A
L0002001,C000574,Home Loan,2573141,9.14,2025-09-16,120,957690,Standard,A
L0002002,C005142,Personal Loan,203596,13.84,2025-06-12,60,93609,Standard,A
L0002003,C001292,Personal Loan,851321,13.87,2025-04-19,36,534210,Standard,C
L0002004,C000560,Education Loan,1337636,13.54,2025-08-19,60,430423,Standard,C
L0002005,C003413,Home Loan,256022,14.35,2023-01-09,48,173274,Standard,B
L0002006,C003769,Auto Loan,770025,13.14,2024-09-09,84,544030,Standard,A
L0002007,C006870,Auto Loan,1047950,7.76,2025-02-03,60,436856,Standard,C
L0002008,C002559,Home Loan,1471301,12.51,2023-04-02,180,522434,Standard,B
L0002009,C002835,Business Loan,1238660,13.55,2021-09-24,24,1002274,Standard,A
L0002010,C006681,Business Loan,1005712,9.77,2022-03-13,48,305378,Standard,A
L0002011,C004675,Auto Loan,5232200,14.53,2022-08-31,240,1964396,Standard,A
L0002012,C004142,Home Loan,400335,15.25,2025-01-24,48,135505,NPA,D
L0002013,C007234,Personal Loan,1218915,13.02,2021-07-10,120,641204,Standard,A
L0002014,C005155,Auto Loan,251135,9.1,2021-02-15,60,132444,Standard,A
L0002015,C008896,Auto Loan,1573259,10.74,2023-02-16,240,942714,Standard,A
L0002016,C003534,Auto Loan,1104899,11.79,2022-04-14,48,598147,Standard,A
L0002017,C007147,Business Loan,7878766,14.94,2021-03-19,36,5568382,Standard,B
L0002018,C001047,Education Loan,1102842,13.29,2024-07-22,180,387376,Standard,A
L0002019,C008608,Home Loan,652212,10.28,2025-06-23,48,475306,Standard,B
L0002020,C008162,Auto Loan,649937,10.29,2024-06-22,48,168682,NPA,E
L0002021,C005549,Auto Loan,537011,11.22,2024-03-05,120,157669,Standard,A
L0002022,C006879,Personal Loan,366866,14.78,2022-10-31,180,119492,Standard,A
L0002023,C002315,Auto Loan,258476,13.48,2021-05-08,48,199954,Standard,A
L0002024,C003438,Auto Loan,4273497,12.97,2025-02-02,240,866016,Standard,A
L0002025,C004957,Business Loan,833104,12.84,2025-03-07,84,461695,Standard,A
L0002026,C004191,Business Loan,2550945,13.94,2024-10-01,36,1517104,Standard,B
L0002027,C009674,Personal Loan,1144753,8.04,2025-03-27,48,390475,Standard,C
L0002028,C001465,Home Loan,305861,16.44,2022-08-09,24,68562,Standard,C
L0002029,C007722,Home Loan,1440064,7.55,2024-01-23,60,1373672,Standard,C
L0002030,C003185,Business Loan,282939,10.01,2022-01-10,24,128330,Standard,A
L0002031,C004542,Business Loan,247002,8.86,2022-02-15,48,69325,Standard,B
L0002032,C007702,Business Loan,1654503,7.75,2023-06-28,180,1222304,NPA,E
L0002033,C008943,Personal Loan,117653,14.25,2023-03-12,48,89946,Standard,A
L0002034,C008075,Personal Loan,126514,16.24,2025-06-07,48,37137,Standard,A
L0002035,C008890,Personal Loan,1432998,8.43,2022-06-23,60,1058829,Standard,B
L0002036,C005957,Auto Loan,878719,16.31,2024-07-03,60,787379,Standard,B
L0002037,C008396,Business Loan,424806,10.75,2025-08-20,48,239520,Standard,B
L0002038,C003796,Auto Loan,479258,9.12,2022-01-29,120,427617,Standard,C
L0002039,C001729,Home Loan,3677260,13.45,2025-05-17,180,1703076,Standard,C
L0002040,C005550,Auto Loan,304257,14.73,2021-04-12,120,225478,Standard,B
L0002041,C004216,Auto Loan,601840,16.18,2024-05-27,84,344930,Standard,B
L0002042,C005382,Auto Loan,2542145,11.02,2024-03-28,240,1987601,Standard,B
L0002043,C003530,Education Loan,972584,16.21,2024-10-07,24,318367,Standard,A
L0002044,C008717,Personal Loan,10100106,7.92,2022-02-07,120,8875221,Standard,A
L0002045,C003978,Personal Loan,99578,13.3,2021-01-16,120,48842,Standard,A
L0002046,C006269,Home Loan,228294,13.37,2024-04-10,60,51213,Standard,A
L0002047,C009105,Personal Loan,743253,10.76,2021-03-07,48,675212,Standard,B
L0002048,C001802,Auto Loan,611797,14.23,2022-04-26,48,473680,Standard,A
L0002049,C003215,Personal Loan,219595,10.24,2022-01-15,48,197340,Standard,B
L0002050,C008313,Personal Loan,1668330,12.45,2023-07-27,48,981357,Standard,A
L0002051,C004250,Home Loan,2943418,7.64,2023-02-13,180,1553499,NPA,D
L0002052,C009282,Personal Loan,211740,11.36,2023-11-01,24,141376,Standard,A
L0002053,C001813,Personal Loan,134456,11.33,2021-08-07,48,85183,Standard,A
L0002054,C000250,Business Loan,677614,13.67,2022-07-27,240,594353,NPA,E
L0002055,C005064,Home Loan,827147,11.59,2024-06-05,240,741007,Standard,B
L0002056,C002928,Business Loan,373497,11.66,2022-04-10,120,100314,Standard,A
L0002057,C005909,Personal Loan,174068,15.76,2024-12-20,48,84105,Standard,A
L0002058,C007617,Auto Loan,250702,14.94,2023-03-26,24,201700,Standard,B
L0002059,C006636,Education Loan,922783,11.4,2025-01-26,24,447749,Standard,B
L0002060,C001596,Business Loan,448785,8.46,2024-01-13,36,317983,Standard,A
L0002061,C003304,Personal Loan,469369,10.22,2024-07-28,36,360989,Standard,B
L0002062,C000566,Personal Loan,83081,13.05,2024-06-17,120,55325,Standard,A
L0002063,C000161,Education Loan,1514409,8.14,2022-03-02,48,1478713,Standard,B
L0002064,C005375,Home Loan,472394,9.25,2021-05-09,240,187487,Standard,A
L0002065,C008398,Personal Loan,1187162,11.97,2024-07-21,24,571821,Standard,A
L0002066,C003902,Business Loan,1576515,9.01,2021-06-03,24,1442587,Standard,A
L0002067,C001432,Personal Loan,3841617,10.67,2024-08-06,180,2459610,NPA,D
L0002068,C008346,Home Loan,433312,8.62,2024-11-13,240,336364,Standard,A
L0002069,C003096,Business Loan,270588,13.77,2024-11-19,60,98964,Standard,B
L0002070,C007236,Personal Loan,1486062,15.21,2022-11-16,120,876303,Standard,A
L0002071,C000742,Education Loan,317506,7.55,2022-03-23,240,198487,Standard,C
L0002072,C008891,Personal Loan,556861,10.64,2021-05-07,120,324756,Standard,A
L0002073,C006028,Auto Loan,346119,14.69,2024-11-24,24,87875,Standard,B
L0002074,C000487,Personal Loan,346194,9.98,2022-08-14,48,159351,Standard,B
L0002075,C005121,Business Loan,357233,14.33,2025-10-27,180,289862,Standard,B
L0002076,C009422,Personal Loan,1895647,12.08,2025-02-03,60,841498,Standard,A
L0002077,C005590,Personal Loan,370950,10.12,2025-07-26,36,306219,Standard,A
L0002078,C003992,Auto Loan,429835,7.87,2022-05-02,240,289417,Standard,C
L0002079,C000589,Auto Loan,305788,13.38,2023-12-11,48,194901,Standard,B
L0002080,C001413,Home Loan,1307946,11.26,2024-08-24,180,1001841,Standard,B
L0002081,C009251,Home Loan,1248397,10.97,2024-06-20,240,407996,Standard,B
L0002082,C002597,Home Loan,630180,12.71,2023-01-04,120,157266,Standard,A
L0002083,C007092,Business Loan,423971,10.85,2023-11-25,60,246581,Standard,B
L0002084,C003997,Education Loan,1061854,13.16,2021-06-03,180,213483,Standard,A
L0002085,C008598,Auto Loan,664999,14.61,2023-09-01,60,139799,NPA,E
L0002086,C008143,Personal Loan,233736,13.87,2024-02-21,180,166563,Standard,B
L0002087,C002898,Home Loan,1341518,11.73,2022-08-02,240,698402,Standard,B
L0002088,C006269,Home Loan,2045600,11.49,2021-04-25,36,1967691,Standard,B
L0002089,C001922,Education Loan,233428,12.66,2022-04-07,48,154237,Standard,B
L0002090,C002398,Personal Loan,423962,7.3,2025-03-13,60,375235,Standard,A
L0002091,C002419,Auto Loan,852500,12.61,2021-04-08,60,756845,Standard,B
L0002092,C000739,Personal Loan,1188761,14.59,2025-03-29,48,1007598,Standard,B
L0002093,C005150,Auto Loan,1328262,14.8,2021-04-29,36,620896,Standard,A
L0002094,C001588,Auto Loan,253486,10.95,2021-03-03,60,205783,Standard,B
L0002095,C006259,Auto Loan,305079,10.35,2023-01-23,60,86768,Standard,C
L0002096,C005884,Education Loan,583333,11.37,2024-10-09,36,290407,Standard,C
L0002097,C008333,Business Loan,218506,8.78,2024-10-07,48,172017,Standard,A
L0002098,C004751,Personal Loan,466738,14.78,2021-01-12,60,286388,Standard,B
L0002099,C003321,Personal Loan,1679389,7.32,2021-10-05,180,1029819,Standard,A
L0002100,C006049,Business Loan,658215,9.45,2025-12-31,120,306982,Standard,B
L0002101,C005755,Personal Loan,184283,11.45,2023-04-30,24,139726,Standard,C
L0002102,C005771,Home Loan,1064304,9.47,2023-05-21,60,390507,Standard,A
L0002103,C006583,Home Loan,1060015,9.11,2024-04-13,24,505991,Standard,B
L0002104,C005374,Home Loan,2407911,14.21,2021-06-07,120,915333,Standard,C
L0002105,C004842,Personal Loan,170164,12.53,2022-11-27,84,44245,Standard,A
L0002106,C000862,Home Loan,401402,12.93,2024-07-21,180,290826,Standard,B
L0002107,C001630,Home Loan,920762,9.18,2021-08-02,180,582801,Standard,A
L0002108,C005710,Business Loan,412615,15.06,2023-12-26,180,166119,Standard,A
L0002109,C003264,Education Loan,184926,7.35,2025-02-24,120,65662,Standard,B
L0002110,C006567,Home Loan,736019,12.23,2021-12-19,24,362492,Standard,A
L0002111,C009137,Home Loan,736126,16.1,2023-08-23,60,348023,Standard,A
L0002112,C009783,Home Loan,457471,16.15,2022-10-19,180,274478,Standard,A
L0002113,C009294,Auto Loan,807396,10.73,2023-08-31,120,552901,Standard,B
L0002114,C008754,Business Loan,417851,7.63,2021-09-13,240,202407,Standard,A
L0002115,C000989,Personal Loan,902686,15.88,2023-05-24,240,877257,Standard,A
L0002116,C005357,Home Loan,868891,9.5,2024-01-20,180,475560,Standard,A
L0002117,C005350,Personal Loan,769394,7.95,2022-01-16,48,365643,Standard,A
L0002118,C007888,Home Loan,410056,7.52,2022-04-23,120,191227,Standard,B
L0002119,C005236,Personal Loan,242100,8.98,2025-10-07,84,184262,Standard,B
L0002120,C007796,Home Loan,639353,13.36,2023-09-08,60,157517,Standard,B
L0002121,C008398,Personal Loan,2416850,9.23,2024-01-22,60,1604143,Standard,A
L0002122,C004137,Auto Loan,226041,12.65,2022-02-08,120,162076,Standard,B
L0002123,C009306,Business Loan,57616,13.86,2025-09-26,60,37276,Standard,C
L0002124,C009125,Personal Loan,1448788,9.53,2025-12-13,84,682468,Standard,A
L0002125,C004577,Home Loan,241754,10.2,2021-05-12,36,225787,Standard,C
L0002126,C006783,Auto Loan,1926727,10.67,2022-06-09,240,991971,Standard,A
L0002127,C002238,Auto Loan,1955417,8.72,2024-06-15,24,876990,Standard,A
L0002128,C009846,Home Loan,1051098,9.94,2023-10-30,120,615355,Standard,A
L0002129,C003228,Personal Loan,292868,13.56,2023-02-06,48,264527,Standard,B
L0002130,C002823,Home Loan,689546,14.08,2025-02-15,84,638632,Standard,C
L0002131,C004138,Auto Loan,1163460,14.27,2024-12-02,48,1011275,Standard,A
L0002132,C005194,Education Loan,638309,9.99,2022-01-25,48,560869,Standard,B
L0002133,C004309,Personal Loan,323387,10.86,2024-03-01,180,187620,Standard,C
L0002134,C005940,Personal Loan,756529,9.2,2021-12-27,24,203290,Standard,B
L0002135,C009046,Education Loan,91242,16.07,2022-06-05,120,72197,NPA,D
L0002136,C001128,Business Loan,128704,13.29,2024-12-30,120,110178,Standard,A
L0002137,C005933,Education Loan,880205,16.06,2022-11-22,24,671781,Standard,C
L0002138,C006362,Home Loan,109434,9.54,2023-09-25,120,48432,Standard,A
L0002139,C007919,Personal Loan,2766836,7.69,2022-03-06,48,859518,Standard,A
L0002140,C006092,Personal Loan,189818,11.62,2022-11-25,60,98696,Standard,C
L0002141,C004866,Auto Loan,97177,8.76,2025-11-15,36,41180,Standard,B
L0002142,C001528,Business Loan,2607226,14.15,2024-03-22,120,1528400,Standard,B
L0002143,C005603,Home Loan,2121960,11.19,2021-07-07,240,456276,Standard,C
L0002144,C004787,Business Loan,104810,12.37,2021-03-03,240,92319,Standard,A
L0002145,C001105,Auto Loan,596165,12.14,2024-03-14,240,489550,Standard,B
L0002146,C002282,Home Loan,859433,11.71,2024-10-13,60,703279,Standard,B
L0002147,C003090,Business Loan,903626,11.15,2023-12-13,84,609009,Standard,B
L0002148,C003334,Auto Loan,1995763,8.45,2023-06-07,48,1531461,Standard,A
L0002149,C003539,Personal Loan,816756,11.23,2021-04-06,60,443104,Standard,B
L0002150,C002220,Home Loan,6973002,7.49,2022-09-20,120,2749436,Standard,B
L0002151,C009712,Home Loan,121778,8.91,2024-02-05,60,46663,Standard,C
L0002152,C009594,Auto Loan,259774,7.62,2021-10-31,84,79691,Standard,A
L0002153,C009327,Auto Loan,173249,11.76,2023-08-18,180,166341,Standard,C
L0002154,C006229,Education Loan,772789,10.73,2024-05-18,180,559509,Standard,A
L0002155,C002821,Home Loan,676244,13.71,2022-12-10,180,606837,Standard,B
L0002156,C004093,Home Loan,382325,9.16,2025-09-04,240,85678,Standard,B
L0002157,C001348,Business Loan,887535,12.19,2023-12-11,240,615236,Standard,A
L0002158,C007518,Personal Loan,241010,7.5,2022-11-17,120,142674,Standard,B
L0002159,C006120,Personal Loan,451884,8.08,2021-04-20,240,175253,Standard,B
L0002160,C009628,Home Loan,742735,9.41,2024-01-22,240,166453,Standard,B
L0002161,C003128,Personal Loan,1561453,10.4,2023-02-03,240,514413,Standard,A
L0002162,C008033,Business Loan,237012,15.76,2024-07-23,180,176370,Standard,C
L0002163,C008656,Home Loan,871082,14.16,2021-05-03,240,479770,Standard,A
L0002164,C005939,Auto Loan,1480645,10.66,2022-04-09,240,948214,Standard,B
L0002165,C008859,Business Loan,867971,14.23,2023-04-23,120,827500,Standard,A
L0002166,C007290,Education Loan,326541,11.14,2024-05-30,84,165544,Standard,A
L0002167,C004405,Auto Loan,206629,7.92,2021-06-26,36,70887,Standard,B
L0002168,C000722,Home Loan,7473055,7.25,2022-11-15,180,1777644,Standard,C
L0002169,C003818,Auto Loan,867283,11.94,2021-07-10,84,232811,Standard,B
L0002170,C008635,Auto Loan,468218,11.73,2025-06-12,60,160160,Standard,B
L0002171,C008406,Personal Loan,997521,15.18,2025-04-18,120,284387,Standard,B
L0002172,C008616,Business Loan,374899,8.93,2021-08-06,120,317560,Standard,B
L0002173,C002372,Auto Loan,845263,8.53,2024-01-31,24,805915,Standard,A
L0002174,C001132,Home Loan,1112256,11.96,2022-02-15,120,997328,Standard,B
L0002175,C007888,Education Loan,556312,13.98,2022-09-05,36,184149,NPA,E
L0002176,C002271,Auto Loan,711589,8.24,2024-10-20,48,296697,Standard,A
L0002177,C007612,Education Loan,658719,15.96,2023-12-13,240,203499,Standard,A
L0002178,C009100,Auto Loan,432868,9.1,2022-01-25,84,282599,Standard,A
L0002179,C008924,Auto Loan,50000,9.98,2025-11-06,84,11907,Standard,A
L0002180,C005171,Home Loan,429007,11.21,2023-02-11,48,400037,Standard,C
L0002181,C003473,Home Loan,1201599,12.03,2021-05-08,24,660392,Standard,A
L0002182,C000840,Home Loan,2379135,13.83,2021-12-21,84,804029,Standard,A
L0002183,C005298,Home Loan,419103,12.52,2025-02-22,36,307592,Standard,B
L0002184,C003776,Auto Loan,2908272,13.02,2025-12-15,24,1332439,Standard,A
L0002185,C000681,Personal Loan,558857,14.0,2023-03-21,60,209121,Standard,A
L0002186,C006369,Personal Loan,1703264,12.35,2024-10-26,24,545626,NPA,E
L0002187,C001147,Business Loan,3728199,8.63,2021-08-07,180,2976481,Standard,C
L0002188,C005555,Auto Loan,180134,8.19,2025-03-10,120,87836,Standard,B
L0002189,C004600,Auto Loan,274498,15.17,2023-05-07,180,172651,Standard,B
L0002190,C009818,Education Loan,910129,14.97,2022-01-30,180,400311,Standard,A
L0002191,C006099,Personal Loan,338227,11.99,2025-09-02,48,220175,Standard,B
L0002192,C008235,Business Loan,506592,8.78,2021-05-24,120,456956,Standard,B
L0002193,C002406,Business Loan,2770925,7.21,2024-01-31,120,1713670,Standard,C
L0002194,C008168,Business Loan,819278,11.21,2025-11-04,48,779488,Standard,A
L0002195,C001413,Personal Loan,504123,15.25,2024-04-21,48,455974,Standard,B
L0002196,C003385,Auto Loan,2142577,10.36,2024-11-03,48,1423482,Standard,B
L0002197,C008560,Personal Loan,8988688,10.26,2022-03-13,48,1972774,Standard,B
L0002198,C008997,Home Loan,774620,12.38,2023-11-22,48,392285,Standard,B
L0002199,C000870,Education Loan,1044075,11.38,2024-11-17,60,274102,Standard,B
L0002200,C001699,Business Loan,1791506,7.55,2021-09-04,240,545972,Standard,A
L0002201,C006800,Business Loan,799677,11.61,2022-07-19,24,731412,Standard,B
L0002202,C008841,Home Loan,1090278,14.77,2021-06-01,24,264038,Standard,B
L0002203,C005526,Auto Loan,603980,11.16,2022-08-25,240,575025,Standard,C
L0002204,C001499,Home Loan,2339776,10.43,2021-11-15,120,1880525,NPA,E
L0002205,C001356,Business Loan,565079,8.55,2024-07-04,180,316296,NPA,E
L0002206,C008819,Home Loan,1506878,13.82,2022-04-23,84,1127058,Standard,B
L0002207,C007667,Auto Loan,484409,9.23,2025-03-22,180,177942,Standard,A
L0002208,C007509,Personal Loan,353485,9.52,2022-12-14,240,325718,Standard,A
L0002209,C008838,Education Loan,211980,15.57,2022-06-06,84,192500,Standard,B
L0002210,C009492,Personal Loan,693530,9.57,2022-02-08,24,288401,Standard,B
L0002211,C005782,Personal Loan,1802877,15.84,2023-12-22,60,565435,Standard,B
L0002212,C000104,Home Loan,202835,15.71,2021-08-22,84,178818,Standard,B
L0002213,C003810,Auto Loan,323441,16.41,2023-04-24,36,210161,NPA,D
L0002214,C004514,Personal Loan,4487431,15.18,2024-09-14,36,1538120,Standard,C
L0002215,C005536,Auto Loan,563682,8.25,2025-04-20,24,386138,Standard,B
L0002216,C006907,Auto Loan,994331,13.45,2023-12-04,180,810643,Standard,A
L0002217,C003293,Business Loan,290117,8.08,2025-08-08,24,252044,Standard,C
L0002218,C004143,Home Loan,1300692,12.83,2022-12-04,120,1135907,Standard,A
L0002219,C004777,Home Loan,172837,10.16,2022-11-16,48,46124,Standard,C
L0002220,C003349,Personal Loan,672154,7.35,2024-06-13,48,511057,Standard,A
L0002221,C006742,Business Loan,606156,9.66,2021-03-06,240,270559,Standard,B
L0002222,C004044,Education Loan,1062914,8.55,2024-05-08,60,449880,NPA,E
L0002223,C001978,Home Loan,219903,11.37,2025-12-20,240,164975,Standard,A
L0002224,C006077,Personal Loan,234484,15.62,2024-03-30,24,70614,Standard,A
L0002225,C009188,Education Loan,1690587,10.99,2021-07-03,36,664995,Standard,A
L0002226,C008925,Personal Loan,2199729,11.37,2024-04-30,24,1764931,Standard,B
L0002227,C009820,Auto Loan,730229,10.44,2022-08-13,36,235300,Standard,A
L0002228,C002441,Home Loan,4027395,9.16,2022-02-01,180,3750577,Standard,B
L0002229,C002044,Business Loan,1494668,15.6,2022-02-16,84,918671,Standard,B
L0002230,C009682,Business Loan,231130,16.15,2023-04-05,180,163241,Standard,C
L0002231,C009038,Home Loan,267145,10.86,2024-09-06,84,235983,Standard,C
L0002232,C003884,Auto Loan,518065,14.96,2024-04-19,84,358010,Standard,A
L0002233,C008736,Personal Loan,3360058,9.58,2024-12-17,180,2165692,Standard,C
L0002234,C005842,Business Loan,1968916,8.43,2023-03-12,48,682620,Standard,B
L0002235,C008925,Business Loan,1024897,10.49,2021-05-19,84,315770,Standard,B
L0002236,C004473,Auto Loan,317986,11.54,2025-10-12,240,119910,Standard,A
L0002237,C002919,Business Loan,87546,15.36,2023-09-22,36,53426,Standard,C
L0002238,C000218,Education Loan,874907,9.78,2023-10-22,60,764293,Standard,A
L0002239,C004694,Business Loan,1774775,15.1,2025-11-19,24,687774,Standard,A
L0002240,C006529,Auto Loan,868590,9.03,2025-07-06,36,832194,Standard,A
L0002241,C001744,Education Loan,3699707,9.74,2022-10-17,60,2041585,Standard,A
L0002242,C004761,Personal Loan,960197,15.59,2021-06-04,120,269834,Standard,B
L0002243,C008332,Business Loan,246942,14.13,2023-05-22,120,155657,Standard,C
L0002244,C001100,Auto Loan,1632968,13.28,2021-11-17,48,1436200,Standard,B
L0002245,C009452,Business Loan,495625,9.7,2021-01-31,36,479874,Standard,B
L0002246,C000577,Business Loan,175756,15.89,2022-01-17,24,120371,Standard,A
L0002247,C003846,Personal Loan,1098119,7.81,2022-09-26,48,648851,Standard,B
L0002248,C002117,Education Loan,578423,9.77,2023-07-24,36,347455,Standard,B
L0002249,C002387,Personal Loan,745052,13.9,2023-10-11,36,613053,Standard,B
L0002250,C000952,Auto Loan,664168,8.88,2023-11-21,48,428757,Standard,A
L0002251,C001775,Personal Loan,1001767,10.45,2025-05-28,240,882552,Standard,B
L0002252,C001093,Personal Loan,2437989,14.1,2021-04-19,24,776559,Standard,B
L0002253,C006667,Auto Loan,553471,11.0,2022-03-11,84,503205,Standard,A
L0002254,C006764,Home Loan,2787230,15.16,2021-02-02,84,2597839,Standard,A
L0002255,C009117,Auto Loan,776799,12.55,2025-03-18,48,731347,Standard,B
L0002256,C001627,Business Loan,700822,16.24,2023-11-09,36,357723,NPA,E
L0002257,C009372,Education Loan,62978,13.19,2022-01-03,180,53700,Standard,A
L0002258,C007060,Personal Loan,406504,13.86,2022-04-18,48,353882,Standard,C
L0002259,C003001,Home Loan,3247335,15.02,2023-08-17,120,1590057,Standard,C
L0002260,C004238,Personal Loan,1041793,14.03,2024-01-25,120,285358,NPA,D
L0002261,C009580,Home Loan,242744,14.51,2022-08-30,36,116130,Standard,B
L0002262,C001056,Business Loan,82960,12.75,2022-11-12,36,16922,Standard,B
L0002263,C006673,Education Loan,50000,9.33,2021-10-15,36,23512,Standard,A
L0002264,C008621,Personal Loan,528464,11.55,2024-10-31,60,174770,NPA,E
L0002265,C003032,Personal Loan,218712,16.15,2023-11-09,84,43807,Standard,B
L0002266,C004043,Business Loan,7016953,11.52,2022-12-11,84,2709842,Standard,B
L0002267,C006574,Auto Loan,783210,15.42,2024-06-07,24,683147,Standard,B
L0002268,C003737,Personal Loan,574451,13.51,2023-03-11,240,506444,Standard,A
L0002269,C006743,Personal Loan,3108915,8.01,2024-01-17,48,3039573,Standard,B
L0002270,C008635,Personal Loan,267684,11.97,2025-09-16,60,103885,Standard,B
L0002271,C002350,Business Loan,668232,7.62,2023-06-25,240,316281,Standard,B
L0002272,C000502,Personal Loan,292107,10.98,2024-06-20,48,149333,Standard,C
L0002273,C006294,Business Loan,1879063,16.1,2023-04-26,24,1479779,Standard,B
L0002274,C007199,Auto Loan,1773932,15.68,2023-10-29,60,754644,Standard,A
L0002275,C000326,Auto Loan,281197,12.17,2023-11-12,60,231279,Standard,A
L0002276,C006688,Business Loan,297510,14.16,2021-04-29,240,257784,Standard,B
L0002277,C002256,Education Loan,413358,12.29,2021-03-06,60,386617,Standard,B
L0002278,C005628,Personal Loan,323974,12.4,2022-12-30,48,135739,Standard,A
L0002279,C000867,Personal Loan,2408337,13.97,2021-07-08,120,1457188,Standard,B
L0002280,C001683,Home Loan,493105,13.37,2021-01-03,84,320497,Standard,C
L0002281,C006019,Personal Loan,528975,8.0,2021-07-05,48,183670,Standard,C
L0002282,C009114,Personal Loan,2639718,10.74,2022-09-05,48,2179926,Standard,C
L0002283,C007635,Education Loan,114514,10.1,2025-11-26,60,105418,Standard,A
L0002284,C002088,Personal Loan,5238095,16.31,2024-07-01,120,1822818,Standard,A
L0002285,C007007,Home Loan,477451,13.95,2024-04-04,240,402594,Standard,C
L0002286,C001616,Education Loan,316642,15.33,2021-07-29,84,129992,Standard,A
L0002287,C000975,Personal Loan,943528,8.15,2025-09-18,84,462157,Standard,A
L0002288,C006319,Personal Loan,401122,7.68,2022-06-23,84,99374,Standard,C
L0002289,C007757,Business Loan,307635,12.97,2021-11-19,36,281962,Standard,A
L0002290,C009890,Auto Loan,260503,12.27,2021-01-07,60,84416,Standard,A
L0002291,C006196,Auto Loan,209707,8.05,2025-11-08,84,46407,Standard,A
L0002292,C006671,Personal Loan,779879,12.76,2022-05-22,36,370849,NPA,D
L0002293,C009403,Auto Loan,1003491,15.06,2025-10-05,84,576400,Standard,A
L0002294,C000312,Business Loan,785882,8.77,2021-04-21,84,435154,Standard,B
L0002295,C009172,Auto Loan,2356590,12.41,2024-09-01,24,1203150,Standard,B
L0002296,C007021,Business Loan,234884,15.11,2021-11-22,36,196182,Standard,A
L0002297,C006511,Personal Loan,455912,15.58,2025-06-22,84,395347,Standard,A
L0002298,C004013,Education Loan,383494,15.39,2024-06-11,60,338722,Standard,A
L0002299,C009433,Business Loan,799430,15.04,2021-07-12,120,606604,Standard,A
L0002300,C002102,Home Loan,111707,10.49,2025-07-05,36,79755,Standard,C
L0002301,C001827,Personal Loan,424057,12.58,2022-01-31,240,226646,Standard,C
L0002302,C002850,Education Loan,458731,11.77,2024-02-08,120,183790,Standard,B
L0002303,C000737,Personal Loan,1381935,8.24,2023-08-01,180,554766,Standard,A
L0002304,C001693,Personal Loan,241939,12.1,2025-10-09,36,85662,Standard,B
L0002305,C003036,Personal Loan,1285495,12.17,2021-04-23,120,426761,NPA,E
L0002306,C004941,Personal Loan,665953,15.17,2023-05-06,60,325467,Standard,B
L0002307,C003428,Business Loan,1620890,7.97,2023-03-30,180,1403397,Standard,B
L0002308,C009137,Personal Loan,425929,8.57,2021-03-08,24,199820,Standard,A
L0002309,C009108,Home Loan,470474,12.62,2022-02-02,24,206388,NPA,D
L0002310,C007659,Home Loan,254833,8.67,2024-10-02,120,100700,Standard,A
L0002311,C007724,Education Loan,86010,16.11,2025-08-21,84,71487,Standard,A
L0002312,C008357,Auto Loan,856067,12.29,2023-09-19,84,706314,Standard,A
L0002313,C003172,Home Loan,1301813,8.93,2024-03-11,84,372224,Standard,A
L0002314,C007996,Auto Loan,790569,7.74,2023-05-16,84,338339,Standard,A
L0002315,C000833,Education Loan,8101830,12.38,2021-09-05,36,4746206,NPA,E
L0002316,C000522,Business Loan,219684,14.88,2023-06-23,180,102613,Standard,B
L0002317,C001512,Business Loan,775547,12.32,2023-11-23,36,341522,Standard,A
L0002318,C002930,Auto Loan,389944,15.86,2021-07-24,48,207470,Standard,B
L0002319,C002047,Business Loan,349405,16.2,2024-11-02,84,123330,Standard,A
L0002320,C005205,Personal Loan,331980,7.32,2022-12-06,48,258408,Standard,A
L0002321,C001493,Home Loan,1141647,15.16,2025-04-10,84,237450,Standard,B
L0002322,C006827,Personal Loan,241422,14.13,2023-05-15,48,53295,NPA,D
L0002323,C009793,Auto Loan,280949,13.1,2024-09-05,24,230500,NPA,D
L0002324,C001799,Home Loan,633585,16.23,2024-08-24,84,255420,Standard,A
L0002325,C002058,Home Loan,407785,8.06,2023-07-07,48,201458,Standard,B
L0002326,C008444,Business Loan,1938385,11.8,2022-08-09,84,805604,Standard,A
L0002327,C003611,Auto Loan,741947,10.13,2022-11-05,120,334316,Standard,A
L0002328,C008343,Home Loan,208536,16.46,2025-02-20,84,146035,Standard,A
L0002329,C000797,Auto Loan,423060,9.98,2022-04-21,240,136020,Standard,B
L0002330,C001750,Personal Loan,1930427,9.49,2023-08-01,60,1852211,Standard,B
L0002331,C003340,Personal Loan,895291,11.35,2025-05-29,120,660527,Standard,B
L0002332,C008001,Home Loan,708408,7.55,2025-10-28,180,585001,Standard,B
L0002333,C001047,Home Loan,1162650,12.92,2023-06-11,84,932515,Standard,A
L0002334,C005680,Personal Loan,637871,8.5,2022-02-10,180,294499,Standard,B
L0002335,C006908,Personal Loan,1236718,12.32,2024-03-19,24,1024305,Standard,B
L0002336,C006565,Personal Loan,753054,15.4,2021-03-26,60,177523,NPA,E
L0002337,C001852,Home Loan,403393,10.07,2021-09-22,84,336580,Standard,B
L0002338,C006035,Auto Loan,260524,9.98,2025-03-30,36,74264,Standard,A
L0002339,C004249,Business Loan,423442,11.98,2022-06-25,60,197981,Standard,B
L0002340,C008492,Education Loan,888601,10.93,2023-08-18,24,609542,Standard,C
L0002341,C001861,Education Loan,1183521,15.67,2024-07-06,24,857028,Standard,B
L0002342,C009932,Business Loan,678074,15.64,2022-07-14,120,284863,Standard,A
L0002343,C007997,Home Loan,1539076,11.52,2022-08-31,84,844905,Standard,B
L0002344,C000882,Business Loan,342974,13.85,2024-02-13,180,203003,NPA,D
L0002345,C008229,Personal Loan,1356867,9.73,2021-10-10,60,1287810,Standard,B
L0002346,C006670,Personal Loan,2899350,12.64,2025-10-04,48,1777500,Standard,B
L0002347,C005714,Personal Loan,373375,14.81,2023-12-25,240,187531,NPA,E
L0002348,C008024,Home Loan,574486,14.47,2024-08-03,180,411857,Standard,A
L0002349,C002025,Auto Loan,955565,8.6,2025-01-08,180,709566,Standard,B
L0002350,C001653,Personal Loan,301762,13.77,2025-03-28,48,223584,NPA,D
L0002351,C005080,Auto Loan,1002306,9.15,2025-11-17,60,735315,Standard,B
L0002352,C005445,Business Loan,719157,11.99,2022-02-14,240,634367,Standard,B
L0002353,C008472,Business Loan,120610,16.35,2025-12-16,180,30812,Standard,A
L0002354,C000637,Home Loan,310692,7.99,2023-04-14,120,250857,Standard,A
L0002355,C000402,Business Loan,736304,7.58,2024-12-14,24,599900,Standard,B
L0002356,C007730,Business Loan,83865,12.22,2024-03-25,84,64966,Standard,A
L0002357,C002835,Business Loan,202468,16.27,2025-08-11,48,155898,Standard,B
L0002358,C004738,Home Loan,496624,14.74,2025-07-23,60,331889,Standard,C
L0002359,C000188,Home Loan,3441154,9.45,2024-08-14,120,1074750,Standard,B
L0002360,C005454,Home Loan,851064,15.43,2022-07-31,120,593538,Standard,A
L0002361,C002142,Education Loan,366408,12.59,2022-03-21,24,197552,Standard,A
L0002362,C008582,Auto Loan,433906,15.94,2021-02-22,36,202402,Standard,C
L0002363,C001624,Home Loan,978858,14.56,2024-03-06,120,275751,Standard,A
L0002364,C006573,Home Loan,969872,9.05,2023-11-15,240,304182,Standard,B
L0002365,C008729,Personal Loan,2300440,11.57,2021-09-25,60,2187637,NPA,D
L0002366,C000636,Education Loan,853913,13.87,2024-11-07,84,799780,Standard,B
L0002367,C006447,Business Loan,348150,13.38,2024-06-25,84,140355,Standard,B
L0002368,C004842,Personal Loan,8968127,11.22,2025-07-26,120,8052450,Standard,C
L0002369,C006214,Auto Loan,416396,15.41,2025-05-14,120,206362,Standard,A
L0002370,C003390,Auto Loan,1838090,8.57,2025-07-28,36,659927,Standard,C
L0002371,C000863,Personal Loan,1570100,13.26,2022-07-29,180,596313,Standard,A
L0002372,C000274,Personal Loan,529645,11.97,2025-03-01,24,503994,Standard,A
L0002373,C007670,Personal Loan,2338649,9.16,2023-05-11,84,2278432,Standard,A
L0002374,C004545,Home Loan,871543,8.6,2021-08-11,180,815021,Standard,A
L0002375,C003994,Home Loan,1335857,13.76,2023-07-26,84,1195676,Standard,A
L0002376,C007719,Personal Loan,893315,8.0,2024-11-19,120,807604,Standard,A
L0002377,C007416,Auto Loan,313292,9.51,2023-03-30,36,253217,Standard,A
L0002378,C008601,Personal Loan,489302,8.56,2022-10-25,120,249330,Standard,C
L0002379,C004346,Business Loan,1320995,7.72,2023-07-31,180,1203387,Standard,A
L0002380,C003415,Personal Loan,127207,13.69,2025-10-20,24,61080,Standard,B
L0002381,C001887,Business Loan,516428,9.1,2022-06-29,120,331435,Standard,B
L0002382,C001956,Personal Loan,2977332,9.32,2022-06-30,24,1224223,Standard,A
L0002383,C001893,Auto Loan,2298716,9.66,2023-08-12,60,1035914,Standard,C
L0002384,C006663,Business Loan,444105,8.26,2021-08-25,120,114684,Standard,B
L0002385,C001131,Home Loan,272878,10.83,2023-11-30,48,223844,Standard,C
L0002386,C006680,Auto Loan,207290,9.99,2025-09-08,240,176992,Standard,C
L0002387,C007355,Home Loan,87311,7.89,2021-01-19,48,38301,Standard,B
L0002388,C007273,Home Loan,1329792,15.29,2025-08-31,84,445539,Standard,C
L0002389,C004250,Personal Loan,1236363,16.08,2024-12-31,240,1026441,Standard,B
L0002390,C004936,Auto Loan,1665818,10.08,2025-02-23,180,1289693,Standard,A
L0002391,C001391,Education Loan,3852552,14.87,2025-03-25,24,1780792,Standard,A
L0002392,C003244,Business Loan,527312,13.53,2021-05-25,240,409946,Standard,B
L0002393,C003067,Auto Loan,2379158,11.86,2023-02-04,84,2045342,Standard,A
L0002394,C005153,Education Loan,724172,8.84,2023-01-10,36,703460,Standard,A
L0002395,C008051,Business Loan,10151543,8.79,2021-12-25,48,9540304,Standard,B
L0002396,C008322,Auto Loan,2329851,13.29,2023-09-05,180,832870,Standard,A
L0002397,C000376,Home Loan,2604998,13.34,2021-11-28,240,2012316,Standard,B
L0002398,C000626,Auto Loan,995363,8.58,2022-07-26,84,199389,Standard,B
L0002399,C008672,Auto Loan,734151,13.88,2025-07-08,24,677007,Standard,B
L0002400,C004146,Personal Loan,566586,11.29,2023-03-18,60,383332,Standard,B
L0002401,C002662,Home Loan,293592,13.76,2025-11-01,24,261239,Standard,A
L0002402,C003158,Auto Loan,173046,12.36,2022-08-07,120,138450,Standard,A
L0002403,C002575,Personal Loan,248815,7.53,2021-07-04,24,160530,Standard,A
L0002404,C002079,Home Loan,281514,10.51,2023-07-07,240,262728,Standard,A
L0002405,C008882,Personal Loan,2037593,7.47,2022-08-26,84,1868546,Standard,B
L0002406,C007204,Personal Loan,788236,14.0,2025-01-27,36,441694,Standard,A
L0002407,C009887,Home Loan,407345,8.93,2024-06-10,120,231413,Standard,A
L0002408,C007755,Home Loan,1103263,15.96,2023-04-25,48,693266,Standard,B
L0002409,C009477,Personal Loan,281564,16.44,2025-11-06,84,69376,Standard,B
L0002410,C009381,Home Loan,1625929,15.4,2022-04-26,60,1277600,Standard,A
L0002411,C009876,Business Loan,187844,10.16,2025-07-30,36,163481,Standard,C
L0002412,C004026,Business Loan,2431701,8.03,2022-01-12,36,1244435,Standard,B
L0002413,C009702,Auto Loan,674301,13.96,2022-04-30,36,287029,Standard,A
L0002414,C004467,Personal Loan,149649,8.21,2023-08-02,120,89977,Standard,B
L0002415,C004431,Personal Loan,256231,8.8,2022-02-19,120,124839,Standard,C
L0002416,C007550,Home Loan,292656,7.94,2025-08-28,120,244328,NPA,D
L0002417,C007253,Personal Loan,1905145,10.51,2021-12-24,24,1857775,NPA,E
L0002418,C003166,Education Loan,583414,9.14,2023-06-15,240,413404,Standard,A
L0002419,C006278,Education Loan,978341,12.97,2022-07-09,180,715616,Standard,A
L0002420,C003812,Home Loan,196125,10.64,2025-03-25,24,44562,Standard,B
L0002421,C003836,Home Loan,675533,10.86,2021-08-17,84,162817,Standard,A
L0002422,C009763,Personal Loan,8430920,12.13,2022-05-02,180,5045538,Standard,A
L0002423,C003752,Business Loan,195196,10.16,2025-11-08,180,158173,Standard,C
L0002424,C001979,Personal Loan,2244174,10.25,2023-07-31,36,1883009,Standard,B
L0002425,C001861,Home Loan,1012109,10.43,2025-10-08,180,796473,NPA,D
L0002426,C007561,Personal Loan,1370877,13.9,2021-10-08,24,1240926,Standard,C
L0002427,C005012,Auto Loan,4290735,10.81,2022-03-25,60,1363866,Standard,A
L0002428,C006308,Auto Loan,171501,8.15,2025-05-02,240,61316,Standard,A
L0002429,C006116,Education Loan,1467424,13.54,2025-05-22,84,822532,Standard,B
L0002430,C008996,Personal Loan,3524059,15.97,2025-05-30,48,1764110,Standard,C
L0002431,C001039,Home Loan,494379,7.84,2022-01-30,180,283144,Standard,A
L0002432,C000647,Personal Loan,2332480,15.54,2022-12-30,120,1289699,Standard,A
L0002433,C003042,Home Loan,1315428,10.5,2023-12-19,36,623835,Standard,A
L0002434,C008395,Home Loan,2138784,12.32,2025-10-31,48,769811,Standard,C
L0002435,C004883,Auto Loan,2660573,8.62,2022-11-20,84,1979437,Standard,C
L0002436,C001107,Personal Loan,372004,9.84,2024-01-15,36,223111,Standard,B
L0002437,C005741,Personal Loan,3017797,9.51,2023-06-08,240,2613977,Standard,B
L0002438,C003286,Home Loan,442195,7.65,2024-04-14,36,409319,Standard,B
L0002439,C004501,Personal Loan,626647,13.02,2023-08-05,84,252665,Standard,B
L0002440,C009057,Home Loan,679561,14.49,2021-12-28,180,305896,Standard,C
L0002441,C006332,Auto Loan,746218,7.55,2025-06-09,48,633486,Standard,B
L0002442,C004890,Education Loan,1137869,7.71,2021-04-03,48,649215,Standard,B
L0002443,C006264,Auto Loan,3714555,9.43,2021-06-28,120,1361187,Standard,B
L0002444,C007570,Personal Loan,1203022,8.78,2023-12-13,240,749512,Standard,B
L0002445,C000646,Home Loan,226366,9.61,2025-09-22,240,184563,Standard,A
L0002446,C004618,Personal Loan,1692856,10.45,2024-05-26,24,1577708,Standard,B
L0002447,C006058,Auto Loan,210050,16.26,2023-01-01,240,81848,Standard,B
L0002448,C003512,Home Loan,247249,10.29,2021-07-24,240,218994,Standard,B
L0002449,C008035,Home Loan,1824890,9.45,2021-12-07,24,1670322,Standard,B
L0002450,C008407,Personal Loan,1550408,7.57,2025-05-04,120,633631,Standard,A
L0002451,C006008,Education Loan,224792,12.75,2022-07-18,24,156827,Standard,A
L0002452,C001370,Education Loan,383075,15.58,2024-07-14,36,285659,Standard,B
L0002453,C006356,Home Loan,1104846,12.37,2025-06-22,60,302918,Standard,C
L0002454,C007125,Auto Loan,533069,14.96,2024-03-04,120,284693,Standard,B
L0002455,C008060,Personal Loan,381495,7.99,2023-12-26,240,367864,Standard,A
L0002456,C001600,Home Loan,293978,8.11,2023-10-29,36,127046,Standard,B
L0002457,C004203,Business Loan,157214,13.04,2022-04-22,240,63514,Standard,B
L0002458,C008754,Auto Loan,129732,8.1,2023-08-19,240,73511,NPA,D
L0002459,C003371,Personal Loan,613768,11.73,2025-06-23,24,394620,Standard,B
L0002460,C009114,Auto Loan,4997298,8.86,2023-02-15,180,2287524,Standard,C
L0002461,C001607,Home Loan,498245,8.39,2021-06-07,36,107468,Standard,A
L0002462,C001564,Auto Loan,3380498,12.1,2025-08-11,24,1573899,Standard,A
L0002463,C005836,Home Loan,1133364,8.46,2025-07-06,24,854788,Standard,A
L0002464,C002085,Auto Loan,669932,9.48,2023-06-19,84,270989,Standard,A
L0002465,C009131,Home Loan,847342,9.17,2025-08-18,60,499049,Standard,C
L0002466,C009029,Personal Loan,338655,16.25,2021-08-19,36,245575,Standard,C
L0002467,C001396,Home Loan,1270720,7.28,2024-02-26,36,303089,Standard,A
L0002468,C000324,Auto Loan,1340140,7.91,2022-10-14,84,1185906,Standard,B
L0002469,C007246,Home Loan,50000,15.22,2021-01-09,180,10793,Standard,B
L0002470,C005352,Personal Loan,664555,12.02,2022-09-24,84,364894,Standard,A
L0002471,C001599,Business Loan,408586,9.05,2021-05-07,180,136216,Standard,B
L0002472,C005010,Business Loan,2462315,9.57,2025-08-16,120,2160771,Standard,A
L0002473,C007840,Personal Loan,259514,15.22,2021-08-06,48,76820,Standard,A
L0002474,C003289,Home Loan,1396866,15.79,2024-07-10,48,1258860,Standard,B
L0002475,C002464,Personal Loan,1461377,9.52,2021-02-01,180,566059,Standard,A
L0002476,C005139,Home Loan,86514,9.18,2022-03-19,24,52506,Standard,A
L0002477,C007692,Business Loan,1022789,10.6,2024-05-01,36,334239,Standard,B
L0002478,C008740,Home Loan,650245,15.44,2025-10-20,180,493467,Standard,A
L0002479,C007254,Personal Loan,774351,7.29,2023-02-28,180,261647,Standard,A
L0002480,C005670,Education Loan,2815808,11.01,2024-01-22,48,785178,Standard,A
L0002481,C006855,Home Loan,297879,10.19,2021-08-21,240,290444,Standard,A
L0002482,C002900,Personal Loan,13311856,12.78,2023-04-23,84,7399408,Standard,B
L0002483,C008321,Auto Loan,947135,11.56,2021-09-03,48,649994,Standard,B
L0002484,C004821,Home Loan,593421,8.71,2023-10-20,120,260772,Standard,B
L0002485,C007683,Business Loan,703609,14.52,2023-12-31,60,375326,Standard,B
L0002486,C001383,Education Loan,352894,13.1,2022-05-14,48,176496,Standard,C
L0002487,C008185,Business Loan,2674484,8.71,2021-06-25,24,2305559,Standard,A
L0002488,C000506,Auto Loan,981996,9.1,2022-07-23,24,626078,Standard,B
L0002489,C006630,Auto Loan,200548,14.77,2024-12-12,48,177019,Standard,B
L0002490,C008371,Education Loan,255161,8.37,2024-07-29,240,92951,Standard,B
L0002491,C000026,Business Loan,435788,13.78,2022-11-10,36,165348,Standard,B
L0002492,C004137,Education Loan,477471,8.81,2023-11-01,24,450048,Standard,B
L0002493,C004586,Education Loan,708583,12.55,2022-04-02,36,369924,Standard,A
L0002494,C002910,Auto Loan,599354,11.57,2022-02-25,48,338301,Standard,A
L0002495,C008771,Home Loan,685890,14.41,2022-03-13,120,336606,Standard,B
L0002496,C002667,Personal Loan,2172452,10.77,2025-09-06,240,1132030,Standard,C
L0002497,C007002,Education Loan,2408605,15.67,2022-04-01,36,1941405,Standard,B
L0002498,C006414,Auto Loan,77598,14.49,2022-07-04,240,36619,Standard,B
L0002499,C006094,Personal Loan,2231426,14.44,2021-04-19,84,1244545,NPA,E
L0002500,C008783,Business Loan,477882,9.79,2023-07-21,36,452243,Standard,C
L0002501,C007799,Education Loan,150354,11.51,2024-04-29,84,54500,Standard,B
L0002502,C006981,Business Loan,923043,9.1,2025-04-26,240,335954,Standard,A
L0002503,C007303,Home Loan,246061,14.81,2023-01-24,84,136243,Standard,B
L0002504,C005629,Home Loan,2354247,13.17,2022-04-27,240,2161602,Standard,A
L0002505,C007880,Home Loan,3947768,7.26,2022-04-17,84,3256241,Standard,A
L0002506,C005545,Education Loan,2503137,12.53,2023-02-24,24,1189354,Standard,C
L0002507,C009711,Personal Loan,15000000,7.64,2021-06-29,60,12445751,Standard,B
L0002508,C003168,Business Loan,2665532,10.63,2023-04-14,36,707308,Standard,A
L0002509,C000770,Education Loan,3868351,15.52,2024-06-09,240,1988206,Standard,B
L0002510,C006509,Home Loan,491573,8.15,2025-10-20,120,370303,Standard,A
L0002511,C008436,Education Loan,141806,8.06,2022-01-17,60,78490,Standard,A
L0002512,C004138,Auto Loan,2330340,14.84,2023-12-08,36,2240125,Standard,B
L0002513,C002995,Auto Loan,169665,9.7,2025-01-22,180,137632,Standard,B
L0002514,C003825,Personal Loan,2440362,7.53,2021-04-11,36,1904711,Standard,B
L0002515,C003460,Home Loan,3577389,12.96,2024-04-19,120,3206122,Standard,B
L0002516,C006356,Business Loan,332940,9.65,2022-09-05,240,119462,NPA,D
L0002517,C009024,Personal Loan,986142,11.05,2025-06-19,36,611832,Standard,C
L0002518,C004317,Personal Loan,1049243,8.94,2022-01-08,24,554369,Standard,B
L0002519,C001051,Personal Loan,1510633,15.15,2024-01-26,60,967792,Standard,A
L0002520,C000431,Personal Loan,1200392,12.81,2025-06-03,180,1147538,Standard,A
L0002521,C001857,Personal Loan,217894,13.73,2024-08-10,240,166562,Standard,B
L0002522,C003301,Auto Loan,1945154,11.19,2025-01-19,48,790426,Standard,C
L0002523,C000657,Auto Loan,488174,9.16,2021-06-21,84,187147,Standard,B
L0002524,C005589,Personal Loan,456427,13.08,2023-01-17,180,288881,Standard,A
L0002525,C007510,Auto Loan,567367,8.42,2022-01-19,48,539285,Standard,A
L0002526,C007850,Auto Loan,205328,11.26,2023-09-27,120,49169,Standard,B
L0002527,C002217,Home Loan,244883,10.57,2023-10-23,24,213571,Standard,C
L0002528,C000223,Home Loan,469261,10.3,2021-08-13,48,301295,Standard,A
L0002529,C008716,Personal Loan,167803,14.01,2023-10-05,84,46157,Standard,A
L0002530,C004933,Education Loan,256800,9.66,2023-01-09,60,207300,Standard,B
L0002531,C008169,Personal Loan,282083,16.07,2021-06-18,36,194338,Standard,A
L0002532,C006935,Business Loan,389976,9.8,2021-08-11,84,370122,Standard,B
L0002533,C008408,Business Loan,1942889,11.9,2021-04-26,120,1856527,Standard,A
L0002534,C003136,Education Loan,1338318,12.51,2022-01-08,120,1166016,Standard,B
L0002535,C007893,Home Loan,252080,11.52,2025-03-04,24,140664,Standard,A
L0002536,C004480,Business Loan,590374,8.3,2024-06-24,120,256394,Standard,A
L0002537,C008935,Business Loan,538369,13.55,2025-11-09,180,345534,Standard,A
L0002538,C009646,Business Loan,235812,8.04,2021-10-15,180,130962,Standard,B
L0002539,C001666,Auto Loan,1415550,9.31,2024-04-21,48,563945,Standard,A
L0002540,C005518,Home Loan,430011,8.18,2025-02-27,60,322385,Standard,A
L0002541,C005169,Home Loan,80197,14.47,2024-04-28,120,58550,Standard,B
L0002542,C001685,Home Loan,5593110,14.01,2022-05-23,36,2704172,Standard,B
L0002543,C001954,Home Loan,3136579,15.67,2022-10-11,84,1600494,Standard,B
L0002544,C007476,Home Loan,1503848,12.04,2023-01-23,60,771873,Standard,C
L0002545,C008170,Personal Loan,212026,11.85,2022-11-13,60,120477,Standard,A
L0002546,C007523,Business Loan,2581181,15.26,2024-01-28,84,1182443,Standard,B
L0002547,C002196,Auto Loan,2505674,9.98,2023-01-14,240,640761,Standard,B
L0002548,C002174,Business Loan,647459,10.37,2023-02-10,36,476371,Standard,A
L0002549,C008486,Personal Loan,1513802,14.72,2021-05-31,120,1412870,Standard,C
L0002550,C005321,Business Loan,248047,13.25,2022-11-17,24,68766,Standard,B
L0002551,C009008,Auto Loan,729383,15.82,2022-08-04,180,394920,Standard,A
L0002552,C001531,Personal Loan,718752,11.7,2021-01-16,48,353444,Standard,B
L0002553,C007864,Home Loan,89906,14.79,2021-07-15,240,65403,Standard,A
L0002554,C004703,Home Loan,838456,14.21,2022-09-06,84,748763,Standard,B
L0002555,C001385,Personal Loan,445906,10.37,2025-10-28,60,387527,Standard,A
L0002556,C000265,Personal Loan,340913,9.44,2023-04-30,60,131131,Standard,C
L0002557,C005773,Personal Loan,638743,7.27,2025-03-12,180,596969,Standard,B
L0002558,C002534,Home Loan,226382,9.33,2022-03-10,240,122474,Standard,B
L0002559,C005280,Business Loan,569524,7.78,2023-04-20,60,546769,Standard,B
L0002560,C001044,Personal Loan,743458,14.13,2024-07-18,84,584253,Standard,A
L0002561,C006483,Business Loan,2392710,11.56,2022-08-31,36,1334326,Standard,A
L0002562,C007835,Auto Loan,106715,9.8,2023-09-03,60,56949,Standard,B
L0002563,C008311,Personal Loan,1855863,9.11,2024-06-22,36,1712677,Standard,C
L0002564,C002891,Business Loan,192698,11.82,2025-10-18,36,70224,Standard,A
L0002565,C009999,Home Loan,374198,7.43,2022-06-28,60,335351,Standard,A
L0002566,C006152,Business Loan,195470,9.68,2025-01-02,240,139589,Standard,A
L0002567,C004425,Business Loan,858995,15.61,2024-05-16,48,434090,Standard,B
L0002568,C005863,Education Loan,1103297,9.46,2024-01-27,36,1038720,Standard,A
L0002569,C000165,Personal Loan,1713433,7.87,2022-04-16,240,975983,Standard,B
L0002570,C005363,Home Loan,567896,7.8,2022-02-04,48,169071,Standard,C
L0002571,C001172,Auto Loan,249693,11.77,2022-09-15,120,232585,Standard,A
L0002572,C005119,Auto Loan,1032852,15.96,2022-11-15,36,865611,Standard,B
L0002573,C008561,Business Loan,690136,15.52,2021-01-04,24,276724,NPA,E
L0002574,C007050,Personal Loan,2866887,12.18,2022-11-18,84,954962,Standard,B
L0002575,C000531,Auto Loan,1349624,9.32,2025-02-04,180,684737,Standard,A
L0002576,C004758,Auto Loan,443098,12.92,2023-12-21,180,403729,Standard,C
L0002577,C000176,Home Loan,3762215,15.79,2024-05-03,48,1545995,NPA,E
L0002578,C004376,Home Loan,194341,15.2,2025-01-25,120,43005,Standard,B
L0002579,C009882,Personal Loan,1161051,16.3,2023-07-31,180,1035115,Standard,A
L0002580,C005519,Home Loan,312871,9.2,2022-04-21,36,129732,Standard,A
L0002581,C002548,Personal Loan,2618828,10.98,2022-03-19,84,1216882,Standard,A
L0002582,C002143,Education Loan,1710551,9.64,2022-09-09,180,798356,Standard,A
L0002583,C003776,Personal Loan,431200,15.21,2021-01-02,60,230490,Standard,A
L0002584,C007815,Education Loan,1740963,10.35,2021-04-14,180,1326407,Standard,A
L0002585,C008923,Home Loan,2599304,12.27,2021-11-19,180,2188454,Standard,C
L0002586,C004150,Personal Loan,914819,14.51,2022-03-29,48,360380,Standard,B
L0002587,C005114,Personal Loan,3470518,9.62,2024-03-12,48,1225929,Standard,A
L0002588,C006661,Auto Loan,265214,14.99,2023-08-21,180,78664,NPA,D
L0002589,C007658,Auto Loan,625218,10.95,2023-11-16,120,534149,Standard,A
L0002590,C008413,Home Loan,180237,8.61,2021-02-15,84,69731,Standard,A
L0002591,C003595,Home Loan,199116,12.72,2021-01-23,36,99184,Standard,B
L0002592,C002205,Business Loan,1307848,8.28,2024-03-12,24,566150,Standard,C
L0002593,C000049,Auto Loan,713552,10.51,2025-05-16,48,698177,Standard,A
L0002594,C006955,Business Loan,6809583,13.11,2024-07-19,60,2040640,NPA,D
L0002595,C007010,Home Loan,726574,14.19,2021-01-09,120,329560,Standard,C
L0002596,C002706,Business Loan,453616,7.76,2025-05-12,180,274816,Standard,A
L0002597,C000313,Personal Loan,308143,11.58,2022-08-05,24,178131,Standard,A
L0002598,C005297,Personal Loan,643503,9.38,2025-01-22,24,485600,Standard,B
L0002599,C000274,Education Loan,187516,8.71,2021-05-21,48,122886,Standard,C
L0002600,C004075,Auto Loan,153667,13.06,2025-05-19,24,93648,Standard,C
L0002601,C001187,Auto Loan,1818484,7.67,2025-05-24,84,1501199,Standard,B
L0002602,C003425,Auto Loan,483134,12.61,2024-02-03,36,390616,Standard,A
L0002603,C003154,Business Loan,426249,7.65,2021-12-10,36,288736,Standard,B
L0002604,C001053,Auto Loan,860218,16.26,2021-03-03,24,502754,Standard,B
L0002605,C004673,Education Loan,221182,10.74,2025-04-18,180,132557,Standard,C
L0002606,C009330,Personal Loan,6871394,15.61,2022-12-03,36,2565333,Standard,B
L0002607,C009233,Education Loan,515077,9.58,2022-03-18,180,184933,Standard,B
L0002608,C001507,Auto Loan,799186,7.21,2022-12-19,240,539293,Standard,A
L0002609,C001880,Home Loan,246961,10.22,2021-06-22,240,69123,Standard,A
L0002610,C009719,Personal Loan,603472,15.54,2022-05-08,48,463238,Standard,A
L0002611,C002085,Auto Loan,263010,11.68,2023-04-13,180,78045,Standard,A
L0002612,C008504,Home Loan,1173461,12.26,2023-07-14,48,739914,Standard,A
L0002613,C008505,Auto Loan,3468370,15.18,2022-01-16,120,2361857,Standard,B
L0002614,C004850,Auto Loan,1705150,11.5,2024-05-15,240,502322,NPA,D
L0002615,C001360,Auto Loan,653053,13.74,2021-05-30,48,215161,Standard,B
L0002616,C006609,Auto Loan,238932,9.21,2023-12-17,120,88540,Standard,C
L0002617,C006503,Education Loan,1236372,9.75,2022-12-22,120,310092,Standard,A
L0002618,C002818,Home Loan,182526,15.96,2023-11-04,240,148479,NPA,E
L0002619,C007797,Education Loan,2163947,15.63,2023-07-03,120,1262258,Standard,A
L0002620,C007921,Home Loan,1302191,13.09,2024-10-16,60,358695,Standard,A
L0002621,C006687,Auto Loan,212883,15.75,2024-03-21,60,76789,Standard,B
L0002622,C007147,Business Loan,999240,11.6,2024-04-19,24,772321,Standard,A
L0002623,C008816,Personal Loan,791018,13.49,2025-06-05,48,568984,Standard,A
L0002624,C008635,Education Loan,182522,8.05,2022-12-25,48,130941,Standard,C
L0002625,C001858,Home Loan,919920,16.36,2025-09-13,240,781690,NPA,E
L0002626,C006360,Education Loan,203632,9.87,2025-10-15,84,58428,Standard,A
L0002627,C001057,Personal Loan,471034,7.83,2021-10-25,48,288582,Standard,A
L0002628,C009615,Auto Loan,96067,12.72,2023-05-20,24,77612,Standard,B
L0002629,C008716,Personal Loan,569013,14.15,2022-07-17,24,505050,Standard,A
L0002630,C002661,Business Loan,296966,16.38,2024-03-08,84,287653,Standard,A
L0002631,C009922,Home Loan,1281782,10.03,2023-01-16,48,1176707,Standard,A
L0002632,C006317,Auto Loan,718926,13.71,2025-06-30,36,681367,Standard,A
L0002633,C002613,Education Loan,4549180,11.09,2022-06-21,84,1011741,Standard,A
L0002634,C001308,Home Loan,780680,10.43,2023-07-11,120,623994,Standard,C
L0002635,C002325,Education Loan,483824,14.25,2025-06-27,36,121452,Standard,B
L0002636,C004476,Personal Loan,88003,12.45,2022-12-09,60,18964,Standard,A
L0002637,C000496,Home Loan,138735,13.02,2024-07-26,36,33626,Standard,B
L0002638,C003713,Education Loan,362576,9.16,2022-12-02,48,89869,Standard,B
L0002639,C004630,Auto Loan,623615,11.6,2024-11-03,24,537986,Standard,A
L0002640,C002297,Personal Loan,1133333,8.78,2025-02-13,36,753477,Standard,C
L0002641,C004752,Business Loan,442551,15.46,2025-09-23,48,208987,Standard,A
L0002642,C002413,Home Loan,1054435,8.65,2021-12-31,120,728684,Standard,A
L0002643,C006564,Auto Loan,1688490,14.85,2024-08-28,60,1099575,Standard,B
L0002644,C005599,Auto Loan,1320522,10.5,2021-01-31,60,1141246,Standard,B
L0002645,C009393,Auto Loan,254007,13.7,2021-07-20,60,64885,NPA,E
L0002646,C006766,Auto Loan,2915023,13.78,2024-01-24,60,1563073,Standard,A
L0002647,C009147,Personal Loan,252135,12.7,2024-02-01,36,79211,Standard,A
L0002648,C006238,Business Loan,1395943,8.39,2024-07-12,120,896407,Standard,B
L0002649,C000684,Business Loan,2093551,15.03,2023-07-10,180,1125618,Standard,B
L0002650,C002268,Home Loan,2267967,10.45,2024-09-15,84,793015,Standard,B
L0002651,C000878,Business Loan,680427,11.28,2023-02-07,84,456935,Standard,B
L0002652,C006075,Business Loan,148900,12.22,2021-09-30,24,116392,Standard,B
L0002653,C000509,Business Loan,189773,7.4,2024-08-15,36,53425,Standard,A
L0002654,C003405,Personal Loan,1286752,14.49,2022-06-14,60,1041043,NPA,D
L0002655,C008863,Personal Loan,390503,8.21,2024-05-12,120,226529,Standard,B
L0002656,C002120,Personal Loan,625985,14.92,2022-04-04,48,385203,Standard,A
L0002657,C000221,Personal Loan,678154,16.11,2024-07-10,84,191398,NPA,D
L0002658,C006731,Personal Loan,1102457,11.95,2023-10-13,24,893216,Standard,A
L0002659,C009765,Home Loan,923975,13.53,2024-03-11,84,677108,Standard,A
L0002660,C007618,Personal Loan,389133,13.81,2022-07-02,24,294413,Standard,A
L0002661,C004060,Personal Loan,1473538,8.74,2023-05-28,36,1177575,Standard,C
L0002662,C006085,Home Loan,1211882,9.81,2023-09-19,48,740526,Standard,A
L0002663,C004594,Auto Loan,803012,15.73,2022-12-12,24,268240,Standard,B
L0002664,C001753,Auto Loan,1677611,8.93,2025-03-08,120,1380109,Standard,B
L0002665,C008323,Personal Loan,1523274,15.94,2025-02-07,180,582351,Standard,A
L0002666,C002462,Home Loan,2383380,14.05,2025-04-22,240,961825,Standard,B
L0002667,C003301,Home Loan,1296296,8.43,2022-08-22,84,1109806,Standard,C
L0002668,C009133,Personal Loan,803681,14.68,2021-11-06,60,386694,Standard,B
L0002669,C008920,Home Loan,1001258,7.6,2021-06-21,240,631422,Standard,A
L0002670,C009233,Personal Loan,1103575,12.46,2022-09-03,120,316247,Standard,A
L0002671,C006069,Business Loan,1114355,16.09,2021-08-28,120,865450,Standard,A
L0002672,C001776,Business Loan,333930,11.14,2025-04-23,48,126736,Standard,A
L0002673,C009120,Home Loan,1323904,10.32,2024-04-25,60,1108376,Standard,B
L0002674,C006203,Personal Loan,1276544,15.89,2025-04-10,120,1009783,Standard,C
L0002675,C003477,Business Loan,105543,7.32,2024-05-05,240,52159,Standard,A
L0002676,C004591,Home Loan,368915,7.54,2023-04-29,60,215273,Standard,B
L0002677,C001986,Personal Loan,173833,16.39,2025-11-24,48,159043,Standard,A
L0002678,C000450,Business Loan,1183976,7.89,2023-03-03,36,868388,Standard,A
L0002679,C006767,Home Loan,1251919,16.19,2023-05-29,36,748011,Standard,B
L0002680,C008196,Business Loan,415784,9.01,2022-06-21,240,102116,Standard,C
L0002681,C000283,Education Loan,856168,13.8,2023-11-03,84,237199,Standard,A
L0002682,C003544,Home Loan,290294,11.63,2024-01-25,240,73911,Standard,A
L0002683,C000573,Personal Loan,1038444,8.95,2022-08-05,240,289727,Standard,B
L0002684,C001744,Home Loan,372866,15.71,2024-08-15,36,158725,Standard,B
L0002685,C002269,Personal Loan,244120,15.15,2022-04-13,36,191597,NPA,D
L0002686,C009206,Personal Loan,3733383,8.13,2022-03-22,60,2002534,Standard,B
L0002687,C002713,Personal Loan,310654,9.06,2022-08-22,240,133370,Standard,C
L0002688,C005673,Auto Loan,992612,11.1,2025-10-04,120,287199,Standard,B
L0002689,C006845,Home Loan,670620,11.32,2024-07-12,84,580331,Standard,B
L0002690,C000929,Auto Loan,1017121,8.6,2025-10-29,240,452681,Standard,C
L0002691,C009285,Business Loan,2682834,8.82,2023-09-21,24,2440674,Standard,A
L0002692,C002509,Personal Loan,647777,14.28,2025-12-22,36,422496,NPA,E
L0002693,C004914,Home Loan,1324531,11.5,2021-05-25,240,977031,Standard,B
L0002694,C000363,Business Loan,418606,15.28,2021-12-11,60,407266,Standard,A
L0002695,C005380,Auto Loan,2921316,15.09,2024-04-02,48,2454477,Standard,B
L0002696,C001060,Personal Loan,445008,15.72,2023-08-30,240,265250,Standard,B
L0002697,C002001,Auto Loan,521153,11.13,2023-06-03,24,500487,Standard,C
L0002698,C000039,Business Loan,997392,13.38,2024-02-13,84,825544,Standard,C
L0002699,C008733,Personal Loan,1309700,7.53,2023-02-08,48,1217642,Standard,A
L0002700,C006539,Education Loan,190845,7.24,2023-10-20,60,63253,Standard,C
L0002701,C000725,Personal Loan,85686,8.84,2021-12-12,84,37528,Standard,A
L0002702,C000882,Personal Loan,170686,10.98,2024-01-15,24,95978,Standard,A
L0002703,C004699,Personal Loan,180384,10.63,2022-05-01,180,148012,Standard,B
L0002704,C008454,Personal Loan,550547,11.64,2024-06-27,84,407167,Standard,B
L0002705,C000039,Education Loan,981238,13.24,2025-04-29,240,613562,Standard,B
L0002706,C003067,Personal Loan,2567888,15.71,2021-09-09,84,2094009,Standard,A
L0002707,C009250,Home Loan,304774,14.76,2025-10-06,120,217241,Standard,A
L0002708,C005259,Auto Loan,952201,15.94,2021-04-09,240,499028,Standard,C
L0002709,C000737,Auto Loan,418645,10.37,2022-11-16,240,250956,Standard,A
L0002710,C003078,Business Loan,301278,16.41,2022-04-22,24,294157,Standard,A
L0002711,C008901,Education Loan,2595639,7.26,2022-02-01,120,1832817,Standard,B
L0002712,C006695,Business Loan,529026,8.95,2021-01-02,180,356095,Standard,C
L0002713,C007345,Home Loan,1977184,10.44,2021-10-05,240,543303,Standard,C
L0002714,C006736,Business Loan,1451060,12.99,2025-11-27,60,793804,Standard,A
L0002715,C007184,Auto Loan,214993,8.88,2023-12-23,84,160188,Standard,C
L0002716,C008218,Business Loan,840033,12.4,2024-09-10,36,545001,Standard,A
L0002717,C000365,Home Loan,1431040,15.99,2021-05-10,36,1252334,NPA,E
L0002718,C003701,Auto Loan,1180999,11.59,2022-03-27,120,279936,Standard,A
L0002719,C006669,Auto Loan,427620,11.34,2022-10-31,24,194188,Standard,B
L0002720,C001089,Business Loan,986756,9.93,2023-09-04,24,567466,Standard,B
L0002721,C000572,Personal Loan,719883,16.06,2022-12-18,84,536007,Standard,B
L0002722,C004156,Education Loan,229362,14.77,2023-03-02,120,201375,Standard,C
L0002723,C001551,Business Loan,389432,16.12,2021-11-18,120,175412,NPA,E
L0002724,C009682,Home Loan,816917,13.62,2023-03-04,240,417142,NPA,D
L0002725,C008640,Auto Loan,1463787,9.41,2022-03-31,36,406497,Standard,A
L0002726,C000242,Business Loan,428486,14.68,2025-06-05,84,90148,Standard,C
L0002727,C001375,Home Loan,862928,15.55,2022-01-24,60,740694,NPA,E
L0002728,C008417,Auto Loan,237254,10.46,2022-02-26,180,208660,Standard,B
L0002729,C001734,Personal Loan,1651882,7.85,2024-05-25,240,1534459,Standard,A
L0002730,C000603,Education Loan,2104594,12.86,2023-10-23,36,1263998,Standard,C
L0002731,C008621,Home Loan,347944,7.7,2025-10-05,60,220119,Standard,B
L0002732,C001912,Auto Loan,1555516,10.94,2021-07-11,84,862046,Standard,A
L0002733,C008079,Personal Loan,919831,12.56,2024-12-31,84,507432,NPA,D
L0002734,C004040,Home Loan,363343,11.93,2023-10-05,120,239666,Standard,A
L0002735,C009658,Business Loan,3450674,10.7,2021-07-14,84,1568806,Standard,B
L0002736,C006203,Home Loan,4955663,12.84,2021-05-21,48,4125619,Standard,C
L0002737,C007204,Personal Loan,260387,8.07,2024-08-25,240,198179,Standard,A
L0002738,C000802,Home Loan,654564,13.09,2022-11-15,84,438148,Standard,A
L0002739,C005062,Auto Loan,160920,11.93,2025-08-11,36,103767,Standard,A
L0002740,C007961,Personal Loan,653624,7.8,2024-10-16,240,479486,Standard,B
L0002741,C000951,Education Loan,311254,14.24,2022-08-23,84,105572,Standard,B
L0002742,C006496,Home Loan,924353,15.04,2021-07-13,60,728974,Standard,B
L0002743,C006375,Personal Loan,587998,14.58,2024-02-21,48,523816,Standard,A
L0002744,C000024,Personal Loan,532931,9.34,2023-09-14,84,366808,Standard,A
L0002745,C008282,Education Loan,839523,10.29,2024-07-29,240,784198,Standard,A
L0002746,C005115,Business Loan,1097972,12.83,2023-05-17,180,357656,Standard,B
L0002747,C003288,Personal Loan,2576191,13.72,2022-01-26,36,725995,Standard,B
L0002748,C008341,Education Loan,180562,12.63,2021-01-24,36,120564,Standard,A
L0002749,C000256,Business Loan,790150,13.9,2025-07-03,24,618323,Standard,B
L0002750,C006661,Business Loan,878661,12.81,2025-09-05,84,299915,Standard,A
L0002751,C009235,Personal Loan,3366925,10.75,2021-09-28,120,1267429,Standard,A
L0002752,C009003,Education Loan,251275,11.37,2021-12-01,180,155606,Standard,B
L0002753,C005804,Personal Loan,333499,13.2,2023-06-09,120,306164,Standard,A
L0002754,C005022,Personal Loan,320651,9.85,2022-05-07,120,70275,Standard,B
L0002755,C002352,Home Loan,1265205,8.47,2022-10-26,180,360637,Standard,B
L0002756,C001699,Education Loan,1466159,15.13,2021-01-01,180,1210644,Standard,B
L0002757,C007225,Education Loan,367395,16.44,2022-06-13,36,339296,Standard,A
L0002758,C007498,Personal Loan,3676960,15.77,2025-05-04,240,3078059,Standard,A
L0002759,C003696,Education Loan,276271,8.45,2025-04-08,48,196539,Standard,A
L0002760,C003793,Business Loan,296958,7.61,2025-06-24,84,256130,Standard,B
L0002761,C001865,Home Loan,453684,13.25,2022-09-12,84,380277,Standard,B
L0002762,C005758,Business Loan,347353,11.15,2024-06-18,60,287928,NPA,E
L0002763,C003645,Education Loan,928680,13.0,2021-12-05,36,880088,Standard,B
L0002764,C009268,Personal Loan,514720,7.62,2022-06-17,60,493008,Standard,B
L0002765,C001322,Business Loan,456694,14.74,2022-01-06,180,174207,Standard,B
L0002766,C007140,Home Loan,575230,7.88,2021-01-30,120,369566,Standard,A
L0002767,C000359,Education Loan,2253323,11.4,2024-08-11,36,1096474,Standard,B
L0002768,C001959,Business Loan,5659520,13.19,2023-02-22,24,3740580,Standard,A
L0002769,C000163,Home Loan,547515,12.13,2024-08-03,36,469919,NPA,E
L0002770,C000145,Home Loan,932308,9.97,2021-01-09,24,441208,Standard,B
L0002771,C008636,Personal Loan,1414596,8.56,2021-05-26,120,860630,Standard,B
L0002772,C009104,Auto Loan,1104204,14.06,2022-12-26,48,812594,Standard,A
L0002773,C008096,Personal Loan,1752235,10.48,2025-04-13,180,1038491,Standard,C
L0002774,C003444,Personal Loan,149997,12.62,2023-10-06,180,143410,Standard,B
L0002775,C002926,Home Loan,742991,12.72,2022-07-17,84,413919,Standard,B
L0002776,C003139,Home Loan,322941,15.38,2024-01-07,60,206043,Standard,B
L0002777,C001127,Home Loan,457992,7.97,2022-06-03,240,222965,Standard,A
L0002778,C002248,Business Loan,5127758,9.63,2024-09-22,36,1377913,Standard,A
L0002779,C009062,Education Loan,997512,7.85,2024-03-07,36,796975,Standard,B
L0002780,C000469,Home Loan,435548,15.13,2023-05-30,84,351337,Standard,B
L0002781,C000080,Business Loan,890838,11.93,2025-07-05,240,525363,Standard,A
L0002782,C004866,Personal Loan,194510,15.74,2022-04-06,180,43311,Standard,B
L0002783,C004931,Home Loan,621637,8.99,2022-10-20,84,182775,Standard,A
L0002784,C004263,Personal Loan,1824144,13.52,2023-06-19,120,1300362,Standard,A
L0002785,C009674,Business Loan,1803452,8.8,2024-03-27,60,651340,Standard,A
L0002786,C009727,Auto Loan,2643807,14.08,2025-08-09,36,1061135,Standard,A
L0002787,C001592,Home Loan,1761613,12.27,2025-04-01,24,1562794,Standard,C
L0002788,C009934,Home Loan,158621,11.33,2023-04-03,24,146771,Standard,B
L0002789,C007890,Personal Loan,645937,10.29,2022-03-09,36,385651,Standard,B
L0002790,C000577,Auto Loan,81829,8.27,2021-08-18,48,69493,Standard,A
L0002791,C008204,Personal Loan,349030,14.4,2023-10-19,60,257309,Standard,B
L0002792,C006748,Home Loan,3689678,9.75,2024-10-28,84,2736992,Standard,B
L0002793,C003289,Auto Loan,179681,15.35,2025-11-23,120,89079,Standard,C
L0002794,C007463,Education Loan,285467,11.03,2021-02-14,84,213975,Standard,A
L0002795,C004199,Business Loan,1370620,7.82,2023-02-17,60,497942,Standard,B
L0002796,C008570,Auto Loan,754414,7.87,2021-05-20,120,563871,Standard,B
L0002797,C002139,Home Loan,1026712,15.01,2024-09-04,180,705421,Standard,B
L0002798,C007735,Education Loan,538443,11.66,2021-10-18,180,479546,Standard,B
L0002799,C008946,Auto Loan,710974,10.9,2023-03-06,36,374403,Standard,A
L0002800,C005899,Home Loan,2331596,12.52,2024-02-26,48,2117054,Standard,A
L0002801,C005639,Home Loan,1799433,7.69,2024-07-03,36,1140088,Standard,A
L0002802,C004316,Home Loan,303444,14.73,2022-03-22,36,282082,NPA,E
L0002803,C006026,Personal Loan,1353437,11.34,2022-07-28,24,292906,Standard,A
L0002804,C003876,Home Loan,1307818,13.11,2024-02-29,84,322245,Standard,A
L0002805,C002119,Personal Loan,316259,13.45,2024-07-30,36,259902,Standard,B
L0002806,C005000,Personal Loan,379895,13.81,2025-09-10,180,312036,Standard,A
L0002807,C007071,Home Loan,420101,11.04,2025-05-22,36,155522,NPA,D
L0002808,C009050,Education Loan,929914,11.09,2025-10-27,24,905225,Standard,B
L0002809,C007058,Business Loan,1654719,10.64,2024-05-17,120,1240275,Standard,A
L0002810,C009039,Auto Loan,594514,15.08,2025-10-25,120,291002,Standard,A
L0002811,C000446,Auto Loan,619594,11.17,2022-11-22,24,391308,Standard,B
L0002812,C003477,Education Loan,1308803,14.32,2022-02-20,48,412521,NPA,E
L0002813,C008597,Auto Loan,184699,14.83,2023-07-02,36,129789,Standard,B
L0002814,C009371,Auto Loan,302491,7.55,2025-08-01,36,106723,Standard,C
L0002815,C002211,Home Loan,588182,7.99,2022-12-20,84,533378,NPA,E
L0002816,C005838,Auto Loan,258711,10.71,2023-10-02,36,80855,Standard,B
L0002817,C004718,Personal Loan,670674,8.61,2025-03-22,84,456849,Standard,A
L0002818,C000126,Education Loan,264506,11.31,2022-09-28,36,201246,Standard,C
L0002819,C007745,Business Loan,558528,10.26,2024-08-02,84,288930,Standard,A
L0002820,C009346,Home Loan,1076213,7.21,2023-04-24,84,471407,Standard,A
L0002821,C002913,Home Loan,684947,9.31,2021-12-17,84,612355,Standard,A
L0002822,C006394,Personal Loan,107831,10.28,2021-12-28,36,47165,Standard,B
L0002823,C000683,Home Loan,490405,11.97,2024-04-26,48,461971,Standard,A
L0002824,C001170,Auto Loan,269139,16.44,2021-04-03,240,131327,Standard,A
L0002825,C001104,Personal Loan,901911,13.5,2023-01-31,240,489199,Standard,A
L0002826,C007802,Home Loan,672320,14.22,2022-05-23,84,398325,Standard,C
L0002827,C006695,Auto Loan,171722,13.46,2022-02-05,36,105929,Standard,A
L0002828,C004878,Auto Loan,784863,9.81,2024-03-12,36,334783,Standard,A
L0002829,C009545,Business Loan,557754,7.99,2024-03-07,84,408855,Standard,A
L0002830,C008856,Business Loan,130159,14.87,2022-01-18,240,56659,Standard,B
L0002831,C006102,Auto Loan,193988,9.6,2023-12-31,180,141042,Standard,A
L0002832,C001407,Personal Loan,481568,10.72,2022-10-10,240,224068,Standard,B
L0002833,C009581,Home Loan,621520,11.93,2022-11-21,120,535724,Standard,A
L0002834,C004913,Business Loan,438912,15.0,2021-03-21,24,190086,Standard,B
L0002835,C006051,Personal Loan,300883,15.13,2021-01-02,60,205135,Standard,B
L0002836,C003026,Personal Loan,1193819,8.91,2023-07-24,240,1012304,Standard,A
L0002837,C006425,Business Loan,2022004,9.03,2021-12-29,48,700425,Standard,A
L0002838,C008337,Auto Loan,754855,7.61,2024-03-25,84,213946,NPA,E
L0002839,C009239,Education Loan,198752,11.65,2023-08-05,24,62732,Standard,B
L0002840,C002016,Education Loan,6252169,8.62,2024-09-17,60,2388625,Standard,B
L0002841,C006651,Home Loan,808040,13.44,2022-05-13,60,527773,Standard,B
L0002842,C007090,Auto Loan,1028047,10.72,2022-08-15,48,636555,Standard,B
L0002843,C005158,Home Loan,576357,8.95,2024-02-07,24,552483,Standard,A
L0002844,C005559,Home Loan,567205,7.42,2023-03-16,24,256023,Standard,A
L0002845,C009538,Personal Loan,1237999,8.66,2022-10-11,48,273568,Standard,A
L0002846,C006521,Auto Loan,420196,10.33,2024-02-05,84,213032,Standard,B
L0002847,C004870,Education Loan,167264,13.21,2022-06-03,84,149038,Standard,A
L0002848,C003707,Business Loan,773042,13.36,2025-07-16,60,713945,Standard,B
L0002849,C004572,Personal Loan,220425,10.22,2025-05-25,24,53342,Standard,C
L0002850,C004936,Home Loan,1258058,12.16,2021-11-02,180,979623,Standard,C
L0002851,C008836,Auto Loan,211671,9.42,2023-07-19,24,65138,Standard,A
L0002852,C005478,Business Loan,1532542,9.12,2025-02-19,180,911629,NPA,E
L0002853,C008642,Home Loan,2000837,14.99,2024-03-20,180,1929313,Standard,C
L0002854,C000851,Personal Loan,430535,10.57,2023-10-03,48,336686,Standard,B
L0002855,C004800,Home Loan,323779,12.94,2024-05-16,240,294517,Standard,B
L0002856,C006647,Auto Loan,343169,13.49,2023-02-17,240,118535,Standard,B
L0002857,C002661,Personal Loan,1229862,11.66,2024-08-09,48,295560,Standard,A
L0002858,C007171,Auto Loan,1655751,14.88,2023-07-11,240,1128140,Standard,A
L0002859,C007712,Personal Loan,756185,12.95,2023-02-12,180,436991,Standard,B
L0002860,C009243,Personal Loan,766282,10.6,2021-01-03,180,384354,Standard,B
L0002861,C000105,Auto Loan,1973891,8.05,2024-12-16,60,1100367,Standard,B
L0002862,C006140,Auto Loan,254754,7.5,2025-03-03,180,85178,Standard,A
L0002863,C006763,Personal Loan,2838884,14.76,2021-01-08,84,1958309,Standard,A
L0002864,C008555,Business Loan,3071502,9.07,2022-07-29,84,2691844,Standard,A
L0002865,C002162,Home Loan,2896036,9.83,2023-02-23,84,1641174,Standard,B
L0002866,C001012,Personal Loan,601008,14.62,2023-06-29,36,176713,Standard,A
L0002867,C001846,Personal Loan,105855,10.33,2021-06-19,36,97096,Standard,A
L0002868,C001835,Home Loan,819599,14.1,2025-07-25,180,204976,Standard,A
L0002869,C009015,Auto Loan,1331602,13.37,2023-11-04,60,1089839,Standard,A
L0002870,C002946,Education Loan,4633796,10.56,2022-09-05,36,3106417,Standard,B
L0002871,C008218,Business Loan,238855,15.03,2025-05-20,240,156024,NPA,D
L0002872,C008719,Home Loan,3606605,15.06,2024-04-11,48,2513414,Standard,B
L0002873,C008513,Home Loan,296423,12.52,2023-12-08,240,237903,Standard,A
L0002874,C007548,Education Loan,1137060,8.25,2025-10-29,36,1030961,Standard,A
L0002875,C003762,Education Loan,841426,7.9,2021-10-26,48,802604,Standard,B
L0002876,C007310,Home Loan,450093,13.65,2025-12-05,36,182016,Standard,A
L0002877,C008381,Business Loan,446697,14.59,2025-03-04,60,247912,Standard,B
L0002878,C005993,Home Loan,1926352,12.28,2022-04-01,36,697080,Standard,B
L0002879,C006847,Personal Loan,300321,8.38,2023-04-14,120,107802,Standard,A
L0002880,C002480,Auto Loan,15000000,7.95,2024-06-08,48,14598030,Standard,A
L0002881,C005832,Auto Loan,5072009,11.84,2024-04-08,180,3931083,Standard,B
L0002882,C004492,Education Loan,1314078,13.64,2021-07-01,180,1052181,Standard,B
L0002883,C000690,Business Loan,1150186,8.86,2022-03-22,60,950041,Standard,A
L0002884,C006076,Personal Loan,674107,14.22,2022-09-06,84,334394,Standard,C
L0002885,C006060,Personal Loan,701861,14.14,2022-04-26,240,173538,Standard,C
L0002886,C009202,Auto Loan,266091,14.22,2025-08-20,84,249435,Standard,B
L0002887,C000027,Education Loan,440988,8.01,2023-12-31,240,382487,Standard,B
L0002888,C000953,Home Loan,306040,7.68,2025-08-09,36,287449,Standard,B
L0002889,C002715,Home Loan,991515,14.91,2024-04-30,24,452384,Standard,B
L0002890,C009563,Home Loan,702600,10.09,2021-09-13,240,474724,Standard,A
L0002891,C002598,Home Loan,477295,13.09,2021-05-29,84,98401,Standard,A
L0002892,C005066,Business Loan,1488080,10.52,2021-08-16,120,1405330,Standard,A
L0002893,C003576,Personal Loan,1573756,7.25,2023-09-02,36,920355,Standard,A
L0002894,C008628,Auto Loan,864236,7.4,2025-05-28,240,452711,Standard,B
L0002895,C007856,Personal Loan,1395510,15.41,2022-03-01,48,955438,Standard,B
L0002896,C002424,Business Loan,713590,10.61,2025-04-13,60,388479,Standard,A
L0002897,C001755,Auto Loan,249925,14.74,2023-12-29,48,64032,Standard,A
L0002898,C007725,Home Loan,2342060,12.42,2021-02-28,48,677433,Standard,C
L0002899,C008284,Personal Loan,207967,9.68,2023-09-29,180,72699,Standard,A
L0002900,C003703,Personal Loan,8035725,8.55,2025-09-18,240,2722605,Standard,B
L0002901,C008924,Auto Loan,1747086,15.92,2022-05-15,120,1475824,Standard,B
L0002902,C001823,Auto Loan,962818,10.51,2025-07-08,24,252464,Standard,B
L0002903,C004593,Personal Loan,386701,11.81,2021-11-02,240,315081,Standard,A
L0002904,C006768,Home Loan,686809,14.36,2025-03-24,180,139195,Standard,B
L0002905,C007858,Personal Loan,2302892,9.61,2023-05-20,84,555833,Standard,A
L0002906,C004385,Education Loan,1025578,15.41,2021-11-19,120,518570,Standard,B
L0002907,C000980,Personal Loan,155243,10.04,2024-02-13,60,52698,Standard,A
L0002908,C009729,Education Loan,302988,7.55,2022-10-23,36,275125,Standard,B
L0002909,C003252,Personal Loan,658925,7.48,2022-10-21,84,167782,Standard,A
L0002910,C003277,Home Loan,2504930,15.75,2024-10-10,84,2355246,Standard,B
L0002911,C000433,Business Loan,2081453,8.73,2021-01-06,48,1826216,Standard,C
L0002912,C007564,Personal Loan,837963,8.33,2025-03-28,240,560790,Standard,B
L0002913,C006654,Education Loan,4140462,13.89,2022-01-10,60,3607710,Standard,A
L0002914,C004201,Auto Loan,101388,12.36,2024-04-19,36,39984,Standard,A
L0002915,C008397,Education Loan,2835543,13.19,2021-03-27,120,1246376,Standard,B
L0002916,C008631,Business Loan,973938,8.08,2024-10-12,48,459536,Standard,A
L0002917,C003497,Home Loan,2271142,15.31,2022-12-08,180,2172976,Standard,A
L0002918,C000769,Business Loan,1195845,12.48,2022-02-01,36,589798,NPA,E
L0002919,C004170,Auto Loan,296502,11.75,2023-09-04,240,272027,Standard,B
L0002920,C000385,Home Loan,6493905,11.28,2022-12-01,24,2982886,Standard,A
L0002921,C005969,Business Loan,3020553,8.02,2022-09-25,84,1737915,Standard,A
L0002922,C001472,Personal Loan,1199637,12.49,2021-04-06,180,507090,Standard,C
L0002923,C009131,Home Loan,4465196,11.52,2025-01-11,180,3552961,Standard,B
L0002924,C005369,Home Loan,194458,7.2,2022-07-28,84,58914,Standard,A
L0002925,C001915,Personal Loan,3885663,16.38,2023-02-01,36,916402,Standard,B
L0002926,C003788,Personal Loan,461239,16.24,2021-09-23,48,209260,NPA,D
L0002927,C002434,Auto Loan,596015,12.23,2021-04-19,48,340664,NPA,E
L0002928,C008164,Auto Loan,208398,10.09,2023-02-24,180,195655,Standard,A
L0002929,C000812,Education Loan,412662,14.71,2025-05-01,240,268827,Standard,A
L0002930,C002706,Personal Loan,799879,15.85,2021-06-18,84,262756,Standard,A
L0002931,C005690,Auto Loan,293739,15.98,2021-07-28,84,215733,Standard,A
L0002932,C007636,Business Loan,1270200,8.16,2023-03-06,180,818633,Standard,B
L0002933,C007414,Education Loan,730856,8.42,2023-11-06,36,574672,Standard,B
L0002934,C001376,Personal Loan,959719,12.65,2023-04-04,36,370033,Standard,A
L0002935,C007892,Education Loan,497271,9.74,2025-01-17,24,413236,Standard,B
L0002936,C002406,Business Loan,624966,12.11,2022-04-02,36,223460,Standard,A
L0002937,C005621,Auto Loan,3276642,15.91,2021-06-19,60,1238125,Standard,B
L0002938,C002750,Personal Loan,670253,8.92,2025-02-06,24,406973,Standard,B
L0002939,C009873,Business Loan,1788809,8.67,2022-04-27,36,812837,Standard,B
L0002940,C003392,Personal Loan,581018,12.97,2024-01-29,240,141006,Standard,A
L0002941,C001659,Home Loan,131771,8.46,2024-10-22,48,106710,Standard,B
L0002942,C006309,Personal Loan,1402029,9.94,2022-04-25,84,1027531,Standard,B
L0002943,C000578,Personal Loan,1219395,12.85,2022-04-17,180,909813,Standard,B
L0002944,C006868,Personal Loan,384309,15.81,2022-12-15,180,214891,NPA,E
L0002945,C007996,Home Loan,543339,15.02,2024-07-07,120,373357,NPA,D
L0002946,C003215,Home Loan,777361,10.39,2023-12-15,180,190097,Standard,B
L0002947,C002247,Auto Loan,6822306,11.9,2025-08-18,120,1517857,Standard,A
L0002948,C000048,Business Loan,1541062,7.52,2021-07-07,24,1080242,Standard,B
L0002949,C003417,Personal Loan,1506941,7.9,2025-04-25,240,1417019,NPA,D
L0002950,C003821,Home Loan,334107,15.67,2022-12-25,120,81634,Standard,A
L0002951,C008186,Home Loan,136068,12.6,2024-02-25,180,56913,Standard,A
L0002952,C007877,Home Loan,2359456,16.49,2022-04-07,120,907278,Standard,A
L0002953,C007602,Education Loan,278066,13.49,2023-10-30,120,147018,Standard,A
L0002954,C002990,Business Loan,305022,11.95,2023-01-19,180,238439,Standard,B
L0002955,C008862,Home Loan,1733704,8.4,2024-05-18,120,1502362,Standard,A
L0002956,C006942,Personal Loan,298650,12.79,2025-06-28,84,122635,Standard,B
L0002957,C007778,Auto Loan,678480,12.17,2025-01-30,48,368251,Standard,B
L0002958,C002951,Home Loan,1492927,13.77,2021-02-18,48,602877,Standard,A
L0002959,C009778,Home Loan,1315593,16.01,2021-07-21,48,1213828,Standard,A
L0002960,C007603,Personal Loan,1535794,12.51,2025-10-21,48,485222,Standard,B
L0002961,C005745,Education Loan,801983,13.83,2021-06-09,84,713817,NPA,E
L0002962,C001669,Personal Loan,3163767,14.77,2022-01-22,60,2948360,Standard,C
L0002963,C000743,Personal Loan,191596,13.17,2022-06-25,48,60225,Standard,A
L0002964,C008000,Home Loan,485565,11.76,2021-03-28,120,353394,Standard,B
L0002965,C001801,Personal Loan,4939138,7.76,2021-05-16,60,1841864,Standard,A
L0002966,C008635,Business Loan,115510,10.4,2024-09-12,240,101093,Standard,C
L0002967,C001043,Personal Loan,1022162,14.0,2024-06-08,48,740823,Standard,B
L0002968,C002081,Education Loan,115765,11.88,2025-10-23,48,58429,Standard,B
L0002969,C002482,Business Loan,1072723,12.3,2022-03-19,36,633291,NPA,D
L0002970,C003441,Personal Loan,1009864,14.82,2022-11-20,36,217119,Standard,B
L0002971,C002888,Personal Loan,1735708,8.76,2023-06-04,60,1148027,Standard,B
L0002972,C009218,Auto Loan,388249,14.62,2023-05-25,180,263870,Standard,B
L0002973,C009414,Home Loan,462969,13.0,2023-06-20,24,360593,Standard,B
L0002974,C006694,Education Loan,252105,9.78,2024-08-06,240,95938,Standard,C
L0002975,C000157,Auto Loan,2161192,8.15,2023-08-30,60,718798,Standard,B
L0002976,C006020,Business Loan,1554301,10.24,2022-06-22,84,1206981,Standard,A
L0002977,C005294,Education Loan,922793,12.01,2021-12-04,36,680996,Standard,C
L0002978,C001596,Business Loan,2424814,10.04,2023-05-06,240,1383042,Standard,B
L0002979,C004615,Home Loan,1905984,8.08,2021-04-03,60,1765528,Standard,A
L0002980,C002220,Personal Loan,1085576,16.49,2025-01-10,60,898770,Standard,A
L0002981,C003393,Home Loan,352869,8.43,2022-05-23,240,215347,Standard,B
L0002982,C001463,Personal Loan,168522,11.92,2023-05-17,60,116442,Standard,B
L0002983,C005521,Education Loan,536823,15.6,2022-02-13,240,477631,Standard,B
L0002984,C007850,Personal Loan,641437,10.28,2025-06-07,60,383478,Standard,A
L0002985,C008123,Home Loan,342034,15.84,2024-01-31,60,250270,Standard,A
L0002986,C004968,Education Loan,1110811,8.06,2021-02-19,180,257449,Standard,B
L0002987,C003544,Home Loan,220075,7.36,2025-07-12,36,197033,Standard,B
L0002988,C009531,Auto Loan,397724,14.05,2021-07-07,120,153725,Standard,B
L0002989,C000957,Home Loan,218799,8.13,2025-08-28,48,88277,Standard,B
L0002990,C001964,Business Loan,1449091,14.84,2022-07-02,180,449559,Standard,B
L0002991,C006325,Personal Loan,1410449,8.56,2023-11-22,120,1021465,Standard,C
L0002992,C004390,Auto Loan,433261,13.09,2021-01-24,240,190711,Standard,B
L0002993,C004395,Auto Loan,2732117,11.91,2022-08-29,24,1493691,Standard,A
L0002994,C004254,Home Loan,1299204,16.27,2025-01-06,84,914402,Standard,C
L0002995,C008469,Personal Loan,742817,8.86,2021-11-04,240,616875,Standard,B
L0002996,C001815,Business Loan,580479,15.37,2023-03-03,24,198520,Standard,C
L0002997,C000762,Auto Loan,5188488,13.38,2025-04-05,120,4298053,Standard,B
L0002998,C003341,Personal Loan,728491,16.04,2024-11-10,84,538816,Standard,B
L0002999,C008191,Home Loan,1635772,14.37,2021-06-25,120,491192,Standard,B
L0003000,C006614,Education Loan,1400471,13.19,2022-04-01,180,526503,Standard,B
L0003001,C000050,Education Loan,3568612,13.57,2022-05-15,60,940715,NPA,D
L0003002,C007288,Business Loan,612599,8.4,2023-05-04,36,534262,Standard,A
L0003003,C000619,Business Loan,835783,15.77,2024-07-17,84,255616,Standard,B
L0003004,C006292,Education Loan,711470,14.83,2022-10-27,24,443701,Standard,B
L0003005,C003929,Auto Loan,113106,11.06,2024-08-23,120,40072,Standard,A
L0003006,C005842,Auto Loan,412842,14.35,2021-12-05,24,172629,Standard,A
L0003007,C000877,Home Loan,643997,11.93,2025-07-29,60,624855,Standard,B
L0003008,C008956,Auto Loan,464741,8.65,2025-10-04,120,418942,Standard,C
L0003009,C003149,Business Loan,4676108,12.21,2021-02-12,24,2607390,NPA,E
L0003010,C001811,Education Loan,192719,15.16,2021-12-21,60,95886,NPA,E
L0003011,C008999,Auto Loan,289694,8.52,2025-03-23,60,101838,Standard,A
L0003012,C009298,Business Loan,580277,11.59,2024-07-22,48,500725,Standard,B
L0003013,C005334,Personal Loan,2179182,10.21,2024-03-22,60,1182248,Standard,B
L0003014,C003108,Business Loan,1486892,14.94,2021-06-12,24,430893,Standard,A
L0003015,C003493,Business Loan,1205450,15.62,2023-01-17,120,1071338,Standard,A
L0003016,C006516,Personal Loan,286656,14.23,2025-09-25,60,155289,Standard,A
L0003017,C008922,Home Loan,652376,14.36,2024-04-16,24,500153,NPA,D
L0003018,C008416,Personal Loan,1777884,16.02,2023-07-25,60,526179,Standard,A
L0003019,C006354,Business Loan,1511308,15.02,2023-06-17,60,840137,Standard,A
L0003020,C007546,Education Loan,248066,11.61,2022-04-10,120,102189,Standard,C
L0003021,C001522,Personal Loan,420414,14.65,2021-06-15,240,233145,Standard,B
L0003022,C003326,Education Loan,448084,8.37,2022-06-02,36,170949,Standard,A
L0003023,C009701,Personal Loan,2135906,8.07,2022-07-23,60,1260167,Standard,C
L0003024,C005342,Education Loan,854844,12.07,2024-07-19,60,731913,Standard,B
L0003025,C009429,Auto Loan,884545,12.44,2023-01-27,240,629129,Standard,A
L0003026,C005721,Home Loan,1472631,14.99,2022-06-09,60,1261686,Standard,A
L0003027,C007741,Business Loan,4024073,14.73,2025-02-18,240,1313764,Standard,A
L0003028,C000208,Personal Loan,842131,13.68,2024-02-19,180,314667,Standard,B
L0003029,C007881,Auto Loan,992038,7.95,2024-05-30,48,703774,Standard,A
L0003030,C005408,Personal Loan,189031,12.3,2024-12-09,84,141610,Standard,A
L0003031,C006118,Business Loan,2556742,7.88,2022-07-03,24,1394587,Standard,A
L0003032,C006457,Home Loan,2187653,8.82,2025-01-17,48,1851490,Standard,A
L0003033,C002634,Auto Loan,1001400,7.75,2025-10-12,48,818469,Standard,B
L0003034,C002946,Home Loan,7074431,13.0,2021-12-21,120,3659622,NPA,D
L0003035,C000546,Education Loan,4577624,11.51,2023-09-08,180,2172562,Standard,A
L0003036,C002461,Home Loan,1210585,14.47,2024-09-21,120,508351,Standard,C
L0003037,C006366,Personal Loan,2888503,13.1,2024-07-14,240,958882,Standard,A
L0003038,C006505,Personal Loan,189792,9.31,2024-12-24,36,60139,Standard,B
L0003039,C003487,Business Loan,104983,10.5,2022-01-05,240,70765,Standard,C
L0003040,C003054,Home Loan,216351,7.8,2025-03-20,84,92624,Standard,C
L0003041,C002494,Home Loan,325291,7.44,2021-07-27,84,281530,Standard,C
L0003042,C003422,Auto Loan,280262,9.68,2022-02-08,180,187934,Standard,B
L0003043,C001318,Home Loan,273566,9.94,2023-09-27,180,146353,Standard,A
L0003044,C000715,Business Loan,1056748,15.68,2025-03-06,24,974051,Standard,B
L0003045,C001067,Home Loan,812312,7.38,2022-02-09,60,476467,Standard,B
L0003046,C000134,Auto Loan,1150431,11.03,2023-07-30,84,589708,NPA,D
L0003047,C006162,Personal Loan,1517256,14.17,2023-10-24,24,831175,Standard,B
L0003048,C009517,Home Loan,3673979,9.64,2021-11-08,240,1953080,Standard,C
L0003049,C003591,Auto Loan,1090017,15.06,2025-08-22,48,385927,Standard,B
L0003050,C005199,Auto Loan,527521,10.58,2022-11-25,84,328413,Standard,A
L0003051,C005739,Personal Loan,350533,7.36,2023-11-21,240,226182,Standard,C
L0003052,C003101,Business Loan,103754,14.21,2025-01-20,120,99674,Standard,C
L0003053,C006502,Personal Loan,605495,12.61,2021-02-14,120,533196,Standard,A
L0003054,C001655,Auto Loan,245076,10.77,2021-04-30,24,59477,Standard,B
L0003055,C007696,Education Loan,1156722,11.62,2022-03-27,48,632169,Standard,A
L0003056,C002937,Auto Loan,1195075,13.78,2022-06-30,48,274027,Standard,B
L0003057,C007769,Home Loan,614571,15.21,2021-06-19,120,372083,Standard,C
L0003058,C004324,Business Loan,3956831,11.65,2024-06-26,240,909451,Standard,B
L0003059,C009771,Home Loan,1162013,8.25,2022-12-28,36,789668,Standard,C
L0003060,C008577,Auto Loan,2101717,7.59,2025-07-01,240,1254831,Standard,C
L0003061,C006915,Business Loan,422983,13.21,2023-07-11,24,241889,Standard,B
L0003062,C008252,Education Loan,236586,12.6,2022-11-09,240,94286,NPA,E
L0003063,C005684,Home Loan,396256,12.25,2021-06-07,24,228899,NPA,D
L0003064,C006224,Personal Loan,167526,8.06,2024-07-11,180,120316,Standard,A
L0003065,C008343,Personal Loan,452000,12.27,2024-12-11,180,297864,Standard,A
L0003066,C003024,Personal Loan,365837,11.15,2022-04-23,36,113628,Standard,A
L0003067,C004161,Home Loan,933283,12.27,2023-03-29,24,549480,Standard,A
L0003068,C001337,Auto Loan,1188127,10.45,2025-02-16,120,264747,Standard,C
L0003069,C007661,Auto Loan,926210,12.49,2023-03-19,240,317212,NPA,D
L0003070,C003275,Business Loan,982042,12.59,2021-11-12,180,208586,Standard,A
L0003071,C008322,Education Loan,1204933,14.69,2021-05-04,24,361468,Standard,A
L0003072,C004702,Personal Loan,2401575,14.11,2023-01-04,240,1268883,Standard,A
L0003073,C004088,Auto Loan,923901,12.83,2024-09-15,48,828129,Standard,A
L0003074,C007440,Auto Loan,363638,10.35,2021-11-23,84,137057,Standard,A
L0003075,C000939,Education Loan,190262,13.4,2022-12-26,36,106719,Standard,B
L0003076,C001115,Business Loan,450625,8.92,2024-01-31,240,233302,Standard,B
L0003077,C007710,Home Loan,816546,8.45,2021-01-10,240,500190,Standard,B
L0003078,C008961,Personal Loan,171669,11.43,2025-06-27,180,77251,Standard,A
L0003079,C007755,Personal Loan,299830,10.81,2021-12-11,36,288387,Standard,A
L0003080,C006497,Home Loan,238439,7.78,2025-06-10,48,161822,Standard,B
L0003081,C000285,Personal Loan,729478,15.09,2024-07-11,84,329341,Standard,A
L0003082,C006364,Personal Loan,473359,9.22,2023-12-12,60,295947,Standard,C
L0003083,C004829,Education Loan,529987,7.77,2021-05-25,180,200455,Standard,A
L0003084,C000402,Home Loan,584786,9.82,2021-01-29,60,493616,Standard,A
L0003085,C004235,Business Loan,356068,10.21,2025-01-22,24,132050,Standard,A
L0003086,C002970,Personal Loan,472988,13.02,2024-09-22,60,203737,Standard,C
L0003087,C005813,Education Loan,692253,13.87,2024-11-03,24,193675,Standard,A
L0003088,C000364,Home Loan,1133979,11.04,2025-04-19,60,654668,Standard,A
L0003089,C005821,Auto Loan,311943,12.9,2025-11-18,84,246277,Standard,A
L0003090,C005911,Auto Loan,140038,11.83,2021-12-23,120,62787,Standard,B
L0003091,C007818,Education Loan,968696,8.63,2021-05-20,84,670276,Standard,A
L0003092,C006617,Auto Loan,259411,11.0,2021-08-02,120,111314,Standard,B
L0003093,C009751,Business Loan,460504,16.19,2025-04-05,60,136557,Standard,B
L0003094,C002862,Education Loan,2218294,11.79,2025-08-11,84,1691513,Standard,B
L0003095,C005306,Personal Loan,795218,13.8,2021-05-17,36,557538,Standard,B
L0003096,C006930,Education Loan,2737419,12.3,2024-04-29,60,2654344,Standard,B
L0003097,C001440,Home Loan,633231,15.41,2022-03-24,48,509204,Standard,B
L0003098,C008399,Auto Loan,120625,9.64,2022-10-27,24,81166,NPA,D
L0003099,C005262,Auto Loan,1636817,7.73,2025-07-29,120,654501,Standard,B
L0003100,C001533,Home Loan,362694,8.89,2024-07-29,120,301356,Standard,A
L0003101,C002050,Home Loan,598396,10.82,2021-01-22,180,455353,Standard,A
L0003102,C005326,Auto Loan,441761,12.54,2023-08-02,48,285195,Standard,A
L0003103,C006683,Personal Loan,184828,7.57,2021-03-01,84,156399,Standard,A
L0003104,C003570,Home Loan,376091,8.59,2025-06-02,120,152704,Standard,C
L0003105,C001479,Business Loan,659198,7.44,2024-02-28,84,521148,Standard,A
L0003106,C007370,Home Loan,2232713,9.6,2025-02-28,36,1317474,Standard,B
L0003107,C000838,Business Loan,673150,14.75,2024-10-20,24,158730,Standard,B
L0003108,C001024,Home Loan,436278,14.29,2022-01-22,48,197699,Standard,B
L0003109,C002680,Business Loan,352814,7.36,2025-12-31,240,334445,Standard,C
L0003110,C003459,Business Loan,1256080,8.23,2024-09-01,48,637318,NPA,E
L0003111,C005934,Business Loan,1339268,7.86,2021-08-05,120,740247,Standard,C
L0003112,C004958,Business Loan,2303702,12.91,2024-11-02,120,2245861,NPA,D
L0003113,C002466,Home Loan,285048,11.4,2021-12-25,120,195261,Standard,A
L0003114,C005288,Personal Loan,80901,11.94,2021-07-18,24,71461,Standard,B
L0003115,C005082,Personal Loan,1651045,15.03,2022-09-27,84,1236225,Standard,A
L0003116,C001846,Personal Loan,668525,16.12,2025-09-29,36,231781,Standard,B
L0003117,C008114,Business Loan,461272,11.52,2023-07-11,120,347281,Standard,A
L0003118,C005156,Business Loan,336486,10.19,2021-02-03,60,131617,Standard,C
L0003119,C004867,Auto Loan,613077,10.77,2025-02-02,60,316701,Standard,A
L0003120,C008131,Home Loan,585513,13.27,2022-05-05,84,241246,Standard,A
L0003121,C007980,Home Loan,246926,12.53,2024-01-28,24,157647,Standard,C
L0003122,C001948,Personal Loan,357090,16.13,2021-03-18,48,106601,NPA,E
L0003123,C000922,Education Loan,288242,7.85,2023-07-13,120,147073,Standard,A
L0003124,C006800,Auto Loan,1202552,13.26,2022-12-12,180,307121,Standard,A
L0003125,C007712,Business Loan,445981,12.21,2021-12-24,180,99255,NPA,E
L0003126,C004890,Personal Loan,518430,12.69,2024-03-31,24,328534,Standard,A
L0003127,C000903,Education Loan,624680,12.31,2021-12-01,120,359905,Standard,C
L0003128,C004643,Personal Loan,257262,11.7,2022-07-30,240,65560,Standard,B
L0003129,C003117,Business Loan,105333,11.82,2021-10-19,24,71206,Standard,B
L0003130,C009762,Home Loan,2249295,9.59,2024-09-04,60,1108504,Standard,B
L0003131,C000028,Business Loan,476461,7.24,2023-12-07,48,215066,Standard,A
L0003132,C005360,Auto Loan,776617,11.6,2025-04-20,240,557347,Standard,C
L0003133,C008645,Home Loan,1241698,9.84,2025-01-11,48,644214,Standard,B
L0003134,C004940,Business Loan,155944,13.85,2023-01-19,180,48057,Standard,A
L0003135,C009175,Business Loan,1422991,8.26,2024-05-30,240,983434,Standard,B
L0003136,C004377,Business Loan,473781,13.34,2024-07-06,48,238572,NPA,E
L0003137,C008205,Personal Loan,1230386,12.6,2022-02-04,24,492241,Standard,C
L0003138,C009170,Home Loan,1083191,13.03,2023-12-10,180,379472,Standard,B
L0003139,C004086,Personal Loan,362507,7.4,2025-10-02,60,324378,Standard,B
L0003140,C003664,Business Loan,1667536,10.21,2022-08-14,240,618458,Standard,A
L0003141,C001997,Business Loan,2043124,14.71,2021-05-01,180,1517545,Standard,A
L0003142,C002072,Auto Loan,1531496,9.71,2023-06-18,36,523854,Standard,A
L0003143,C006748,Education Loan,1261346,14.09,2021-06-07,120,481484,Standard,B
L0003144,C007258,Auto Loan,188753,16.44,2024-04-03,120,93971,Standard,B
L0003145,C007823,Education Loan,1861903,15.07,2025-06-30,84,1381859,Standard,B
L0003146,C000928,Personal Loan,2067244,9.52,2021-05-18,120,1453303,Standard,B
L0003147,C008865,Business Loan,895673,10.11,2022-04-08,240,430362,Standard,B
L0003148,C004988,Auto Loan,313497,13.77,2025-03-20,240,172765,NPA,E
L0003149,C005881,Home Loan,1304795,13.91,2025-02-07,24,278907,Standard,A
L0003150,C000420,Personal Loan,205560,16.21,2022-12-26,36,71272,Standard,A
L0003151,C007152,Business Loan,920383,12.08,2025-03-26,180,654581,Standard,C
L0003152,C004107,Personal Loan,402145,13.43,2022-01-30,24,293973,Standard,B
L0003153,C009252,Personal Loan,163196,10.97,2025-05-10,120,44096,Standard,B
L0003154,C003982,Home Loan,1465456,15.71,2025-01-22,240,1265956,Standard,A
L0003155,C009119,Home Loan,6787947,8.07,2025-07-14,84,4005212,Standard,A
L0003156,C003813,Home Loan,1778531,9.08,2021-05-09,48,711958,Standard,A
L0003157,C003884,Education Loan,408621,14.41,2023-10-01,84,281474,Standard,B
L0003158,C001937,Home Loan,340449,15.2,2022-11-03,48,241620,Standard,A
L0003159,C008936,Personal Loan,2877288,11.65,2023-01-16,24,1147984,Standard,A
L0003160,C004957,Business Loan,202476,15.6,2025-12-06,240,121171,Standard,B
L0003161,C005894,Personal Loan,735028,14.17,2021-08-17,240,438252,Standard,A
L0003162,C009939,Personal Loan,618124,8.0,2022-01-19,84,521311,Standard,A
L0003163,C002998,Education Loan,1767312,13.96,2021-03-03,36,1616177,Standard,A
L0003164,C003187,Education Loan,334821,15.42,2025-09-09,120,223251,Standard,A
L0003165,C000705,Business Loan,1748170,12.67,2024-08-16,84,1704486,Standard,A
L0003166,C005380,Personal Loan,439333,12.12,2022-05-14,60,205823,Standard,A
L0003167,C008792,Auto Loan,950690,14.44,2024-01-09,240,498617,Standard,A
L0003168,C008879,Home Loan,389586,8.57,2025-11-13,84,81488,Standard,B
L0003169,C007502,Business Loan,279125,11.57,2025-06-20,36,75049,Standard,A
L0003170,C007964,Home Loan,4236613,10.9,2024-01-29,36,3878169,NPA,D
L0003171,C003051,Home Loan,1209984,13.12,2024-07-10,48,341194,Standard,B
L0003172,C001551,Education Loan,1375897,11.77,2022-10-03,120,806881,Standard,A
L0003173,C001264,Personal Loan,308584,7.51,2021-04-10,180,273292,Standard,C
L0003174,C009313,Education Loan,1390443,8.73,2021-06-21,240,1082033,Standard,A
L0003175,C006434,Education Loan,1667040,15.89,2022-05-27,120,543561,Standard,A
L0003176,C005641,Education Loan,154295,13.17,2023-08-24,36,110753,Standard,A
L0003177,C008522,Education Loan,250328,9.35,2021-05-07,240,81907,Standard,A
L0003178,C001668,Auto Loan,2885928,7.22,2021-12-29,24,2182100,Standard,A
L0003179,C007262,Home Loan,2156010,12.1,2024-11-11,36,2079436,Standard,B
L0003180,C006950,Business Loan,383307,13.07,2024-10-08,36,243655,Standard,B
L0003181,C003372,Education Loan,765276,7.94,2025-12-16,48,234097,Standard,B
L0003182,C002873,Business Loan,110507,14.64,2025-09-25,60,47811,Standard,B
L0003183,C000535,Auto Loan,1278753,8.14,2022-10-08,48,414462,Standard,B
L0003184,C003781,Home Loan,1516978,12.74,2023-10-05,240,1425483,Standard,B
L0003185,C006755,Education Loan,2016236,15.82,2021-06-13,36,994298,Standard,A
L0003186,C001944,Home Loan,1925598,10.47,2022-09-01,24,944567,Standard,A
L0003187,C004889,Personal Loan,183721,9.08,2022-06-21,84,49324,Standard,B
L0003188,C001527,Personal Loan,154380,7.8,2023-01-20,60,36795,Standard,A
L0003189,C006242,Business Loan,527857,7.78,2022-06-13,120,426678,Standard,A
L0003190,C006200,Home Loan,130535,13.62,2025-06-22,84,52201,NPA,E
L0003191,C000419,Home Loan,556839,13.43,2025-12-30,180,527387,Standard,B
L0003192,C009271,Personal Loan,260420,10.15,2022-01-24,36,249332,Standard,B
L0003193,C007991,Personal Loan,595280,16.11,2024-06-02,24,413772,Standard,C
L0003194,C006730,Auto Loan,262034,16.4,2021-07-30,180,171139,Standard,B
L0003195,C003075,Business Loan,1226968,11.54,2024-10-19,84,651742,Standard,A
L0003196,C007003,Personal Loan,3360511,12.29,2023-11-13,48,2834622,Standard,B
L0003197,C008375,Personal Loan,501800,7.43,2025-02-18,180,377581,Standard,B
L0003198,C000778,Home Loan,1607633,11.54,2024-07-09,48,386764,Standard,A
L0003199,C006217,Personal Loan,425636,8.22,2025-03-19,48,208646,Standard,B
L0003200,C006513,Personal Loan,284815,9.22,2021-11-13,84,193167,Standard,A
L0003201,C009627,Business Loan,363031,12.4,2021-07-29,240,344266,Standard,A
L0003202,C005919,Personal Loan,310327,15.57,2025-04-28,84,119696,Standard,C
L0003203,C009223,Business Loan,471356,8.32,2021-04-26,60,115600,Standard,A
L0003204,C000167,Personal Loan,1260052,16.2,2021-11-20,48,778679,Standard,C
L0003205,C004587,Home Loan,1591333,9.58,2022-04-29,48,555008,Standard,A
L0003206,C003587,Home Loan,324895,7.33,2023-05-11,48,97404,Standard,A
L0003207,C004816,Home Loan,848006,13.47,2022-08-24,180,299385,NPA,D
L0003208,C007517,Personal Loan,542645,16.17,2022-03-10,24,367852,Standard,A
L0003209,C000182,Home Loan,1679486,16.37,2024-10-12,84,532907,Standard,B
L0003210,C006404,Business Loan,966192,8.6,2022-06-03,240,561909,Standard,C
L0003211,C005200,Home Loan,1008460,9.71,2025-05-16,180,927314,Standard,C
L0003212,C004315,Business Loan,581091,10.37,2025-12-02,36,473507,Standard,A
L0003213,C006352,Auto Loan,1097423,8.65,2025-07-28,84,808486,Standard,B
L0003214,C009006,Business Loan,92804,11.68,2025-08-30,84,30217,Standard,B
L0003215,C005526,Personal Loan,599002,10.49,2021-07-03,48,453902,Standard,A
L0003216,C003864,Auto Loan,1659510,16.44,2023-07-13,36,696631,Standard,A
L0003217,C001510,Personal Loan,686883,10.61,2025-02-23,60,429636,Standard,B
L0003218,C007727,Business Loan,339924,12.59,2025-05-29,240,89079,Standard,B
L0003219,C006859,Personal Loan,1299784,12.72,2022-10-12,120,870770,Standard,C
L0003220,C004185,Education Loan,1240079,11.92,2025-07-20,120,1177908,Standard,B
L0003221,C005200,Education Loan,3157592,14.61,2023-03-07,24,3005794,Standard,A
L0003222,C007935,Education Loan,1503905,11.91,2022-08-25,24,927537,Standard,A
L0003223,C003921,Business Loan,410693,12.76,2021-03-04,84,233366,Standard,A
L0003224,C008818,Home Loan,587669,7.9,2021-11-15,24,561751,NPA,D
L0003225,C007580,Business Loan,1681143,10.36,2021-12-29,84,814609,Standard,B
L0003226,C003119,Home Loan,1893927,10.6,2024-03-06,36,1162309,NPA,D
L0003227,C001848,Business Loan,218818,8.66,2025-09-22,84,211294,Standard,A
L0003228,C008390,Education Loan,158020,16.25,2023-06-17,120,146230,Standard,A
L0003229,C003919,Personal Loan,100723,12.6,2023-10-09,120,29434,Standard,A
L0003230,C007149,Home Loan,299689,7.54,2022-10-23,240,86481,Standard,B
L0003231,C008606,Business Loan,1040492,10.67,2021-08-22,24,895423,Standard,B
L0003232,C008534,Business Loan,282303,13.64,2021-01-09,240,233435,Standard,C
L0003233,C007949,Home Loan,1391326,13.08,2022-03-11,120,1252821,Standard,C
L0003234,C007133,Auto Loan,2832395,8.83,2025-10-06,84,2513079,Standard,B
L0003235,C001381,Personal Loan,208095,11.1,2022-05-29,24,65236,Standard,A
L0003236,C006822,Home Loan,251097,11.07,2022-08-03,48,50276,Standard,B
L0003237,C000126,Business Loan,415962,13.25,2022-07-18,60,100440,Standard,B
L0003238,C002869,Personal Loan,368258,11.92,2021-12-05,48,217601,Standard,C
L0003239,C000670,Education Loan,462317,15.44,2023-01-21,120,354188,Standard,C
L0003240,C000593,Business Loan,359164,13.72,2024-03-05,180,89167,Standard,B
L0003241,C006447,Business Loan,6891232,14.65,2024-12-06,36,2030805,Standard,B
L0003242,C004318,Business Loan,579010,13.43,2023-07-11,60,209217,Standard,A
L0003243,C005816,Auto Loan,122623,8.58,2023-01-12,84,30836,Standard,B
L0003244,C004517,Home Loan,370237,9.54,2024-01-25,48,171288,Standard,C
L0003245,C002400,Auto Loan,1118585,9.2,2025-12-25,240,747401,NPA,D
L0003246,C007588,Home Loan,126938,10.8,2021-06-19,24,70194,Standard,B
L0003247,C002427,Education Loan,733714,8.14,2023-11-29,120,215587,Standard,A
L0003248,C007906,Home Loan,975690,10.05,2023-01-22,240,240280,Standard,B
L0003249,C000519,Home Loan,631524,15.39,2022-07-24,84,344097,Standard,C
L0003250,C004273,Home Loan,314516,13.36,2023-10-17,240,90303,Standard,B
L0003251,C007976,Business Loan,829996,12.94,2023-01-10,36,235580,NPA,D
L0003252,C001260,Personal Loan,2585530,10.32,2024-04-10,24,568125,NPA,D
L0003253,C008923,Home Loan,654177,7.83,2024-11-04,180,579494,Standard,A
L0003254,C002717,Business Loan,373197,11.47,2025-07-06,240,274952,Standard,A
L0003255,C002299,Auto Loan,845245,14.51,2023-12-10,24,594923,Standard,A
L0003256,C004912,Auto Loan,324587,7.85,2024-12-28,240,152447,Standard,A
L0003257,C003058,Auto Loan,1099567,13.3,2023-09-28,120,479601,Standard,A
L0003258,C000763,Education Loan,727634,13.18,2024-05-03,60,594420,Standard,A
L0003259,C001445,Personal Loan,806596,8.0,2023-04-04,24,243758,Standard,B
L0003260,C006726,Education Loan,2147284,10.31,2024-11-02,60,853920,NPA,D
L0003261,C007608,Home Loan,498073,8.19,2023-12-06,240,208298,Standard,B
L0003262,C000921,Auto Loan,213119,8.47,2024-01-01,180,54523,Standard,A
L0003263,C000358,Business Loan,264300,16.01,2025-05-02,24,184507,Standard,B
L0003264,C005491,Auto Loan,1389314,13.35,2025-05-09,180,430011,Standard,A
L0003265,C009679,Education Loan,314789,14.42,2024-11-26,60,284196,Standard,B
L0003266,C007477,Home Loan,1359009,10.64,2023-06-27,120,752363,NPA,E
L0003267,C003031,Business Loan,382277,9.97,2024-08-22,36,131861,Standard,B
L0003268,C000869,Personal Loan,804783,15.93,2024-09-05,84,583947,NPA,E
L0003269,C005473,Personal Loan,2143799,14.48,2025-12-19,84,538929,Standard,C
L0003270,C000803,Home Loan,255851,9.67,2023-06-21,36,128531,Standard,B
L0003271,C003934,Home Loan,533211,11.35,2025-08-08,120,454624,Standard,A
L0003272,C001192,Personal Loan,341485,13.39,2022-05-07,48,132978,Standard,A
L0003273,C003870,Auto Loan,3192836,11.5,2025-08-13,84,2250371,Standard,A
L0003274,C008496,Education Loan,163085,8.47,2022-11-27,48,139535,Standard,A
L0003275,C008415,Personal Loan,239639,16.19,2025-06-25,84,204233,NPA,D
L0003276,C007127,Home Loan,1467481,9.32,2022-04-07,180,1033707,Standard,B
L0003277,C000815,Personal Loan,5977600,7.97,2024-08-14,120,1628016,Standard,B
L0003278,C009241,Education Loan,441302,15.41,2022-10-25,84,389591,Standard,A
L0003279,C009290,Business Loan,764623,10.51,2025-01-30,24,412825,Standard,A
L0003280,C006284,Home Loan,567873,15.99,2023-11-30,48,367445,Standard,B
L0003281,C002653,Home Loan,1783318,9.19,2022-10-23,48,782743,Standard,A
L0003282,C005026,Auto Loan,2849321,8.28,2024-11-26,180,1650253,Standard,A
L0003283,C009708,Home Loan,1146437,15.96,2021-10-03,180,488298,Standard,A
L0003284,C004944,Education Loan,242515,8.73,2022-02-12,120,71150,Standard,C
L0003285,C006995,Business Loan,259768,8.65,2022-04-25,60,57870,Standard,A
L0003286,C006937,Home Loan,1248282,11.59,2023-03-23,84,526226,Standard,B
L0003287,C009760,Personal Loan,1478155,12.05,2025-10-09,60,446448,Standard,B
L0003288,C003865,Personal Loan,287112,12.79,2021-10-27,84,67341,Standard,B
L0003289,C004220,Business Loan,602449,7.77,2022-08-30,180,534473,Standard,A
L0003290,C006602,Personal Loan,2366993,9.15,2023-04-25,84,1652589,Standard,B
L0003291,C004143,Personal Loan,398737,13.26,2022-08-06,60,143275,Standard,B
L0003292,C005940,Auto Loan,739247,7.83,2023-07-10,180,155860,Standard,B
L0003293,C008146,Business Loan,1633146,8.7,2024-06-21,24,1462417,NPA,D
L0003294,C008169,Education Loan,188446,12.55,2022-01-15,36,163382,Standard,A
L0003295,C005538,Business Loan,3928524,14.66,2021-09-04,60,1914807,Standard,A
L0003296,C000432,Business Loan,1492631,11.97,2022-05-12,36,323935,Standard,B
L0003297,C002946,Personal Loan,619528,8.45,2024-08-14,48,274685,Standard,A
L0003298,C005997,Auto Loan,1265887,10.36,2023-11-07,60,544215,Standard,C
L0003299,C004488,Auto Loan,724879,14.71,2023-03-08,24,307201,Standard,C
L0003300,C003685,Auto Loan,920825,11.52,2022-01-01,84,192887,NPA,D
L0003301,C002803,Education Loan,1403576,12.96,2021-08-03,240,382994,Standard,B
L0003302,C000053,Business Loan,2632574,7.72,2021-05-01,84,1404095,Standard,A
L0003303,C009491,Home Loan,505044,7.66,2023-04-11,24,457170,Standard,C
L0003304,C003509,Auto Loan,2712288,9.52,2023-08-14,60,652698,Standard,A
L0003305,C001731,Business Loan,1838607,15.34,2023-03-31,60,707326,Standard,A
L0003306,C007217,Personal Loan,2161976,7.25,2023-09-24,24,1880989,Standard,A
L0003307,C001798,Home Loan,2010761,7.2,2024-04-24,120,1259686,Standard,A
L0003308,C000347,Personal Loan,148036,16.39,2025-10-15,60,144004,Standard,A
L0003309,C003208,Home Loan,1319724,7.49,2022-07-05,60,1110080,Standard,B
L0003310,C006922,Auto Loan,370503,10.51,2023-08-14,48,243306,Standard,B
L0003311,C006565,Personal Loan,135802,8.08,2022-10-31,240,80001,Standard,C
L0003312,C007137,Education Loan,293411,12.17,2021-06-05,36,283854,Standard,C
L0003313,C008253,Education Loan,138452,14.69,2025-11-17,36,40385,Standard,A
L0003314,C004963,Business Loan,853108,13.7,2025-10-13,120,703647,Standard,B
L0003315,C008702,Auto Loan,770180,9.58,2022-09-25,120,657725,Standard,A
L0003316,C003679,Home Loan,674430,12.05,2025-04-13,60,527074,NPA,D
L0003317,C000877,Personal Loan,287677,15.33,2021-08-01,60,228773,Standard,A
L0003318,C002128,Personal Loan,284911,9.46,2024-07-21,60,136107,Standard,A
L0003319,C001598,Business Loan,950828,8.56,2023-07-19,60,797537,Standard,B
L0003320,C004820,Business Loan,1037026,16.03,2025-03-20,84,699782,Standard,A
L0003321,C006690,Business Loan,142308,11.84,2023-09-03,60,136406,NPA,E
L0003322,C004028,Education Loan,2988279,10.98,2024-04-13,48,943901,Standard,A
L0003323,C007216,Personal Loan,441373,8.83,2021-09-15,60,155152,Standard,A
L0003324,C006757,Home Loan,222993,12.39,2021-08-13,240,216638,Standard,A
L0003325,C004744,Business Loan,8423638,10.69,2022-10-26,240,2016555,Standard,B
L0003326,C002821,Education Loan,926205,12.03,2024-04-04,180,222447,Standard,C
L0003327,C009415,Auto Loan,109733,13.8,2023-08-08,36,74001,Standard,A
L0003328,C006337,Personal Loan,1004265,13.65,2025-07-22,240,219770,Standard,B
L0003329,C000400,Personal Loan,1035150,15.11,2025-04-10,240,896612,Standard,B
L0003330,C005914,Personal Loan,370624,15.26,2022-12-17,48,142534,Standard,B
L0003331,C005917,Auto Loan,2557501,14.46,2024-12-19,84,537205,Standard,A
L0003332,C006186,Business Loan,654852,8.7,2023-01-02,240,450338,Standard,A
L0003333,C009518,Personal Loan,1445908,11.18,2023-10-09,24,588007,Standard,A
L0003334,C005194,Education Loan,127165,8.71,2024-01-03,36,83794,Standard,A
L0003335,C000092,Auto Loan,1955319,10.22,2025-03-17,36,1290417,Standard,A
L0003336,C009748,Business Loan,89707,7.54,2021-07-31,180,43138,Standard,A
L0003337,C004140,Business Loan,1546884,12.92,2024-02-07,24,952848,Standard,C
L0003338,C008945,Business Loan,402393,7.39,2023-11-28,60,299864,Standard,A
L0003339,C000610,Auto Loan,636265,12.73,2025-06-30,60,550280,Standard,B
L0003340,C008305,Home Loan,1811006,12.82,2024-05-12,48,1552678,Standard,B
L0003341,C005430,Auto Loan,842946,14.63,2023-06-19,180,525853,Standard,A
L0003342,C005620,Auto Loan,1451388,8.78,2024-04-15,60,1241517,Standard,B
L0003343,C004610,Personal Loan,2320317,13.16,2021-01-16,84,1107750,Standard,B
L0003344,C005954,Auto Loan,970988,8.79,2024-07-10,48,794658,Standard,A
L0003345,C003516,Auto Loan,449185,14.24,2025-11-13,24,153055,NPA,E
L0003346,C005265,Home Loan,278566,7.76,2025-09-02,24,156748,Standard,B
L0003347,C005982,Auto Loan,536424,14.5,2022-01-17,24,248870,Standard,A
L0003348,C009011,Home Loan,99434,13.37,2021-11-21,60,24360,Standard,A
L0003349,C009149,Personal Loan,1563094,12.26,2021-03-03,240,1027904,Standard,A
L0003350,C008440,Personal Loan,2031804,9.19,2025-03-06,120,731762,Standard,B
L0003351,C001942,Business Loan,309492,15.42,2024-09-14,48,101025,NPA,D
L0003352,C004111,Home Loan,927427,13.53,2023-05-01,84,691627,Standard,B
L0003353,C002342,Education Loan,124428,8.97,2025-03-16,120,42495,Standard,B
L0003354,C002234,Home Loan,787832,9.2,2022-12-28,120,240736,Standard,A
L0003355,C009601,Home Loan,140568,11.42,2021-03-14,24,29569,Standard,C
L0003356,C006443,Home Loan,137947,13.93,2024-10-08,36,127377,Standard,A
L0003357,C003870,Home Loan,677986,13.14,2022-11-30,36,184131,Standard,C
L0003358,C006153,Auto Loan,452574,13.31,2025-06-26,240,424397,NPA,D
L0003359,C003895,Business Loan,1002219,9.98,2022-01-09,180,462211,Standard,B
L0003360,C003992,Business Loan,78670,10.22,2023-08-06,240,52002,NPA,D
L0003361,C007405,Home Loan,827007,13.24,2025-02-22,84,708432,Standard,C
L0003362,C007977,Education Loan,1174924,11.13,2024-11-05,120,730161,Standard,A
L0003363,C001160,Home Loan,455805,14.71,2025-11-12,84,243246,Standard,B
L0003364,C006667,Auto Loan,129342,9.78,2021-10-05,84,45217,Standard,B
L0003365,C008474,Auto Loan,2714946,15.47,2024-03-19,84,1486711,Standard,A
L0003366,C007623,Auto Loan,857818,14.61,2022-04-27,36,353808,Standard,C
L0003367,C003752,Home Loan,494017,13.76,2025-12-02,84,239616,Standard,C
L0003368,C004618,Auto Loan,584411,16.12,2025-04-30,180,183802,Standard,B
L0003369,C007203,Personal Loan,613800,16.44,2022-06-30,36,307104,Standard,A
L0003370,C008448,Auto Loan,1161921,9.91,2024-01-21,48,925674,NPA,D
L0003371,C003894,Personal Loan,469238,12.66,2025-11-28,240,202662,Standard,A
L0003372,C009448,Home Loan,278415,16.19,2021-06-27,48,175392,Standard,A
L0003373,C003685,Personal Loan,2984859,14.14,2025-07-23,36,642483,Standard,A
L0003374,C007448,Home Loan,2020319,15.28,2023-11-26,180,1534518,NPA,D
L0003375,C000188,Business Loan,544391,15.65,2025-03-27,180,304716,Standard,B
L0003376,C006586,Home Loan,89335,15.81,2022-11-22,180,26039,NPA,E
L0003377,C007322,Home Loan,623093,14.93,2023-08-10,60,287912,Standard,B
L0003378,C006331,Business Loan,1836780,8.91,2025-11-02,60,1143625,NPA,E
L0003379,C009275,Auto Loan,311384,14.39,2022-05-31,180,72625,Standard,B
L0003380,C006558,Education Loan,1460281,11.47,2024-11-09,180,374819,Standard,A
L0003381,C000416,Personal Loan,269839,14.83,2023-01-14,24,172416,NPA,D
L0003382,C002491,Home Loan,563595,13.2,2023-04-25,36,496399,Standard,A
L0003383,C006938,Personal Loan,1746272,11.3,2023-11-06,48,1235703,Standard,C
L0003384,C005981,Education Loan,457167,13.6,2023-07-08,180,181037,Standard,A
L0003385,C004595,Business Loan,458191,12.25,2025-11-14,84,224011,Standard,A
L0003386,C009061,Business Loan,1392335,8.38,2022-11-08,60,397447,Standard,A
L0003387,C006353,Home Loan,336637,14.62,2025-01-12,180,325034,Standard,A
L0003388,C005600,Home Loan,637453,13.1,2025-04-14,48,533901,Standard,A
L0003389,C007602,Personal Loan,939514,11.55,2021-06-26,84,377235,Standard,A
L0003390,C003478,Education Loan,412434,9.39,2021-07-21,24,290472,Standard,A
L0003391,C002903,Personal Loan,5383357,12.36,2024-07-20,120,4436637,Standard,A
L0003392,C003315,Business Loan,559697,13.38,2021-05-16,36,125464,Standard,A
L0003393,C009881,Personal Loan,110129,14.82,2023-10-04,60,66336,Standard,A
L0003394,C000102,Home Loan,736042,12.64,2021-12-16,84,658894,NPA,E
L0003395,C003839,Personal Loan,1713325,8.5,2022-02-24,240,1596117,Standard,A
L0003396,C000991,Education Loan,907376,16.44,2021-08-17,84,266989,Standard,B
L0003397,C005713,Education Loan,160268,11.36,2023-11-08,120,40015,Standard,B
L0003398,C006614,Home Loan,15000000,11.17,2024-02-17,120,10893498,Standard,C
L0003399,C000719,Personal Loan,3309788,14.99,2021-05-25,240,936133,Standard,A
L0003400,C008815,Personal Loan,1536273,9.37,2024-06-16,240,786469,Standard,A
L0003401,C008145,Home Loan,1287975,11.74,2025-02-03,240,970743,Standard,A
L0003402,C007678,Home Loan,898423,7.84,2025-10-05,84,875886,Standard,A
L0003403,C009907,Business Loan,343427,16.06,2024-02-14,24,175332,Standard,B
L0003404,C003289,Education Loan,913689,15.43,2023-12-21,240,543248,Standard,C
L0003405,C005425,Personal Loan,3104604,12.81,2024-10-30,24,1845250,Standard,A
L0003406,C007787,Personal Loan,214707,11.73,2024-12-09,240,72325,Standard,C
L0003407,C001831,Auto Loan,100610,12.6,2024-12-22,120,52282,Standard,C
L0003408,C001796,Personal Loan,1012231,14.68,2025-02-20,240,386355,Standard,B
L0003409,C005401,Auto Loan,245844,13.17,2021-06-22,240,167861,Standard,B
L0003410,C000624,Business Loan,267613,8.1,2022-10-14,24,193883,Standard,B
L0003411,C005033,Personal Loan,322069,10.79,2023-11-04,48,114408,Standard,B
L0003412,C003017,Home Loan,409687,15.93,2025-09-25,180,205293,Standard,B
L0003413,C002352,Auto Loan,154270,16.0,2025-11-18,60,45771,Standard,A
L0003414,C003519,Business Loan,576261,10.15,2025-01-25,84,415679,Standard,B
L0003415,C006175,Auto Loan,50000,12.79,2021-02-26,48,14858,NPA,E
L0003416,C005052,Personal Loan,1118288,9.99,2025-08-05,180,537309,Standard,A
L0003417,C002441,Education Loan,1407293,10.83,2025-09-09,180,282580,Standard,A
L0003418,C006238,Education Loan,378658,14.05,2023-10-13,60,232559,Standard,C
L0003419,C006748,Business Loan,689487,8.04,2022-11-09,60,377908,Standard,C
L0003420,C000482,Auto Loan,1032040,15.76,2025-09-24,24,912722,Standard,B
L0003421,C004266,Home Loan,3865213,7.42,2024-02-11,120,2795052,NPA,E
L0003422,C001256,Personal Loan,496937,11.99,2021-12-30,240,333177,Standard,A
L0003423,C001354,Education Loan,1488601,14.4,2024-12-10,36,1033727,Standard,C
L0003424,C005732,Business Loan,673107,9.6,2025-12-29,180,536554,Standard,B
L0003425,C008397,Education Loan,210571,13.88,2024-04-22,180,84602,Standard,B
L0003426,C004178,Business Loan,764510,8.21,2023-02-19,84,464242,Standard,C
L0003427,C006473,Business Loan,664381,14.22,2023-08-17,180,381533,Standard,A
L0003428,C005499,Business Loan,829118,10.02,2023-06-28,36,744625,Standard,A
L0003429,C000730,Education Loan,1471395,14.97,2022-07-21,24,382988,Standard,A
L0003430,C003760,Auto Loan,2484607,13.08,2021-05-07,48,1065948,Standard,A
L0003431,C009136,Personal Loan,374497,7.88,2025-04-23,120,171358,NPA,E
L0003432,C003141,Home Loan,2739184,10.32,2024-09-27,36,985386,Standard,C
L0003433,C001488,Auto Loan,585212,12.13,2022-07-25,36,149362,Standard,A
L0003434,C003807,Business Loan,552663,12.86,2024-06-10,180,286977,Standard,B
L0003435,C002281,Home Loan,546524,11.5,2022-06-10,84,166496,Standard,B
L0003436,C007626,Auto Loan,355156,13.6,2023-12-03,84,251540,Standard,A
L0003437,C001325,Home Loan,2526253,9.91,2022-05-10,84,1395100,Standard,A
L0003438,C007064,Auto Loan,114924,14.5,2021-01-13,48,84554,Standard,B
L0003439,C003621,Education Loan,1017504,12.99,2025-09-24,180,835474,Standard,B
L0003440,C007920,Personal Loan,154745,9.21,2025-07-27,84,128597,Standard,B
L0003441,C004334,Home Loan,1555628,14.16,2022-07-28,240,1024772,NPA,E
L0003442,C002970,Business Loan,472450,15.69,2021-02-18,36,183803,Standard,A
L0003443,C008589,Auto Loan,1802991,11.08,2022-09-22,36,724891,Standard,A
L0003444,C002518,Personal Loan,495843,11.16,2024-07-17,60,336671,Standard,A
L0003445,C001246,Business Loan,207137,7.5,2022-07-06,240,135848,Standard,B
L0003446,C002157,Auto Loan,1028576,9.8,2024-05-03,36,639106,Standard,A
L0003447,C004164,Education Loan,641664,9.08,2025-03-14,36,447888,Standard,B
L0003448,C009942,Personal Loan,302941,12.42,2025-11-29,180,106107,Standard,A
L0003449,C007663,Personal Loan,125639,13.55,2021-07-04,36,118863,Standard,A
L0003450,C005873,Business Loan,2893707,14.56,2023-02-23,120,1979316,Standard,A
L0003451,C009401,Business Loan,435507,12.67,2024-09-06,60,238606,Standard,B
L0003452,C007502,Home Loan,724374,13.75,2024-12-06,240,462021,Standard,A
L0003453,C008410,Business Loan,89694,14.87,2023-10-11,180,54664,Standard,B
L0003454,C008267,Auto Loan,803480,9.06,2021-04-28,24,725987,Standard,B
L0003455,C009219,Auto Loan,643748,13.77,2022-10-14,240,455677,NPA,D
L0003456,C003410,Personal Loan,719417,9.41,2023-08-10,180,550292,Standard,B
L0003457,C001418,Home Loan,1691278,8.33,2023-01-16,24,1288189,Standard,B
L0003458,C005900,Business Loan,805107,7.31,2023-10-28,84,466447,Standard,C
L0003459,C007544,Education Loan,1854518,11.8,2024-07-01,84,1394656,Standard,B
L0003460,C001076,Auto Loan,365754,14.3,2021-06-14,60,255869,Standard,C
L0003461,C000763,Home Loan,153476,11.28,2024-05-08,180,53832,Standard,B
L0003462,C000546,Business Loan,1401329,7.29,2024-09-16,120,904753,Standard,C
L0003463,C003221,Personal Loan,913187,14.58,2023-09-19,48,205882,Standard,B
L0003464,C002878,Home Loan,588019,14.54,2024-01-21,60,245294,Standard,A
L0003465,C007333,Personal Loan,880579,10.73,2021-08-18,180,429944,Standard,A
L0003466,C009726,Business Loan,571404,15.57,2022-05-28,24,126709,NPA,E
L0003467,C004070,Personal Loan,1167696,11.53,2023-05-10,240,1134830,Standard,C
L0003468,C002619,Home Loan,1392384,13.49,2022-12-01,48,773459,NPA,E
L0003469,C006484,Education Loan,1561872,10.14,2023-07-14,60,1342565,Standard,A
L0003470,C007190,Home Loan,1675629,10.4,2022-01-18,240,1112064,Standard,A
L0003471,C007058,Home Loan,2371841,7.34,2023-04-17,36,1534414,Standard,B
L0003472,C007893,Business Loan,1102883,10.81,2024-01-12,180,253961,Standard,B
L0003473,C004375,Auto Loan,693083,15.19,2023-08-19,84,314735,NPA,D
L0003474,C006754,Personal Loan,1494565,10.77,2024-06-24,120,805430,Standard,C
L0003475,C000187,Business Loan,395237,10.84,2024-08-08,120,303947,Standard,C
L0003476,C005316,Personal Loan,849145,14.69,2025-01-07,180,306936,Standard,A
L0003477,C001488,Home Loan,238197,12.96,2022-02-06,120,188488,Standard,C
L0003478,C008935,Personal Loan,233264,12.68,2021-06-25,240,171939,Standard,B
L0003479,C001301,Personal Loan,107624,13.78,2021-06-12,180,32201,Standard,B
L0003480,C000153,Auto Loan,611034,9.66,2023-02-23,180,378054,Standard,B
L0003481,C005881,Business Loan,710756,7.92,2024-09-27,84,399177,Standard,A
L0003482,C000241,Home Loan,1444397,13.31,2022-10-24,240,757404,Standard,B
L0003483,C007296,Business Loan,244080,8.93,2023-10-18,120,134913,Standard,A
L0003484,C008744,Personal Loan,462106,13.31,2025-09-11,48,188028,Standard,B
L0003485,C003667,Home Loan,1073281,15.73,2022-09-28,36,820997,Standard,B
L0003486,C001470,Personal Loan,174012,13.78,2025-05-29,120,159997,Standard,A
L0003487,C009037,Personal Loan,616742,15.45,2024-08-28,180,484032,Standard,C
L0003488,C007190,Home Loan,6500171,13.9,2024-05-25,84,3738239,Standard,A
L0003489,C002534,Personal Loan,2012105,10.09,2022-06-09,84,651625,Standard,C
L0003490,C004764,Auto Loan,1068084,14.34,2024-10-08,48,773185,Standard,B
L0003491,C005622,Auto Loan,336652,12.12,2022-11-20,60,166139,Standard,A
L0003492,C001545,Education Loan,1148611,13.23,2024-10-07,60,604506,Standard,B
L0003493,C007842,Education Loan,1182913,15.81,2022-08-25,48,628498,Standard,B
L0003494,C001797,Auto Loan,1953545,8.6,2022-10-21,84,1613775,Standard,B
L0003495,C003463,Home Loan,729193,15.43,2025-07-27,84,509711,Standard,A
L0003496,C002665,Home Loan,273506,10.28,2023-05-19,24,113718,Standard,A
L0003497,C002166,Home Loan,1420375,7.91,2022-06-12,120,965626,Standard,A
L0003498,C006877,Personal Loan,477916,10.75,2024-12-23,60,433128,Standard,B
L0003499,C000583,Personal Loan,250130,8.59,2024-09-18,48,112317,Standard,A
L0003500,C005576,Personal Loan,50000,15.2,2025-08-20,60,18165,NPA,E
L0003501,C003746,Business Loan,443681,15.28,2021-08-08,240,261178,NPA,D
L0003502,C007527,Home Loan,467560,13.94,2021-06-18,84,383882,Standard,A
L0003503,C006865,Business Loan,1211263,8.36,2023-09-27,48,260016,Standard,B
L0003504,C008704,Home Loan,1261300,9.52,2022-12-03,36,723481,Standard,A
L0003505,C006404,Auto Loan,1284261,15.16,2025-04-23,60,466534,Standard,A
L0003506,C000280,Business Loan,1640232,9.4,2023-02-17,180,998065,Standard,C
L0003507,C006202,Business Loan,589510,15.16,2021-02-22,84,540632,Standard,A
L0003508,C001695,Personal Loan,718086,16.18,2022-12-23,84,412257,Standard,C
L0003509,C003928,Personal Loan,375031,7.3,2025-09-19,48,245239,Standard,B
L0003510,C000571,Personal Loan,422019,9.6,2022-05-15,48,247095,Standard,B
L0003511,C001865,Auto Loan,308478,10.65,2022-03-17,36,253872,Standard,A
L0003512,C002145,Education Loan,735564,8.55,2021-09-08,120,253315,Standard,C
L0003513,C005609,Education Loan,437938,14.46,2021-06-10,84,364604,Standard,B
L0003514,C004269,Business Loan,360293,7.5,2022-09-12,240,129548,Standard,B
L0003515,C001365,Business Loan,580491,8.43,2023-03-17,84,398055,Standard,A
L0003516,C000709,Home Loan,504931,11.56,2024-02-18,84,137968,Standard,A
L0003517,C001927,Personal Loan,277441,12.22,2025-10-22,84,234452,Standard,A
L0003518,C006652,Home Loan,199107,15.9,2025-08-07,180,102337,Standard,A
L0003519,C009180,Education Loan,58467,12.55,2021-09-11,60,50558,Standard,A
L0003520,C001406,Auto Loan,517447,12.5,2024-05-27,120,232993,Standard,A
L0003521,C004900,Personal Loan,412827,7.94,2024-06-29,24,317836,Standard,C
L0003522,C003901,Home Loan,129528,15.91,2022-03-22,36,35061,Standard,B
L0003523,C001672,Business Loan,110712,15.47,2022-09-24,84,106928,Standard,A
L0003524,C002967,Education Loan,1934237,15.69,2023-02-15,24,1479478,Standard,A
L0003525,C004240,Auto Loan,507797,7.8,2024-05-26,180,456736,Standard,A
L0003526,C004370,Home Loan,5499421,9.47,2023-07-29,240,1957404,Standard,A
L0003527,C003684,Personal Loan,178543,14.9,2023-05-20,60,52469,Standard,B
L0003528,C004116,Education Loan,764840,10.19,2023-11-11,60,719282,Standard,A
L0003529,C009934,Business Loan,1013996,15.18,2025-05-01,180,610326,Standard,B
L0003530,C002897,Personal Loan,425322,10.98,2021-06-10,48,353905,Standard,C
L0003531,C008401,Auto Loan,2683422,11.16,2022-06-24,48,2340770,Standard,B
L0003532,C008165,Personal Loan,684644,12.17,2021-04-25,60,199650,Standard,B
L0003533,C003713,Personal Loan,2708063,12.06,2023-07-16,120,1688093,Standard,A
L0003534,C009071,Auto Loan,345770,10.56,2025-05-26,84,338591,Standard,B
L0003535,C004393,Business Loan,492636,11.01,2022-03-18,240,104254,Standard,C
L0003536,C004051,Personal Loan,636911,12.22,2025-05-29,240,325600,Standard,B
L0003537,C002512,Business Loan,1762568,13.48,2025-10-30,24,392662,Standard,B
L0003538,C004420,Personal Loan,870720,11.03,2023-01-28,180,720898,Standard,C
L0003539,C009251,Personal Loan,509088,11.3,2024-10-30,180,185991,Standard,B
L0003540,C000144,Personal Loan,1975773,9.01,2021-11-06,48,1526157,Standard,B
L0003541,C004779,Business Loan,883334,11.91,2024-10-22,48,697107,Standard,C
L0003542,C002818,Home Loan,1796240,12.82,2021-08-24,24,464533,Standard,B
L0003543,C008418,Auto Loan,1767900,14.85,2025-03-13,180,1223841,Standard,A
L0003544,C008564,Auto Loan,385580,9.76,2024-07-14,60,94870,Standard,B
L0003545,C007068,Home Loan,220339,10.92,2023-08-16,60,52067,Standard,A
L0003546,C005335,Home Loan,1574632,15.97,2022-02-09,36,387408,Standard,A
L0003547,C005813,Personal Loan,394586,11.76,2024-03-21,24,99484,Standard,A
L0003548,C008384,Personal Loan,743327,14.77,2021-02-24,240,293193,Standard,A
L0003549,C009383,Personal Loan,1101141,7.69,2024-10-15,120,867939,Standard,B
L0003550,C006317,Business Loan,2571960,10.49,2024-03-11,84,1045437,Standard,A
L0003551,C005173,Business Loan,442428,13.88,2025-12-29,48,309013,Standard,B
L0003552,C006737,Home Loan,151019,15.7,2022-09-12,240,90417,NPA,E
L0003553,C004177,Personal Loan,318168,8.83,2024-01-10,240,251493,NPA,D
L0003554,C002074,Education Loan,963981,13.86,2023-11-08,180,490733,Standard,B
L0003555,C002488,Personal Loan,3291388,7.6,2025-01-15,180,2931093,Standard,C
L0003556,C000542,Personal Loan,1355169,7.66,2024-12-30,24,301474,Standard,C
L0003557,C004280,Personal Loan,917651,8.31,2021-12-23,84,384761,Standard,B
L0003558,C009132,Home Loan,1138926,12.21,2024-11-04,60,509039,Standard,A
L0003559,C001335,Personal Loan,613747,11.12,2021-10-12,36,254884,Standard,B
L0003560,C003597,Home Loan,1072748,10.16,2024-12-22,180,527006,Standard,B
L0003561,C001450,Education Loan,620108,10.98,2023-01-16,60,221158,Standard,B
L0003562,C002637,Home Loan,900391,11.72,2022-02-04,60,830011,Standard,B
L0003563,C003802,Business Loan,1275800,15.99,2023-12-02,180,558552,Standard,A
L0003564,C000879,Business Loan,1371469,7.91,2021-12-05,24,1227004,Standard,A
L0003565,C000930,Business Loan,235975,13.43,2023-08-01,60,60981,Standard,A
L0003566,C002357,Home Loan,587231,9.03,2023-01-04,120,332043,Standard,B
L0003567,C004378,Auto Loan,423240,16.18,2023-10-27,240,187572,NPA,D
L0003568,C008860,Education Loan,526366,12.97,2025-11-10,120,415851,Standard,B
L0003569,C007355,Education Loan,814722,11.9,2022-04-12,48,190063,Standard,B
L0003570,C002861,Home Loan,625763,14.08,2023-05-28,180,506485,Standard,B
L0003571,C000577,Education Loan,441504,13.94,2025-10-14,24,414473,Standard,C
L0003572,C002229,Education Loan,2668578,12.4,2022-12-15,60,2345875,Standard,B
L0003573,C007287,Business Loan,137092,7.84,2021-10-28,180,124372,Standard,B
L0003574,C005557,Business Loan,418196,7.73,2022-02-08,180,391584,Standard,A
L0003575,C000711,Business Loan,619163,12.92,2021-11-25,180,194433,Standard,A
L0003576,C005343,Auto Loan,755353,9.51,2023-08-13,48,545407,Standard,A
L0003577,C000246,Business Loan,2874458,12.0,2021-03-28,24,997953,Standard,C
L0003578,C005553,Personal Loan,420716,11.59,2025-06-27,48,185697,Standard,A
L0003579,C002371,Education Loan,869359,14.68,2024-02-29,36,307935,Standard,A
L0003580,C000937,Personal Loan,1678889,14.46,2023-07-12,180,937961,Standard,A
L0003581,C003343,Education Loan,969683,14.48,2021-01-21,120,824420,Standard,A
L0003582,C008099,Home Loan,835072,14.69,2025-02-15,180,793244,Standard,A
L0003583,C004434,Personal Loan,154479,11.44,2023-02-04,180,73361,Standard,B
L0003584,C008335,Personal Loan,732589,14.09,2025-11-07,240,162212,Standard,A
L0003585,C008706,Home Loan,1512427,15.96,2021-08-13,24,604757,Standard,B
L0003586,C008271,Home Loan,1265440,9.99,2025-04-21,120,674742,Standard,A
L0003587,C007357,Personal Loan,651109,8.22,2021-07-03,24,261395,Standard,B
L0003588,C005216,Home Loan,313901,16.29,2024-10-27,120,278902,NPA,E
L0003589,C001143,Personal Loan,453376,16.24,2021-04-09,240,213042,Standard,B
L0003590,C006198,Education Loan,179800,13.6,2022-07-10,36,103453,Standard,A
L0003591,C002712,Business Loan,501977,16.44,2025-01-06,240,413501,Standard,C
L0003592,C007344,Education Loan,641741,12.88,2025-12-12,36,355077,Standard,A
L0003593,C003919,Education Loan,231388,12.58,2025-01-29,240,156988,Standard,A
L0003594,C002513,Business Loan,207953,9.26,2022-11-23,36,184781,Standard,A
L0003595,C003603,Education Loan,268529,8.43,2023-03-06,48,211262,Standard,A
L0003596,C002190,Business Loan,320679,13.82,2025-04-01,240,268105,Standard,A
L0003597,C007062,Auto Loan,96263,11.06,2022-06-19,180,22326,Standard,B
L0003598,C007435,Personal Loan,214108,10.08,2023-05-13,48,116938,Standard,C
L0003599,C001066,Auto Loan,393244,14.01,2023-05-27,24,171277,Standard,C
L0003600,C008354,Auto Loan,501898,11.55,2021-10-30,36,116630,NPA,D
L0003601,C005045,Home Loan,281793,9.82,2025-10-14,84,86570,Standard,A
L0003602,C003186,Business Loan,295414,9.99,2025-06-21,60,121420,Standard,B
L0003603,C009089,Auto Loan,525508,12.96,2021-07-21,48,228286,Standard,B
L0003604,C005375,Home Loan,2159376,9.51,2024-06-19,84,1234388,Standard,A
L0003605,C002226,Home Loan,430632,15.02,2022-05-14,60,410643,NPA,E
L0003606,C008451,Home Loan,470278,12.89,2025-01-17,24,273641,Standard,A
L0003607,C009030,Education Loan,723986,15.97,2023-10-23,240,584280,Standard,B
L0003608,C007302,Education Loan,133893,15.38,2022-08-22,84,56843,NPA,E
L0003609,C000852,Personal Loan,1434319,15.09,2023-01-06,240,705532,Standard,A
L0003610,C008286,Education Loan,1271052,9.06,2024-11-29,240,1146571,Standard,C
L0003611,C008470,Personal Loan,91355,12.92,2025-11-05,60,76022,Standard,A
L0003612,C001264,Business Loan,378155,14.97,2024-06-05,180,120911,Standard,A
L0003613,C002844,Home Loan,475453,8.86,2022-10-03,48,174619,Standard,A
L0003614,C002081,Home Loan,83670,16.0,2024-12-23,180,57297,Standard,B
L0003615,C003464,Personal Loan,1048625,16.08,2024-06-03,60,229685,Standard,C
L0003616,C003315,Personal Loan,355131,11.83,2022-09-06,48,258101,Standard,C
L0003617,C003034,Personal Loan,2643848,14.16,2023-02-10,120,859213,Standard,B
L0003618,C000118,Personal Loan,291753,14.19,2023-10-11,120,91471,Standard,A
L0003619,C002418,Auto Loan,440569,7.91,2021-11-28,120,120556,Standard,A
L0003620,C004223,Education Loan,662700,14.39,2025-06-26,36,161452,Standard,A
L0003621,C009193,Home Loan,1050071,9.22,2025-01-24,120,327002,Standard,B
L0003622,C008684,Personal Loan,219869,14.79,2021-08-23,180,189003,NPA,E
L0003623,C000066,Home Loan,2361737,9.61,2024-12-20,60,1498278,Standard,A
L0003624,C007632,Auto Loan,826097,9.34,2023-03-31,36,692594,Standard,C
L0003625,C009503,Home Loan,136185,14.75,2022-01-10,240,103333,Standard,C
L0003626,C007813,Home Loan,512826,13.92,2021-11-27,240,267301,Standard,A
L0003627,C009925,Personal Loan,643713,9.44,2023-04-26,84,532176,NPA,E
L0003628,C007241,Home Loan,1030251,10.44,2024-08-21,60,741119,Standard,B
L0003629,C009909,Auto Loan,154419,15.13,2021-11-15,240,140607,Standard,A
L0003630,C007412,Business Loan,135930,12.48,2023-07-27,120,59701,NPA,E
L0003631,C007998,Education Loan,421627,13.02,2022-02-19,84,309544,Standard,B
L0003632,C008093,Business Loan,638039,13.74,2024-02-02,84,284290,Standard,B
L0003633,C003480,Business Loan,225376,7.97,2022-12-17,60,124859,Standard,A
L0003634,C002596,Education Loan,703175,12.95,2021-03-30,240,646778,Standard,B
L0003635,C003975,Personal Loan,1512491,12.09,2024-10-29,36,1013398,Standard,B
L0003636,C007078,Auto Loan,613334,11.79,2024-03-11,84,212212,Standard,A
L0003637,C009265,Business Loan,265533,10.16,2024-08-03,24,101148,Standard,B
L0003638,C005744,Auto Loan,1266757,9.58,2021-10-30,180,576200,Standard,B
L0003639,C007689,Personal Loan,486102,14.68,2023-08-22,240,153576,Standard,B
L0003640,C008283,Home Loan,444646,11.01,2024-10-29,84,168710,Standard,B
L0003641,C000020,Personal Loan,3516383,12.77,2022-07-13,36,2517853,Standard,A
L0003642,C005322,Home Loan,257212,7.67,2023-10-18,84,59356,Standard,A
L0003643,C007312,Auto Loan,2555963,9.58,2024-05-12,60,515939,Standard,A
L0003644,C005738,Education Loan,1078038,16.17,2022-06-23,24,995871,Standard,B
L0003645,C006644,Business Loan,1059291,14.58,2022-06-14,36,997741,NPA,D
L0003646,C005315,Business Loan,533709,12.3,2025-03-28,120,181660,Standard,A
L0003647,C006905,Business Loan,1196771,12.08,2022-04-02,240,842790,Standard,A
L0003648,C009134,Business Loan,1020682,7.37,2025-05-23,180,735548,Standard,A
L0003649,C003615,Auto Loan,541248,11.16,2024-07-24,180,519320,Standard,C
L0003650,C002197,Home Loan,397516,16.02,2024-10-31,36,360141,Standard,A
L0003651,C002859,Home Loan,1542427,10.87,2025-12-02,36,1194188,Standard,B
L0003652,C001957,Auto Loan,2724882,11.59,2025-11-04,180,1366220,Standard,A
L0003653,C007454,Auto Loan,1359429,15.62,2024-11-05,84,1064795,NPA,D
L0003654,C005167,Business Loan,376909,8.26,2022-09-12,120,171089,Standard,B
L0003655,C005026,Auto Loan,408643,10.25,2025-03-05,48,261417,Standard,B
L0003656,C006916,Business Loan,1632263,10.78,2025-02-04,84,1308323,Standard,B
L0003657,C005725,Personal Loan,1138539,7.7,2022-02-06,180,622492,Standard,B
L0003658,C000376,Education Loan,225729,11.78,2024-06-03,84,84048,Standard,B
L0003659,C002856,Business Loan,1540381,13.8,2021-01-04,180,396079,Standard,A
L0003660,C001555,Auto Loan,1082239,16.01,2023-02-03,24,238503,Standard,A
L0003661,C009073,Home Loan,368497,13.7,2025-10-18,120,119402,Standard,B
L0003662,C007458,Auto Loan,1535494,10.56,2025-03-06,36,894439,Standard,B
L0003663,C003600,Business Loan,555699,14.23,2023-04-29,36,227983,Standard,A
L0003664,C006211,Auto Loan,455852,12.82,2024-11-22,240,230346,Standard,B
L0003665,C001750,Auto Loan,283922,13.93,2022-05-29,240,114970,Standard,C
L0003666,C006687,Home Loan,1600393,13.31,2022-07-25,120,1367842,Standard,A
L0003667,C002807,Business Loan,1038445,11.63,2022-06-14,24,640843,Standard,B
L0003668,C009727,Home Loan,2977285,15.46,2021-09-09,60,1703041,Standard,B
L0003669,C008727,Auto Loan,190872,15.79,2025-06-07,48,95194,Standard,B
L0003670,C000197,Personal Loan,794929,12.34,2025-07-22,24,418662,Standard,A
L0003671,C008345,Home Loan,444958,15.77,2022-07-18,84,359278,Standard,B
L0003672,C007755,Auto Loan,4258818,11.92,2021-07-24,180,3738231,Standard,B
L0003673,C000115,Personal Loan,137261,11.85,2021-03-20,180,114947,Standard,A
L0003674,C001609,Business Loan,516987,9.68,2023-02-10,240,374405,Standard,A
L0003675,C001624,Personal Loan,143756,12.46,2024-04-02,60,116102,Standard,B
L0003676,C008950,Business Loan,2049068,7.72,2022-01-31,180,1210277,Standard,C
L0003677,C006352,Auto Loan,273698,16.35,2025-08-07,120,112201,Standard,C
L0003678,C004290,Personal Loan,116503,11.47,2025-03-21,120,49797,Standard,C
L0003679,C003668,Home Loan,426292,15.03,2021-11-30,24,414827,Standard,B
L0003680,C007970,Business Loan,1452439,15.4,2025-11-18,60,903937,Standard,A
L0003681,C006850,Personal Loan,2888509,15.99,2021-09-10,120,2572424,Standard,B
L0003682,C005994,Home Loan,274790,9.96,2022-02-23,120,220966,Standard,A
L0003683,C004936,Personal Loan,725145,13.95,2024-02-29,36,520673,Standard,A
L0003684,C000344,Auto Loan,1386279,7.29,2025-09-01,84,319206,Standard,A
L0003685,C001261,Personal Loan,4012275,12.39,2021-08-28,48,1862838,NPA,D
L0003686,C008064,Personal Loan,4419941,8.64,2022-05-26,36,1578690,Standard,A
L0003687,C000602,Personal Loan,190881,7.74,2025-05-15,120,52252,Standard,A
L0003688,C008880,Education Loan,3783565,10.18,2024-09-07,84,1384858,Standard,B
L0003689,C004164,Personal Loan,281480,11.0,2023-06-02,36,69205,Standard,B
L0003690,C000642,Auto Loan,909692,14.4,2024-09-20,24,303694,Standard,B
L0003691,C005080,Auto Loan,1667851,11.24,2023-08-13,60,467387,Standard,A
L0003692,C002630,Home Loan,238335,13.62,2025-11-08,36,171161,Standard,B
L0003693,C006841,Home Loan,912318,7.68,2024-04-22,24,330960,Standard,A
L0003694,C004471,Business Loan,2025714,16.26,2022-01-31,120,1091216,Standard,A
L0003695,C001247,Personal Loan,239084,8.24,2021-04-23,180,183597,Standard,C
L0003696,C006683,Business Loan,382781,10.76,2024-04-24,84,287200,Standard,A
L0003697,C006944,Auto Loan,643946,11.88,2024-11-03,120,461739,Standard,A
L0003698,C000223,Personal Loan,513653,16.5,2023-03-09,60,132394,Standard,C
L0003699,C004625,Home Loan,868198,7.83,2021-05-15,24,841814,Standard,B
L0003700,C001141,Personal Loan,517253,10.33,2021-01-01,60,349701,Standard,B
L0003701,C004331,Personal Loan,403709,13.1,2024-10-16,48,316758,Standard,C
L0003702,C006395,Home Loan,783511,15.18,2024-01-31,24,467783,Standard,A
L0003703,C001889,Business Loan,288649,14.41,2022-07-04,48,223554,Standard,B
L0003704,C002518,Home Loan,224238,9.12,2022-07-10,240,162910,Standard,A
L0003705,C002446,Auto Loan,495056,10.33,2025-07-16,36,294427,Standard,B
L0003706,C004954,Auto Loan,724993,15.78,2025-01-28,48,226730,Standard,C
L0003707,C005583,Education Loan,560939,13.87,2025-01-08,84,335777,NPA,E
L0003708,C000245,Education Loan,75672,8.26,2022-09-08,48,19012,Standard,A
L0003709,C003838,Auto Loan,1804235,13.98,2025-10-22,60,972825,Standard,A
L0003710,C009661,Business Loan,1429102,14.81,2021-09-10,84,436604,Standard,B
L0003711,C005788,Business Loan,210167,9.55,2021-03-02,240,53706,Standard,B
L0003712,C001868,Personal Loan,204117,9.09,2024-06-24,60,79179,Standard,B
L0003713,C004668,Education Loan,512416,8.22,2021-03-20,24,348829,Standard,A
L0003714,C006150,Auto Loan,1905054,14.88,2024-03-27,24,787923,Standard,A
L0003715,C005546,Personal Loan,51006,14.96,2022-09-21,180,40535,Standard,A
L0003716,C003788,Business Loan,678104,10.85,2023-06-22,48,471088,Standard,B
L0003717,C002962,Education Loan,1371608,11.72,2025-06-03,84,470288,Standard,C
L0003718,C002302,Education Loan,15000000,16.23,2021-05-02,84,3410531,NPA,E
L0003719,C007871,Personal Loan,425280,13.6,2024-04-23,240,360991,Standard,A
L0003720,C009304,Business Loan,265395,9.81,2024-12-15,84,81707,NPA,D
L0003721,C001348,Personal Loan,1239907,13.04,2023-08-01,36,880841,NPA,E
L0003722,C009768,Personal Loan,1978767,10.65,2021-09-24,84,900102,Standard,A
L0003723,C006526,Personal Loan,681793,8.73,2021-04-29,180,189900,Standard,B
L0003724,C002793,Personal Loan,756981,15.75,2025-06-03,60,353371,Standard,C
L0003725,C006899,Personal Loan,160180,13.92,2025-07-12,24,63464,Standard,A
L0003726,C003836,Personal Loan,169357,9.93,2022-03-15,240,62442,Standard,A
L0003727,C005430,Education Loan,856490,15.61,2025-04-04,120,726819,Standard,A
L0003728,C004896,Education Loan,986378,15.8,2025-10-13,36,948378,NPA,E
L0003729,C006995,Personal Loan,1149176,13.46,2023-05-27,84,256186,Standard,A
L0003730,C009508,Home Loan,193412,14.06,2022-02-01,120,121138,Standard,C
L0003731,C000570,Auto Loan,478438,12.73,2021-03-13,48,388059,Standard,A
L0003732,C006344,Education Loan,280294,13.86,2021-07-15,60,65444,Standard,C
L0003733,C006424,Home Loan,619839,13.08,2025-11-02,84,406569,Standard,A
L0003734,C006056,Business Loan,131519,11.51,2022-11-21,180,42956,Standard,B
L0003735,C000993,Home Loan,1959945,8.51,2021-02-27,180,1273056,Standard,A
L0003736,C009029,Personal Loan,667498,10.09,2024-04-20,60,507413,Standard,B
L0003737,C006630,Home Loan,523888,9.03,2023-06-18,180,428146,Standard,B
L0003738,C003369,Education Loan,1785134,8.38,2021-11-01,24,1483210,Standard,B
L0003739,C002480,Business Loan,2731795,13.39,2021-06-08,36,793723,Standard,A
L0003740,C005091,Auto Loan,1734119,7.63,2025-04-11,240,758420,Standard,C
L0003741,C005292,Auto Loan,3713603,7.83,2022-04-19,60,3578183,Standard,B
L0003742,C003158,Personal Loan,1121985,7.78,2023-05-07,60,974160,Standard,B
L0003743,C008622,Home Loan,4143567,8.17,2022-07-31,48,3172756,Standard,A
L0003744,C007236,Personal Loan,489817,8.89,2023-04-10,180,310348,Standard,B
L0003745,C000787,Home Loan,55299,14.35,2025-03-10,120,22789,Standard,C
L0003746,C003623,Education Loan,4160932,14.48,2021-05-01,84,3344707,Standard,B
L0003747,C006319,Personal Loan,469952,12.9,2023-02-08,24,126249,Standard,A
L0003748,C000110,Business Loan,326882,7.86,2025-09-30,180,245357,Standard,B
L0003749,C006861,Business Loan,2047637,7.43,2021-05-04,48,1754714,Standard,A
L0003750,C002863,Personal Loan,831241,9.42,2024-02-19,48,525408,Standard,C
L0003751,C008527,Auto Loan,3075722,15.28,2025-02-11,36,2677301,Standard,A
L0003752,C009552,Auto Loan,644061,12.65,2022-03-08,24,192376,Standard,C
L0003753,C006567,Home Loan,274066,10.25,2022-08-23,60,91495,Standard,A
L0003754,C009534,Personal Loan,2694039,12.92,2023-09-21,24,763812,Standard,A
L0003755,C006764,Home Loan,2303630,10.68,2024-09-11,36,935337,Standard,A
L0003756,C001918,Business Loan,609218,11.15,2021-06-05,24,581686,Standard,B
L0003757,C002183,Education Loan,444994,8.75,2025-08-07,240,276447,Standard,B
L0003758,C005313,Business Loan,535317,13.85,2023-09-27,240,248416,Standard,B
L0003759,C001353,Business Loan,109225,9.25,2024-05-26,84,105712,Standard,B
L0003760,C005832,Personal Loan,285204,8.18,2023-04-01,240,189017,Standard,A
L0003761,C000311,Personal Loan,624640,15.73,2021-07-20,24,212480,Standard,C
L0003762,C006975,Education Loan,748243,9.38,2022-10-28,120,506928,Standard,B
L0003763,C009746,Home Loan,742742,8.52,2025-08-28,120,712120,Standard,A
L0003764,C000950,Personal Loan,1038279,15.46,2025-03-15,36,771978,Standard,B
L0003765,C005878,Home Loan,59270,7.4,2025-06-30,48,39162,Standard,C
L0003766,C000189,Business Loan,295091,8.32,2023-06-14,120,258965,Standard,B
L0003767,C008055,Personal Loan,266553,7.5,2022-07-28,240,60809,Standard,A
L0003768,C003155,Auto Loan,498186,10.72,2024-04-24,60,442326,Standard,A
L0003769,C007409,Business Loan,979961,15.37,2021-12-13,24,265837,Standard,A
L0003770,C009319,Home Loan,1066159,13.03,2025-09-18,240,227567,Standard,A
L0003771,C003354,Education Loan,964258,10.27,2024-11-04,84,254864,Standard,B
L0003772,C004345,Auto Loan,1499806,9.32,2024-10-09,84,1068953,Standard,C
L0003773,C001913,Auto Loan,514055,8.97,2025-04-26,36,322347,NPA,E
L0003774,C004004,Education Loan,485630,10.38,2023-10-27,36,379158,Standard,A
L0003775,C004070,Auto Loan,5529828,16.24,2021-06-09,240,4314191,Standard,B
L0003776,C007318,Personal Loan,251340,16.41,2024-06-17,240,115480,NPA,E
L0003777,C007167,Personal Loan,980807,11.55,2021-02-10,240,911875,Standard,A
L0003778,C000588,Business Loan,1062511,9.78,2025-07-02,180,890265,Standard,B
L0003779,C009698,Home Loan,122764,16.36,2024-11-06,120,94228,Standard,B
L0003780,C004904,Business Loan,940532,10.28,2023-04-14,60,439819,Standard,B
L0003781,C004482,Personal Loan,125823,10.67,2024-12-09,60,35648,Standard,B
L0003782,C007276,Personal Loan,1445991,7.56,2021-05-01,48,968642,Standard,A
L0003783,C006688,Personal Loan,391589,10.73,2025-05-24,48,242415,Standard,C
L0003784,C009461,Personal Loan,584588,8.25,2023-04-02,84,123093,Standard,B
L0003785,C004084,Personal Loan,415658,12.08,2023-09-21,84,93116,Standard,A
L0003786,C004993,Personal Loan,613629,13.22,2025-02-26,48,489611,Standard,A
L0003787,C007108,Auto Loan,545542,14.58,2021-08-13,24,273143,Standard,B
L0003788,C001318,Home Loan,631178,7.69,2023-07-07,60,225954,Standard,A
L0003789,C008324,Home Loan,257373,12.14,2023-05-05,36,84912,NPA,D
L0003790,C002889,Home Loan,866595,8.69,2022-07-12,36,631926,Standard,A
L0003791,C009810,Auto Loan,352819,10.45,2025-02-16,120,149485,Standard,A
L0003792,C003113,Business Loan,2032634,12.51,2023-10-02,24,921645,Standard,B
L0003793,C003632,Personal Loan,1465972,11.73,2025-11-15,60,844820,Standard,B
L0003794,C006539,Business Loan,474516,14.8,2023-03-02,24,258311,Standard,B
L0003795,C009469,Home Loan,3589185,13.99,2025-07-10,48,3068639,Standard,B
L0003796,C001744,Home Loan,1605004,11.66,2021-12-21,240,1023892,Standard,B
L0003797,C000648,Education Loan,2061050,14.55,2022-09-24,84,1927560,NPA,E
L0003798,C002707,Auto Loan,210176,15.81,2025-04-20,180,104093,Standard,A
L0003799,C008059,Home Loan,2951040,14.82,2023-12-17,240,2509300,Standard,B
L0003800,C003353,Business Loan,446203,10.09,2024-07-09,84,322092,Standard,A
L0003801,C009315,Business Loan,3200499,13.97,2023-10-07,36,3095501,NPA,D
L0003802,C008770,Personal Loan,120992,10.5,2025-05-04,60,55384,Standard,B
L0003803,C002986,Personal Loan,239779,12.98,2021-06-29,48,185552,Standard,A
L0003804,C005220,Home Loan,477646,13.64,2024-12-10,24,338317,Standard,B
L0003805,C002188,Business Loan,740459,10.12,2023-05-27,60,536899,Standard,A
L0003806,C003963,Business Loan,3161089,12.68,2021-12-05,36,2314780,Standard,B
L0003807,C007808,Auto Loan,12385336,12.15,2025-10-21,240,4852714,Standard,A
L0003808,C009927,Personal Loan,204486,12.75,2021-10-26,240,78465,Standard,C
L0003809,C000713,Auto Loan,219269,9.35,2022-10-16,24,118201,Standard,A
L0003810,C005415,Education Loan,6828162,15.65,2025-03-18,60,2881264,Standard,A
L0003811,C007648,Personal Loan,436462,9.61,2021-08-05,180,142250,Standard,A
L0003812,C009934,Auto Loan,533944,7.88,2022-02-16,60,498795,Standard,B
L0003813,C002740,Business Loan,1262524,13.85,2024-02-26,60,624844,Standard,B
L0003814,C000157,Education Loan,415485,14.53,2023-12-29,84,129837,Standard,A
L0003815,C003754,Auto Loan,142748,7.87,2022-11-05,24,50197,Standard,B
L0003816,C004236,Auto Loan,1422150,9.64,2023-01-28,180,854574,NPA,E
L0003817,C004639,Home Loan,1719975,7.33,2024-11-06,36,723000,Standard,B
L0003818,C004003,Home Loan,1357399,7.68,2025-01-02,36,1156302,Standard,B
L0003819,C004850,Education Loan,1392384,12.05,2021-06-27,180,705794,Standard,A
L0003820,C004029,Business Loan,1490240,13.96,2023-09-09,180,1155984,Standard,B
L0003821,C003702,Education Loan,2207116,13.78,2025-05-29,120,983481,Standard,B
L0003822,C009911,Home Loan,309445,13.78,2024-09-11,180,63620,NPA,E
L0003823,C002034,Personal Loan,187164,11.69,2021-11-19,120,115981,Standard,A
L0003824,C000403,Auto Loan,1015373,9.67,2025-09-26,24,356074,Standard,C
L0003825,C008890,Education Loan,3447139,13.95,2023-04-11,60,1090155,NPA,E
L0003826,C008413,Personal Loan,1329669,9.44,2025-09-22,24,357044,Standard,C
L0003827,C000157,Business Loan,1179303,9.14,2022-11-01,48,999276,Standard,B
L0003828,C002974,Education Loan,98976,13.34,2021-01-09,120,64291,NPA,E
L0003829,C008149,Personal Loan,5649098,12.84,2025-10-01,84,4112550,Standard,A
L0003830,C004920,Business Loan,3547891,15.17,2024-01-20,120,2307109,Standard,B
L0003831,C007861,Home Loan,1671348,9.58,2025-03-05,48,1066790,NPA,D
L0003832,C009113,Business Loan,890897,8.33,2024-04-09,84,701477,Standard,A
L0003833,C001352,Personal Loan,230168,10.49,2021-10-24,24,215563,Standard,A
L0003834,C001554,Home Loan,150697,15.02,2023-10-12,240,60128,Standard,C
L0003835,C007584,Business Loan,1227729,13.92,2025-07-09,240,852065,Standard,B
L0003836,C006503,Auto Loan,513470,9.88,2025-10-28,120,409540,Standard,A
L0003837,C001393,Personal Loan,711017,8.82,2025-05-15,84,539598,Standard,A
L0003838,C003346,Personal Loan,1531187,15.09,2024-05-06,84,1198691,Standard,B
L0003839,C009230,Auto Loan,1450430,7.7,2021-08-11,36,1263863,Standard,B
L0003840,C006458,Home Loan,2044855,13.29,2023-11-19,240,1328016,Standard,A
L0003841,C009299,Home Loan,652695,15.36,2024-10-02,60,259383,Standard,B
L0003842,C002451,Auto Loan,50000,15.78,2023-12-03,120,18931,Standard,A
L0003843,C008230,Home Loan,490170,11.97,2023-05-05,84,431966,Standard,A
L0003844,C008768,Business Loan,837317,7.25,2021-11-12,48,788728,Standard,C
L0003845,C009775,Home Loan,109057,8.99,2025-12-06,180,54057,Standard,B
L0003846,C008166,Home Loan,100857,14.06,2021-04-05,240,39886,Standard,B
L0003847,C000068,Business Loan,1361348,12.16,2023-08-14,36,379231,Standard,A
L0003848,C000258,Business Loan,1327393,8.51,2023-10-16,240,281032,Standard,A
L0003849,C008721,Personal Loan,893731,16.24,2024-04-23,240,250159,Standard,A
L0003850,C005057,Home Loan,899439,14.82,2023-12-03,120,881138,Standard,A
L0003851,C007067,Personal Loan,985367,13.64,2022-01-11,180,227483,Standard,A
L0003852,C002474,Home Loan,784343,15.95,2024-02-21,84,685507,NPA,E
L0003853,C000519,Home Loan,638247,12.94,2021-02-19,60,367846,Standard,B
L0003854,C002625,Auto Loan,1151853,11.81,2025-01-13,48,996160,Standard,C
L0003855,C005991,Business Loan,1076165,11.42,2021-06-18,240,568916,NPA,E
L0003856,C003730,Education Loan,1356233,14.95,2025-08-15,240,787797,Standard,B
L0003857,C003279,Business Loan,645765,8.53,2023-06-04,48,462389,Standard,A
L0003858,C005603,Home Loan,1522661,10.73,2021-10-09,84,1379018,Standard,B
L0003859,C005430,Business Loan,50000,15.28,2024-08-20,36,40214,Standard,B
L0003860,C003754,Auto Loan,530718,7.59,2022-08-25,60,174642,Standard,B
L0003861,C008395,Auto Loan,648461,8.64,2021-06-08,60,514828,Standard,A
L0003862,C001858,Personal Loan,1123987,13.64,2022-05-02,84,994577,Standard,C
L0003863,C009051,Home Loan,60157,8.07,2023-12-31,48,23609,Standard,B
L0003864,C007306,Education Loan,308722,9.45,2021-09-24,84,108859,NPA,D
L0003865,C008188,Home Loan,478191,16.14,2024-07-08,180,172115,Standard,B
L0003866,C008163,Personal Loan,1524957,8.94,2023-02-23,36,953051,Standard,A
L0003867,C001672,Home Loan,291689,9.38,2025-11-16,120,75878,Standard,B
L0003868,C009673,Home Loan,454322,9.57,2023-08-07,240,443477,Standard,B
L0003869,C000602,Auto Loan,2113183,7.59,2022-12-27,120,1960187,Standard,A
L0003870,C005871,Home Loan,3409322,14.89,2023-08-18,180,3265957,Standard,A
L0003871,C005175,Home Loan,2185095,9.41,2023-10-04,120,1259622,Standard,A
L0003872,C008094,Auto Loan,391870,12.91,2021-06-29,120,134781,Standard,B
L0003873,C004727,Auto Loan,507623,10.88,2025-09-17,180,433892,Standard,B
L0003874,C005811,Home Loan,376318,12.64,2024-05-02,24,331873,Standard,A
L0003875,C000030,Home Loan,1500734,10.24,2021-09-17,24,765305,Standard,A
L0003876,C006154,Home Loan,754909,7.29,2023-07-16,240,580458,Standard,A
L0003877,C001389,Business Loan,430117,12.84,2025-04-07,180,347542,Standard,C
L0003878,C005746,Business Loan,50000,14.46,2025-09-04,240,34886,Standard,A
L0003879,C008331,Personal Loan,933401,10.97,2023-07-09,48,824161,Standard,A
L0003880,C008750,Auto Loan,551633,9.96,2021-10-26,60,195797,Standard,A
L0003881,C000505,Business Loan,516924,10.69,2022-11-22,48,273380,Standard,C
L0003882,C001319,Education Loan,735842,7.9,2025-09-10,84,602441,Standard,C
L0003883,C007347,Home Loan,1758922,16.24,2021-06-23,240,1361319,Standard,A
L0003884,C006847,Business Loan,543951,10.95,2023-01-12,36,473317,Standard,A
L0003885,C007831,Home Loan,810534,10.07,2024-02-05,60,714363,Standard,A
L0003886,C004613,Education Loan,808645,9.7,2022-01-21,120,587376,Standard,A
L0003887,C009153,Auto Loan,116594,8.73,2022-07-08,36,105032,Standard,B
L0003888,C007032,Auto Loan,765351,15.87,2022-01-31,24,292501,Standard,A
L0003889,C007840,Home Loan,506712,13.33,2025-06-24,48,130519,NPA,D
L0003890,C009600,Personal Loan,1108137,15.11,2023-03-29,48,1065300,Standard,A
L0003891,C004273,Home Loan,650497,16.14,2025-12-08,240,435303,Standard,B
L0003892,C003806,Home Loan,441931,9.47,2023-06-06,60,289717,Standard,A
L0003893,C004186,Personal Loan,1760981,12.49,2025-08-20,48,1514890,Standard,A
L0003894,C001289,Education Loan,3237486,15.73,2021-11-18,24,756090,Standard,A
L0003895,C008247,Personal Loan,3460505,12.05,2024-02-23,120,1692595,NPA,E
L0003896,C005951,Personal Loan,1377268,14.51,2023-08-19,60,490310,NPA,D
L0003897,C002695,Home Loan,1335814,13.36,2022-02-23,36,1243923,Standard,A
L0003898,C003101,Home Loan,1099145,15.43,2022-03-07,48,346244,Standard,A
L0003899,C008772,Business Loan,331694,16.02,2023-03-27,120,319790,Standard,A
L0003900,C003038,Personal Loan,382355,7.98,2021-10-11,180,241326,Standard,A
L0003901,C002391,Home Loan,247882,7.97,2024-12-02,120,242074,Standard,C
L0003902,C009459,Personal Loan,615798,8.36,2023-03-03,240,248842,Standard,C
L0003903,C009143,Education Loan,504708,14.86,2021-11-04,48,419300,Standard,A
L0003904,C006311,Personal Loan,1092225,11.37,2024-08-16,48,254505,Standard,C
L0003905,C005041,Home Loan,593361,14.47,2022-11-13,120,132472,Standard,A
L0003906,C009612,Home Loan,810754,13.34,2023-02-05,48,378072,Standard,C
L0003907,C005330,Auto Loan,645795,14.7,2025-04-16,24,535231,Standard,A
L0003908,C004821,Personal Loan,493052,12.47,2023-10-08,120,474344,Standard,C
L0003909,C007131,Auto Loan,229197,11.75,2025-05-21,36,220569,Standard,C
L0003910,C000211,Business Loan,120342,16.45,2021-02-23,36,59547,Standard,A
L0003911,C008772,Auto Loan,2166200,7.31,2025-04-01,84,1000700,Standard,C
L0003912,C002487,Personal Loan,2999205,12.22,2021-01-27,24,2211984,Standard,A
L0003913,C009978,Business Loan,1433366,15.6,2022-08-03,60,903357,Standard,C
L0003914,C005524,Education Loan,363026,7.59,2021-12-28,240,207692,Standard,B
L0003915,C009552,Auto Loan,1038643,14.49,2025-03-19,24,656858,Standard,A
L0003916,C009586,Education Loan,119116,10.24,2023-02-02,120,63185,Standard,B
L0003917,C007686,Home Loan,6375894,12.45,2025-06-06,24,1443742,Standard,A
L0003918,C005206,Personal Loan,248516,15.57,2023-06-12,240,184786,Standard,B
L0003919,C004915,Auto Loan,411105,13.58,2021-10-15,24,133464,Standard,A
L0003920,C003928,Business Loan,50000,8.39,2025-12-07,240,14528,Standard,A
L0003921,C002919,Home Loan,268125,10.72,2024-09-28,48,58491,Standard,B
L0003922,C007077,Business Loan,613678,12.53,2022-07-07,24,598223,Standard,A
L0003923,C007072,Home Loan,1492801,11.37,2024-06-27,120,765798,Standard,A
L0003924,C000865,Education Loan,484524,9.73,2025-02-07,48,428712,Standard,B
L0003925,C003516,Personal Loan,952178,12.9,2025-03-25,24,855250,Standard,B
L0003926,C008745,Personal Loan,1031132,13.2,2023-07-03,24,881988,Standard,B
L0003927,C009118,Auto Loan,458145,14.36,2025-04-22,60,343094,Standard,C
L0003928,C002067,Business Loan,3547513,7.83,2023-05-30,240,2682018,Standard,B
L0003929,C004173,Home Loan,1477652,15.3,2022-06-19,180,935401,Standard,A
L0003930,C001266,Auto Loan,1478219,10.04,2024-06-17,84,781024,Standard,C
L0003931,C003644,Auto Loan,387326,11.42,2021-10-09,120,347138,Standard,A
L0003932,C001949,Home Loan,4522867,16.08,2023-08-20,180,1230847,Standard,A
L0003933,C001586,Home Loan,1221214,9.8,2024-01-19,120,793428,Standard,A
L0003934,C004104,Home Loan,986075,13.97,2023-07-04,48,714246,Standard,B
L0003935,C000775,Personal Loan,239391,7.95,2023-09-28,120,121368,Standard,A
L0003936,C004537,Business Loan,442993,11.87,2024-07-01,240,102360,Standard,A
L0003937,C006562,Business Loan,1121702,13.26,2022-04-12,36,482335,Standard,B
L0003938,C002409,Personal Loan,1323301,14.2,2025-05-21,180,958324,Standard,B
L0003939,C007780,Business Loan,3599547,7.55,2023-06-05,120,2977686,Standard,A
L0003940,C003368,Home Loan,325442,10.98,2024-01-28,36,318370,Standard,B
L0003941,C003399,Education Loan,1440584,8.22,2023-03-26,24,624664,Standard,A
L0003942,C009356,Personal Loan,1120223,8.23,2021-04-17,84,506269,Standard,A
L0003943,C002170,Education Loan,1161164,14.7,2025-07-23,60,360365,Standard,A
L0003944,C007336,Home Loan,924922,15.61,2025-03-11,24,744543,Standard,B
L0003945,C009279,Auto Loan,3204899,7.23,2021-09-16,24,2881639,Standard,A
L0003946,C009068,Business Loan,2742968,15.53,2024-07-30,48,1500565,Standard,B
L0003947,C005337,Education Loan,1541900,13.79,2021-11-20,180,612554,Standard,A
L0003948,C001386,Personal Loan,2129666,13.08,2023-01-09,120,448150,Standard,A
L0003949,C001929,Home Loan,528859,11.78,2025-09-24,24,421410,Standard,B
L0003950,C006398,Business Loan,2913181,16.11,2023-02-05,60,2468801,Standard,B
L0003951,C001495,Home Loan,843464,16.11,2021-06-13,84,608939,Standard,B
L0003952,C004581,Home Loan,3555576,15.12,2022-03-23,36,2379446,Standard,A
L0003953,C005319,Education Loan,253041,15.94,2022-07-10,24,74270,Standard,C
L0003954,C008766,Auto Loan,1167125,14.8,2022-12-12,60,769449,Standard,A
L0003955,C006886,Education Loan,270624,14.91,2023-01-14,240,253073,Standard,A
L0003956,C006286,Auto Loan,457544,7.75,2023-07-28,240,370593,Standard,A
L0003957,C008977,Auto Loan,2186741,10.59,2025-05-09,36,1126861,Standard,A
L0003958,C007649,Auto Loan,1258543,8.5,2025-02-16,60,370498,Standard,A
L0003959,C009350,Education Loan,261522,13.93,2021-07-11,120,109743,Standard,C
L0003960,C009487,Education Loan,1235379,15.27,2022-03-11,60,871908,Standard,A
L0003961,C007792,Education Loan,490136,9.42,2021-09-15,120,415829,Standard,B
L0003962,C006943,Home Loan,780539,8.13,2022-07-16,84,380219,Standard,A
L0003963,C007600,Home Loan,366557,16.16,2022-11-26,84,224020,Standard,B
L0003964,C002788,Auto Loan,459686,10.5,2022-03-11,36,248431,Standard,B
L0003965,C008703,Personal Loan,98302,13.5,2025-08-02,48,70813,Standard,A
L0003966,C008072,Education Loan,80668,8.18,2025-06-09,36,19198,Standard,A
L0003967,C000040,Auto Loan,1035991,9.81,2025-01-01,24,686033,Standard,C
L0003968,C003743,Personal Loan,1740796,16.27,2022-11-16,24,694151,Standard,C
L0003969,C000295,Personal Loan,7252538,9.43,2023-03-14,120,3450616,Standard,A
L0003970,C009947,Home Loan,1913654,8.8,2024-04-09,180,1504041,Standard,B
L0003971,C001044,Home Loan,424695,8.43,2021-07-13,84,257156,Standard,B
L0003972,C003370,Personal Loan,186636,8.37,2021-05-23,48,50986,Standard,B
L0003973,C003639,Personal Loan,1011490,15.63,2025-01-04,48,714873,Standard,A
L0003974,C009695,Education Loan,689750,11.64,2024-07-24,84,585272,Standard,A
L0003975,C006771,Education Loan,818263,8.66,2024-10-25,84,434752,Standard,B
L0003976,C005613,Auto Loan,1425121,9.28,2023-05-02,180,814000,Standard,A
L0003977,C003691,Home Loan,184901,7.99,2024-04-15,48,71961,Standard,C
L0003978,C004338,Personal Loan,956797,14.31,2025-04-19,60,328876,Standard,B
L0003979,C005881,Business Loan,1093758,10.16,2023-06-30,240,570478,Standard,A
L0003980,C005004,Auto Loan,333787,9.25,2025-09-06,60,98462,Standard,A
L0003981,C004064,Business Loan,376180,13.74,2023-10-21,60,313051,Standard,A
L0003982,C004275,Personal Loan,1026378,10.57,2024-06-25,36,285489,Standard,B
L0003983,C003431,Home Loan,2237273,14.93,2025-03-30,84,728871,Standard,A
L0003984,C009123,Home Loan,2446662,14.34,2023-12-28,84,1278932,Standard,B
L0003985,C009801,Auto Loan,1342484,13.56,2023-07-17,36,995265,NPA,E
L0003986,C004570,Auto Loan,1866223,13.96,2024-06-02,180,884903,Standard,B
L0003987,C005955,Personal Loan,197697,9.48,2021-11-13,36,112886,Standard,A
L0003988,C003314,Business Loan,492358,11.16,2023-11-04,24,360597,Standard,B
L0003989,C007501,Education Loan,2009576,13.57,2025-03-30,60,1133941,Standard,B
L0003990,C007370,Business Loan,8732971,8.46,2021-11-06,120,7882249,NPA,E
L0003991,C007582,Business Loan,690051,15.25,2023-11-13,180,421729,Standard,B
L0003992,C002586,Education Loan,4239852,12.49,2025-08-11,84,2444636,Standard,B
L0003993,C000429,Home Loan,3497035,14.43,2021-06-23,84,1628729,Standard,B
L0003994,C002610,Home Loan,934393,9.34,2022-11-17,48,228706,Standard,B
L0003995,C004585,Business Loan,219774,16.42,2024-02-20,48,93922,Standard,A
L0003996,C002246,Personal Loan,2206534,7.62,2025-03-01,24,2002406,NPA,D
L0003997,C004650,Education Loan,3129405,9.89,2025-11-27,84,944078,Standard,B
L0003998,C000825,Auto Loan,1307017,7.35,2022-06-02,36,667120,Standard,C
L0003999,C008955,Home Loan,7601576,9.27,2023-05-15,60,2391007,NPA,E
L0004000,C001307,Personal Loan,391357,9.23,2023-02-06,36,254722,Standard,A
L0004001,C004313,Home Loan,1011984,15.96,2022-01-01,120,907831,Standard,A
L0004002,C003432,Education Loan,1827225,12.78,2022-08-04,48,890216,Standard,C
L0004003,C006802,Home Loan,3282904,7.93,2022-04-27,180,848269,Standard,A
L0004004,C009011,Home Loan,4259449,9.26,2021-06-01,120,3535946,Standard,B
L0004005,C001349,Business Loan,320385,10.66,2024-09-21,120,192058,Standard,A
L0004006,C007488,Personal Loan,631300,7.53,2021-02-07,36,278413,Standard,A
L0004007,C000215,Auto Loan,274653,12.8,2025-05-13,24,221335,Standard,A
L0004008,C004335,Business Loan,77513,16.26,2023-07-12,180,66773,NPA,E
L0004009,C006010,Auto Loan,756247,10.79,2024-06-16,24,295488,Standard,A
L0004010,C002879,Auto Loan,192584,7.58,2021-11-05,240,175454,Standard,B
L0004011,C008386,Home Loan,279965,10.12,2023-04-23,60,92360,Standard,C
L0004012,C005963,Home Loan,412109,8.66,2023-03-09,240,136391,Standard,B
L0004013,C000562,Business Loan,213960,9.88,2022-09-17,60,68825,Standard,B
L0004014,C008859,Personal Loan,687139,10.16,2021-12-25,120,629310,Standard,B
L0004015,C004012,Home Loan,1442620,9.39,2024-02-18,48,324385,Standard,A
L0004016,C004908,Education Loan,6456438,14.01,2024-11-20,60,5463132,Standard,B
L0004017,C007167,Education Loan,1408364,14.1,2021-11-08,180,288563,NPA,D
L0004018,C007820,Education Loan,684760,8.8,2021-12-28,36,603394,Standard,C
L0004019,C000754,Personal Loan,670426,7.52,2024-12-22,60,239287,Standard,B
L0004020,C001792,Auto Loan,704650,11.04,2021-02-13,180,550458,Standard,B
L0004021,C000678,Auto Loan,575183,14.42,2024-07-11,120,331733,Standard,B
L0004022,C006993,Auto Loan,700586,11.8,2022-02-20,60,454907,Standard,A
L0004023,C002808,Personal Loan,1000541,14.01,2025-11-01,60,530213,Standard,A
L0004024,C009109,Home Loan,850741,13.48,2025-08-02,84,605978,Standard,B
L0004025,C003833,Personal Loan,857919,10.05,2025-06-14,240,476662,Standard,A
L0004026,C009380,Home Loan,710828,15.75,2022-11-28,36,474727,Standard,A
L0004027,C009263,Business Loan,473760,14.34,2024-06-05,120,399665,Standard,B
L0004028,C005237,Personal Loan,2638063,12.24,2024-05-19,24,1659337,Standard,C
L0004029,C009809,Home Loan,70909,7.76,2023-08-18,120,33376,NPA,D
L0004030,C004708,Auto Loan,1604621,8.17,2022-05-15,24,692646,Standard,A
L0004031,C003380,Home Loan,681969,8.85,2021-07-22,60,521718,Standard,A
L0004032,C002714,Home Loan,947983,15.65,2021-08-27,240,232760,Standard,C
L0004033,C008805,Auto Loan,162185,14.36,2024-04-01,60,86507,Standard,B
L0004034,C009664,Home Loan,50000,14.46,2021-07-13,240,39514,Standard,B
L0004035,C009692,Personal Loan,2124039,8.18,2024-06-30,240,1847398,Standard,A
L0004036,C007102,Auto Loan,2155178,10.01,2021-07-04,36,457742,Standard,A
L0004037,C000045,Personal Loan,3001596,16.22,2021-08-14,24,1655224,Standard,C
L0004038,C004086,Home Loan,1142498,16.33,2024-08-02,48,1002544,Standard,B
L0004039,C008856,Personal Loan,390772,12.25,2021-12-18,60,380892,NPA,E
L0004040,C000536,Education Loan,698174,15.95,2024-07-08,60,533046,Standard,A
L0004041,C005817,Business Loan,745042,13.77,2025-11-24,84,719633,Standard,B
L0004042,C005510,Personal Loan,338432,15.83,2021-02-23,84,184049,Standard,A
L0004043,C008062,Home Loan,477155,12.34,2021-12-12,36,163490,Standard,A
L0004044,C008857,Business Loan,472082,8.46,2023-01-19,240,197042,Standard,B
L0004045,C004956,Business Loan,1281272,15.04,2023-02-04,180,824596,Standard,B
L0004046,C004627,Personal Loan,191455,15.02,2024-12-20,180,49117,Standard,A
L0004047,C003483,Personal Loan,366508,7.88,2023-03-27,48,288312,Standard,B
L0004048,C006790,Home Loan,917032,11.33,2025-06-29,240,641174,Standard,B
L0004049,C002578,Personal Loan,850051,14.86,2021-11-17,48,694223,Standard,A
L0004050,C003393,Home Loan,2112562,12.44,2021-05-13,48,864767,Standard,A
L0004051,C004535,Home Loan,560155,9.76,2021-04-04,180,288303,Standard,B
L0004052,C008395,Home Loan,184479,11.48,2023-08-31,180,45975,Standard,A
L0004053,C008695,Home Loan,315936,14.89,2021-05-30,240,248818,Standard,A
L0004054,C004290,Education Loan,2750333,8.13,2021-07-18,120,2494107,Standard,A
L0004055,C004212,Auto Loan,50000,13.14,2023-09-19,240,16102,Standard,C
L0004056,C000712,Business Loan,455027,15.71,2024-03-21,120,194840,Standard,A
L0004057,C003542,Personal Loan,378012,12.57,2024-09-22,240,98447,Standard,B
L0004058,C009158,Home Loan,620921,12.11,2025-09-03,36,266119,Standard,A
L0004059,C003193,Business Loan,489478,16.4,2021-05-29,120,233434,Standard,A
L0004060,C002390,Home Loan,550822,10.14,2022-12-21,36,341041,Standard,B
L0004061,C001977,Personal Loan,720490,14.53,2021-08-18,120,362196,NPA,E
L0004062,C008466,Business Loan,343261,7.4,2023-05-03,36,105296,NPA,D
L0004063,C006089,Business Loan,1375930,10.82,2022-11-28,180,844925,Standard,A
L0004064,C005647,Education Loan,1216850,8.03,2021-11-22,24,1118443,Standard,A
L0004065,C006650,Business Loan,172878,9.94,2022-11-08,240,138881,Standard,B
L0004066,C007640,Home Loan,341703,13.76,2024-05-05,60,89838,Standard,B
L0004067,C004827,Auto Loan,111553,9.72,2024-11-04,24,54638,Standard,A
L0004068,C006045,Education Loan,125704,7.22,2023-08-06,60,46450,Standard,B
L0004069,C008538,Personal Loan,2031499,12.92,2022-05-17,84,1973887,Standard,B
L0004070,C005848,Personal Loan,50513,8.41,2025-08-02,60,44061,Standard,A
L0004071,C002341,Business Loan,360235,12.95,2023-10-15,60,286472,Standard,B
L0004072,C000279,Personal Loan,144965,7.45,2025-09-18,180,123390,Standard,B
L0004073,C001845,Auto Loan,555091,15.49,2023-04-11,60,183489,Standard,C
L0004074,C007848,Education Loan,634672,7.7,2022-08-08,48,358532,Standard,C
L0004075,C004218,Auto Loan,535639,15.49,2024-03-24,120,366506,Standard,C
L0004076,C003824,Business Loan,2157556,16.13,2022-12-04,240,1643340,NPA,E
L0004077,C002744,Auto Loan,133311,11.53,2024-02-27,24,69754,Standard,B
L0004078,C001492,Education Loan,99403,10.94,2022-05-19,180,47281,Standard,B
L0004079,C002296,Personal Loan,477839,12.4,2024-02-19,180,116026,NPA,E
L0004080,C000670,Auto Loan,1714437,7.59,2021-04-23,24,1307077,Standard,A
L0004081,C001109,Personal Loan,268387,16.19,2023-11-30,24,155495,Standard,B
L0004082,C000560,Home Loan,1160680,9.32,2021-04-10,60,533612,Standard,A
L0004083,C008493,Business Loan,1722090,13.3,2023-12-13,24,1596313,Standard,A
L0004084,C007249,Auto Loan,951158,10.84,2022-09-21,60,281281,Standard,A
L0004085,C004349,Home Loan,593205,15.17,2024-03-06,84,136731,Standard,B
L0004086,C000190,Home Loan,807937,13.74,2021-03-16,48,427450,Standard,A
L0004087,C000509,Business Loan,733535,16.16,2022-09-17,24,200825,Standard,B
L0004088,C005900,Home Loan,2159860,13.43,2021-11-10,60,1416821,Standard,A
L0004089,C009991,Home Loan,456467,9.48,2024-12-03,120,233188,Standard,A
L0004090,C006746,Home Loan,970904,8.23,2024-12-13,48,462881,Standard,B
L0004091,C005769,Personal Loan,551767,16.4,2022-03-22,48,390109,Standard,A
L0004092,C007642,Personal Loan,920938,13.54,2022-12-10,36,765136,Standard,A
L0004093,C002996,Education Loan,851262,10.18,2022-04-05,48,193456,Standard,B
L0004094,C000723,Business Loan,343581,14.84,2021-08-29,84,265689,Standard,B
L0004095,C006333,Personal Loan,1593090,13.4,2024-02-04,180,835902,Standard,B
L0004096,C009969,Personal Loan,546209,11.7,2022-01-13,180,447107,NPA,E
L0004097,C000879,Home Loan,595764,13.4,2021-09-24,48,331327,Standard,C
L0004098,C006852,Auto Loan,50000,13.24,2024-12-04,180,47083,Standard,A
L0004099,C007520,Business Loan,1562941,16.12,2024-02-09,36,1082056,Standard,A
L0004100,C007183,Business Loan,895856,14.14,2021-03-10,180,324658,Standard,A
L0004101,C006722,Auto Loan,157218,13.79,2022-05-16,36,77222,Standard,A
L0004102,C003370,Auto Loan,459624,13.64,2023-02-11,24,120506,Standard,A
L0004103,C002354,Home Loan,210933,7.46,2023-04-20,24,157503,Standard,A
L0004104,C008723,Education Loan,1131914,7.83,2023-12-06,84,300807,Standard,A
L0004105,C004525,Business Loan,372160,10.34,2023-10-10,120,141268,Standard,B
L0004106,C009035,Home Loan,1159457,8.66,2023-12-17,180,1074179,Standard,C
L0004107,C005747,Home Loan,995234,14.09,2024-11-10,36,450633,Standard,B
L0004108,C001505,Home Loan,6360475,8.62,2023-12-24,120,4787247,Standard,A
L0004109,C004408,Business Loan,1295284,15.08,2023-10-21,84,923308,Standard,A
L0004110,C009208,Business Loan,238894,15.67,2021-03-26,240,65218,Standard,B
L0004111,C003029,Education Loan,1094512,8.14,2024-04-03,36,348024,Standard,B
L0004112,C008888,Education Loan,1242885,16.25,2024-06-06,48,523683,Standard,C
L0004113,C007540,Personal Loan,598991,8.06,2024-11-01,240,295761,Standard,A
L0004114,C008797,Personal Loan,1411944,13.83,2023-06-03,180,1122353,Standard,B
L0004115,C006950,Home Loan,132726,16.22,2024-12-06,24,38067,Standard,A
L0004116,C006774,Home Loan,2968448,7.97,2021-06-20,60,2791105,Standard,A
L0004117,C002160,Home Loan,1334727,16.46,2025-07-11,240,797007,Standard,B
L0004118,C002860,Auto Loan,721643,14.0,2025-10-29,24,241473,Standard,A
L0004119,C005154,Home Loan,1061531,13.46,2024-11-11,24,303973,NPA,E
L0004120,C009109,Personal Loan,156809,10.21,2023-08-05,24,134406,Standard,A
L0004121,C001074,Personal Loan,464154,10.69,2022-06-07,84,437785,Standard,B
L0004122,C006935,Home Loan,1353399,10.55,2025-02-15,60,1244543,NPA,D
L0004123,C006517,Business Loan,638806,15.0,2022-06-15,120,442433,Standard,B
L0004124,C002239,Home Loan,556492,12.02,2021-02-01,120,137639,Standard,B
L0004125,C004351,Business Loan,324773,15.72,2025-12-03,180,202758,Standard,A
L0004126,C002125,Business Loan,1237345,11.97,2021-07-19,84,966240,Standard,C
L0004127,C007381,Auto Loan,1455225,8.27,2022-01-03,48,739102,Standard,A
L0004128,C008455,Auto Loan,2888237,10.7,2023-08-31,240,2339168,Standard,A
L0004129,C002128,Personal Loan,1030098,11.97,2024-01-27,84,380875,Standard,A
L0004130,C003301,Education Loan,1532676,13.92,2021-09-11,180,732580,Standard,A
L0004131,C009557,Home Loan,2880421,13.17,2024-12-08,60,1039817,Standard,B
L0004132,C006961,Auto Loan,186034,14.42,2022-02-13,60,124124,Standard,B
L0004133,C004260,Personal Loan,2502148,9.27,2025-03-11,48,1334519,Standard,A
L0004134,C008222,Auto Loan,158984,16.25,2022-11-10,48,98746,Standard,C
L0004135,C005870,Business Loan,1093532,12.97,2021-09-25,24,268328,Standard,A
L0004136,C008373,Auto Loan,686943,13.7,2023-04-01,36,653091,Standard,A
L0004137,C009244,Education Loan,1528494,7.63,2022-08-18,36,1406729,Standard,B
L0004138,C009471,Auto Loan,2481744,14.37,2022-04-09,60,2318427,Standard,B
L0004139,C006915,Auto Loan,3314254,9.25,2022-03-22,36,1012752,Standard,B
L0004140,C001870,Home Loan,1395316,13.67,2025-08-13,60,989046,NPA,D
L0004141,C009968,Personal Loan,524705,12.7,2021-12-28,36,300981,Standard,B
L0004142,C002312,Home Loan,535018,12.41,2022-08-29,240,437930,Standard,B
L0004143,C005650,Personal Loan,1039589,16.46,2024-10-14,120,348724,Standard,B
L0004144,C002097,Home Loan,345347,12.82,2024-01-03,120,73986,Standard,B
L0004145,C005777,Business Loan,1188342,11.9,2021-12-31,24,311495,Standard,A
L0004146,C000516,Personal Loan,484621,14.4,2023-08-10,84,294794,Standard,B
L0004147,C006450,Auto Loan,3289470,12.92,2022-02-05,240,1064102,NPA,E
L0004148,C009932,Business Loan,720411,8.43,2024-11-12,48,675000,Standard,A
L0004149,C001442,Auto Loan,1052960,15.41,2022-07-23,48,321844,Standard,C
L0004150,C007090,Home Loan,110194,12.76,2021-12-06,120,93826,Standard,B
L0004151,C002817,Home Loan,99021,11.24,2023-04-18,84,46593,Standard,A
L0004152,C008227,Personal Loan,293521,10.4,2024-07-21,60,76815,Standard,B
L0004153,C006805,Home Loan,762483,10.88,2025-04-06,48,531461,Standard,B
L0004154,C006770,Home Loan,1634527,12.5,2023-07-06,120,851485,Standard,B
L0004155,C003875,Home Loan,450241,13.28,2025-02-21,180,440627,Standard,A
L0004156,C004311,Auto Loan,931935,14.53,2021-04-18,24,759963,Standard,B
L0004157,C002551,Auto Loan,1781629,14.92,2021-09-07,36,1068163,Standard,B
L0004158,C005100,Business Loan,569712,13.9,2025-01-16,60,547022,Standard,C
L0004159,C003393,Auto Loan,738153,13.77,2023-05-08,24,385593,Standard,C
L0004160,C005791,Personal Loan,336222,9.29,2021-07-20,48,323921,Standard,B
L0004161,C008731,Personal Loan,5592668,15.65,2021-06-15,48,3572515,Standard,A
L0004162,C007127,Personal Loan,1723960,7.9,2023-04-26,120,1164949,Standard,A
L0004163,C008276,Business Loan,439347,14.84,2025-08-09,120,409940,NPA,E
L0004164,C000487,Auto Loan,1452675,15.22,2025-12-15,240,365916,NPA,E
L0004165,C009440,Personal Loan,99123,14.54,2021-07-26,24,69381,Standard,A
L0004166,C002460,Personal Loan,943894,13.13,2022-12-01,84,283908,Standard,B
L0004167,C007555,Home Loan,3378142,14.96,2024-01-08,84,1629126,Standard,A
L0004168,C008549,Home Loan,1761694,13.5,2021-05-18,180,1225619,NPA,D
L0004169,C006590,Personal Loan,2499167,15.39,2023-03-16,180,568951,Standard,A
L0004170,C005604,Home Loan,460337,10.75,2024-07-16,84,372397,Standard,B
L0004171,C000691,Home Loan,651139,15.74,2024-04-01,60,294292,Standard,A
L0004172,C008291,Home Loan,639508,9.52,2023-03-28,36,606638,Standard,A
L0004173,C004683,Business Loan,283689,14.32,2023-03-16,24,72948,Standard,A
L0004174,C009316,Home Loan,176539,7.52,2021-06-21,180,106181,Standard,B
L0004175,C009673,Personal Loan,882649,14.29,2022-07-01,36,310052,Standard,C
L0004176,C004144,Home Loan,432726,9.6,2023-09-19,120,287420,Standard,B
L0004177,C003035,Home Loan,2759437,16.47,2025-05-17,24,1416248,Standard,B
L0004178,C006503,Business Loan,699335,12.34,2022-02-26,240,163525,Standard,A
L0004179,C007916,Home Loan,270191,12.61,2023-11-26,48,71161,Standard,A
L0004180,C004503,Auto Loan,9628667,9.14,2025-03-11,48,4047721,Standard,A
L0004181,C001595,Home Loan,154969,8.58,2022-11-20,120,74046,Standard,B
L0004182,C007943,Auto Loan,720745,9.36,2024-05-09,120,157654,Standard,B
L0004183,C004915,Personal Loan,1544965,12.16,2024-09-18,36,1496338,Standard,A
L0004184,C002443,Business Loan,1368507,8.63,2024-10-08,48,295073,Standard,B
L0004185,C003002,Personal Loan,91000,10.5,2022-07-04,240,60979,NPA,D
L0004186,C007139,Auto Loan,414099,11.5,2024-05-09,180,192507,Standard,B
L0004187,C004198,Business Loan,2364761,15.51,2023-08-31,36,1411944,Standard,A
L0004188,C003455,Auto Loan,936182,8.1,2025-07-28,84,687442,Standard,B
L0004189,C003242,Personal Loan,1315469,11.0,2021-05-17,36,285945,Standard,B
L0004190,C005962,Business Loan,1516646,12.95,2022-01-11,60,1346300,Standard,A
L0004191,C004910,Business Loan,1159343,12.49,2023-12-20,48,380469,Standard,C
L0004192,C005577,Education Loan,286748,14.2,2025-03-21,36,278068,Standard,B
L0004193,C007621,Personal Loan,975417,10.88,2025-07-05,180,235447,Standard,C
L0004194,C003804,Home Loan,3216452,7.34,2025-10-09,120,1511382,Standard,B
L0004195,C005999,Personal Loan,739038,11.5,2025-10-27,240,350769,Standard,A
L0004196,C000851,Education Loan,673863,8.55,2022-02-13,60,394209,Standard,A
L0004197,C006799,Personal Loan,194142,9.95,2023-10-02,48,147314,Standard,B
L0004198,C000816,Education Loan,7046230,7.41,2022-10-24,60,4633363,Standard,B
L0004199,C009394,Auto Loan,415639,13.89,2025-09-14,120,102388,Standard,B
L0004200,C005294,Home Loan,1196326,8.41,2022-10-27,180,739992,Standard,B
L0004201,C005915,Business Loan,332167,15.68,2022-11-05,180,232111,Standard,A
L0004202,C000883,Home Loan,2812232,15.4,2022-11-22,180,2610847,Standard,C
L0004203,C004087,Business Loan,3220414,9.62,2021-12-23,180,1282735,Standard,B
L0004204,C002230,Business Loan,435762,13.99,2024-08-05,24,258500,Standard,B
L0004205,C009244,Auto Loan,2130443,12.97,2024-10-20,120,1523854,Standard,A
L0004206,C006532,Business Loan,299866,11.57,2024-11-08,180,199451,Standard,A
L0004207,C006157,Business Loan,253023,12.1,2021-03-16,240,56980,Standard,C
L0004208,C006137,Home Loan,110893,8.65,2025-10-27,48,47473,Standard,A
L0004209,C005886,Personal Loan,353317,16.33,2023-12-18,180,187014,Standard,A
L0004210,C001212,Personal Loan,993687,14.96,2022-03-26,120,704957,Standard,A
L0004211,C004431,Personal Loan,10560188,13.37,2022-07-27,60,6344877,Standard,A
L0004212,C003187,Personal Loan,490581,16.12,2025-02-17,60,227236,Standard,A
L0004213,C007725,Business Loan,165885,16.34,2021-12-06,84,60650,Standard,B
L0004214,C008188,Personal Loan,814315,9.69,2025-04-21,24,665939,Standard,B
L0004215,C007142,Business Loan,50000,13.0,2023-09-14,24,41639,Standard,B
L0004216,C003872,Education Loan,6408964,10.58,2025-03-14,24,4236267,Standard,A
L0004217,C009973,Business Loan,2631238,15.72,2021-01-19,60,1569524,NPA,E
L0004218,C009676,Business Loan,530012,9.9,2024-12-18,180,303886,Standard,A
L0004219,C008594,Auto Loan,458030,14.16,2021-03-25,84,406218,Standard,A
L0004220,C000646,Personal Loan,310045,15.97,2022-08-14,240,250459,Standard,A
L0004221,C002179,Business Loan,102618,14.81,2022-11-12,60,94596,Standard,A
L0004222,C004157,Home Loan,445564,10.06,2024-01-22,180,211118,Standard,A
L0004223,C001350,Personal Loan,3517069,8.49,2024-08-21,120,3345375,NPA,E
L0004224,C001159,Business Loan,1503401,7.53,2023-11-12,60,1421314,Standard,C
L0004225,C007125,Auto Loan,291649,10.2,2023-02-22,48,164559,Standard,C
L0004226,C003510,Home Loan,1404853,14.96,2021-09-25,24,862357,Standard,C
L0004227,C007812,Home Loan,533058,8.27,2024-12-19,120,515646,Standard,B
L0004228,C004448,Home Loan,614249,9.01,2024-12-04,120,470083,Standard,C
L0004229,C007286,Education Loan,239382,8.77,2022-05-11,240,114404,Standard,A
L0004230,C004541,Personal Loan,244568,13.15,2021-02-24,36,138760,Standard,B
L0004231,C000381,Personal Loan,520306,7.64,2023-03-11,60,225668,Standard,A
L0004232,C006983,Home Loan,787561,13.08,2023-03-26,48,600270,Standard,B
L0004233,C006443,Personal Loan,3019816,10.57,2023-09-27,60,2676225,Standard,B
L0004234,C005612,Personal Loan,2037369,15.34,2024-02-20,120,1840634,Standard,A
L0004235,C002153,Business Loan,384427,13.86,2023-12-28,120,363998,Standard,A
L0004236,C001427,Personal Loan,520651,13.83,2022-12-12,240,104850,Standard,A
L0004237,C000797,Business Loan,586018,13.12,2023-09-09,180,466521,Standard,B
L0004238,C007213,Auto Loan,380183,15.43,2021-10-19,84,226850,Standard,B
L0004239,C000460,Education Loan,178056,15.09,2022-08-20,48,159342,Standard,A
L0004240,C009081,Education Loan,255210,10.7,2023-09-14,240,121925,Standard,A
L0004241,C008438,Home Loan,840454,13.95,2024-04-30,24,716314,Standard,C
L0004242,C000579,Home Loan,1810220,7.42,2022-11-13,24,1228993,Standard,B
L0004243,C009066,Business Loan,601093,9.12,2022-08-01,240,414590,Standard,B
L0004244,C006606,Auto Loan,294840,11.96,2024-09-11,240,64506,Standard,A
L0004245,C007615,Auto Loan,949938,14.29,2025-08-31,60,459133,Standard,B
L0004246,C001469,Education Loan,3103629,14.19,2025-02-01,120,1369895,Standard,C
L0004247,C001001,Business Loan,858160,14.93,2025-08-29,60,721155,Standard,B
L0004248,C002237,Personal Loan,9444485,10.47,2025-08-28,60,8182216,Standard,A
L0004249,C000983,Auto Loan,7530138,9.23,2023-12-29,120,5414226,Standard,B
L0004250,C005138,Personal Loan,402609,14.65,2023-01-14,180,385275,Standard,A
L0004251,C002605,Auto Loan,1457168,12.05,2024-11-02,120,663878,Standard,B
L0004252,C003354,Personal Loan,259690,7.79,2024-11-22,36,207255,Standard,B
L0004253,C004881,Personal Loan,1847211,7.26,2021-07-05,180,1296490,Standard,A
L0004254,C003177,Business Loan,1200707,15.86,2021-02-07,24,274858,Standard,B
L0004255,C000635,Home Loan,1281406,14.9,2021-09-28,120,863117,Standard,A
L0004256,C003825,Personal Loan,696266,12.8,2024-08-07,240,260554,Standard,C
L0004257,C003017,Personal Loan,85217,16.1,2024-10-17,120,37475,Standard,A
L0004258,C009897,Auto Loan,797810,10.29,2023-04-29,120,368952,Standard,B
L0004259,C002415,Home Loan,1156450,13.59,2023-05-09,240,837020,Standard,C
L0004260,C007362,Personal Loan,147683,14.05,2021-05-08,36,115634,Standard,B
L0004261,C008831,Personal Loan,776786,15.69,2021-04-17,120,517510,Standard,C
L0004262,C000821,Business Loan,514726,8.65,2023-04-12,60,421743,Standard,C
L0004263,C007332,Personal Loan,635398,11.61,2024-11-12,36,314440,Standard,C
L0004264,C005577,Business Loan,157858,15.31,2024-09-08,60,124116,Standard,A
L0004265,C009971,Business Loan,1979773,14.47,2024-03-09,120,576160,Standard,A
L0004266,C001718,Auto Loan,184252,12.52,2023-09-09,240,95334,NPA,D
L0004267,C002012,Personal Loan,355794,7.93,2023-08-08,48,247292,Standard,B
L0004268,C002327,Education Loan,1614448,7.66,2021-03-19,48,569770,Standard,C
L0004269,C007081,Home Loan,658851,12.84,2025-05-13,120,482046,Standard,B
L0004270,C000675,Personal Loan,1713333,10.26,2022-10-17,120,370473,Standard,A
L0004271,C007713,Business Loan,3889631,9.96,2021-06-02,36,1300206,Standard,C
L0004272,C004246,Auto Loan,1997082,9.02,2022-03-03,60,496938,Standard,A
L0004273,C002669,Auto Loan,827456,15.31,2024-07-30,48,658256,Standard,B
L0004274,C008324,Home Loan,879151,13.42,2023-03-19,48,289459,Standard,A
L0004275,C000371,Business Loan,2675725,14.66,2022-05-07,36,2233219,Standard,A
L0004276,C006875,Home Loan,338829,13.98,2023-06-24,36,234290,Standard,B
L0004277,C000292,Personal Loan,285312,9.85,2022-01-21,24,136752,Standard,C
L0004278,C007099,Education Loan,291945,15.75,2023-06-23,36,215646,Standard,A
L0004279,C001573,Home Loan,534091,16.18,2024-12-27,84,450202,Standard,B
L0004280,C006714,Personal Loan,553957,13.3,2023-04-04,24,367215,Standard,A
L0004281,C000800,Home Loan,1499264,14.77,2023-03-15,24,1071146,Standard,C
L0004282,C008291,Business Loan,555829,11.92,2023-01-04,84,133454,Standard,B
L0004283,C008189,Auto Loan,3908070,12.37,2024-05-18,60,3305502,Standard,B
L0004284,C002447,Business Loan,1103401,12.49,2024-09-24,120,671671,Standard,A
L0004285,C009074,Education Loan,384397,9.31,2023-02-28,120,97286,Standard,B
L0004286,C002236,Education Loan,1439648,14.45,2022-06-09,36,444189,Standard,B
L0004287,C009620,Home Loan,117308,14.68,2021-09-05,180,81183,Standard,C
L0004288,C000407,Personal Loan,987151,11.69,2025-01-07,84,747810,Standard,A
L0004289,C007266,Personal Loan,188964,10.44,2021-05-18,48,144159,Standard,A
L0004290,C006650,Education Loan,362447,13.56,2022-06-08,180,230124,Standard,C
L0004291,C003190,Business Loan,219229,12.3,2022-10-13,36,214394,Standard,C
L0004292,C008840,Auto Loan,1996199,7.36,2023-08-23,180,1339989,Standard,B
L0004293,C006409,Auto Loan,420919,15.73,2024-11-23,240,377646,Standard,A
L0004294,C001603,Home Loan,538721,14.11,2023-09-23,24,510376,Standard,B
L0004295,C000218,Personal Loan,1754750,11.76,2024-08-15,24,656795,Standard,C
L0004296,C005927,Business Loan,1699581,15.44,2022-08-03,60,1445381,Standard,A
L0004297,C005404,Home Loan,781994,16.22,2022-05-23,24,271502,Standard,A
L0004298,C006840,Auto Loan,1842138,8.88,2021-07-26,120,403423,Standard,A
L0004299,C004963,Education Loan,472773,14.66,2024-01-30,60,362006,Standard,A
L0004300,C005657,Home Loan,2330907,14.7,2022-07-05,120,476211,NPA,E
L0004301,C002653,Personal Loan,1317796,10.13,2024-03-26,24,369336,Standard,A
L0004302,C000880,Personal Loan,1544326,7.64,2023-03-20,48,944779,Standard,A
L0004303,C008365,Personal Loan,1696596,7.5,2024-12-15,24,783507,Standard,B
L0004304,C001570,Business Loan,2123067,12.96,2022-06-05,84,678140,Standard,A
L0004305,C009772,Business Loan,651235,14.93,2022-06-02,180,594951,Standard,B
L0004306,C004082,Personal Loan,1497694,8.0,2021-11-03,180,485458,Standard,A
L0004307,C007221,Personal Loan,4605306,10.13,2024-11-04,36,1125681,Standard,A
L0004308,C009593,Home Loan,2269670,16.32,2021-11-01,120,1684466,Standard,A
L0004309,C002658,Business Loan,310385,10.68,2023-08-26,24,228163,Standard,A
L0004310,C001287,Home Loan,108009,14.2,2021-11-20,24,42232,Standard,C
L0004311,C007154,Education Loan,262625,9.73,2023-12-13,240,152545,Standard,B
L0004312,C008975,Business Loan,65697,9.48,2025-09-03,120,37989,Standard,A
L0004313,C003627,Personal Loan,427983,12.5,2025-08-06,84,102658,Standard,C
L0004314,C006100,Auto Loan,437739,11.11,2025-12-05,180,237296,Standard,B
L0004315,C002598,Education Loan,1631156,13.55,2025-10-20,180,651099,Standard,A
L0004316,C008270,Home Loan,1125859,10.86,2022-05-14,120,501163,Standard,B
L0004317,C008860,Auto Loan,111218,10.99,2022-01-05,84,71065,NPA,D
L0004318,C007063,Business Loan,439166,13.97,2021-03-30,24,163847,Standard,B
L0004319,C002485,Auto Loan,649382,7.86,2025-07-30,36,137351,Standard,B
L0004320,C000893,Personal Loan,125671,11.7,2021-04-09,180,121825,Standard,B
L0004321,C001119,Auto Loan,139022,15.02,2024-09-26,60,92058,Standard,B
L0004322,C000792,Education Loan,569531,7.39,2021-02-19,180,327581,Standard,A
L0004323,C005428,Personal Loan,763330,11.81,2022-03-19,48,223407,Standard,A
L0004324,C000513,Education Loan,201445,8.15,2023-07-13,84,166069,Standard,B
L0004325,C003592,Business Loan,1029837,15.34,2021-05-03,36,574349,Standard,C
L0004326,C001566,Personal Loan,658567,8.37,2025-08-28,240,174204,Standard,B
L0004327,C007392,Auto Loan,1426590,10.56,2024-02-20,60,818583,Standard,B
L0004328,C005585,Personal Loan,1106331,13.79,2022-10-14,36,886273,Standard,A
L0004329,C004390,Personal Loan,65072,8.26,2021-08-17,120,27086,Standard,B
L0004330,C006233,Business Loan,930123,14.79,2021-06-23,240,831183,Standard,A
L0004331,C000877,Personal Loan,513207,8.87,2025-07-23,240,354121,Standard,C
L0004332,C001320,Business Loan,538861,8.55,2024-10-30,120,338901,Standard,C
L0004333,C001726,Home Loan,1120081,12.49,2023-02-10,84,1018681,Standard,B
L0004334,C002837,Home Loan,1045553,14.77,2021-10-03,180,722342,Standard,C
L0004335,C002821,Home Loan,802589,8.59,2024-02-06,240,283567,Standard,A
L0004336,C003967,Home Loan,858362,8.63,2023-10-25,84,387398,Standard,B
L0004337,C003309,Home Loan,818887,9.03,2021-06-02,180,427037,Standard,B
L0004338,C008138,Education Loan,1338216,16.11,2022-01-25,120,829536,Standard,A
L0004339,C002819,Education Loan,981934,14.44,2022-05-12,240,572211,Standard,A
L0004340,C000727,Home Loan,634228,8.37,2021-02-25,84,592504,Standard,A
L0004341,C000574,Auto Loan,568286,8.25,2023-02-28,240,495254,Standard,B
L0004342,C001886,Personal Loan,388735,11.93,2025-03-22,36,85921,Standard,C
L0004343,C001057,Business Loan,204611,12.18,2023-09-15,120,156226,Standard,B
L0004344,C008673,Home Loan,170382,14.22,2022-02-13,84,113746,Standard,B
L0004345,C009952,Education Loan,479471,11.96,2025-11-16,120,155110,Standard,C
L0004346,C009082,Auto Loan,990842,9.83,2024-05-02,240,890764,Standard,A
L0004347,C009535,Education Loan,893297,8.55,2024-07-02,120,424492,Standard,A
L0004348,C004386,Business Loan,1377251,10.19,2023-01-15,84,1089744,Standard,B
L0004349,C002972,Home Loan,60576,11.43,2025-10-07,48,46881,Standard,C
L0004350,C000072,Auto Loan,475745,10.62,2022-05-23,84,269754,Standard,B
L0004351,C000737,Personal Loan,1197222,12.65,2022-09-20,36,443021,Standard,B
L0004352,C001292,Personal Loan,111528,8.25,2022-11-15,84,29215,Standard,B
L0004353,C008484,Business Loan,626552,15.33,2021-06-03,84,551821,Standard,B
L0004354,C001285,Education Loan,1346763,16.29,2021-02-20,180,331900,NPA,E
L0004355,C009948,Home Loan,921670,16.03,2024-10-21,60,229087,Standard,B
L0004356,C009340,Personal Loan,303563,14.31,2024-07-18,48,115082,Standard,A
L0004357,C002882,Personal Loan,263353,14.89,2025-12-11,60,171692,NPA,E
L0004358,C003267,Auto Loan,374525,13.65,2025-05-15,36,349466,Standard,A
L0004359,C006240,Personal Loan,1410560,10.5,2025-06-18,180,600833,Standard,B
L0004360,C006287,Business Loan,3020148,15.97,2025-09-30,60,2394684,Standard,A
L0004361,C008134,Home Loan,1560433,11.6,2022-08-06,24,1049347,Standard,A
L0004362,C004956,Education Loan,2903989,12.18,2025-10-06,120,2753915,Standard,A
L0004363,C003494,Education Loan,293346,8.08,2021-07-11,180,174353,Standard,B
L0004364,C005338,Education Loan,609800,9.72,2021-03-02,240,130644,Standard,A
L0004365,C008593,Personal Loan,365113,15.55,2024-10-09,180,217356,Standard,B
L0004366,C004670,Home Loan,860565,9.41,2022-04-15,36,215948,Standard,B
L0004367,C007627,Home Loan,3665091,15.57,2025-04-27,36,2848912,Standard,B
L0004368,C006519,Business Loan,1126553,9.68,2021-07-18,180,321769,Standard,B
L0004369,C005167,Education Loan,4159463,10.82,2025-10-02,36,1008124,Standard,C
L0004370,C006218,Personal Loan,189947,13.7,2024-11-26,120,163852,Standard,A
L0004371,C005296,Home Loan,288520,11.11,2024-01-05,24,246116,Standard,A
L0004372,C008766,Business Loan,117751,14.8,2025-01-09,180,55955,Standard,B
L0004373,C002516,Personal Loan,559950,8.69,2024-04-28,240,145978,Standard,A
L0004374,C007475,Auto Loan,74449,8.66,2025-02-10,24,67698,NPA,E
L0004375,C006459,Personal Loan,401827,10.01,2023-02-12,84,183783,Standard,B
L0004376,C009759,Business Loan,1157597,11.97,2024-04-04,180,899058,Standard,A
L0004377,C000690,Business Loan,307262,8.29,2023-05-21,180,75983,Standard,B
L0004378,C006584,Business Loan,269328,13.37,2022-06-07,60,169722,Standard,B
L0004379,C005665,Auto Loan,857081,15.01,2024-10-08,240,594091,Standard,A
L0004380,C006013,Business Loan,788774,13.77,2023-08-16,24,207279,Standard,A
L0004381,C003461,Home Loan,2754631,11.97,2022-01-20,60,1862925,Standard,B
L0004382,C002889,Personal Loan,391904,15.11,2024-05-23,60,127424,Standard,B
L0004383,C003161,Business Loan,494350,10.83,2021-12-01,180,351198,Standard,A
L0004384,C004839,Business Loan,1232951,10.7,2024-12-03,120,619251,Standard,A
L0004385,C004282,Personal Loan,861327,13.97,2021-06-15,24,409012,Standard,B
L0004386,C002841,Personal Loan,160385,8.97,2025-04-07,24,155499,Standard,C
L0004387,C001255,Personal Loan,523402,15.18,2024-07-26,60,192661,Standard,A
L0004388,C003744,Home Loan,658842,13.99,2021-01-19,180,319456,Standard,A
L0004389,C004149,Business Loan,626591,7.75,2024-09-07,60,506879,Standard,B
L0004390,C005742,Home Loan,1865055,11.24,2024-12-14,120,1458731,Standard,C
L0004391,C000252,Education Loan,751008,15.22,2023-08-07,84,599826,Standard,C
L0004392,C006165,Personal Loan,2049907,15.78,2024-06-29,24,1575939,Standard,A
L0004393,C001744,Home Loan,1932706,11.25,2021-04-22,60,582784,Standard,B
L0004394,C009696,Personal Loan,1845305,8.09,2023-12-15,240,830663,Standard,A
L0004395,C006451,Personal Loan,639757,7.81,2024-01-15,24,284408,Standard,A
L0004396,C003407,Home Loan,470581,8.27,2023-05-01,24,398466,Standard,A
L0004397,C006129,Personal Loan,1246540,15.51,2024-03-23,48,553384,Standard,A
L0004398,C000857,Personal Loan,176164,12.11,2024-12-21,48,145120,NPA,D
L0004399,C005851,Education Loan,734875,9.56,2024-11-03,84,189978,NPA,E
L0004400,C004249,Home Loan,1667564,11.36,2025-02-14,48,885635,Standard,A
L0004401,C003256,Personal Loan,649894,7.81,2024-10-05,36,169388,Standard,A
L0004402,C002815,Home Loan,352943,10.41,2025-11-16,60,173155,Standard,A
L0004403,C007060,Home Loan,950225,9.97,2022-04-21,84,887146,Standard,A
L0004404,C007860,Auto Loan,1385621,14.34,2022-11-24,240,1011509,Standard,B
L0004405,C008102,Education Loan,1014424,10.63,2022-03-27,60,725083,Standard,B
L0004406,C001419,Education Loan,575319,16.08,2025-07-11,24,339432,Standard,C
L0004407,C009599,Personal Loan,751587,10.23,2024-05-23,36,273981,Standard,B
L0004408,C007964,Home Loan,1382537,7.87,2024-08-14,84,1141886,Standard,B
L0004409,C008911,Personal Loan,1589837,14.34,2022-10-21,180,1007545,Standard,B
L0004410,C009374,Auto Loan,1123869,8.73,2022-12-13,84,616680,Standard,A
L0004411,C001285,Business Loan,403976,11.0,2022-02-04,240,171589,Standard,A
L0004412,C003655,Business Loan,642730,9.82,2025-09-05,240,244770,Standard,A
L0004413,C008871,Education Loan,330549,9.39,2022-05-16,180,74974,Standard,A
L0004414,C009128,Personal Loan,864966,16.25,2022-11-05,60,295554,Standard,A
L0004415,C002723,Home Loan,114346,10.08,2022-08-26,180,26558,Standard,B
L0004416,C000899,Business Loan,602309,13.08,2022-07-03,240,210227,Standard,A
L0004417,C004901,Home Loan,486963,14.91,2025-07-21,48,222624,Standard,A
L0004418,C000772,Personal Loan,1292000,14.24,2022-02-15,24,1201058,Standard,B
L0004419,C009644,Home Loan,512528,9.61,2021-09-03,36,222972,Standard,B
L0004420,C005722,Home Loan,325069,16.36,2021-12-04,36,130821,NPA,D
L0004421,C003506,Education Loan,636489,8.4,2022-10-24,240,216852,Standard,A
L0004422,C005300,Business Loan,404494,9.82,2022-10-22,24,96307,Standard,A
L0004423,C007759,Education Loan,280452,9.94,2025-05-22,48,160702,Standard,B
L0004424,C007433,Personal Loan,1548676,11.61,2024-04-04,240,680823,Standard,A
L0004425,C006162,Home Loan,1505828,11.2,2021-12-12,240,555898,Standard,C
L0004426,C004516,Education Loan,185928,10.34,2025-08-10,84,168226,Standard,B
L0004427,C003753,Personal Loan,1289439,7.57,2024-12-21,120,537242,Standard,A
L0004428,C001034,Home Loan,1185116,13.26,2024-10-29,240,321912,Standard,A
L0004429,C001671,Personal Loan,288242,14.88,2022-01-14,120,115631,Standard,B
L0004430,C003211,Home Loan,1817077,7.32,2023-01-09,48,1507778,Standard,B
L0004431,C005002,Business Loan,50000,15.03,2021-11-01,120,29147,Standard,B
L0004432,C009677,Personal Loan,1245132,7.8,2024-11-18,84,819461,Standard,B
L0004433,C008175,Personal Loan,1307477,8.34,2024-10-13,180,756065,Standard,B
L0004434,C000907,Personal Loan,875689,9.36,2023-10-26,240,373147,Standard,B
L0004435,C009902,Auto Loan,960223,15.79,2021-10-12,24,625270,Standard,A
L0004436,C009471,Personal Loan,462064,16.09,2024-01-27,120,215051,Standard,B
L0004437,C003788,Education Loan,2181259,13.05,2021-09-09,180,1285050,Standard,A
L0004438,C000830,Business Loan,251613,11.44,2021-04-04,24,154570,Standard,B
L0004439,C005009,Education Loan,1452714,9.8,2023-12-24,24,900615,Standard,B
L0004440,C001802,Personal Loan,372061,12.92,2025-11-10,60,235278,Standard,C
L0004441,C003708,Personal Loan,567617,9.06,2023-01-13,240,161989,Standard,A
L0004442,C007655,Home Loan,2385238,9.71,2025-08-09,84,1968379,Standard,B
L0004443,C001581,Home Loan,482753,8.06,2022-08-16,84,283231,Standard,B
L0004444,C006318,Home Loan,308591,12.91,2024-05-16,36,103033,Standard,A
L0004445,C001510,Auto Loan,669801,11.96,2021-12-17,24,563206,Standard,B
L0004446,C008868,Home Loan,1397067,15.7,2024-05-24,84,1105430,Standard,A
L0004447,C005290,Auto Loan,2005402,15.44,2024-11-24,24,1696481,Standard,A
L0004448,C008280,Education Loan,386295,9.58,2023-01-18,120,354685,Standard,C
L0004449,C008021,Home Loan,525963,8.68,2023-09-29,84,211378,Standard,A
L0004450,C009643,Business Loan,1370487,9.98,2023-06-26,36,956910,Standard,A
L0004451,C000352,Auto Loan,766980,9.9,2021-01-30,36,339172,NPA,E
L0004452,C005174,Auto Loan,536811,7.21,2024-11-18,180,479841,Standard,B
L0004453,C003087,Business Loan,2164352,14.53,2024-05-26,36,587651,Standard,B
L0004454,C004810,Auto Loan,704823,15.33,2022-08-22,36,486715,Standard,C
L0004455,C002633,Home Loan,448610,10.44,2023-09-15,48,409295,Standard,B
L0004456,C007796,Personal Loan,315419,9.01,2022-01-22,120,208073,Standard,B
L0004457,C007051,Education Loan,587012,10.35,2024-11-17,36,426086,Standard,B
L0004458,C006040,Home Loan,470015,15.14,2023-10-20,180,179610,Standard,A
L0004459,C008766,Personal Loan,13673402,9.16,2025-11-19,60,9571057,Standard,C
L0004460,C007858,Home Loan,3182419,15.95,2025-04-27,180,2178062,Standard,A
L0004461,C009026,Education Loan,474109,10.72,2022-04-25,84,204015,Standard,C
L0004462,C003846,Education Loan,1605542,14.8,2021-03-14,180,793720,Standard,B
L0004463,C001313,Business Loan,436922,10.42,2024-07-17,48,340564,Standard,A
L0004464,C006840,Education Loan,404772,14.66,2024-11-29,240,214302,Standard,B
L0004465,C000506,Education Loan,369397,15.74,2025-07-30,36,287802,Standard,A
L0004466,C003068,Home Loan,424332,12.76,2022-07-11,84,174510,Standard,C
L0004467,C003635,Auto Loan,124061,15.88,2022-06-25,180,50385,Standard,A
L0004468,C002371,Auto Loan,1131448,9.63,2024-10-31,180,564250,Standard,B
L0004469,C002721,Business Loan,1834344,9.33,2021-06-16,60,1651355,Standard,C
L0004470,C001540,Auto Loan,5998707,8.88,2025-12-10,60,3507473,NPA,D
L0004471,C006919,Auto Loan,181911,15.76,2022-08-09,180,154740,Standard,A
L0004472,C006697,Auto Loan,187403,12.87,2021-02-11,120,178108,Standard,B
L0004473,C001163,Home Loan,326738,10.23,2023-12-27,48,133877,Standard,B
L0004474,C006775,Auto Loan,303665,10.33,2025-04-07,24,206746,Standard,B
L0004475,C000517,Personal Loan,1215132,12.51,2024-05-15,60,1150723,Standard,A
L0004476,C008863,Education Loan,275544,7.21,2021-11-17,24,236502,Standard,A
L0004477,C002900,Auto Loan,3376311,12.13,2024-11-09,180,1952623,Standard,A
L0004478,C005503,Education Loan,163956,8.99,2023-06-23,180,108143,Standard,A
L0004479,C006434,Home Loan,570153,8.98,2021-02-23,180,557665,Standard,A
L0004480,C005719,Personal Loan,405515,15.42,2022-12-21,180,256657,Standard,A
L0004481,C006226,Business Loan,1654877,13.9,2022-06-10,120,342183,Standard,A
L0004482,C008379,Business Loan,5692738,16.19,2025-12-11,60,1820775,Standard,B
L0004483,C003544,Home Loan,2908919,11.62,2023-07-11,84,871279,Standard,A
L0004484,C000070,Auto Loan,210912,8.79,2024-08-27,180,105266,Standard,B
L0004485,C001748,Personal Loan,825002,12.42,2024-05-20,180,452425,Standard,A
L0004486,C007542,Auto Loan,526237,13.36,2024-05-14,36,245397,Standard,C
L0004487,C004018,Home Loan,3403906,15.3,2021-12-23,60,2395390,NPA,E
L0004488,C006527,Personal Loan,504897,10.18,2025-11-02,24,307198,Standard,A
L0004489,C005562,Personal Loan,1069399,8.57,2022-05-17,84,544159,Standard,C
L0004490,C007400,Personal Loan,251130,13.43,2025-07-03,180,196528,Standard,C
L0004491,C004753,Personal Loan,2093426,10.42,2023-02-02,60,2050970,Standard,A
L0004492,C009015,Business Loan,858898,16.0,2022-11-25,36,313620,NPA,E
L0004493,C003505,Business Loan,5468523,13.26,2023-06-09,24,4515553,Standard,C
L0004494,C007345,Business Loan,667427,12.06,2023-11-20,120,419109,Standard,B
L0004495,C005688,Home Loan,342968,11.25,2021-02-12,36,76363,Standard,A
L0004496,C000429,Personal Loan,1314555,8.84,2025-09-20,24,1151053,Standard,B
L0004497,C006147,Personal Loan,1002775,10.46,2023-10-05,120,419304,Standard,A
L0004498,C007996,Education Loan,724891,12.11,2023-11-21,84,436235,Standard,A
L0004499,C005115,Personal Loan,963396,15.75,2025-09-15,180,869160,Standard,A
L0004500,C004311,Personal Loan,2799820,11.46,2023-12-08,84,2105758,Standard,A
L0004501,C003870,Personal Loan,2166176,11.58,2025-12-01,180,999442,Standard,C
L0004502,C002244,Business Loan,424597,12.13,2021-05-31,240,415993,Standard,A
L0004503,C000712,Home Loan,4034396,10.08,2024-01-25,180,2745152,Standard,A
L0004504,C001544,Business Loan,673386,11.85,2025-05-23,120,628200,Standard,A
L0004505,C003161,Education Loan,829812,10.7,2023-05-05,48,667232,Standard,A
L0004506,C003874,Business Loan,1346092,14.79,2023-10-07,84,570854,Standard,C
L0004507,C009658,Business Loan,231601,14.95,2023-09-20,60,68685,NPA,E
L0004508,C000680,Home Loan,249854,12.68,2023-12-24,180,202966,Standard,A
L0004509,C007730,Auto Loan,555406,12.37,2025-01-14,180,212344,Standard,B
L0004510,C001024,Auto Loan,1025174,12.97,2025-06-21,120,632106,Standard,A
L0004511,C009691,Auto Loan,494220,12.34,2025-06-03,120,172368,Standard,B
L0004512,C006354,Business Loan,566333,8.47,2023-10-11,240,373836,Standard,A
L0004513,C000004,Personal Loan,689160,14.43,2022-01-12,84,638834,Standard,B
L0004514,C005318,Personal Loan,1717953,11.9,2024-10-10,60,840477,Standard,A
L0004515,C007964,Business Loan,871598,14.51,2024-04-11,36,410042,Standard,C
L0004516,C005673,Business Loan,954116,12.69,2025-08-07,84,196748,Standard,B
L0004517,C002766,Auto Loan,1939772,11.15,2024-07-04,24,1617567,NPA,E
L0004518,C007311,Personal Loan,1010374,12.82,2023-03-29,120,449277,Standard,C
L0004519,C006268,Auto Loan,2613644,12.24,2023-02-19,180,2103762,Standard,C
L0004520,C006182,Home Loan,1111766,11.55,2022-10-20,84,885112,Standard,A
L0004521,C005441,Auto Loan,364481,14.22,2025-09-01,84,206144,Standard,B
L0004522,C004292,Business Loan,10470814,14.95,2021-10-20,120,5555788,Standard,B
L0004523,C009622,Home Loan,1220251,11.28,2024-06-24,36,306286,Standard,B
L0004524,C004784,Home Loan,321741,15.93,2025-10-15,48,105168,Standard,A
L0004525,C008027,Personal Loan,589078,11.0,2022-02-11,24,206660,Standard,A
L0004526,C001502,Business Loan,684689,11.15,2021-05-05,180,190251,Standard,B
L0004527,C004684,Personal Loan,1645564,8.49,2025-06-23,84,396034,Standard,B
L0004528,C005892,Business Loan,456336,7.38,2025-09-16,24,189530,Standard,B
L0004529,C007157,Home Loan,696012,16.48,2025-07-04,120,568516,Standard,B
L0004530,C009587,Home Loan,1462192,12.04,2023-04-24,180,336187,Standard,A
L0004531,C003817,Home Loan,396009,8.94,2024-02-04,120,200224,Standard,B
L0004532,C006801,Personal Loan,331394,15.3,2022-08-03,84,186051,Standard,A
L0004533,C003465,Home Loan,234138,13.65,2021-12-24,48,101060,Standard,B
L0004534,C000143,Personal Loan,284807,15.1,2023-10-24,48,271561,Standard,C
L0004535,C009093,Home Loan,292693,8.19,2024-09-01,120,170676,Standard,C
L0004536,C005959,Auto Loan,3411090,16.05,2021-11-13,84,2554388,Standard,B
L0004537,C009759,Auto Loan,869829,11.89,2023-08-08,60,440522,Standard,A
L0004538,C006605,Home Loan,1213197,11.24,2024-03-11,120,463438,Standard,B
L0004539,C003882,Home Loan,227136,12.06,2023-04-14,180,205398,NPA,E
L0004540,C000800,Business Loan,670671,12.57,2024-05-22,180,633545,Standard,C
L0004541,C008929,Auto Loan,3877345,10.2,2023-12-25,36,3047845,Standard,B
L0004542,C003757,Personal Loan,568480,9.83,2024-10-15,60,462181,Standard,B
L0004543,C008058,Education Loan,216729,8.03,2024-12-19,120,194535,Standard,A
L0004544,C008967,Auto Loan,396246,15.67,2021-12-19,60,188719,Standard,A
L0004545,C009874,Business Loan,1623058,12.37,2024-06-06,48,602082,Standard,C
L0004546,C000614,Auto Loan,226445,8.91,2025-04-08,24,60777,Standard,A
L0004547,C000421,Auto Loan,1138837,12.04,2022-09-29,180,995886,Standard,B
L0004548,C009228,Personal Loan,1263687,8.81,2022-08-11,84,1162138,Standard,B
L0004549,C007943,Auto Loan,229533,7.92,2023-12-07,180,96050,Standard,B
L0004550,C003212,Personal Loan,1261814,7.5,2022-01-06,24,640854,Standard,B
L0004551,C000078,Home Loan,996781,15.17,2022-06-27,24,586891,Standard,A
L0004552,C007192,Home Loan,76972,14.04,2025-06-27,36,19888,Standard,B
L0004553,C005684,Business Loan,1977156,10.39,2023-03-05,240,1014321,Standard,A
L0004554,C001785,Personal Loan,2238497,10.75,2022-02-08,48,589224,Standard,B
L0004555,C004938,Education Loan,454777,13.02,2025-03-29,240,130588,Standard,B
L0004556,C009670,Home Loan,12871837,16.24,2024-02-26,180,6099942,Standard,A
L0004557,C006209,Home Loan,2725745,7.27,2024-12-08,48,2407395,Standard,B
L0004558,C009717,Business Loan,240006,12.05,2025-08-26,84,177115,Standard,A
L0004559,C006630,Personal Loan,559542,8.93,2022-09-01,84,139330,NPA,E
L0004560,C007346,Auto Loan,675164,14.29,2024-01-30,84,465543,Standard,C
L0004561,C000932,Business Loan,1795536,11.43,2025-09-07,120,723683,Standard,A
L0004562,C002033,Auto Loan,2950687,9.65,2025-09-21,180,930296,Standard,A
L0004563,C000070,Business Loan,340454,15.22,2025-03-12,180,260094,Standard,B
L0004564,C000260,Auto Loan,780851,14.9,2022-08-10,60,548648,Standard,A
L0004565,C002666,Home Loan,1304500,13.55,2023-01-06,180,935337,Standard,B
L0004566,C001103,Education Loan,462846,9.74,2023-01-07,48,313877,Standard,A
L0004567,C002744,Personal Loan,2348637,13.54,2024-09-22,60,1183398,Standard,A
L0004568,C002252,Personal Loan,426639,13.65,2024-01-16,60,267925,Standard,B
L0004569,C006832,Personal Loan,597672,13.87,2023-11-04,240,204690,Standard,A
L0004570,C004944,Auto Loan,181059,12.87,2024-11-05,24,54796,Standard,B
L0004571,C006650,Home Loan,2327500,11.03,2023-07-11,240,552921,Standard,B
L0004572,C002766,Personal Loan,744854,9.65,2023-08-08,48,697862,Standard,A
L0004573,C009144,Business Loan,664793,13.46,2022-04-02,180,493259,Standard,A
L0004574,C008300,Home Loan,1976342,13.0,2023-04-14,24,1207358,NPA,D
L0004575,C001556,Education Loan,336417,11.16,2023-09-02,120,302331,Standard,B
L0004576,C009597,Education Loan,2209743,13.77,2023-05-14,120,1999824,Standard,A
L0004577,C008631,Business Loan,1462452,8.17,2022-04-04,48,970081,Standard,A
L0004578,C003213,Business Loan,1023744,11.83,2025-01-12,120,595845,Standard,B
L0004579,C003567,Business Loan,578815,11.18,2024-08-30,24,499829,Standard,A
L0004580,C002405,Home Loan,248688,12.0,2022-12-14,24,189890,Standard,B
L0004581,C003941,Business Loan,897160,15.72,2021-05-07,120,270698,Standard,B
L0004582,C001315,Personal Loan,695049,16.02,2023-11-21,24,212489,Standard,A
L0004583,C009767,Auto Loan,481389,14.68,2023-04-29,120,364392,Standard,A
L0004584,C002227,Personal Loan,4411769,10.41,2023-08-28,120,1972177,Standard,B
L0004585,C002747,Personal Loan,3435538,7.26,2023-09-15,240,1487906,Standard,A
L0004586,C006091,Business Loan,7580401,13.34,2024-02-21,240,2556306,Standard,C
L0004587,C005103,Home Loan,422558,8.38,2022-05-03,36,375805,Standard,A
L0004588,C000133,Home Loan,2991898,15.88,2024-05-31,60,1225731,Standard,A
L0004589,C004361,Personal Loan,278801,16.41,2022-01-23,120,102887,Standard,B
L0004590,C007174,Business Loan,171489,9.3,2024-12-03,84,157716,Standard,C
L0004591,C002345,Personal Loan,88292,10.24,2023-02-07,84,70593,Standard,A
L0004592,C002159,Auto Loan,603191,14.46,2025-08-06,120,569494,Standard,B
L0004593,C002910,Business Loan,700091,10.67,2021-11-18,240,613112,Standard,C
L0004594,C004506,Personal Loan,4479628,16.37,2024-06-12,120,3776186,Standard,A
L0004595,C002804,Auto Loan,1067592,8.75,2022-07-27,120,567184,Standard,B
L0004596,C008470,Business Loan,1414556,8.02,2023-10-04,240,337133,Standard,A
L0004597,C004693,Personal Loan,443553,8.06,2021-01-07,240,334194,Standard,A
L0004598,C006854,Personal Loan,194083,10.87,2024-02-13,180,72045,Standard,C
L0004599,C002967,Home Loan,994047,7.84,2024-11-15,240,431718,Standard,B
L0004600,C009430,Auto Loan,3732998,10.46,2021-10-01,24,1366302,Standard,B
L0004601,C007570,Personal Loan,797099,12.59,2023-01-14,240,226798,Standard,A
L0004602,C009023,Auto Loan,677974,9.01,2021-12-02,84,285532,NPA,D
L0004603,C003118,Personal Loan,5028138,8.2,2025-09-16,60,4391960,Standard,C
L0004604,C007314,Business Loan,2541332,9.64,2022-01-20,48,619829,Standard,C
L0004605,C009438,Personal Loan,672885,10.53,2021-04-26,60,604741,Standard,B
L0004606,C007841,Business Loan,818588,12.84,2021-09-05,180,526671,Standard,B
L0004607,C006982,Home Loan,1203114,8.5,2025-03-21,24,1112053,Standard,A
L0004608,C007116,Education Loan,1052280,7.31,2022-07-21,48,883707,Standard,B
L0004609,C000978,Personal Loan,2330685,10.91,2022-02-08,180,1196044,Standard,A
L0004610,C002508,Home Loan,904796,14.93,2021-01-25,36,254364,NPA,D
L0004611,C004932,Home Loan,459993,9.94,2022-01-19,36,282085,NPA,D
L0004612,C007845,Auto Loan,2680107,13.26,2025-03-12,24,2299495,Standard,A
L0004613,C006257,Personal Loan,5333111,7.9,2024-09-29,36,1122945,Standard,A
L0004614,C006241,Auto Loan,749397,14.06,2023-01-01,36,178411,Standard,A
L0004615,C006502,Home Loan,582315,9.88,2022-04-08,180,303436,Standard,B
L0004616,C008959,Personal Loan,690176,9.5,2022-09-02,180,561793,Standard,A
L0004617,C009378,Personal Loan,830795,8.95,2024-10-06,240,699286,NPA,E
L0004618,C003501,Personal Loan,3193132,15.25,2021-11-22,180,1699174,Standard,B
L0004619,C003658,Business Loan,297366,10.43,2022-03-15,48,92010,Standard,B
L0004620,C008270,Auto Loan,139611,16.48,2024-05-17,84,128199,Standard,C
L0004621,C003324,Business Loan,1068273,14.94,2022-04-03,84,230042,Standard,B
L0004622,C006604,Auto Loan,1242360,14.69,2024-06-12,60,491656,Standard,A
L0004623,C009609,Education Loan,978425,11.35,2024-05-16,240,340412,Standard,C
L0004624,C007879,Business Loan,2932132,16.44,2022-05-11,36,1308578,Standard,B
L0004625,C009424,Education Loan,885099,7.87,2021-07-03,24,787941,Standard,B
L0004626,C002559,Business Loan,319951,14.98,2021-10-27,84,67995,Standard,C
L0004627,C002983,Personal Loan,244198,12.79,2023-04-17,48,212178,NPA,D
L0004628,C009720,Home Loan,470058,15.76,2022-10-24,36,225363,Standard,A
L0004629,C004904,Personal Loan,372876,7.75,2024-06-10,36,156579,Standard,B
L0004630,C000419,Education Loan,544549,11.51,2021-11-11,240,483555,Standard,B
L0004631,C000048,Personal Loan,355671,15.52,2022-05-05,84,92459,Standard,B
L0004632,C006074,Personal Loan,3554581,15.43,2024-09-12,24,2388722,Standard,A
L0004633,C005300,Personal Loan,1762059,9.78,2021-11-07,84,956283,Standard,B
L0004634,C006519,Business Loan,1189625,11.97,2025-12-21,48,240608,Standard,B
L0004635,C007995,Auto Loan,3404012,12.59,2023-11-09,180,3054781,Standard,A
L0004636,C003342,Auto Loan,256433,15.94,2022-08-12,48,62945,NPA,D
L0004637,C002897,Education Loan,269700,13.43,2021-06-12,120,145563,Standard,A
L0004638,C000992,Auto Loan,401086,15.87,2025-11-29,84,352658,Standard,B
L0004639,C005560,Home Loan,71218,8.23,2024-11-28,36,59496,Standard,B
L0004640,C009089,Business Loan,531729,12.36,2023-01-07,48,253654,Standard,B
L0004641,C003074,Home Loan,856065,8.98,2022-06-03,120,653587,Standard,A
L0004642,C002211,Business Loan,915008,9.14,2025-06-17,180,682731,Standard,B
L0004643,C007003,Home Loan,511922,9.96,2023-04-14,120,475004,Standard,B
L0004644,C009766,Education Loan,484594,7.57,2023-09-18,240,325677,Standard,C
L0004645,C007068,Business Loan,525896,10.05,2025-04-05,24,234462,Standard,A
L0004646,C006343,Business Loan,955592,14.85,2021-05-09,24,616667,Standard,C
L0004647,C008980,Education Loan,684866,14.41,2025-11-05,48,163726,Standard,C
L0004648,C004197,Personal Loan,906315,8.11,2025-07-27,36,182105,Standard,B
L0004649,C005355,Personal Loan,1202512,10.29,2023-02-03,120,287355,Standard,B
L0004650,C009378,Auto Loan,363755,15.99,2023-07-17,24,149196,Standard,A
L0004651,C001138,Auto Loan,732263,8.94,2024-10-12,36,219476,Standard,B
L0004652,C004269,Auto Loan,1534811,11.93,2021-07-14,180,946401,Standard,A
L0004653,C003193,Auto Loan,199302,13.23,2021-06-11,24,177993,Standard,B
L0004654,C009396,Education Loan,1347792,8.94,2024-09-27,48,375675,Standard,B
L0004655,C000528,Personal Loan,969236,10.31,2025-03-17,24,282767,Standard,B
L0004656,C000752,Home Loan,279646,15.72,2021-08-20,36,248055,Standard,B
L0004657,C003375,Home Loan,378272,13.01,2023-10-26,120,144627,Standard,A
L0004658,C009171,Personal Loan,2957795,16.1,2021-04-24,36,2603604,Standard,A
L0004659,C004073,Personal Loan,131408,10.87,2023-03-31,48,47579,Standard,A
L0004660,C006777,Education Loan,1833757,8.39,2021-06-15,240,791744,Standard,A
L0004661,C009752,Home Loan,892202,9.15,2021-05-18,48,214027,Standard,B
L0004662,C007515,Personal Loan,855133,12.37,2024-12-12,24,602360,Standard,B
L0004663,C000729,Business Loan,184737,15.46,2023-11-23,24,168281,Standard,B
L0004664,C007748,Home Loan,2960946,9.17,2023-11-25,120,1739519,Standard,A
L0004665,C001440,Business Loan,2556414,13.06,2021-03-10,120,1770264,Standard,B
L0004666,C005642,Personal Loan,105604,9.58,2022-01-25,60,63301,Standard,A
L0004667,C004886,Home Loan,267487,10.19,2024-01-27,240,135480,Standard,C
L0004668,C003922,Personal Loan,460829,9.12,2025-06-14,60,229693,Standard,B
L0004669,C005482,Personal Loan,400959,16.1,2025-02-14,36,276756,Standard,B
L0004670,C001300,Auto Loan,1577716,14.17,2021-05-08,120,871747,Standard,B
L0004671,C001195,Personal Loan,245026,13.99,2023-08-20,48,161225,Standard,B
L0004672,C000702,Home Loan,900181,16.1,2024-10-16,84,809474,Standard,B
L0004673,C003200,Home Loan,670065,13.61,2023-12-22,180,426409,Standard,A
L0004674,C006821,Auto Loan,1495778,8.56,2023-06-02,36,962624,Standard,B
L0004675,C007657,Auto Loan,1212482,14.5,2021-12-02,240,425997,Standard,B
L0004676,C009305,Business Loan,220794,15.7,2024-11-27,36,190859,NPA,E
L0004677,C004684,Education Loan,4778334,10.27,2025-12-23,24,2553645,Standard,B
L0004678,C001938,Auto Loan,1315064,14.07,2025-08-02,48,355090,Standard,A
L0004679,C005757,Business Loan,1337051,12.49,2025-10-26,36,405673,Standard,C
L0004680,C006236,Home Loan,474409,7.43,2025-11-15,36,147250,Standard,A
L0004681,C001619,Home Loan,1316707,8.78,2023-02-05,120,697113,Standard,B
L0004682,C001553,Business Loan,2818163,11.23,2021-07-19,180,2191242,Standard,A
L0004683,C004366,Home Loan,1081179,15.19,2025-05-19,36,365475,Standard,C
L0004684,C001994,Business Loan,1119147,11.5,2025-08-01,24,388197,Standard,C
L0004685,C004842,Home Loan,809094,11.24,2025-11-15,180,398851,Standard,B
L0004686,C009889,Personal Loan,956529,12.3,2024-09-21,60,361578,Standard,B
L0004687,C002971,Personal Loan,909552,7.86,2022-08-22,24,357239,Standard,A
L0004688,C003299,Business Loan,343797,12.81,2022-05-05,180,288401,Standard,B
L0004689,C007687,Home Loan,86576,13.31,2024-11-28,48,45094,Standard,B
L0004690,C008564,Home Loan,847611,13.39,2021-07-03,36,714341,Standard,A
L0004691,C002328,Home Loan,390850,14.75,2025-01-11,240,113052,Standard,A
L0004692,C005011,Education Loan,779177,11.39,2021-10-09,180,615676,Standard,A
L0004693,C004234,Auto Loan,522815,11.15,2024-03-18,24,447835,Standard,A
L0004694,C003400,Auto Loan,540306,9.7,2025-02-10,180,194523,Standard,C
L0004695,C008119,Education Loan,1438629,14.04,2021-02-21,24,468265,Standard,A
L0004696,C002492,Home Loan,242049,16.44,2024-04-25,24,155366,Standard,A
L0004697,C008668,Home Loan,286978,8.6,2023-05-19,24,165699,Standard,A
L0004698,C006592,Personal Loan,1447247,8.9,2025-05-13,24,820659,Standard,C
L0004699,C007382,Home Loan,2132707,13.53,2023-03-09,240,1260683,Standard,B
L0004700,C001184,Education Loan,682732,10.95,2023-07-05,36,517337,Standard,B
L0004701,C008758,Business Loan,749423,10.29,2023-12-04,240,327562,Standard,B
L0004702,C001813,Business Loan,419406,11.66,2021-11-22,120,296017,Standard,A
L0004703,C007104,Education Loan,1107849,14.46,2025-07-20,84,692870,NPA,E
L0004704,C009928,Business Loan,250819,13.74,2024-10-19,240,165107,Standard,B
L0004705,C003827,Personal Loan,1336479,14.46,2024-03-08,60,621955,Standard,A
L0004706,C004685,Home Loan,162231,12.6,2024-10-11,84,93218,Standard,C
L0004707,C006938,Home Loan,660442,14.42,2023-09-26,120,271459,Standard,B
L0004708,C005577,Home Loan,379780,12.75,2021-03-25,36,198208,NPA,D
L0004709,C001110,Education Loan,6457996,15.62,2025-01-01,60,1445146,Standard,C
L0004710,C006110,Personal Loan,1228630,9.67,2024-09-24,48,1034233,Standard,B
L0004711,C003339,Education Loan,1066498,16.18,2021-11-01,60,263657,Standard,A
L0004712,C008015,Personal Loan,310224,16.16,2022-11-25,180,158462,Standard,B
L0004713,C005363,Personal Loan,711713,14.43,2022-06-21,36,364442,Standard,B
L0004714,C006815,Home Loan,1022097,14.92,2023-06-30,180,525230,Standard,B
L0004715,C009681,Personal Loan,1483313,15.87,2022-12-24,120,740249,Standard,C
L0004716,C002625,Personal Loan,1552062,12.39,2025-12-20,60,808799,Standard,A
L0004717,C003300,Education Loan,1972579,8.99,2022-04-17,240,1415686,Standard,B
L0004718,C004797,Home Loan,528550,10.5,2025-03-04,36,430393,Standard,A
L0004719,C007363,Education Loan,753604,14.96,2024-10-07,48,209030,Standard,B
L0004720,C007757,Education Loan,1127645,11.16,2023-03-08,24,763317,Standard,A
L0004721,C009404,Auto Loan,998097,9.21,2022-11-06,48,818175,Standard,B
L0004722,C007156,Auto Loan,656587,11.76,2023-04-11,120,489794,Standard,C
L0004723,C007557,Personal Loan,718105,7.76,2022-09-11,48,299684,Standard,B
L0004724,C007699,Personal Loan,938870,13.92,2021-02-26,84,283791,Standard,A
L0004725,C008423,Home Loan,64247,12.45,2023-10-06,180,13648,Standard,A
L0004726,C005525,Personal Loan,475777,11.11,2024-04-21,84,405286,NPA,E
L0004727,C000563,Personal Loan,2142728,12.18,2025-03-26,240,1080542,Standard,B
L0004728,C001116,Business Loan,797977,15.45,2024-04-17,60,508604,Standard,A
L0004729,C008209,Personal Loan,1631161,10.21,2025-11-14,84,1365770,Standard,B
L0004730,C008983,Personal Loan,230015,13.62,2023-02-15,84,103257,Standard,A
L0004731,C001143,Home Loan,292281,11.6,2022-09-04,240,237494,Standard,B
L0004732,C000959,Home Loan,152090,9.83,2024-07-15,60,73986,Standard,B
L0004733,C004434,Home Loan,871551,11.06,2021-11-19,180,676303,Standard,C
L0004734,C003801,Business Loan,101895,9.63,2023-06-18,120,54965,Standard,B
L0004735,C008770,Auto Loan,575879,9.28,2024-09-16,24,249138,Standard,C
L0004736,C003198,Auto Loan,403165,12.95,2025-02-07,84,171741,NPA,E
L0004737,C002586,Home Loan,555479,15.04,2024-07-22,84,277171,Standard,A
L0004738,C004035,Business Loan,740392,9.39,2022-03-14,120,486392,Standard,A
L0004739,C005448,Personal Loan,833911,15.22,2021-01-12,180,745062,Standard,C
L0004740,C008854,Auto Loan,167368,13.65,2022-02-24,180,159252,Standard,B
L0004741,C000771,Education Loan,198760,13.33,2021-03-08,180,108979,Standard,B
L0004742,C003507,Auto Loan,4301075,10.48,2024-02-13,84,1566156,Standard,B
L0004743,C000449,Business Loan,80049,15.52,2025-06-11,36,56011,Standard,A
L0004744,C002683,Auto Loan,1909334,15.87,2023-04-02,60,1661306,Standard,B
L0004745,C007694,Auto Loan,11653304,13.15,2024-08-09,240,2987242,Standard,A
L0004746,C002641,Education Loan,656379,10.69,2022-07-20,240,323019,Standard,A
L0004747,C009373,Education Loan,3857696,10.22,2021-08-20,36,3469475,Standard,A
L0004748,C002940,Personal Loan,3070485,15.72,2023-02-28,60,2058565,Standard,B
L0004749,C003302,Auto Loan,1316395,14.82,2021-08-18,120,1042897,Standard,A
L0004750,C002698,Business Loan,584918,10.06,2024-05-07,180,516523,Standard,A
L0004751,C004861,Auto Loan,347347,7.22,2021-11-03,120,103229,Standard,B
L0004752,C000253,Personal Loan,2041382,14.38,2021-07-08,240,981065,Standard,B
L0004753,C008679,Auto Loan,1271831,13.23,2024-07-13,180,1086537,Standard,C
L0004754,C005671,Personal Loan,475629,8.71,2024-03-11,120,375840,Standard,C
L0004755,C006890,Business Loan,1518130,8.9,2024-10-13,48,823559,Standard,A
L0004756,C000545,Auto Loan,420732,9.16,2022-10-02,120,383334,Standard,A
L0004757,C008881,Auto Loan,744350,8.58,2025-09-07,60,171212,NPA,D
L0004758,C006413,Auto Loan,345456,8.73,2025-01-07,60,80882,Standard,B
L0004759,C008153,Auto Loan,166095,7.81,2024-03-02,120,147369,Standard,C
L0004760,C003108,Business Loan,1757117,8.22,2025-11-29,60,891090,Standard,A
L0004761,C008461,Personal Loan,375603,15.0,2023-06-27,24,114533,Standard,A
L0004762,C005250,Home Loan,608411,8.63,2022-07-03,36,157789,Standard,C
L0004763,C005250,Business Loan,764304,8.08,2022-04-20,36,636467,Standard,A
L0004764,C001629,Business Loan,2014116,10.61,2021-01-28,180,996829,Standard,A
L0004765,C009161,Auto Loan,287289,9.19,2023-11-28,60,211367,NPA,D
L0004766,C000030,Auto Loan,576222,12.98,2022-10-18,84,522116,Standard,A
L0004767,C001570,Home Loan,547421,16.43,2023-06-11,180,486888,Standard,B
L0004768,C007332,Home Loan,384331,8.6,2021-01-15,240,183589,Standard,A
L0004769,C009767,Home Loan,11913778,10.28,2023-02-05,240,6635177,Standard,B
L0004770,C005618,Business Loan,475934,14.47,2021-12-09,48,322767,NPA,E
L0004771,C007137,Business Loan,542982,8.34,2025-08-16,48,486048,Standard,B
L0004772,C003703,Education Loan,1851614,12.79,2021-02-10,180,644310,Standard,A
L0004773,C000831,Education Loan,441421,15.59,2025-11-26,240,272955,Standard,B
L0004774,C009120,Education Loan,2164939,12.74,2024-10-07,180,493714,Standard,B
L0004775,C007220,Personal Loan,654825,16.44,2025-11-12,48,449336,Standard,B
L0004776,C009372,Home Loan,2289688,15.45,2024-06-08,84,1628394,Standard,C
L0004777,C003796,Home Loan,859094,9.6,2025-09-24,120,260668,Standard,B
L0004778,C004368,Personal Loan,738615,15.89,2024-12-07,84,419842,Standard,B
L0004779,C005752,Home Loan,325420,11.21,2024-05-01,120,220468,Standard,A
L0004780,C002754,Business Loan,1544115,10.39,2024-02-02,240,314068,Standard,A
L0004781,C006672,Business Loan,793925,12.98,2021-07-13,60,511310,Standard,B
L0004782,C000733,Home Loan,1592210,7.94,2023-06-21,60,1219617,Standard,C
L0004783,C002635,Home Loan,1682890,7.55,2022-01-14,84,1060092,NPA,E
L0004784,C000219,Home Loan,775220,12.69,2021-01-02,84,751534,Standard,A
L0004785,C003586,Personal Loan,565882,7.93,2023-06-20,24,523493,Standard,C
L0004786,C001017,Business Loan,638065,8.52,2021-08-28,60,353979,Standard,B
L0004787,C001191,Auto Loan,965966,16.5,2021-04-20,24,915068,Standard,A
L0004788,C006798,Auto Loan,541990,7.43,2025-10-12,60,365891,Standard,B
L0004789,C009454,Business Loan,877401,13.66,2023-12-04,84,522149,Standard,A
L0004790,C004042,Personal Loan,1320361,15.96,2021-05-22,48,694401,Standard,B
L0004791,C006867,Home Loan,1733591,11.2,2024-06-20,60,1462091,Standard,A
L0004792,C002708,Home Loan,1026231,12.58,2023-10-08,60,469798,Standard,A
L0004793,C000096,Auto Loan,164215,9.85,2025-01-29,180,125120,Standard,B
L0004794,C005457,Home Loan,1092567,11.66,2021-01-14,84,700639,Standard,C
L0004795,C002985,Education Loan,2851694,15.71,2022-09-13,240,1645985,Standard,A
L0004796,C002738,Auto Loan,195531,7.9,2024-10-12,180,105190,Standard,A
L0004797,C004716,Home Loan,54460,14.64,2025-05-14,84,24773,Standard,B
L0004798,C008930,Auto Loan,1012166,9.2,2021-04-23,84,335095,Standard,C
L0004799,C004170,Home Loan,136539,12.59,2022-04-30,180,126958,Standard,B
L0004800,C006230,Business Loan,642346,10.35,2021-06-20,84,260235,Standard,A
L0004801,C007313,Auto Loan,108777,8.91,2021-07-06,36,68756,Standard,A
L0004802,C000739,Personal Loan,1051922,15.8,2021-07-07,240,581810,Standard,A
L0004803,C008092,Personal Loan,1163443,15.57,2023-07-25,24,936903,Standard,B
L0004804,C006905,Home Loan,472932,9.27,2025-09-21,60,426973,Standard,B
L0004805,C008406,Business Loan,356076,13.38,2023-05-24,84,184057,Standard,A
L0004806,C007048,Personal Loan,227072,9.96,2024-11-03,48,194011,Standard,B
L0004807,C004050,Home Loan,419511,9.67,2024-12-31,180,344174,Standard,A
L0004808,C007779,Auto Loan,175695,15.9,2025-07-02,240,120691,Standard,B
L0004809,C005526,Business Loan,707106,13.45,2022-02-08,240,629100,Standard,B
L0004810,C006626,Home Loan,84717,13.99,2024-10-03,24,60227,Standard,B
L0004811,C009772,Home Loan,717120,9.38,2025-11-01,120,688170,Standard,B
L0004812,C009882,Business Loan,483653,14.25,2025-05-25,120,242713,Standard,A
L0004813,C000086,Home Loan,7438883,14.18,2024-08-31,84,3634283,Standard,B
L0004814,C008231,Home Loan,365748,12.17,2023-06-29,120,148086,Standard,A
L0004815,C001785,Business Loan,1859387,14.19,2023-04-18,24,1779403,NPA,E
L0004816,C004214,Education Loan,1809966,15.97,2024-09-01,36,1741375,Standard,B
L0004817,C003029,Auto Loan,330858,10.13,2024-06-22,60,263141,Standard,A
L0004818,C001432,Home Loan,1108183,11.94,2021-02-14,36,637651,Standard,A
L0004819,C003762,Personal Loan,361390,11.93,2024-05-31,180,238741,Standard,C
L0004820,C001256,Business Loan,867765,8.47,2022-06-04,60,585637,Standard,A
L0004821,C006440,Personal Loan,3483487,8.34,2025-09-04,60,1589593,Standard,B
L0004822,C004141,Business Loan,1088884,12.77,2025-10-20,84,458676,Standard,A
L0004823,C008116,Business Loan,225491,16.15,2022-06-02,24,127936,Standard,B
L0004824,C004638,Home Loan,1350965,14.53,2025-01-25,84,729296,Standard,A
L0004825,C009872,Auto Loan,299272,14.59,2024-03-30,24,287504,Standard,A
L0004826,C006250,Auto Loan,391659,12.78,2024-06-10,24,88989,Standard,C
L0004827,C006200,Business Loan,2570286,8.45,2022-09-08,36,1103829,Standard,A
L0004828,C001023,Personal Loan,2556174,9.33,2025-09-22,120,778839,Standard,A
L0004829,C000862,Auto Loan,1734235,11.43,2024-07-27,60,441339,Standard,B
L0004830,C009001,Personal Loan,4868743,8.93,2024-10-18,180,1895738,Standard,B
L0004831,C004387,Personal Loan,1316340,12.59,2021-07-07,48,728264,Standard,A
L0004832,C006361,Home Loan,726255,9.08,2023-07-21,84,589165,Standard,C
L0004833,C004038,Personal Loan,984900,12.66,2024-12-25,240,543474,Standard,A
L0004834,C007542,Personal Loan,1119496,12.71,2022-07-27,48,732768,NPA,D
L0004835,C001192,Personal Loan,848421,7.72,2025-10-19,36,780475,Standard,B
L0004836,C001035,Education Loan,491083,16.01,2022-01-04,240,248913,Standard,A
L0004837,C000543,Auto Loan,2126597,16.42,2024-01-15,36,979079,Standard,A
L0004838,C005662,Personal Loan,831893,7.7,2024-11-15,180,203400,Standard,B
L0004839,C003158,Home Loan,3582333,13.18,2023-08-01,60,2668484,Standard,C
L0004840,C005606,Auto Loan,382668,7.88,2021-12-01,24,121848,Standard,B
L0004841,C001282,Home Loan,289213,10.32,2025-11-27,60,86570,Standard,A
L0004842,C007778,Business Loan,611428,15.31,2022-06-01,36,176453,Standard,C
L0004843,C007138,Home Loan,473862,14.97,2023-11-28,36,445898,NPA,D
L0004844,C007868,Business Loan,260325,9.73,2024-10-22,60,130889,Standard,A
L0004845,C003168,Auto Loan,1642723,13.25,2021-09-11,84,355378,Standard,A
L0004846,C005484,Home Loan,4274914,7.56,2021-01-25,48,1148943,Standard,A
L0004847,C003187,Personal Loan,577656,14.87,2022-09-29,36,332934,Standard,A
L0004848,C002107,Auto Loan,580593,9.7,2021-09-22,84,249730,Standard,A
L0004849,C005881,Home Loan,257911,15.23,2024-09-08,180,59578,Standard,A
L0004850,C003488,Home Loan,3113488,12.4,2025-02-24,240,1037749,Standard,B
L0004851,C007974,Home Loan,1266411,14.89,2022-08-02,120,820052,Standard,A
L0004852,C001340,Personal Loan,50000,15.09,2024-06-13,24,46329,Standard,A
L0004853,C001708,Auto Loan,752130,13.87,2021-03-03,36,456485,Standard,C
L0004854,C003140,Personal Loan,908813,11.94,2021-10-07,120,241193,Standard,B
L0004855,C009980,Auto Loan,274550,10.09,2022-05-13,36,121727,Standard,B
L0004856,C007400,Home Loan,1331581,7.45,2021-06-11,84,293896,Standard,B
L0004857,C009426,Personal Loan,686131,9.87,2024-02-26,120,252711,Standard,B
L0004858,C008707,Education Loan,839600,15.36,2022-06-12,120,590248,Standard,B
L0004859,C002041,Auto Loan,359122,8.91,2023-09-22,240,172956,Standard,B
L0004860,C001262,Personal Loan,905876,9.31,2024-02-06,24,721094,Standard,A
L0004861,C005661,Business Loan,3215855,13.29,2023-05-23,180,2414177,Standard,B
L0004862,C003784,Education Loan,841033,15.58,2022-07-23,60,606211,Standard,C
L0004863,C002656,Education Loan,2209772,10.81,2022-11-27,120,1881640,Standard,A
L0004864,C002479,Auto Loan,138404,12.36,2021-09-22,48,122564,Standard,A
L0004865,C005805,Business Loan,796257,13.23,2021-08-14,120,522741,Standard,C
L0004866,C009430,Business Loan,827438,8.37,2025-06-16,240,727477,Standard,B
L0004867,C003113,Personal Loan,3463780,12.88,2024-07-23,84,1155057,Standard,B
L0004868,C000144,Business Loan,1080992,11.87,2023-06-16,36,326910,Standard,A
L0004869,C000536,Personal Loan,257700,13.95,2025-12-25,60,160498,Standard,C
L0004870,C003374,Auto Loan,2341594,10.91,2021-02-17,120,2275167,Standard,A
L0004871,C002589,Personal Loan,622898,10.14,2021-07-11,84,541998,Standard,A
L0004872,C000525,Home Loan,968113,12.24,2025-05-17,180,200199,Standard,A
L0004873,C000616,Education Loan,455535,9.68,2024-06-11,180,110266,Standard,A
L0004874,C006051,Business Loan,596466,13.51,2022-09-04,36,256707,Standard,B
L0004875,C004189,Home Loan,1483220,13.5,2022-09-02,24,1262640,Standard,A
L0004876,C005347,Home Loan,1295637,10.38,2023-04-09,180,1218411,Standard,B
L0004877,C001899,Personal Loan,986940,13.04,2023-02-28,240,929072,Standard,B
L0004878,C009711,Education Loan,228725,15.64,2024-01-02,24,186881,Standard,B
L0004879,C007184,Personal Loan,547091,12.04,2024-02-05,24,255024,Standard,A
L0004880,C007934,Personal Loan,1543171,11.82,2024-01-04,240,651481,Standard,A
L0004881,C005125,Business Loan,653797,15.61,2023-12-11,120,301587,Standard,B
L0004882,C001440,Personal Loan,147102,11.4,2025-12-18,180,65010,Standard,B
L0004883,C007755,Auto Loan,1207872,8.29,2025-05-10,120,881452,Standard,A
L0004884,C004608,Business Loan,1947238,14.94,2025-10-14,180,689151,Standard,A
L0004885,C001124,Education Loan,788092,14.05,2023-03-16,240,401521,Standard,A
L0004886,C004514,Personal Loan,381850,10.68,2021-03-17,120,354102,Standard,A
L0004887,C009556,Home Loan,2240861,14.04,2022-02-20,24,1875383,Standard,B
L0004888,C005150,Auto Loan,318294,7.38,2023-12-11,84,171635,Standard,A
L0004889,C007538,Auto Loan,124436,11.31,2024-08-26,84,44444,Standard,A
L0004890,C009191,Home Loan,2189135,11.43,2021-06-17,48,1797157,NPA,E
L0004891,C002407,Personal Loan,248645,7.54,2025-01-15,180,119224,Standard,A
L0004892,C003665,Business Loan,7391699,9.7,2023-02-02,48,1531313,Standard,C
L0004893,C003133,Home Loan,742737,10.04,2022-10-31,24,606055,Standard,A
L0004894,C007419,Education Loan,167117,15.81,2025-07-29,180,144594,Standard,A
L0004895,C008336,Business Loan,323847,15.89,2025-12-28,120,166589,Standard,B
L0004896,C000130,Auto Loan,615725,13.92,2025-02-17,24,590493,Standard,C
L0004897,C007694,Home Loan,237619,15.41,2023-03-12,36,223749,NPA,D
L0004898,C001148,Business Loan,417779,11.86,2025-07-13,180,189829,NPA,D
L0004899,C001081,Business Loan,695573,7.45,2025-12-28,60,550305,Standard,B
L0004900,C001370,Business Loan,1468420,14.04,2023-08-18,36,1031015,Standard,A
L0004901,C000106,Personal Loan,872184,10.16,2025-09-28,120,580971,Standard,B
L0004902,C006802,Home Loan,459760,7.8,2024-03-14,60,434809,Standard,C
L0004903,C008630,Personal Loan,891997,13.11,2023-03-01,36,730320,Standard,A
L0004904,C008635,Personal Loan,441115,9.08,2023-12-15,240,324404,Standard,B
L0004905,C006688,Personal Loan,456214,14.72,2023-07-02,24,177317,Standard,B
L0004906,C009541,Personal Loan,999963,15.76,2025-02-22,84,440113,Standard,B
L0004907,C009325,Education Loan,1318585,15.2,2025-05-05,180,615190,Standard,A
L0004908,C001074,Education Loan,749386,14.44,2022-01-18,60,549048,NPA,E
L0004909,C000116,Education Loan,946420,8.13,2025-01-22,240,601263,Standard,A
L0004910,C009106,Home Loan,214386,11.04,2024-03-17,180,172253,NPA,E
L0004911,C002838,Business Loan,221979,14.91,2021-12-04,48,198972,Standard,A
L0004912,C001920,Auto Loan,296073,8.66,2021-05-16,60,82337,Standard,B
L0004913,C004805,Auto Loan,1121274,16.23,2025-04-02,48,1098619,Standard,B
L0004914,C008188,Home Loan,2339159,14.0,2022-07-16,48,955540,Standard,B
L0004915,C000289,Personal Loan,176603,12.22,2024-11-09,60,163355,Standard,B
L0004916,C002601,Business Loan,796714,14.7,2022-09-15,24,413246,Standard,B
L0004917,C006109,Personal Loan,957023,16.23,2025-03-02,24,343942,Standard,C
L0004918,C000523,Education Loan,179625,7.75,2022-02-27,240,77697,Standard,B
L0004919,C008269,Personal Loan,544034,13.33,2023-02-08,120,335904,NPA,E
L0004920,C006346,Personal Loan,95103,16.17,2022-09-20,240,70540,Standard,B
L0004921,C001695,Business Loan,1597922,10.22,2024-09-27,48,800603,Standard,B
L0004922,C003926,Business Loan,1090548,12.69,2023-11-26,36,727800,Standard,B
L0004923,C008536,Home Loan,264620,15.52,2023-02-22,120,235149,Standard,A
L0004924,C004959,Home Loan,666986,12.73,2024-09-23,60,188715,NPA,E
L0004925,C001086,Business Loan,759650,9.04,2023-07-31,120,428084,Standard,A
L0004926,C008141,Personal Loan,2992143,8.34,2024-04-19,180,1648609,Standard,A
L0004927,C009754,Home Loan,629506,9.49,2023-03-18,180,390861,Standard,B
L0004928,C008156,Personal Loan,885257,10.81,2022-05-10,120,421644,Standard,A
L0004929,C006541,Home Loan,489199,13.2,2021-10-18,240,423716,Standard,C
L0004930,C000249,Education Loan,1606573,13.18,2023-06-01,36,580828,Standard,B
L0004931,C000963,Personal Loan,1994646,8.5,2025-09-11,36,1004033,Standard,A
L0004932,C003916,Home Loan,617779,7.61,2022-07-03,60,592877,Standard,B
L0004933,C002048,Home Loan,2615544,7.85,2021-03-27,36,1774449,Standard,C
L0004934,C008067,Home Loan,783845,7.63,2023-05-29,240,326924,Standard,A
L0004935,C000916,Business Loan,153710,12.07,2022-05-17,24,58946,Standard,C
L0004936,C009222,Auto Loan,685899,10.78,2023-04-17,24,499455,Standard,B
L0004937,C002583,Home Loan,136028,10.15,2021-01-04,240,103945,Standard,C
L0004938,C002053,Auto Loan,261677,15.9,2022-08-01,180,87408,Standard,B
L0004939,C007308,Business Loan,526838,12.19,2024-07-12,48,479100,Standard,B
L0004940,C001376,Home Loan,616623,15.42,2023-07-13,180,258135,Standard,B
L0004941,C009114,Home Loan,367253,14.65,2024-09-26,120,305688,Standard,C
L0004942,C009565,Auto Loan,503279,12.12,2025-07-18,240,226684,NPA,E
L0004943,C007611,Home Loan,83096,12.62,2021-01-25,48,38433,Standard,B
L0004944,C006541,Home Loan,2082657,10.12,2023-01-17,60,731164,Standard,B
L0004945,C000649,Business Loan,203977,12.81,2025-05-22,240,50520,Standard,A
L0004946,C004937,Auto Loan,1026561,8.21,2022-07-11,36,285211,Standard,B
L0004947,C005090,Personal Loan,1594173,10.67,2023-07-12,60,1520939,Standard,B
L0004948,C000022,Personal Loan,826777,11.8,2023-07-10,48,176410,Standard,A
L0004949,C002130,Auto Loan,1305277,11.97,2022-02-26,240,1242750,Standard,B
L0004950,C002993,Personal Loan,554573,13.69,2022-09-02,60,479468,Standard,B
L0004951,C005536,Personal Loan,506665,13.84,2024-08-05,36,122788,Standard,A
L0004952,C008404,Home Loan,493546,13.82,2022-02-01,48,102980,Standard,A
L0004953,C004319,Education Loan,2162698,15.73,2024-01-06,180,1286662,Standard,B
L0004954,C003839,Home Loan,294102,12.7,2022-09-29,240,177896,Standard,B
L0004955,C002837,Home Loan,386788,14.09,2024-01-18,48,117840,Standard,A
L0004956,C003151,Personal Loan,1995009,7.95,2025-10-14,84,990634,Standard,B
L0004957,C009537,Business Loan,722888,13.54,2024-01-02,60,635672,Standard,B
L0004958,C005266,Business Loan,9151756,9.29,2022-01-19,60,2962437,Standard,C
L0004959,C000078,Home Loan,1022718,11.96,2025-12-11,180,719787,Standard,B
L0004960,C007469,Education Loan,2034549,13.29,2024-10-13,48,505262,Standard,C
L0004961,C003633,Home Loan,758424,9.58,2022-06-15,84,580458,Standard,A
L0004962,C007520,Personal Loan,1031637,11.77,2021-02-13,48,450106,Standard,A
L0004963,C002289,Personal Loan,840918,11.9,2022-10-01,48,329225,Standard,C
L0004964,C002027,Home Loan,1797818,13.88,2022-12-29,24,1714839,Standard,B
L0004965,C006277,Auto Loan,1090478,15.9,2024-11-30,240,982689,Standard,A
L0004966,C007233,Auto Loan,465119,12.13,2022-12-30,84,433384,Standard,A
L0004967,C003514,Auto Loan,2695746,7.39,2023-03-30,240,629180,Standard,B
L0004968,C005355,Home Loan,901030,9.94,2021-05-05,48,369600,Standard,A
L0004969,C000992,Auto Loan,4332066,7.78,2024-05-06,84,1268227,Standard,A
L0004970,C006955,Auto Loan,306330,9.68,2022-08-02,60,190366,Standard,B
L0004971,C003596,Personal Loan,951145,16.14,2021-02-13,84,440896,Standard,B
L0004972,C009328,Education Loan,725002,14.08,2024-08-19,60,311196,Standard,A
L0004973,C006088,Business Loan,769843,13.09,2024-01-25,84,597447,Standard,A
L0004974,C005000,Business Loan,5113677,16.46,2021-09-20,84,1442344,Standard,B
L0004975,C006253,Personal Loan,103248,14.66,2023-05-12,180,56194,Standard,A
L0004976,C002913,Auto Loan,337773,7.62,2024-04-06,60,265947,Standard,A
L0004977,C004048,Education Loan,547657,15.8,2022-08-13,120,296683,Standard,A
L0004978,C005604,Business Loan,183753,12.65,2024-05-26,180,54397,Standard,A
L0004979,C004437,Personal Loan,355295,12.4,2023-06-22,120,256207,Standard,B
L0004980,C000763,Personal Loan,1362120,13.06,2022-10-17,120,783499,Standard,A
L0004981,C005089,Education Loan,1554120,8.07,2022-05-16,180,1144924,Standard,A
L0004982,C007358,Home Loan,190004,14.44,2022-07-08,84,101077,Standard,A
L0004983,C006176,Home Loan,3323393,12.86,2022-10-10,60,1437191,Standard,B
L0004984,C009289,Education Loan,3298678,9.24,2022-02-03,48,1353270,Standard,B
L0004985,C007084,Home Loan,1213097,10.2,2022-07-10,24,972040,Standard,A
L0004986,C007301,Auto Loan,681105,9.16,2022-10-18,240,344893,Standard,A
L0004987,C000805,Auto Loan,2239114,11.26,2021-07-17,36,2138279,NPA,D
L0004988,C009944,Home Loan,3576132,14.88,2022-05-04,36,1881726,Standard,C
L0004989,C001562,Home Loan,753361,15.75,2021-12-03,120,693852,Standard,A
L0004990,C002224,Home Loan,604101,12.39,2022-05-06,36,212034,Standard,B
L0004991,C001682,Business Loan,819902,13.89,2025-04-03,120,676072,Standard,A
L0004992,C001378,Auto Loan,2089720,8.24,2021-12-21,240,1075382,Standard,A
L0004993,C000710,Auto Loan,5348806,15.15,2025-11-28,60,1983117,NPA,E
L0004994,C003038,Education Loan,846873,13.32,2021-10-04,48,300338,NPA,D
L0004995,C008571,Business Loan,468401,13.27,2024-04-08,36,109946,Standard,B
L0004996,C003305,Education Loan,1433761,10.64,2024-12-06,48,1229824,Standard,A
L0004997,C009160,Personal Loan,811330,10.2,2025-08-04,180,229411,Standard,C
L0004998,C003676,Business Loan,1202903,16.21,2023-07-08,36,480359,Standard,C
L0004999,C004494,Personal Loan,2657540,11.22,2024-12-10,36,1939347,Standard,A
L0005000,C005658,Personal Loan,2916621,11.13,2023-12-11,24,1535302,Standard,A
L0005001,C007929,Business Loan,854935,14.75,2023-03-07,60,198524,Standard,A
L0005002,C001777,Business Loan,2298252,16.12,2024-12-23,60,748062,Standard,B
L0005003,C005160,Personal Loan,188840,14.05,2024-10-30,120,150779,Standard,A
L0005004,C006761,Home Loan,495549,11.46,2022-08-29,120,306535,Standard,A
L0005005,C004751,Personal Loan,1573916,8.79,2022-12-21,84,1031763,Standard,A
L0005006,C009234,Home Loan,221017,9.26,2022-10-21,180,92418,Standard,A
L0005007,C004824,Auto Loan,583267,11.92,2021-08-31,24,390930,Standard,B
L0005008,C000505,Personal Loan,307491,8.42,2023-10-22,120,188860,Standard,A
L0005009,C003079,Business Loan,2259115,13.35,2021-10-10,84,1277115,Standard,C
L0005010,C005263,Home Loan,2627480,13.77,2022-08-31,84,987250,Standard,B
L0005011,C001410,Personal Loan,451807,11.59,2023-11-02,24,340210,Standard,B
L0005012,C009890,Home Loan,1129361,12.64,2025-02-18,120,705374,Standard,B
L0005013,C007972,Business Loan,535621,14.46,2025-03-30,180,292920,Standard,B
L0005014,C001903,Personal Loan,2324489,13.74,2024-11-14,84,1579329,Standard,B
L0005015,C006215,Business Loan,873927,14.5,2023-11-11,24,419278,Standard,B
L0005016,C006089,Auto Loan,310528,12.8,2024-01-02,120,237041,Standard,A
L0005017,C000953,Business Loan,157673,11.91,2022-12-13,24,134179,Standard,B
L0005018,C000489,Education Loan,198617,13.45,2022-04-20,36,184798,Standard,B
L0005019,C006687,Home Loan,4839116,13.37,2025-06-04,240,2246370,NPA,D
L0005020,C003160,Home Loan,4336216,16.34,2022-09-19,24,2514296,Standard,B
L0005021,C003714,Auto Loan,690121,7.95,2025-03-25,240,372033,Standard,B
L0005022,C002814,Home Loan,557490,10.86,2022-03-18,180,160832,Standard,C
L0005023,C002754,Business Loan,3315954,13.44,2023-03-28,24,1569791,Standard,B
L0005024,C004040,Business Loan,1907031,7.59,2025-08-02,60,1560904,Standard,B
L0005025,C006770,Education Loan,668087,11.62,2022-04-27,240,287158,Standard,B
L0005026,C000957,Personal Loan,518088,16.35,2025-06-16,48,231146,NPA,D
L0005027,C000702,Education Loan,2191116,8.78,2023-04-05,84,836733,Standard,B
L0005028,C008323,Auto Loan,709682,9.9,2024-01-20,180,516730,Standard,A
L0005029,C007499,Business Loan,650165,11.2,2021-07-04,180,337663,Standard,B
L0005030,C007997,Business Loan,623616,10.1,2023-09-05,84,222559,Standard,B
L0005031,C005375,Auto Loan,2072137,8.83,2023-03-22,84,1940324,Standard,A
L0005032,C009786,Business Loan,665827,11.05,2022-07-26,48,516693,Standard,A
L0005033,C004773,Business Loan,885049,10.5,2024-11-29,240,427241,Standard,B
L0005034,C001451,Business Loan,166440,16.28,2024-12-13,24,75406,Standard,C
L0005035,C000013,Personal Loan,2049671,13.77,2024-06-09,48,1701154,Standard,B
L0005036,C002836,Education Loan,1189702,12.39,2021-09-26,240,461541,Standard,B
L0005037,C004224,Personal Loan,2147493,10.4,2023-04-28,240,547705,Standard,B
L0005038,C002932,Education Loan,1225802,15.21,2022-04-24,60,863320,NPA,D
L0005039,C009653,Personal Loan,690257,7.59,2021-10-11,84,290716,NPA,E
L0005040,C001520,Personal Loan,3149000,9.21,2022-07-04,60,960937,Standard,A
L0005041,C009282,Business Loan,428228,13.12,2022-08-10,180,374919,Standard,A
L0005042,C009842,Business Loan,645984,7.24,2024-12-23,24,535870,Standard,B
L0005043,C006611,Auto Loan,2604375,13.09,2021-09-04,120,1755190,Standard,A
L0005044,C009170,Auto Loan,3277557,15.5,2021-09-29,180,1422300,Standard,A
L0005045,C005978,Personal Loan,818594,10.28,2022-04-25,84,400956,Standard,A
L0005046,C004274,Personal Loan,875205,16.37,2024-03-18,24,223704,Standard,A
L0005047,C002221,Auto Loan,2706451,14.05,2024-04-13,48,2477672,Standard,C
L0005048,C006233,Personal Loan,191164,10.46,2024-03-17,36,89323,Standard,B
L0005049,C004993,Personal Loan,254163,9.85,2022-10-15,48,72423,Standard,A
L0005050,C009694,Home Loan,288636,14.17,2025-11-16,120,243080,Standard,B
L0005051,C003266,Home Loan,770041,7.55,2022-09-09,240,708115,Standard,A
L0005052,C007481,Personal Loan,1211646,10.99,2022-03-26,84,717450,Standard,C
L0005053,C003144,Education Loan,519583,12.52,2023-02-04,120,208194,Standard,A
L0005054,C005103,Business Loan,629838,7.68,2025-09-30,120,392445,Standard,B
L0005055,C000921,Home Loan,1856518,9.05,2024-05-14,240,1082739,Standard,C
L0005056,C000467,Personal Loan,327873,8.2,2024-12-11,120,94308,Standard,B
L0005057,C004749,Business Loan,918809,15.4,2025-04-30,120,645866,NPA,E
L0005058,C009286,Education Loan,2932801,14.71,2024-10-10,60,1682326,Standard,A
L0005059,C007807,Business Loan,321872,11.19,2024-04-16,84,231531,Standard,A
L0005060,C009917,Business Loan,652445,9.63,2023-06-23,36,275583,Standard,B
L0005061,C005539,Education Loan,401595,13.34,2023-06-26,180,367699,Standard,A
L0005062,C004877,Home Loan,100365,12.09,2025-08-17,240,66241,Standard,B
L0005063,C008919,Personal Loan,2305605,12.8,2025-12-20,120,1595475,Standard,B
L0005064,C008013,Auto Loan,495981,12.43,2022-12-11,60,427581,Standard,A
L0005065,C001470,Education Loan,248287,12.49,2021-08-30,48,82275,Standard,B
L0005066,C006388,Auto Loan,456290,13.8,2021-09-27,24,380243,NPA,E
L0005067,C005136,Education Loan,710691,7.65,2025-02-27,180,661282,Standard,C
L0005068,C004887,Personal Loan,878490,9.63,2024-10-24,84,469267,Standard,A
L0005069,C008103,Business Loan,620565,12.12,2024-08-09,48,186378,Standard,A
L0005070,C004648,Personal Loan,1558899,8.61,2025-01-11,240,1002273,Standard,A
L0005071,C004384,Business Loan,1981510,8.63,2025-07-02,180,1401467,Standard,A
L0005072,C002775,Personal Loan,1498660,7.24,2023-07-12,36,1113541,Standard,B
L0005073,C005123,Personal Loan,2815910,16.46,2022-07-04,180,2697279,NPA,E
L0005074,C005577,Auto Loan,216552,12.53,2023-04-01,24,66808,Standard,B
L0005075,C003846,Auto Loan,240814,10.0,2024-10-15,240,193383,Standard,A
L0005076,C001637,Home Loan,601911,11.1,2022-03-10,180,255040,Standard,A
L0005077,C003498,Home Loan,3575615,9.81,2023-12-05,180,3190946,Standard,A
L0005078,C001934,Education Loan,324388,13.94,2022-08-01,48,266027,Standard,B
L0005079,C007187,Personal Loan,1076978,15.04,2025-06-25,120,470076,Standard,B
L0005080,C008667,Auto Loan,2160884,11.37,2025-03-19,24,1193399,Standard,A
L0005081,C003678,Home Loan,829059,13.69,2023-12-12,120,212883,Standard,A
L0005082,C002019,Education Loan,521798,9.12,2023-06-12,240,499155,Standard,C
L0005083,C001090,Education Loan,1698846,8.29,2024-06-22,24,1568865,Standard,C
L0005084,C008642,Personal Loan,390549,11.49,2021-04-22,24,379653,Standard,B
L0005085,C005007,Home Loan,3320203,15.97,2021-06-30,60,3022055,Standard,B
L0005086,C004552,Business Loan,1310558,15.6,2025-12-20,240,319402,Standard,C
L0005087,C000158,Personal Loan,563148,10.83,2023-02-10,240,476630,Standard,A
L0005088,C004582,Home Loan,352906,12.52,2024-01-08,180,338409,Standard,B
L0005089,C006199,Personal Loan,2067256,14.39,2025-04-02,240,479097,NPA,E
L0005090,C004567,Personal Loan,514005,13.85,2024-05-13,84,501608,Standard,B
L0005091,C001119,Personal Loan,449617,11.93,2025-12-12,60,328123,Standard,A
L0005092,C008737,Education Loan,850913,14.66,2023-11-24,60,294750,Standard,B
L0005093,C009866,Business Loan,149775,8.99,2021-06-30,240,54041,Standard,B
L0005094,C001025,Auto Loan,1612354,8.85,2024-02-28,240,1395973,Standard,B
L0005095,C008103,Home Loan,386614,9.32,2023-03-22,60,83087,Standard,B
L0005096,C000749,Business Loan,53564,14.13,2022-09-16,84,22008,Standard,A
L0005097,C004019,Auto Loan,1348021,16.0,2023-02-15,84,730460,Standard,A
L0005098,C000156,Business Loan,3599235,15.12,2022-09-19,180,1907931,Standard,B
L0005099,C007483,Personal Loan,1327357,14.54,2024-01-06,120,297234,Standard,A
L0005100,C004958,Personal Loan,543554,11.41,2025-01-22,84,149884,Standard,B
L0005101,C009021,Home Loan,1016973,11.17,2023-03-14,36,671840,Standard,B
L0005102,C006371,Personal Loan,644364,16.49,2024-05-27,36,169557,Standard,B
L0005103,C000250,Education Loan,2252419,10.19,2023-05-18,120,1406054,Standard,A
L0005104,C008546,Auto Loan,392125,12.57,2022-12-22,180,130575,Standard,A
L0005105,C003956,Home Loan,1445371,10.77,2025-03-22,24,1183370,Standard,B
L0005106,C004974,Home Loan,924282,10.91,2024-05-26,180,544249,Standard,A
L0005107,C001734,Home Loan,165402,11.33,2025-06-09,180,122739,Standard,B
L0005108,C007827,Personal Loan,381312,14.21,2022-04-23,48,299910,Standard,A
L0005109,C002078,Personal Loan,998575,14.22,2024-01-23,180,348653,Standard,A
L0005110,C001363,Personal Loan,1813039,8.28,2023-09-16,180,1292299,Standard,B
L0005111,C001746,Auto Loan,3886732,12.01,2024-03-29,84,2800598,Standard,B
L0005112,C000319,Auto Loan,1550856,14.37,2024-04-13,240,738896,Standard,A
L0005113,C007761,Education Loan,3046252,7.45,2025-02-25,24,1721682,Standard,B
L0005114,C002122,Personal Loan,2060567,11.64,2023-01-05,24,1538275,Standard,A
L0005115,C004512,Business Loan,284122,11.7,2021-01-12,240,98906,Standard,B
L0005116,C009609,Education Loan,1740806,14.43,2023-05-06,84,1058892,NPA,E
L0005117,C006873,Personal Loan,4411256,16.48,2021-10-26,84,2323868,Standard,B
L0005118,C003042,Personal Loan,427424,12.1,2023-01-19,240,208842,Standard,A
L0005119,C007401,Education Loan,457029,13.62,2024-06-29,24,389881,Standard,A
L0005120,C006008,Personal Loan,126392,16.48,2025-11-07,48,87884,Standard,C
L0005121,C006081,Education Loan,726839,12.74,2022-05-28,60,666283,Standard,A
L0005122,C001392,Personal Loan,94457,7.52,2022-07-05,24,53120,Standard,B
L0005123,C006147,Business Loan,1960650,13.12,2025-01-15,84,1784809,Standard,A
L0005124,C008912,Personal Loan,421798,9.45,2024-10-31,36,240607,Standard,B
L0005125,C009750,Auto Loan,446379,13.78,2024-08-20,180,301263,Standard,B
L0005126,C000581,Personal Loan,709390,13.96,2021-01-24,180,213563,Standard,B
L0005127,C009595,Business Loan,476638,12.68,2025-09-18,24,262636,Standard,A
L0005128,C007842,Personal Loan,975444,15.68,2023-04-21,240,227286,Standard,A
L0005129,C008297,Home Loan,601798,14.3,2023-08-15,36,291995,Standard,C
L0005130,C002255,Personal Loan,975211,15.47,2023-10-17,84,846388,Standard,B
L0005131,C008672,Education Loan,2029332,13.91,2023-12-28,84,572778,Standard,A
L0005132,C009070,Business Loan,3660644,12.7,2024-05-12,48,3377825,Standard,A
L0005133,C003289,Home Loan,253551,7.24,2022-06-09,24,104677,Standard,B
L0005134,C003663,Education Loan,1775242,10.75,2024-11-19,48,523777,Standard,B
L0005135,C003870,Personal Loan,434647,12.48,2023-05-06,60,355236,Standard,B
L0005136,C001943,Personal Loan,559616,11.1,2024-10-10,60,462558,Standard,B
L0005137,C009220,Personal Loan,1882341,12.01,2022-09-22,84,1032613,Standard,A
L0005138,C005598,Home Loan,431213,10.52,2021-09-12,180,93834,Standard,C
L0005139,C006990,Personal Loan,432720,12.27,2024-12-20,60,145246,Standard,B
L0005140,C009928,Education Loan,4990628,11.88,2025-11-05,120,1679503,Standard,A
L0005141,C000132,Education Loan,1140075,9.5,2021-08-13,84,568166,Standard,A
L0005142,C006048,Education Loan,1314972,10.51,2024-02-13,180,505273,Standard,A
L0005143,C003724,Business Loan,515337,10.11,2024-12-24,180,474779,Standard,A
L0005144,C005582,Home Loan,940352,14.8,2024-07-30,48,386384,Standard,B
L0005145,C008817,Business Loan,1094425,8.12,2021-02-14,84,693816,Standard,A
L0005146,C003979,Home Loan,603437,8.34,2023-03-29,240,281509,Standard,A
L0005147,C004553,Auto Loan,1037934,14.7,2023-07-25,240,467978,Standard,B
L0005148,C003966,Education Loan,322147,10.83,2023-10-28,60,232084,Standard,C
L0005149,C001728,Personal Loan,489585,10.41,2021-09-24,24,402453,Standard,A
L0005150,C000017,Auto Loan,3051882,11.94,2024-10-04,36,2115624,Standard,C
L0005151,C004615,Business Loan,1964617,10.63,2024-08-13,48,1263230,Standard,C
L0005152,C000987,Education Loan,266596,8.25,2022-07-14,120,139517,Standard,B
L0005153,C008584,Business Loan,670797,8.97,2022-08-02,240,316087,Standard,A
L0005154,C001755,Personal Loan,821108,10.64,2023-01-02,240,710739,Standard,A
L0005155,C000485,Home Loan,2444279,15.59,2024-10-11,36,2080935,Standard,A
L0005156,C009795,Auto Loan,315340,11.33,2025-12-14,84,236433,Standard,A
L0005157,C004182,Home Loan,4137904,15.06,2025-08-08,48,2614930,Standard,A
L0005158,C003913,Education Loan,2105036,10.44,2022-06-29,120,1937626,Standard,C
L0005159,C005810,Business Loan,137909,12.49,2023-12-23,84,52341,Standard,A
L0005160,C004445,Auto Loan,170843,8.93,2025-11-15,48,113037,Standard,A
L0005161,C006776,Business Loan,492755,8.73,2023-01-14,48,354857,Standard,B
L0005162,C002311,Personal Loan,340779,10.91,2022-11-09,60,205831,Standard,A
L0005163,C005473,Home Loan,518354,14.52,2021-11-26,180,137557,Standard,A
L0005164,C006474,Personal Loan,247628,11.95,2025-07-22,180,232747,Standard,B
L0005165,C008560,Auto Loan,868122,10.05,2024-09-11,180,406915,Standard,A
L0005166,C008200,Business Loan,789137,11.73,2024-06-06,60,535376,Standard,B
L0005167,C003985,Education Loan,472216,10.67,2023-12-14,84,241986,Standard,B
L0005168,C009166,Home Loan,436185,7.22,2024-07-14,60,252297,Standard,A
L0005169,C000244,Home Loan,2298671,8.56,2022-09-08,60,1595333,Standard,B
L0005170,C007397,Auto Loan,257160,7.81,2023-10-31,36,173231,Standard,A
L0005171,C004693,Personal Loan,916120,11.17,2021-04-30,36,361025,Standard,C
L0005172,C005872,Business Loan,223071,11.41,2022-09-17,240,48758,NPA,E
L0005173,C007380,Business Loan,90587,8.69,2024-05-03,240,71805,Standard,B
L0005174,C006750,Education Loan,955037,9.92,2023-11-01,48,727142,Standard,B
L0005175,C002399,Home Loan,2300487,16.3,2024-11-06,48,1539192,NPA,D
L0005176,C009432,Home Loan,769336,7.32,2021-02-03,120,710574,Standard,A
L0005177,C002144,Education Loan,473710,10.9,2025-08-11,48,384659,Standard,B
L0005178,C008077,Auto Loan,1978670,15.67,2025-08-07,36,1005946,Standard,A
L0005179,C008594,Education Loan,611195,12.58,2024-05-08,120,482054,Standard,A
L0005180,C001273,Business Loan,1231235,9.1,2023-04-02,84,270748,Standard,C
L0005181,C007883,Auto Loan,1229612,15.9,2024-06-27,120,492044,Standard,B
L0005182,C006431,Personal Loan,1399909,11.93,2025-01-23,36,1329656,Standard,A
L0005183,C004718,Auto Loan,6152918,10.85,2024-07-18,180,3464632,Standard,A
L0005184,C000312,Personal Loan,361266,14.87,2025-11-08,48,283792,Standard,A
L0005185,C005784,Auto Loan,447996,12.91,2025-11-08,240,414523,Standard,A
L0005186,C002565,Business Loan,154330,14.07,2024-04-02,24,94313,Standard,B
L0005187,C000205,Personal Loan,221395,8.17,2023-03-08,36,89208,Standard,A
L0005188,C003500,Home Loan,775936,13.08,2024-12-16,180,523363,NPA,D
L0005189,C003342,Home Loan,576551,9.55,2022-08-19,48,140214,Standard,C
L0005190,C005887,Personal Loan,2048499,9.34,2023-05-13,120,1135261,Standard,A
L0005191,C000330,Home Loan,329352,11.81,2022-03-20,240,250041,Standard,B
L0005192,C006147,Business Loan,423365,14.69,2022-09-26,120,120276,Standard,C
L0005193,C007434,Home Loan,172470,13.43,2022-08-16,60,120210,Standard,B
L0005194,C002919,Auto Loan,788397,13.21,2021-04-11,180,169701,Standard,A
L0005195,C005530,Business Loan,558815,11.97,2023-06-17,120,233079,Standard,A
L0005196,C004834,Home Loan,1345136,9.62,2025-09-02,36,337497,Standard,A
L0005197,C009915,Business Loan,224949,15.52,2023-06-29,48,172446,Standard,A
L0005198,C005404,Business Loan,288725,16.1,2024-06-15,120,247036,Standard,A
L0005199,C004526,Personal Loan,50000,14.64,2021-06-24,36,38990,Standard,B
L0005200,C002986,Personal Loan,511640,9.44,2025-01-18,180,223852,Standard,A
L0005201,C004235,Education Loan,1460156,12.02,2021-01-13,48,829646,Standard,A
L0005202,C000276,Personal Loan,679156,8.07,2025-07-27,180,351641,Standard,C
L0005203,C001816,Auto Loan,333264,9.19,2024-03-22,180,102909,Standard,B
L0005204,C003822,Personal Loan,1184730,15.74,2024-01-30,84,768758,Standard,B
L0005205,C000278,Business Loan,2614435,8.05,2023-08-20,120,1302984,NPA,D
L0005206,C007049,Home Loan,1516611,15.75,2021-09-07,84,838355,Standard,A
L0005207,C003381,Personal Loan,736906,7.34,2021-02-16,60,285776,Standard,A
L0005208,C001517,Personal Loan,230664,14.8,2024-06-28,48,123240,Standard,A
L0005209,C008955,Personal Loan,2481950,8.69,2022-07-26,120,1115230,Standard,B
L0005210,C008854,Business Loan,481506,16.46,2024-07-28,84,104448,Standard,A
L0005211,C006687,Personal Loan,2227687,14.45,2024-07-04,240,1889726,Standard,C
L0005212,C004500,Auto Loan,369397,15.72,2021-04-10,84,190124,Standard,B
L0005213,C001237,Business Loan,1229597,10.35,2025-05-03,48,777489,Standard,A
L0005214,C004020,Auto Loan,389798,16.4,2023-10-26,84,81238,Standard,A
L0005215,C004617,Business Loan,622718,12.82,2021-11-29,60,485428,NPA,D
L0005216,C000293,Home Loan,1582045,13.59,2024-10-13,180,1149721,Standard,A
L0005217,C007421,Auto Loan,207739,8.53,2021-05-16,48,131582,Standard,A
L0005218,C007717,Auto Loan,143799,15.87,2022-06-15,120,44840,Standard,C
L0005219,C001725,Education Loan,313726,11.33,2023-10-03,24,277744,Standard,B
L0005220,C001100,Home Loan,391344,12.61,2023-11-26,240,329312,Standard,B
L0005221,C005312,Business Loan,823885,10.74,2025-06-26,120,592553,Standard,C
L0005222,C007650,Education Loan,4575171,10.77,2025-03-02,84,3232424,Standard,B
L0005223,C004986,Auto Loan,900543,14.13,2024-11-14,180,708529,Standard,A
L0005224,C003232,Auto Loan,2207933,11.81,2025-01-15,84,1918356,Standard,B
L0005225,C009428,Home Loan,661210,9.35,2022-07-22,36,487161,Standard,A
L0005226,C005255,Personal Loan,868659,9.61,2025-10-04,240,755244,Standard,B
L0005227,C009843,Home Loan,2691903,9.13,2025-09-20,84,1210571,Standard,A
L0005228,C001640,Business Loan,1308117,12.89,2022-07-26,48,1012472,Standard,A
L0005229,C008310,Home Loan,791845,16.19,2024-06-21,48,513797,Standard,A
L0005230,C004099,Personal Loan,1180279,12.28,2022-10-29,120,828412,Standard,A
L0005231,C005299,Personal Loan,324129,7.26,2022-03-23,84,278420,NPA,D
L0005232,C000982,Home Loan,1053558,12.0,2024-09-29,24,287610,Standard,A
L0005233,C000122,Auto Loan,472266,8.62,2023-01-22,60,339294,Standard,A
L0005234,C003693,Home Loan,960053,7.68,2021-04-28,48,382948,Standard,C
L0005235,C003348,Home Loan,273328,13.89,2021-10-18,120,93412,Standard,A
L0005236,C006802,Education Loan,383486,12.72,2023-07-30,120,346170,Standard,A
L0005237,C005520,Business Loan,1361270,12.77,2023-06-18,24,1097895,Standard,C
L0005238,C008886,Home Loan,984857,11.93,2023-04-05,120,444250,Standard,B
L0005239,C003704,Personal Loan,862018,14.83,2022-10-12,48,556647,NPA,D
L0005240,C006088,Auto Loan,462481,13.7,2022-02-03,120,382786,Standard,A
L0005241,C008869,Education Loan,2370324,12.3,2021-06-27,240,1521153,Standard,A
L0005242,C007221,Business Loan,1231843,7.86,2025-05-26,240,459118,Standard,B
L0005243,C003335,Home Loan,2140349,12.25,2021-05-25,240,1648870,Standard,A
L0005244,C003968,Personal Loan,652137,15.74,2023-06-17,120,517653,Standard,B
L0005245,C006797,Education Loan,514371,13.22,2023-05-29,48,381670,Standard,A
L0005246,C004163,Business Loan,483412,15.31,2024-07-15,60,137529,Standard,B
L0005247,C008680,Business Loan,390068,14.3,2021-01-08,120,370378,Standard,A
L0005248,C004272,Business Loan,282203,12.49,2023-10-24,240,176777,Standard,A
L0005249,C009386,Education Loan,2817052,12.2,2024-05-27,48,1906901,Standard,A
L0005250,C007051,Home Loan,2527309,11.79,2021-07-21,120,990246,Standard,C
L0005251,C002048,Auto Loan,190461,12.65,2022-05-29,60,119101,Standard,A
L0005252,C002774,Home Loan,70030,12.74,2024-11-19,84,39520,Standard,C
L0005253,C003610,Education Loan,4371343,11.87,2023-04-27,84,2724352,Standard,C
L0005254,C009019,Auto Loan,288247,15.35,2021-03-11,240,235257,Standard,B
L0005255,C003816,Home Loan,305873,14.88,2024-09-13,120,235327,Standard,A
L0005256,C008096,Home Loan,1019718,13.51,2022-06-15,24,864655,NPA,D
L0005257,C007792,Home Loan,174256,10.52,2021-11-15,84,72004,Standard,B
L0005258,C003187,Business Loan,721947,13.64,2023-08-16,84,242626,Standard,C
L0005259,C002203,Home Loan,774693,11.22,2024-10-20,240,246962,Standard,A
L0005260,C006284,Home Loan,2248158,14.93,2022-04-07,240,1762680,Standard,B
L0005261,C006308,Personal Loan,896609,10.33,2025-11-07,84,514913,Standard,A
L0005262,C008061,Education Loan,1158380,8.86,2024-03-11,24,236753,Standard,C
L0005263,C004849,Business Loan,938806,10.4,2022-10-20,240,689812,Standard,A
L0005264,C001075,Business Loan,542618,12.02,2023-09-16,36,124761,Standard,B
L0005265,C007421,Business Loan,1768072,15.35,2022-03-15,36,488475,Standard,A
L0005266,C001509,Home Loan,327763,12.67,2025-03-31,24,148762,Standard,A
L0005267,C002282,Auto Loan,876771,9.29,2023-07-12,60,225119,Standard,A
L0005268,C004676,Home Loan,4794627,12.23,2025-06-24,24,2298529,NPA,E
L0005269,C005505,Home Loan,691124,8.86,2021-07-04,120,473282,Standard,B
L0005270,C000174,Auto Loan,624558,9.4,2022-11-25,84,391586,Standard,C
L0005271,C009172,Personal Loan,1791323,15.56,2024-10-21,60,1502775,Standard,B
L0005272,C003012,Auto Loan,1144037,13.26,2021-07-10,120,694632,Standard,B
L0005273,C000729,Education Loan,1234693,14.34,2025-10-09,120,685063,Standard,B
L0005274,C007959,Business Loan,2015125,11.48,2025-09-23,180,1348738,Standard,B
L0005275,C001057,Personal Loan,211541,8.19,2024-05-22,24,66449,NPA,E
L0005276,C001681,Home Loan,431247,16.27,2025-02-01,24,418136,Standard,A
L0005277,C006177,Business Loan,1538967,8.7,2023-06-30,60,1221728,Standard,B
L0005278,C002251,Home Loan,518510,9.34,2025-12-27,240,287140,Standard,A
L0005279,C002343,Personal Loan,364687,15.22,2023-05-22,240,217402,Standard,B
L0005280,C008044,Home Loan,8758938,15.84,2022-01-10,60,3072861,Standard,A
L0005281,C009749,Business Loan,469316,9.52,2025-07-29,24,444415,Standard,B
L0005282,C008456,Personal Loan,439470,13.79,2022-12-06,60,160586,Standard,B
L0005283,C009416,Auto Loan,164196,12.33,2021-09-02,24,62874,Standard,C
L0005284,C005443,Education Loan,1157257,11.94,2021-04-01,24,735410,Standard,C
L0005285,C005073,Home Loan,2089006,11.2,2023-05-22,240,1184646,Standard,B
L0005286,C000429,Auto Loan,330780,8.61,2024-02-15,36,284781,Standard,A
L0005287,C002095,Home Loan,207395,8.63,2023-05-13,84,120328,Standard,A
L0005288,C009952,Personal Loan,546550,15.32,2021-11-24,60,532338,Standard,B
L0005289,C002380,Auto Loan,618179,11.99,2023-04-17,60,383144,Standard,B
L0005290,C006276,Personal Loan,439753,9.68,2024-11-30,60,327675,Standard,B
L0005291,C005613,Personal Loan,851616,7.52,2021-07-12,120,833839,Standard,B
L0005292,C006893,Auto Loan,1700229,15.92,2025-11-25,48,1160718,Standard,C
L0005293,C003319,Business Loan,275250,14.32,2024-06-07,24,57645,NPA,E
L0005294,C005566,Home Loan,301310,12.92,2021-02-25,48,196615,Standard,B
L0005295,C009590,Education Loan,287886,11.46,2022-01-06,60,239367,Standard,A
L0005296,C004111,Education Loan,1892873,8.88,2024-01-10,36,1399515,Standard,A
L0005297,C002011,Business Loan,298021,9.29,2023-12-21,84,143394,Standard,B
L0005298,C009094,Business Loan,383913,14.52,2022-11-12,36,261302,NPA,E
L0005299,C005985,Business Loan,273551,15.46,2022-10-01,180,159733,NPA,D
L0005300,C005383,Business Loan,368752,13.43,2024-02-06,24,243778,Standard,A
L0005301,C007237,Business Loan,539125,14.11,2023-04-07,48,364296,Standard,B
L0005302,C009652,Home Loan,1108236,8.86,2022-01-10,120,874177,Standard,A
L0005303,C001029,Business Loan,94577,7.39,2022-11-25,180,27163,Standard,B
L0005304,C000574,Home Loan,208054,8.73,2024-11-04,240,52364,Standard,C
L0005305,C000683,Personal Loan,6394929,8.66,2021-05-07,48,3355419,Standard,B
L0005306,C008365,Education Loan,772965,12.68,2022-06-11,240,438529,Standard,A
L0005307,C000165,Personal Loan,1857458,11.44,2025-09-18,48,1568794,Standard,B
L0005308,C006269,Auto Loan,402769,10.86,2024-11-01,48,148437,Standard,A
L0005309,C003744,Auto Loan,332601,14.21,2025-08-30,84,212927,NPA,E
L0005310,C009258,Education Loan,303574,10.72,2022-10-31,24,174749,Standard,A
L0005311,C002570,Personal Loan,4900259,8.47,2025-09-04,36,1824332,Standard,B
L0005312,C003628,Home Loan,605154,16.1,2023-01-21,84,548810,NPA,E
L0005313,C004746,Personal Loan,1440248,12.4,2021-04-09,84,729721,Standard,A
L0005314,C002111,Personal Loan,1234256,7.72,2024-02-15,60,281566,Standard,A
L0005315,C006475,Education Loan,946422,8.0,2023-03-26,120,381894,Standard,A
L0005316,C000999,Education Loan,787915,14.79,2022-05-09,60,764140,Standard,B
L0005317,C005321,Auto Loan,197372,8.56,2024-10-26,120,53402,Standard,B
L0005318,C005174,Home Loan,192193,10.53,2025-04-07,240,158110,Standard,B
L0005319,C008398,Auto Loan,820959,12.36,2023-07-20,48,441463,Standard,A
L0005320,C004747,Education Loan,165766,11.85,2022-08-22,240,111570,Standard,A
L0005321,C009638,Personal Loan,268131,12.85,2023-01-11,36,115154,Standard,A
L0005322,C003510,Home Loan,471433,15.91,2021-09-26,48,211903,Standard,A
L0005323,C001977,Auto Loan,1234744,8.02,2024-05-23,240,613927,Standard,C
L0005324,C009551,Auto Loan,2785577,12.4,2025-09-05,120,1121334,Standard,A
L0005325,C008576,Personal Loan,3234245,12.19,2022-03-19,84,2398082,Standard,A
L0005326,C009471,Education Loan,582954,14.45,2023-04-27,120,320309,Standard,B
L0005327,C006168,Home Loan,198121,10.1,2023-05-03,60,72303,Standard,A
L0005328,C008930,Education Loan,1512379,7.29,2022-12-08,36,446406,Standard,A
L0005329,C006735,Business Loan,157377,8.25,2023-08-23,84,139210,Standard,B
L0005330,C007910,Education Loan,498770,15.15,2024-01-08,24,325704,Standard,B
L0005331,C001000,Auto Loan,704569,15.04,2025-05-04,240,587835,Standard,A
L0005332,C006185,Auto Loan,362498,15.1,2022-07-10,84,234222,Standard,B
L0005333,C008008,Personal Loan,144318,9.91,2023-01-06,60,93186,Standard,A
L0005334,C007942,Auto Loan,907119,15.03,2021-08-13,48,291642,Standard,B
L0005335,C006038,Business Loan,947131,9.94,2022-12-07,84,821250,Standard,C
L0005336,C007408,Home Loan,850230,10.68,2022-12-22,240,429577,Standard,A
L0005337,C007361,Home Loan,1616565,8.34,2023-09-01,60,1120060,Standard,C
L0005338,C008054,Personal Loan,267354,9.63,2021-09-12,36,156528,Standard,B
L0005339,C003474,Personal Loan,149547,11.41,2024-10-14,180,124464,Standard,B
L0005340,C003816,Business Loan,276759,13.02,2021-01-16,84,80965,Standard,B
L0005341,C006123,Education Loan,290686,15.24,2022-09-12,48,208530,Standard,B
L0005342,C004961,Personal Loan,1902545,15.63,2021-05-26,48,643016,Standard,A
L0005343,C004178,Personal Loan,1760129,9.23,2024-02-14,120,872622,Standard,A
L0005344,C007035,Auto Loan,173640,12.97,2022-03-13,60,39380,Standard,A
L0005345,C002399,Auto Loan,125007,14.21,2022-03-27,48,102294,NPA,D
L0005346,C005766,Home Loan,1972745,14.25,2024-11-23,24,411708,Standard,B
L0005347,C000802,Personal Loan,6868707,10.64,2024-08-16,24,5470527,Standard,B
L0005348,C000367,Auto Loan,215785,9.15,2025-10-22,24,130147,Standard,A
L0005349,C003429,Education Loan,583475,14.66,2023-05-24,48,334587,Standard,A
L0005350,C005610,Personal Loan,648695,15.37,2025-05-21,84,348626,Standard,A
L0005351,C009812,Home Loan,322867,13.47,2023-12-15,36,271819,Standard,C
L0005352,C004420,Personal Loan,292177,8.57,2022-08-29,84,163415,Standard,B
L0005353,C007960,Education Loan,485410,7.9,2021-01-09,36,350888,Standard,B
L0005354,C004267,Education Loan,593510,14.06,2021-03-20,24,328883,Standard,B
L0005355,C000150,Personal Loan,1275164,10.29,2023-08-02,48,1193336,Standard,A
L0005356,C000603,Home Loan,252641,10.34,2021-09-24,36,233560,Standard,A
L0005357,C009700,Auto Loan,1997817,10.5,2025-03-05,24,901511,Standard,B
L0005358,C008016,Personal Loan,295207,10.41,2025-06-03,48,105289,Standard,C
L0005359,C007634,Personal Loan,1726664,8.1,2023-01-17,24,694684,Standard,B
L0005360,C001420,Auto Loan,264649,10.97,2021-06-09,48,99894,Standard,B
L0005361,C007996,Business Loan,2541035,13.02,2021-08-21,120,836772,Standard,B
L0005362,C000487,Personal Loan,356438,8.5,2024-08-20,24,265773,Standard,C
L0005363,C000333,Personal Loan,467886,13.9,2023-04-16,180,151306,Standard,A
L0005364,C001726,Business Loan,635077,11.88,2023-10-18,120,428159,Standard,B
L0005365,C005342,Personal Loan,1590338,9.62,2024-02-15,24,1251895,NPA,E
L0005366,C002642,Personal Loan,304506,12.57,2021-09-13,240,187872,Standard,A
L0005367,C000645,Business Loan,328562,9.22,2023-01-29,120,112175,Standard,B
L0005368,C000990,Auto Loan,1340434,8.56,2025-06-20,36,1004347,Standard,B
L0005369,C000771,Home Loan,133862,14.21,2023-11-28,84,56950,Standard,B
L0005370,C004289,Education Loan,2386200,11.26,2021-08-02,180,1460166,Standard,A
L0005371,C001291,Business Loan,1539035,13.4,2025-11-23,36,1081377,Standard,A
L0005372,C008330,Education Loan,514009,10.64,2024-10-21,180,228454,Standard,B
L0005373,C007953,Personal Loan,216922,16.04,2022-11-27,36,87593,Standard,B
L0005374,C005412,Auto Loan,573150,8.91,2023-12-03,120,452710,Standard,A
L0005375,C007198,Personal Loan,235095,10.14,2021-01-11,120,76657,Standard,A
L0005376,C003326,Auto Loan,3252398,15.34,2022-08-14,36,1135484,Standard,B
L0005377,C005706,Business Loan,191771,15.36,2021-09-25,180,64355,Standard,B
L0005378,C006240,Education Loan,390111,9.83,2024-08-08,120,148217,Standard,C
L0005379,C001426,Education Loan,359076,14.66,2022-08-07,48,72575,Standard,C
L0005380,C001380,Education Loan,3943269,13.95,2022-02-09,180,3147565,NPA,D
L0005381,C009636,Auto Loan,229881,14.71,2024-12-26,180,141650,Standard,A
L0005382,C003859,Personal Loan,821807,7.79,2022-07-10,36,236663,Standard,B
L0005383,C005252,Education Loan,1167820,11.13,2022-08-02,60,276202,Standard,B
L0005384,C008517,Home Loan,226570,9.64,2024-05-19,120,137506,NPA,E
L0005385,C009517,Personal Loan,305941,15.36,2021-11-17,24,293846,Standard,A
L0005386,C005550,Education Loan,2002539,7.28,2025-07-18,36,1674622,NPA,D
L0005387,C003808,Personal Loan,1704656,11.34,2024-12-01,240,1202142,Standard,A
L0005388,C004039,Auto Loan,5614802,9.21,2022-05-15,48,2135290,NPA,D
L0005389,C009795,Home Loan,91993,10.1,2022-06-15,48,74909,Standard,A
L0005390,C005947,Home Loan,218497,16.23,2022-02-15,84,177313,Standard,B
L0005391,C000164,Home Loan,1438564,16.07,2023-01-18,180,1323907,Standard,B
L0005392,C001766,Home Loan,1838090,15.2,2021-01-16,60,1735223,Standard,B
L0005393,C004154,Business Loan,1581006,16.15,2023-02-11,48,1357325,Standard,A
L0005394,C008929,Business Loan,903369,16.44,2022-08-11,84,857056,Standard,B
L0005395,C007768,Home Loan,282203,14.89,2024-12-07,180,65619,Standard,B
L0005396,C008437,Business Loan,1357796,7.64,2023-02-21,60,541105,Standard,B
L0005397,C009007,Home Loan,1109202,8.25,2023-08-22,48,524123,Standard,A
L0005398,C006209,Personal Loan,520824,10.87,2021-05-14,84,213912,Standard,A
L0005399,C004526,Home Loan,576909,8.06,2025-12-19,48,512716,Standard,C
L0005400,C007751,Personal Loan,508035,13.23,2023-05-13,48,405915,NPA,D
L0005401,C000824,Personal Loan,1315273,14.93,2021-10-21,120,829660,Standard,A
L0005402,C006065,Education Loan,732125,13.28,2022-11-04,84,605079,Standard,B
L0005403,C003770,Personal Loan,576246,12.46,2023-07-27,84,151334,Standard,A
L0005404,C003551,Education Loan,1275393,12.46,2022-11-03,24,1043809,Standard,B
L0005405,C004496,Home Loan,2916859,10.24,2022-04-16,120,699786,Standard,C
L0005406,C000522,Personal Loan,919716,14.94,2025-10-30,24,473179,Standard,B
L0005407,C000969,Home Loan,848708,14.68,2021-04-03,240,255590,Standard,A
L0005408,C004174,Personal Loan,446812,10.19,2022-12-11,24,429144,Standard,C
L0005409,C004346,Home Loan,332456,14.98,2024-12-08,240,85360,Standard,C
L0005410,C004800,Personal Loan,513493,13.28,2024-08-11,84,359424,Standard,A
L0005411,C008022,Personal Loan,521066,12.08,2024-10-15,60,184436,Standard,A
L0005412,C007410,Personal Loan,8112336,14.56,2025-07-21,120,4887821,Standard,A
L0005413,C008408,Auto Loan,965940,14.79,2024-07-01,240,574540,Standard,B
L0005414,C007313,Auto Loan,2333049,14.24,2022-09-26,240,1135124,Standard,B
L0005415,C001778,Home Loan,562134,11.23,2022-10-08,36,523408,Standard,A
L0005416,C004233,Home Loan,56029,15.84,2022-12-11,240,13074,NPA,E
L0005417,C003386,Personal Loan,1426714,10.24,2025-06-09,60,1096064,Standard,B
L0005418,C007417,Personal Loan,2217467,9.16,2023-05-01,60,2070864,NPA,E
L0005419,C004491,Auto Loan,1179915,15.33,2022-01-07,120,668351,Standard,C
L0005420,C000902,Education Loan,427246,12.05,2024-11-07,120,313982,Standard,A
L0005421,C002966,Home Loan,1124064,8.01,2021-04-02,84,800047,Standard,A
L0005422,C006170,Personal Loan,860655,10.04,2021-04-09,60,805987,Standard,B
L0005423,C007667,Business Loan,397865,12.0,2021-03-29,84,197302,Standard,A
L0005424,C009039,Personal Loan,2850487,16.03,2023-04-24,180,2214381,Standard,A
L0005425,C008527,Personal Loan,290353,7.65,2024-01-19,240,114369,Standard,B
L0005426,C007340,Home Loan,5222050,11.28,2022-04-05,84,4617919,Standard,B
L0005427,C003082,Auto Loan,528590,15.3,2023-03-11,180,457878,Standard,B
L0005428,C006470,Home Loan,681541,8.12,2024-12-05,24,352333,Standard,B
L0005429,C003505,Business Loan,140116,15.51,2024-06-16,24,62812,NPA,E
L0005430,C005606,Personal Loan,288158,12.13,2024-04-29,60,189193,Standard,B
L0005431,C007121,Home Loan,666712,12.08,2023-03-13,240,436522,Standard,A
L0005432,C003269,Personal Loan,1362540,7.82,2022-01-28,60,908981,Standard,B
L0005433,C000491,Education Loan,1062364,15.48,2024-08-09,48,250967,Standard,A
L0005434,C005698,Business Loan,712485,9.5,2022-01-24,36,163828,Standard,C
L0005435,C005274,Education Loan,628594,12.45,2022-02-10,84,613241,Standard,A
L0005436,C008145,Personal Loan,2105968,15.51,2024-05-17,24,1962583,Standard,B
L0005437,C009961,Education Loan,1183439,16.35,2021-10-12,240,809862,NPA,D
L0005438,C001551,Personal Loan,907319,9.1,2025-06-01,180,675472,Standard,B
L0005439,C007221,Auto Loan,50000,13.38,2025-07-02,48,10949,Standard,B
L0005440,C008986,Auto Loan,2808035,10.24,2024-06-12,240,2074463,Standard,A
L0005441,C000937,Education Loan,434796,9.79,2023-02-08,84,305004,Standard,A
L0005442,C005502,Business Loan,252765,11.48,2025-12-01,84,189974,Standard,A
L0005443,C000935,Business Loan,371080,13.32,2023-07-11,24,153434,Standard,A
L0005444,C004800,Personal Loan,2365628,15.68,2021-04-13,84,1548953,Standard,A
L0005445,C004123,Auto Loan,217136,10.41,2025-06-09,60,76169,Standard,B
L0005446,C006516,Business Loan,3367212,11.86,2023-03-28,48,1609748,Standard,A
L0005447,C001318,Auto Loan,628594,8.14,2023-04-18,60,280042,Standard,B
L0005448,C000781,Home Loan,197179,11.29,2024-09-26,48,89307,Standard,A
L0005449,C000083,Auto Loan,1703694,14.3,2025-12-21,240,577043,Standard,A
L0005450,C000872,Auto Loan,379257,8.01,2021-05-08,84,350196,Standard,A
L0005451,C005061,Auto Loan,83259,16.34,2022-09-16,120,34233,Standard,C
L0005452,C008036,Auto Loan,1082319,15.07,2021-12-02,36,939417,Standard,B
L0005453,C003898,Personal Loan,77774,10.48,2022-06-10,24,63314,Standard,A
L0005454,C000609,Auto Loan,746648,15.79,2025-03-25,120,563671,NPA,E
L0005455,C000713,Personal Loan,502207,14.24,2024-05-21,120,128864,Standard,A
L0005456,C006430,Personal Loan,1694971,11.92,2022-09-24,120,501540,Standard,A
L0005457,C002236,Auto Loan,889179,15.79,2021-08-23,180,331979,Standard,A
L0005458,C009276,Business Loan,2899110,9.32,2021-10-03,120,1736377,Standard,C
L0005459,C004887,Business Loan,1142227,9.26,2021-08-06,240,644398,Standard,A
L0005460,C007686,Auto Loan,3883614,7.51,2022-08-23,240,988012,Standard,C
L0005461,C008430,Business Loan,1091891,7.57,2024-08-05,120,521065,Standard,B
L0005462,C001237,Personal Loan,304491,12.3,2021-05-12,120,67743,Standard,B
L0005463,C008539,Auto Loan,1464597,11.14,2024-06-16,84,349516,Standard,A
L0005464,C004981,Personal Loan,1510005,15.9,2024-05-12,24,1088638,Standard,A
L0005465,C006422,Business Loan,437310,9.19,2021-10-20,60,246025,Standard,B
L0005466,C002129,Home Loan,813449,13.23,2023-05-19,24,238715,Standard,A
L0005467,C006589,Home Loan,1679555,10.16,2025-01-08,48,510853,Standard,A
L0005468,C008764,Business Loan,1576462,14.72,2021-04-20,84,817407,Standard,A
L0005469,C009797,Home Loan,489448,15.51,2023-04-25,60,140593,Standard,A
L0005470,C005907,Personal Loan,385404,12.01,2021-01-20,48,108110,Standard,A
L0005471,C000123,Auto Loan,2006024,13.46,2022-05-13,180,1681877,Standard,B
L0005472,C007957,Education Loan,669224,15.44,2025-07-19,180,473937,Standard,A
L0005473,C005967,Personal Loan,448096,11.07,2024-03-15,24,415839,Standard,A
L0005474,C002431,Business Loan,1811553,11.91,2025-02-26,120,1625415,Standard,B
L0005475,C002391,Business Loan,403923,8.29,2023-04-04,24,135772,Standard,B
L0005476,C005934,Business Loan,1488908,15.89,2022-07-07,180,814836,Standard,B
L0005477,C003675,Business Loan,1913928,11.95,2025-11-30,60,454145,Standard,B
L0005478,C001684,Auto Loan,263264,10.44,2023-09-08,180,97283,Standard,B
L0005479,C008419,Education Loan,496062,15.42,2021-08-01,48,267438,Standard,C
L0005480,C007663,Education Loan,1390477,14.87,2022-06-06,60,856132,Standard,A
L0005481,C000140,Personal Loan,520508,9.29,2022-05-11,24,503762,Standard,A
L0005482,C004173,Personal Loan,525130,15.78,2024-05-20,120,130624,NPA,E
L0005483,C004819,Personal Loan,950648,12.1,2022-09-10,60,267069,Standard,B
L0005484,C002223,Auto Loan,1252349,11.66,2025-01-21,240,560062,Standard,A
L0005485,C009776,Auto Loan,285334,11.97,2023-08-29,36,219286,Standard,C
L0005486,C009771,Home Loan,1210216,7.72,2025-10-27,120,256719,Standard,B
L0005487,C003871,Business Loan,328777,12.57,2022-11-20,36,109103,Standard,A
L0005488,C000811,Home Loan,1385596,7.84,2021-08-09,180,338251,Standard,A
L0005489,C002757,Personal Loan,964138,8.59,2023-01-15,36,738543,Standard,A
L0005490,C009118,Home Loan,208940,15.85,2023-02-23,120,102796,Standard,C
L0005491,C008487,Business Loan,1934717,15.85,2024-05-06,120,832285,Standard,A
L0005492,C000426,Business Loan,562834,7.9,2022-05-25,240,259970,Standard,A
L0005493,C009951,Business Loan,451909,12.86,2024-08-13,240,426198,Standard,A
L0005494,C006170,Auto Loan,833009,7.47,2023-05-09,60,316928,Standard,C
L0005495,C001162,Home Loan,320776,16.49,2024-07-29,60,64575,NPA,E
L0005496,C008315,Personal Loan,1384568,14.71,2023-06-15,24,537865,Standard,A
L0005497,C002775,Business Loan,1028622,8.5,2024-01-29,36,400469,Standard,B
L0005498,C002502,Business Loan,1013164,9.22,2025-06-10,24,915944,Standard,A
L0005499,C004817,Home Loan,454275,7.58,2024-01-24,36,354023,NPA,E
L0005500,C007905,Auto Loan,120246,13.93,2025-09-04,180,57701,Standard,B
L0005501,C003151,Auto Loan,595980,10.12,2022-06-08,48,561480,Standard,A
L0005502,C005344,Auto Loan,263336,8.32,2025-03-28,48,89208,Standard,C
L0005503,C005905,Home Loan,1587373,13.57,2023-11-07,60,912094,NPA,D
L0005504,C007068,Home Loan,10031417,12.71,2024-06-25,36,6192052,Standard,C
L0005505,C009639,Personal Loan,929658,15.8,2021-06-12,60,265714,Standard,A
L0005506,C005985,Education Loan,1872890,10.47,2023-12-19,240,540852,Standard,B
L0005507,C006805,Personal Loan,1579250,14.03,2025-09-16,180,950149,Standard,C
L0005508,C003416,Personal Loan,1088199,8.09,2023-05-16,60,244322,Standard,A
L0005509,C001900,Personal Loan,546217,15.17,2023-05-24,240,420049,Standard,B
L0005510,C008445,Business Loan,1512925,13.83,2024-03-09,120,885316,Standard,A
L0005511,C009519,Personal Loan,3540330,8.28,2024-12-12,24,3347258,Standard,A
L0005512,C007221,Education Loan,169091,14.07,2025-03-11,60,88459,Standard,A
L0005513,C000887,Education Loan,147673,7.52,2024-02-01,240,90971,Standard,A
L0005514,C009462,Education Loan,2464426,15.88,2023-05-21,120,1450384,Standard,A
L0005515,C004498,Personal Loan,1169058,14.33,2021-09-09,120,335964,Standard,C
L0005516,C005693,Personal Loan,1275013,12.71,2024-06-24,240,1095819,Standard,A
L0005517,C006499,Business Loan,125493,14.8,2022-12-22,36,90624,Standard,B
L0005518,C007579,Education Loan,7697265,7.39,2021-10-18,180,5222964,NPA,E
L0005519,C009159,Auto Loan,186355,9.41,2024-05-11,24,135335,Standard,B
L0005520,C004026,Personal Loan,1733940,12.59,2022-06-20,240,826088,Standard,B
L0005521,C008173,Auto Loan,835773,10.49,2022-08-24,60,425105,Standard,B
L0005522,C004444,Home Loan,793564,7.31,2021-08-12,60,291518,Standard,B
L0005523,C001880,Education Loan,354532,14.5,2021-01-15,36,210250,Standard,A
L0005524,C007040,Auto Loan,982363,9.03,2024-07-18,24,842505,Standard,C
L0005525,C006398,Home Loan,2407529,16.36,2022-11-01,120,1366428,NPA,D
L0005526,C003239,Personal Loan,128898,9.62,2023-02-06,240,88279,Standard,A
L0005527,C007136,Home Loan,369317,8.84,2025-05-17,84,252357,Standard,B
L0005528,C005047,Business Loan,256423,8.9,2023-11-14,240,239290,Standard,A
L0005529,C004054,Business Loan,146493,12.84,2023-01-20,24,63403,Standard,B
L0005530,C008423,Business Loan,7223983,12.69,2023-09-08,36,2808877,Standard,B
L0005531,C002411,Business Loan,109458,10.65,2023-12-24,36,27526,Standard,B
L0005532,C000098,Personal Loan,1317095,10.4,2024-04-17,84,1196308,Standard,C
L0005533,C003708,Education Loan,1372456,7.78,2023-12-21,120,953847,Standard,B
L0005534,C007461,Personal Loan,992682,15.1,2021-01-11,120,954102,Standard,B
L0005535,C004888,Education Loan,311197,8.74,2025-04-01,120,271338,Standard,A
L0005536,C000270,Auto Loan,439407,16.47,2023-12-15,36,104369,Standard,B
L0005537,C002947,Business Loan,4692228,10.15,2025-10-02,48,3825079,Standard,B
L0005538,C007426,Education Loan,914389,14.27,2024-08-28,48,207190,Standard,C
L0005539,C008009,Home Loan,691192,9.7,2021-05-05,48,321260,Standard,B
L0005540,C000200,Personal Loan,660705,7.21,2025-12-03,36,175888,NPA,D
L0005541,C001614,Education Loan,1794069,10.55,2024-05-28,84,1028145,Standard,B
L0005542,C001203,Personal Loan,1549847,8.7,2025-04-14,84,794598,Standard,A
L0005543,C005544,Business Loan,131411,7.31,2025-06-11,240,92759,Standard,A
L0005544,C008362,Education Loan,641810,12.41,2021-08-12,120,404373,Standard,A
L0005545,C002430,Business Loan,67213,10.26,2021-08-14,48,60973,Standard,B
L0005546,C008438,Personal Loan,4450997,7.4,2021-08-03,60,1831989,Standard,B
L0005547,C000833,Auto Loan,1143945,12.65,2021-06-11,48,878938,NPA,E
L0005548,C009828,Home Loan,1230358,14.57,2024-02-10,24,547689,Standard,A
L0005549,C008068,Personal Loan,391915,14.81,2023-05-17,84,205622,Standard,B
L0005550,C001141,Home Loan,528436,11.8,2021-03-13,36,132469,Standard,C
L0005551,C007359,Auto Loan,942905,11.72,2025-11-11,60,665396,Standard,B
L0005552,C001384,Home Loan,89604,12.22,2025-04-22,84,70697,Standard,A
L0005553,C007048,Home Loan,631461,7.54,2022-07-27,60,446886,Standard,B
L0005554,C007407,Business Loan,344799,15.43,2023-10-04,180,190642,Standard,C
L0005555,C000531,Personal Loan,235347,10.76,2021-09-18,36,71323,Standard,A
L0005556,C003412,Business Loan,565871,13.14,2021-12-30,60,237177,Standard,A
L0005557,C004223,Personal Loan,279878,13.43,2021-12-06,36,106665,NPA,D
L0005558,C004238,Personal Loan,767299,16.22,2021-05-10,48,718236,NPA,D
L0005559,C004915,Auto Loan,694217,13.94,2022-02-19,240,161587,Standard,A
L0005560,C009028,Education Loan,1112247,12.45,2025-01-16,240,781966,Standard,A
L0005561,C007656,Business Loan,591086,9.26,2024-10-30,36,406163,Standard,B
L0005562,C001284,Auto Loan,338128,15.29,2025-08-23,84,221873,Standard,C
L0005563,C007258,Home Loan,392401,9.74,2025-12-13,84,126679,Standard,B
L0005564,C006573,Home Loan,1602645,9.83,2023-11-22,48,1451122,Standard,C
L0005565,C002032,Education Loan,524718,10.69,2023-05-17,240,130200,Standard,A
L0005566,C005353,Personal Loan,1020110,12.14,2024-10-12,60,205401,Standard,B
L0005567,C001636,Business Loan,353736,11.81,2021-06-18,180,260057,Standard,B
L0005568,C002408,Education Loan,3719819,12.62,2022-07-22,120,2804899,Standard,B
L0005569,C004360,Auto Loan,212981,13.92,2024-07-10,24,50478,Standard,A
L0005570,C007990,Personal Loan,295165,7.9,2023-02-16,48,79769,Standard,A
L0005571,C000124,Auto Loan,623996,11.23,2025-07-11,120,609701,Standard,A
L0005572,C009738,Home Loan,578347,10.01,2025-04-14,36,159014,Standard,A
L0005573,C007584,Home Loan,457863,7.45,2023-02-16,84,405763,Standard,B
L0005574,C006894,Personal Loan,859404,10.91,2023-07-29,24,216416,Standard,A
L0005575,C008745,Auto Loan,324074,10.31,2025-04-02,60,278455,Standard,A
L0005576,C009336,Auto Loan,639230,14.73,2023-08-25,84,610439,Standard,A
L0005577,C004671,Personal Loan,535404,11.31,2021-04-13,48,119954,Standard,A
L0005578,C007564,Education Loan,232987,7.87,2024-10-19,240,122505,Standard,C
L0005579,C007450,Personal Loan,4267142,13.34,2021-12-20,36,1691914,Standard,B
L0005580,C004824,Personal Loan,471054,15.23,2022-03-02,48,199254,Standard,B
L0005581,C001440,Personal Loan,99140,11.04,2024-03-29,48,88285,Standard,B
L0005582,C001364,Home Loan,1958019,16.11,2024-05-09,180,1097622,Standard,C
L0005583,C009947,Business Loan,420949,15.64,2023-08-05,84,273996,Standard,A
L0005584,C003524,Education Loan,693488,9.81,2024-07-08,48,145937,Standard,C
L0005585,C009765,Personal Loan,336712,15.99,2022-03-14,60,290170,Standard,A
L0005586,C001226,Personal Loan,100216,13.89,2022-07-09,180,30791,Standard,C
L0005587,C001646,Home Loan,545244,14.54,2025-12-06,60,520548,Standard,A
L0005588,C001928,Auto Loan,1632874,13.55,2025-02-08,36,1128774,Standard,C
L0005589,C001418,Education Loan,836471,7.82,2022-11-12,36,614430,Standard,A
L0005590,C001441,Personal Loan,2676166,16.29,2022-02-02,120,1140554,Standard,B
L0005591,C006022,Auto Loan,345041,9.95,2022-11-06,36,141248,Standard,B
L0005592,C004137,Education Loan,1969239,8.75,2025-07-01,24,1356055,Standard,B
L0005593,C007061,Home Loan,145617,15.3,2025-12-15,240,87588,Standard,A
L0005594,C000231,Auto Loan,106111,13.34,2023-10-04,60,77237,Standard,B
L0005595,C008945,Auto Loan,11367876,10.32,2025-12-27,36,2455419,Standard,B
L0005596,C008571,Education Loan,1267141,11.55,2022-10-19,84,401089,Standard,A
L0005597,C000464,Business Loan,105695,15.91,2023-09-13,48,98656,Standard,C
L0005598,C002557,Auto Loan,1004486,12.64,2022-01-10,60,634699,Standard,B
L0005599,C003266,Education Loan,802151,10.7,2021-10-30,84,765317,NPA,E
L0005600,C003494,Home Loan,585131,16.32,2022-10-28,24,379308,NPA,D
L0005601,C003185,Business Loan,396859,7.63,2023-11-01,24,323778,Standard,B
L0005602,C008437,Auto Loan,9494223,11.11,2025-01-02,120,6072269,Standard,B
L0005603,C004360,Business Loan,228906,9.25,2022-08-26,240,121976,Standard,A
L0005604,C006378,Personal Loan,397816,10.17,2021-01-14,48,131862,Standard,A
L0005605,C008123,Business Loan,855380,7.61,2025-01-12,24,382586,Standard,A
L0005606,C006404,Business Loan,2486932,12.11,2021-08-12,36,2080866,Standard,A
L0005607,C009713,Home Loan,2868549,7.58,2022-04-05,60,791217,Standard,C
L0005608,C007396,Personal Loan,2224861,10.93,2021-10-22,240,942292,Standard,C
L0005609,C004566,Personal Loan,449349,15.21,2023-10-04,60,366400,Standard,A
L0005610,C002738,Auto Loan,893101,15.4,2021-04-15,120,759119,NPA,D
L0005611,C003807,Business Loan,411326,14.7,2024-10-12,48,199820,NPA,E
L0005612,C006186,Home Loan,2150907,13.9,2021-06-12,60,932485,Standard,C
L0005613,C000366,Home Loan,262136,15.39,2024-12-08,24,197137,Standard,A
L0005614,C007198,Personal Loan,1180933,8.01,2021-05-21,120,913125,Standard,A
L0005615,C005501,Education Loan,259973,13.21,2024-10-07,60,150594,Standard,C
L0005616,C006625,Home Loan,423063,10.11,2024-01-08,60,182962,Standard,A
L0005617,C008021,Business Loan,788629,7.61,2025-12-26,24,361246,Standard,A
L0005618,C009151,Personal Loan,1976291,8.75,2021-10-17,48,1190759,Standard,B
L0005619,C008968,Business Loan,175516,7.94,2021-08-10,60,72596,Standard,B
L0005620,C007403,Personal Loan,1594848,8.59,2024-02-06,120,1017536,Standard,B
L0005621,C008423,Personal Loan,607040,14.52,2024-11-11,60,124831,Standard,A
L0005622,C008323,Personal Loan,559756,14.15,2023-04-02,60,255472,NPA,D
L0005623,C001550,Personal Loan,464458,7.58,2023-05-08,120,164689,Standard,A
L0005624,C009872,Business Loan,297942,13.22,2021-12-16,48,251400,Standard,A
L0005625,C003717,Business Loan,3199063,9.87,2024-09-30,36,1065238,Standard,C
L0005626,C004667,Home Loan,747122,13.37,2025-09-28,84,655230,Standard,C
L0005627,C008294,Business Loan,324336,7.78,2022-08-26,48,65725,Standard,B
L0005628,C004751,Home Loan,1169134,13.52,2022-12-11,180,603812,Standard,A
L0005629,C005346,Home Loan,15000000,12.95,2025-01-29,24,5319812,Standard,C
L0005630,C002316,Home Loan,1162446,7.34,2021-06-05,180,685196,Standard,A
L0005631,C007524,Home Loan,1650893,11.61,2025-04-01,120,842909,Standard,B
L0005632,C006479,Personal Loan,1151643,11.04,2023-01-25,48,433503,Standard,B
L0005633,C009465,Education Loan,168911,9.25,2022-02-24,48,144720,Standard,A
L0005634,C003688,Auto Loan,109292,11.21,2022-11-02,240,75152,Standard,B
L0005635,C001079,Home Loan,751611,13.55,2024-01-09,36,511454,Standard,A
L0005636,C004212,Business Loan,859100,15.41,2022-11-14,24,476021,Standard,A
L0005637,C003941,Auto Loan,1896957,13.7,2025-09-09,24,1151679,Standard,B
L0005638,C004173,Home Loan,1220345,7.68,2021-12-15,60,423096,Standard,C
L0005639,C009515,Auto Loan,3046606,14.01,2024-10-13,84,2626900,Standard,B
L0005640,C000964,Auto Loan,315303,9.92,2022-06-06,84,245743,Standard,A
L0005641,C009529,Home Loan,755036,10.54,2025-07-28,240,721011,Standard,A
L0005642,C008064,Education Loan,3862684,13.47,2025-03-03,84,1115199,Standard,A
L0005643,C000329,Business Loan,1044418,8.68,2023-11-29,240,733850,Standard,A
L0005644,C007409,Home Loan,5555068,7.99,2021-08-02,240,3156448,Standard,A
L0005645,C004516,Personal Loan,2114632,9.54,2021-02-23,24,2005219,Standard,A
L0005646,C007653,Personal Loan,400455,15.62,2024-05-03,36,327817,Standard,C
L0005647,C003878,Auto Loan,670599,11.44,2024-12-25,60,372901,Standard,C
L0005648,C004503,Home Loan,1327306,13.21,2022-05-21,24,970392,Standard,B
L0005649,C007698,Home Loan,111983,10.88,2021-04-08,180,51635,Standard,A
L0005650,C000924,Business Loan,161539,14.48,2022-05-11,60,154092,Standard,A
L0005651,C000850,Personal Loan,877060,11.82,2023-01-14,180,494684,Standard,A
L0005652,C007325,Education Loan,2448136,10.92,2025-08-12,60,930591,Standard,A
L0005653,C008971,Home Loan,1441387,8.04,2021-08-13,60,1143185,Standard,B
L0005654,C003743,Home Loan,189930,10.99,2021-04-15,48,98800,Standard,B
L0005655,C005290,Home Loan,271890,14.54,2023-01-06,180,126890,Standard,B
L0005656,C003702,Auto Loan,2380297,14.01,2025-11-16,36,1204534,NPA,D
L0005657,C003379,Business Loan,2305209,14.68,2023-01-23,36,473169,Standard,B
L0005658,C004862,Home Loan,382408,9.29,2023-02-21,84,90639,Standard,B
L0005659,C006753,Auto Loan,403644,16.18,2022-02-19,48,161177,Standard,B
L0005660,C000624,Education Loan,1498313,13.54,2025-04-19,60,756604,Standard,A
L0005661,C006426,Home Loan,209440,14.04,2025-12-17,84,67825,NPA,D
L0005662,C001536,Personal Loan,1286703,7.51,2023-09-26,240,261746,Standard,B
L0005663,C003739,Home Loan,413853,8.92,2022-11-27,24,94046,Standard,A
L0005664,C005073,Education Loan,149475,12.79,2022-11-03,60,118900,Standard,C
L0005665,C003106,Home Loan,1901431,9.69,2024-07-24,24,417906,Standard,A
L0005666,C003530,Home Loan,1300336,13.74,2024-11-15,36,1074466,Standard,C
L0005667,C006944,Personal Loan,620615,14.23,2022-06-19,48,208130,Standard,B
L0005668,C003994,Home Loan,3255233,9.14,2021-07-07,120,2899906,Standard,C
L0005669,C007849,Home Loan,5379806,10.56,2025-08-30,48,4161542,Standard,C
L0005670,C008279,Personal Loan,348716,15.76,2024-11-14,180,131225,Standard,C
L0005671,C005672,Personal Loan,179833,15.79,2021-06-05,84,38662,Standard,A
L0005672,C000376,Personal Loan,817277,16.41,2025-06-17,120,625463,Standard,C
L0005673,C007085,Personal Loan,2079638,15.54,2023-08-18,60,539325,Standard,C
L0005674,C002592,Personal Loan,295852,7.63,2025-08-23,60,269088,Standard,A
L0005675,C008992,Business Loan,3187901,13.97,2025-01-18,24,914272,Standard,A
L0005676,C009373,Education Loan,529681,10.8,2023-05-20,180,467642,Standard,A
L0005677,C006973,Home Loan,1599106,12.43,2025-01-28,36,994300,Standard,B
L0005678,C001540,Business Loan,1691849,13.29,2025-01-29,36,959116,Standard,A
L0005679,C001739,Business Loan,229424,12.51,2021-03-24,84,178594,NPA,D
L0005680,C004632,Auto Loan,369010,8.78,2023-03-17,120,246061,Standard,A
L0005681,C008089,Personal Loan,1506233,8.22,2022-08-11,48,976205,Standard,A
L0005682,C001054,Home Loan,156787,9.13,2025-05-19,24,123504,Standard,B
L0005683,C000632,Personal Loan,575356,9.83,2021-09-02,84,484996,Standard,A
L0005684,C000572,Home Loan,2213837,14.05,2021-03-11,24,517583,Standard,C
L0005685,C007050,Auto Loan,98131,10.71,2021-02-21,240,58061,Standard,A
L0005686,C008595,Business Loan,497639,8.07,2024-10-19,180,416733,Standard,A
L0005687,C000225,Personal Loan,1968501,9.75,2024-12-15,120,1562437,Standard,B
L0005688,C006408,Personal Loan,281464,7.41,2024-06-06,180,67482,Standard,C
L0005689,C008150,Personal Loan,640166,15.02,2025-08-20,36,369585,Standard,B
L0005690,C006852,Auto Loan,3778604,15.05,2025-07-12,180,2788181,Standard,C
L0005691,C001747,Home Loan,436598,13.11,2024-02-27,84,336423,Standard,B
L0005692,C007273,Education Loan,1851295,13.94,2024-10-09,36,470365,Standard,A
L0005693,C006868,Home Loan,808239,14.47,2025-01-07,84,709650,Standard,A
L0005694,C004030,Personal Loan,2725069,12.43,2021-04-18,36,1041302,Standard,A
L0005695,C004905,Auto Loan,6406271,14.69,2025-11-14,240,2214879,Standard,C
L0005696,C001952,Auto Loan,2135244,10.3,2024-11-11,84,534645,NPA,D
L0005697,C006968,Auto Loan,1244281,12.94,2025-07-01,48,782371,Standard,A
L0005698,C009571,Education Loan,2534436,12.4,2021-07-09,24,1199593,Standard,B
L0005699,C005804,Home Loan,1453270,9.22,2023-09-28,180,1339329,NPA,D
L0005700,C001801,Personal Loan,851650,14.72,2022-06-07,36,232093,Standard,B
L0005701,C003360,Personal Loan,10655298,8.44,2023-06-26,36,9576420,Standard,A
L0005702,C006292,Business Loan,305142,10.08,2025-01-04,120,185716,Standard,B
L0005703,C002038,Personal Loan,419367,12.03,2023-10-27,60,249686,Standard,A
L0005704,C002385,Auto Loan,3418038,12.36,2024-10-24,180,1844752,Standard,A
L0005705,C008891,Home Loan,897037,14.32,2023-08-10,120,853416,Standard,B
L0005706,C000707,Business Loan,198749,7.86,2022-02-09,240,178840,Standard,B
L0005707,C006078,Personal Loan,330569,13.45,2022-05-27,120,316660,Standard,A
L0005708,C002613,Personal Loan,327385,12.4,2023-07-31,60,277984,Standard,C
L0005709,C001158,Personal Loan,728045,9.79,2023-12-30,120,324471,Standard,C
L0005710,C004315,Home Loan,901092,16.48,2025-02-11,60,609085,Standard,A
L0005711,C001827,Home Loan,1480328,15.14,2025-12-07,24,775529,Standard,A
L0005712,C000257,Business Loan,2744778,7.32,2022-12-31,84,1523305,Standard,A
L0005713,C008796,Education Loan,50000,14.14,2025-10-02,24,30753,Standard,A
L0005714,C006594,Business Loan,1010348,13.27,2024-01-20,180,587514,Standard,A
L0005715,C000332,Home Loan,739076,11.82,2025-01-05,60,485202,Standard,A
L0005716,C000776,Personal Loan,425268,16.16,2021-02-21,240,122277,Standard,A
L0005717,C000086,Business Loan,556697,11.82,2024-02-21,60,538759,Standard,C
L0005718,C004239,Auto Loan,3222537,10.16,2024-10-21,36,2856820,Standard,A
L0005719,C008144,Business Loan,2435704,10.7,2024-11-23,24,1719564,Standard,B
L0005720,C009785,Home Loan,2512849,15.25,2023-11-14,84,802732,Standard,A
L0005721,C005086,Education Loan,1304333,8.25,2023-03-04,48,610521,Standard,B
L0005722,C007072,Business Loan,2521259,9.17,2021-06-11,84,1700618,Standard,A
L0005723,C002903,Education Loan,643557,9.04,2024-12-28,36,265095,Standard,A
L0005724,C009343,Home Loan,922766,14.49,2023-02-12,84,642827,Standard,A
L0005725,C008973,Auto Loan,310375,8.76,2022-08-24,60,259677,Standard,B
L0005726,C005818,Personal Loan,896424,10.19,2025-12-27,24,490918,Standard,B
L0005727,C007065,Auto Loan,4650285,9.06,2021-08-29,240,1996367,Standard,A
L0005728,C004372,Auto Loan,1846596,10.07,2025-02-24,36,1196324,Standard,A
L0005729,C004166,Personal Loan,4187742,13.45,2025-10-04,48,3126507,Standard,A
L0005730,C003622,Auto Loan,2805171,11.71,2024-11-24,120,1035273,Standard,A
L0005731,C009055,Business Loan,454039,11.41,2025-09-29,60,188594,Standard,B
L0005732,C006097,Education Loan,1381600,15.84,2021-12-07,60,948565,Standard,A
L0005733,C008611,Auto Loan,253660,15.81,2021-07-12,24,62206,Standard,A
L0005734,C004331,Auto Loan,462131,7.8,2023-11-03,60,136211,Standard,A
L0005735,C006503,Auto Loan,802441,10.64,2021-12-14,48,729918,Standard,B
L0005736,C002144,Auto Loan,1044945,12.41,2025-07-18,60,909016,Standard,B
L0005737,C003133,Personal Loan,2701035,12.21,2025-06-24,180,733886,Standard,A
L0005738,C008872,Personal Loan,968129,13.36,2024-03-07,84,870803,Standard,C
L0005739,C006248,Personal Loan,1202947,8.1,2024-02-23,48,872606,Standard,B
L0005740,C006160,Home Loan,862221,10.06,2022-09-30,240,763036,Standard,A
L0005741,C002351,Home Loan,581935,8.1,2021-12-19,24,474398,Standard,C
L0005742,C007647,Auto Loan,174452,16.43,2022-04-08,180,55211,Standard,B
L0005743,C002723,Personal Loan,706830,8.82,2023-05-26,60,617559,Standard,B
L0005744,C007155,Personal Loan,273381,12.46,2023-03-12,24,263144,Standard,A
L0005745,C004357,Auto Loan,422873,13.65,2022-08-31,48,374547,Standard,B
L0005746,C004988,Auto Loan,2973160,16.41,2022-12-03,84,1041531,Standard,B
L0005747,C002491,Personal Loan,2230945,13.57,2023-09-02,36,520138,Standard,B
L0005748,C001267,Business Loan,325894,11.22,2021-11-26,180,273100,Standard,B
L0005749,C001515,Home Loan,1774885,10.82,2023-04-29,180,1411255,Standard,C
L0005750,C003140,Home Loan,612654,11.33,2021-06-06,84,598990,Standard,A
L0005751,C001882,Business Loan,113364,14.97,2024-05-28,240,104506,Standard,B
L0005752,C009304,Home Loan,306434,14.4,2023-05-17,36,107017,Standard,B
L0005753,C005665,Education Loan,2638995,15.94,2024-06-26,240,850835,Standard,A
L0005754,C005699,Personal Loan,296703,13.26,2022-04-05,48,160704,Standard,A
L0005755,C004081,Auto Loan,4389737,15.76,2024-05-08,36,3106065,Standard,C
L0005756,C004236,Personal Loan,518988,16.43,2023-05-26,24,245544,Standard,A
L0005757,C006571,Personal Loan,2903363,12.42,2025-11-29,180,1570106,Standard,A
L0005758,C001044,Auto Loan,2082418,13.95,2025-12-22,240,1210039,Standard,A
L0005759,C005840,Business Loan,515545,9.15,2024-04-27,48,258701,Standard,A
L0005760,C006498,Auto Loan,1305309,16.28,2025-05-18,84,292068,NPA,D
L0005761,C003845,Home Loan,787970,10.73,2021-07-28,120,379752,Standard,B
L0005762,C008968,Personal Loan,1936676,13.89,2022-07-06,120,686964,Standard,A
L0005763,C002198,Home Loan,173846,11.9,2025-05-10,48,47900,Standard,A
L0005764,C003999,Business Loan,837368,7.7,2025-11-23,48,347785,Standard,B
L0005765,C002415,Business Loan,1801743,10.69,2023-07-16,36,898042,Standard,A
L0005766,C002703,Personal Loan,354215,15.84,2023-01-10,60,76444,Standard,B
L0005767,C002472,Education Loan,165165,8.42,2022-11-16,60,153309,Standard,A
L0005768,C001235,Business Loan,176993,10.22,2022-02-10,240,45043,Standard,C
L0005769,C004741,Personal Loan,1310067,9.52,2024-07-02,84,508392,Standard,A
L0005770,C008766,Home Loan,4485163,11.71,2022-01-03,84,3324524,Standard,A
L0005771,C002126,Business Loan,659096,14.01,2025-04-13,120,636759,Standard,B
L0005772,C004766,Home Loan,649130,7.44,2022-03-18,240,575167,Standard,A
L0005773,C003332,Education Loan,50000,10.04,2025-11-22,240,14166,Standard,B
L0005774,C005152,Auto Loan,1146440,11.99,2022-09-13,48,482673,Standard,C
L0005775,C008044,Personal Loan,728028,10.59,2022-04-11,60,181422,Standard,A
L0005776,C004669,Home Loan,2270071,14.65,2025-01-06,84,1553848,NPA,D
L0005777,C004970,Auto Loan,1924491,15.17,2024-09-21,240,1599344,Standard,A
L0005778,C003272,Home Loan,248675,8.1,2022-08-14,84,97028,Standard,A
L0005779,C009432,Personal Loan,600694,12.34,2024-12-14,240,271894,Standard,B
L0005780,C004943,Education Loan,15000000,9.69,2021-07-17,36,11596622,Standard,B
L0005781,C003160,Business Loan,1401277,8.77,2023-01-16,120,631583,Standard,B
L0005782,C001894,Business Loan,1651398,14.3,2021-10-20,84,728899,Standard,A
L0005783,C008117,Home Loan,498009,16.0,2023-09-03,240,351931,NPA,E
L0005784,C006241,Auto Loan,633916,15.28,2025-04-01,24,155068,NPA,D
L0005785,C003069,Education Loan,746269,10.88,2021-06-01,240,606916,NPA,E
L0005786,C005815,Auto Loan,1222716,7.57,2022-02-16,24,347566,Standard,B
L0005787,C006256,Home Loan,4202092,10.33,2022-11-10,48,1101983,Standard,C
L0005788,C001480,Auto Loan,422140,8.25,2024-02-13,24,261607,Standard,B
L0005789,C007225,Home Loan,794176,11.09,2024-08-03,60,640911,Standard,A
L0005790,C005102,Home Loan,1424513,12.46,2024-04-25,60,789941,Standard,B
L0005791,C002741,Education Loan,451383,7.43,2022-09-23,60,127480,Standard,A
L0005792,C004801,Auto Loan,1552409,12.07,2024-04-06,60,889193,Standard,A
L0005793,C005948,Home Loan,2203122,7.68,2021-10-01,240,2064067,Standard,B
L0005794,C004966,Home Loan,1033285,7.34,2022-02-06,84,686191,Standard,A
L0005795,C001861,Home Loan,230772,9.54,2023-06-17,48,136023,Standard,A
L0005796,C000906,Auto Loan,1703644,14.06,2024-08-07,180,527992,Standard,B
L0005797,C000833,Auto Loan,1265438,8.93,2021-07-06,48,354941,Standard,A
L0005798,C005334,Home Loan,412767,12.9,2025-07-16,60,330398,Standard,B
L0005799,C003345,Personal Loan,1624020,12.57,2025-06-04,60,1360709,Standard,B
L0005800,C008075,Personal Loan,1895281,11.98,2025-11-16,48,492813,Standard,A
L0005801,C002689,Home Loan,757769,15.9,2023-07-22,36,688175,Standard,B
L0005802,C008855,Personal Loan,1968863,7.47,2021-10-10,84,1237049,Standard,A
L0005803,C005689,Auto Loan,2000041,11.2,2024-09-21,60,1216174,Standard,B
L0005804,C009027,Home Loan,1449379,12.09,2025-12-23,24,1057495,Standard,B
L0005805,C006681,Personal Loan,304754,13.0,2021-12-06,24,147304,Standard,A
L0005806,C008093,Auto Loan,575228,13.55,2021-12-22,240,466180,Standard,A
L0005807,C006210,Auto Loan,3845662,9.32,2023-10-11,60,3394455,Standard,A
L0005808,C004331,Home Loan,270768,14.61,2021-07-24,240,119148,Standard,C
L0005809,C006906,Home Loan,354336,12.22,2023-07-13,84,188613,Standard,B
L0005810,C008757,Education Loan,493493,12.82,2022-02-11,180,153545,Standard,C
L0005811,C005903,Education Loan,278745,11.47,2021-06-30,48,226881,NPA,E
L0005812,C005558,Home Loan,1178032,15.72,2025-02-09,48,511927,Standard,B
L0005813,C003208,Business Loan,1636383,9.91,2025-09-08,120,965164,Standard,A
L0005814,C007490,Auto Loan,816646,15.81,2022-09-11,180,196267,Standard,A
L0005815,C006517,Business Loan,731626,13.7,2024-05-03,180,431462,NPA,D
L0005816,C007119,Business Loan,1339792,14.8,2025-06-12,48,303915,Standard,B
L0005817,C001079,Personal Loan,682311,13.03,2025-09-26,84,257693,Standard,B
L0005818,C004691,Education Loan,83644,10.03,2025-11-04,84,20780,Standard,A
L0005819,C009409,Auto Loan,136881,14.26,2025-08-17,24,31623,Standard,A
L0005820,C007310,Home Loan,935167,11.55,2023-01-10,120,306466,NPA,E
L0005821,C009215,Business Loan,1199115,13.62,2022-10-01,84,604180,NPA,E
L0005822,C005923,Business Loan,266477,9.18,2021-02-01,84,116019,Standard,B
L0005823,C007640,Education Loan,261438,7.63,2022-02-17,240,104330,Standard,A
L0005824,C002224,Education Loan,1512807,13.1,2024-03-03,36,662540,Standard,A
L0005825,C009529,Auto Loan,228480,15.33,2021-06-10,36,49175,Standard,B
L0005826,C003485,Home Loan,748188,14.3,2023-03-20,36,657371,Standard,B
L0005827,C002999,Personal Loan,501486,15.22,2023-02-25,48,485761,Standard,A
L0005828,C003367,Personal Loan,1181705,7.35,2021-10-30,24,278548,Standard,A
L0005829,C001328,Business Loan,101504,15.3,2024-10-01,36,68637,Standard,A
L0005830,C003432,Home Loan,1541951,10.65,2022-01-01,60,1395802,Standard,A
L0005831,C007792,Home Loan,2234700,8.19,2024-06-09,36,1638944,Standard,A
L0005832,C006990,Personal Loan,500307,14.27,2025-08-04,48,158750,Standard,C
L0005833,C006057,Home Loan,1180177,12.69,2022-12-25,24,942399,NPA,E
L0005834,C005780,Personal Loan,403288,10.06,2023-12-01,36,372045,Standard,B
L0005835,C006446,Auto Loan,1308922,15.49,2022-08-09,240,721867,NPA,D
L0005836,C003264,Auto Loan,223223,15.59,2025-03-10,240,166413,NPA,E
L0005837,C000060,Home Loan,315521,12.47,2021-11-26,180,215050,Standard,A
L0005838,C002940,Personal Loan,288842,15.77,2024-01-13,24,230841,Standard,B
L0005839,C009008,Personal Loan,1148043,7.75,2023-06-29,60,438043,Standard,B
L0005840,C008310,Personal Loan,1824982,9.08,2023-07-18,84,997036,Standard,A
L0005841,C007714,Personal Loan,109230,13.74,2023-10-04,84,38618,Standard,C
L0005842,C003776,Home Loan,744543,8.99,2024-07-05,48,467436,Standard,B
L0005843,C008354,Business Loan,667471,14.63,2024-07-23,24,226123,Standard,B
L0005844,C002231,Auto Loan,790088,9.5,2025-04-03,48,741893,Standard,A
L0005845,C004881,Auto Loan,1017562,14.05,2024-01-31,24,715868,Standard,A
L0005846,C000595,Business Loan,456662,15.21,2024-06-23,36,409037,Standard,B
L0005847,C002865,Business Loan,319621,14.81,2023-01-12,36,192430,NPA,D
L0005848,C007467,Education Loan,502113,8.5,2024-09-25,48,446443,Standard,B
L0005849,C000949,Business Loan,1473892,14.29,2024-02-14,84,363725,Standard,B
L0005850,C009367,Auto Loan,374873,15.46,2022-10-19,60,322183,Standard,B
L0005851,C008766,Home Loan,1719063,10.23,2023-03-03,84,1116945,Standard,A
L0005852,C005232,Home Loan,226218,11.48,2023-05-21,180,121437,Standard,B
L0005853,C001922,Home Loan,306870,16.4,2022-09-16,180,277355,Standard,A
L0005854,C004832,Business Loan,247088,16.07,2022-09-17,120,109709,Standard,B
L0005855,C001854,Education Loan,103716,8.87,2021-06-26,48,23826,Standard,B
L0005856,C000531,Auto Loan,93435,11.03,2024-12-23,240,35810,Standard,A
L0005857,C003244,Business Loan,1994962,15.2,2021-12-23,240,702347,Standard,A
L0005858,C005207,Education Loan,1639783,15.46,2024-08-28,60,419499,Standard,B
L0005859,C007111,Home Loan,422929,10.75,2023-04-12,24,185019,Standard,A
L0005860,C009952,Home Loan,664652,7.24,2021-06-16,180,590418,Standard,A
L0005861,C004608,Personal Loan,77099,15.5,2022-11-22,84,70028,Standard,A
L0005862,C005106,Home Loan,1761345,11.03,2023-03-10,48,1639475,Standard,B
L0005863,C009311,Personal Loan,74861,12.58,2022-09-13,24,66884,Standard,A
L0005864,C009896,Personal Loan,865621,14.24,2025-09-10,120,690618,Standard,C
L0005865,C009655,Business Loan,761745,12.8,2023-03-18,84,472490,NPA,D
L0005866,C005036,Home Loan,663939,9.48,2021-08-31,240,420675,Standard,A
L0005867,C004828,Home Loan,338538,7.92,2025-03-15,84,181452,Standard,A
L0005868,C004610,Education Loan,848229,16.16,2023-04-03,84,727458,Standard,B
L0005869,C002461,Home Loan,478971,11.73,2022-11-07,36,378608,Standard,A
L0005870,C000096,Auto Loan,1845820,7.27,2025-07-04,84,792764,Standard,A
L0005871,C006343,Business Loan,1424282,13.81,2024-11-10,240,1285406,Standard,A
L0005872,C006941,Business Loan,2952582,11.02,2023-01-20,84,1900228,Standard,B
L0005873,C001079,Personal Loan,303990,8.76,2022-06-16,60,161155,Standard,B
L0005874,C009349,Auto Loan,1065610,10.64,2025-10-31,36,738174,Standard,C
L0005875,C003586,Business Loan,544949,10.5,2022-07-29,36,324638,Standard,B
L0005876,C005366,Auto Loan,238064,11.0,2021-03-31,180,221375,Standard,A
L0005877,C003057,Education Loan,250617,13.47,2023-05-19,240,87675,Standard,B
L0005878,C000487,Education Loan,1579751,7.47,2025-04-07,48,411142,Standard,B
L0005879,C005117,Business Loan,412464,10.84,2024-07-18,240,102833,Standard,C
L0005880,C002013,Business Loan,579334,13.13,2023-02-01,60,232387,Standard,B
L0005881,C007210,Business Loan,240614,16.48,2024-03-23,60,235731,Standard,B
L0005882,C009192,Business Loan,463351,12.87,2024-10-14,120,366347,Standard,C
L0005883,C004876,Business Loan,242903,15.81,2024-07-27,36,149152,Standard,A
L0005884,C000794,Personal Loan,976088,10.64,2021-11-23,36,314541,Standard,A
L0005885,C000645,Personal Loan,1193947,11.66,2021-06-12,48,377300,Standard,B
L0005886,C000041,Personal Loan,1380588,16.06,2022-07-02,120,729081,Standard,A
L0005887,C007626,Auto Loan,67681,10.71,2023-02-10,120,28858,Standard,B
L0005888,C009996,Business Loan,537156,13.68,2024-09-07,60,354946,Standard,C
L0005889,C006208,Auto Loan,1099526,7.96,2023-01-30,60,558946,Standard,A
L0005890,C005473,Home Loan,408509,10.79,2022-06-08,84,315812,Standard,B
L0005891,C006341,Home Loan,1054275,9.46,2023-12-11,60,728474,Standard,A
L0005892,C005349,Home Loan,1117956,9.47,2025-05-03,240,657985,Standard,A
L0005893,C003230,Home Loan,2233837,14.05,2025-10-23,60,1599830,Standard,A
L0005894,C003611,Education Loan,647591,10.41,2025-10-04,180,255981,Standard,A
L0005895,C002425,Home Loan,625274,8.5,2023-02-18,60,597217,Standard,B
L0005896,C009713,Personal Loan,3695476,15.97,2023-11-09,60,2879949,Standard,C
L0005897,C003166,Home Loan,469710,9.14,2021-12-30,120,275867,Standard,B
L0005898,C000491,Personal Loan,993034,16.49,2023-01-03,84,350481,Standard,B
L0005899,C000814,Auto Loan,953007,7.36,2022-11-08,24,195477,Standard,A
L0005900,C003277,Business Loan,1005093,8.65,2021-10-28,84,216522,Standard,A
L0005901,C008729,Auto Loan,723084,12.92,2023-06-12,36,287693,Standard,B
L0005902,C005071,Education Loan,951744,15.94,2023-05-21,48,590834,Standard,B
L0005903,C007413,Personal Loan,883816,14.43,2024-02-08,84,336199,Standard,A
L0005904,C006255,Personal Loan,8003656,10.41,2023-11-25,240,4753096,Standard,A
L0005905,C007746,Personal Loan,464662,12.91,2023-06-27,240,207512,Standard,B
L0005906,C002922,Personal Loan,597008,16.38,2023-07-24,60,286761,Standard,A
L0005907,C005963,Home Loan,5801311,8.52,2021-06-11,180,4963284,Standard,A
L0005908,C004929,Home Loan,708725,10.14,2021-01-16,180,239356,Standard,B
L0005909,C008377,Home Loan,934064,14.18,2021-03-30,60,859392,Standard,A
L0005910,C004022,Personal Loan,373105,10.34,2024-08-14,240,297233,Standard,A
L0005911,C008686,Personal Loan,343538,12.01,2021-09-02,120,273186,Standard,B
L0005912,C003104,Personal Loan,987152,12.35,2024-06-09,36,893820,Standard,B
L0005913,C009146,Auto Loan,250116,14.54,2022-06-12,180,214811,Standard,A
L0005914,C001613,Personal Loan,283087,15.04,2023-05-20,36,70429,Standard,B
L0005915,C003590,Auto Loan,1093345,15.18,2025-09-11,180,995325,Standard,A
L0005916,C006281,Home Loan,1741398,14.12,2023-12-23,180,1198069,Standard,C
L0005917,C004127,Auto Loan,203038,11.12,2022-06-02,60,111002,Standard,C
L0005918,C004692,Business Loan,303428,14.75,2022-04-04,36,65048,Standard,B
L0005919,C002500,Personal Loan,3842836,11.73,2025-05-01,240,3399073,Standard,A
L0005920,C005670,Business Loan,212872,8.26,2023-12-26,48,178984,Standard,B
L0005921,C003623,Business Loan,628532,9.73,2022-12-08,48,404092,Standard,A
L0005922,C007718,Personal Loan,164913,11.76,2022-08-10,120,49675,Standard,A
L0005923,C002513,Personal Loan,631176,8.52,2024-01-20,120,382521,Standard,C
L0005924,C004392,Personal Loan,183645,12.11,2022-09-01,24,93246,Standard,A
L0005925,C009447,Personal Loan,2439042,12.55,2025-12-11,120,1561070,Standard,B
L0005926,C005538,Home Loan,1055444,15.44,2023-09-05,48,335500,Standard,B
L0005927,C007015,Home Loan,1172753,9.57,2024-06-08,120,682885,Standard,A
L0005928,C007779,Business Loan,2526779,14.02,2022-05-07,36,1938141,Standard,B
L0005929,C003839,Home Loan,199800,16.27,2022-08-24,48,111895,Standard,B
L0005930,C006677,Auto Loan,330056,14.8,2024-04-05,24,269722,Standard,A
L0005931,C000914,Personal Loan,258324,13.2,2025-09-05,48,115608,Standard,B
L0005932,C004527,Business Loan,529721,13.13,2025-09-13,120,139740,NPA,E
L0005933,C001678,Business Loan,208038,14.64,2021-07-04,36,129503,Standard,B
L0005934,C001308,Home Loan,169132,11.67,2024-04-24,24,157306,Standard,C
L0005935,C006418,Business Loan,1266765,12.58,2022-02-04,84,850774,Standard,A
L0005936,C004051,Auto Loan,1099666,13.01,2023-05-18,36,607215,Standard,A
L0005937,C006050,Auto Loan,470602,10.82,2023-01-27,84,243395,Standard,A
L0005938,C003663,Home Loan,2185483,8.27,2023-10-02,48,1747059,Standard,B
L0005939,C001812,Auto Loan,1760974,7.22,2023-10-11,24,1196685,Standard,A
L0005940,C006564,Personal Loan,698490,15.14,2025-02-12,120,545877,Standard,B
L0005941,C005069,Education Loan,963827,7.26,2025-05-10,36,269751,Standard,A
L0005942,C006229,Personal Loan,1242950,7.27,2021-07-12,24,1069250,Standard,B
L0005943,C004042,Education Loan,193442,11.17,2021-04-17,60,181650,Standard,A
L0005944,C006846,Business Loan,711034,10.81,2022-08-03,60,356477,Standard,A
L0005945,C004967,Home Loan,463693,8.9,2023-09-30,48,289357,Standard,A
L0005946,C007107,Home Loan,348711,12.74,2022-11-01,60,84727,Standard,A
L0005947,C009158,Education Loan,3495310,9.89,2023-03-29,120,3327857,Standard,A
L0005948,C005734,Personal Loan,263577,13.94,2021-02-09,240,193330,Standard,A
L0005949,C009691,Personal Loan,552126,11.66,2023-02-15,84,127348,Standard,A
L0005950,C005086,Home Loan,78127,11.77,2022-08-14,48,35490,Standard,C
L0005951,C007966,Home Loan,1122688,13.86,2023-10-10,24,588950,Standard,A
L0005952,C000002,Home Loan,377994,10.78,2025-06-02,24,197199,Standard,A
L0005953,C007946,Home Loan,1317039,13.28,2022-10-10,24,451074,Standard,B
L0005954,C003515,Education Loan,216731,16.33,2023-02-24,120,189325,NPA,D
L0005955,C009876,Business Loan,719213,14.75,2023-01-07,48,147564,Standard,A
L0005956,C000528,Personal Loan,428941,15.29,2023-04-22,84,85984,Standard,B
L0005957,C009220,Personal Loan,9267527,8.37,2025-03-06,120,7521190,NPA,E
L0005958,C000728,Personal Loan,370141,8.68,2025-10-25,24,90634,Standard,B
L0005959,C001073,Personal Loan,1071199,15.89,2023-06-27,180,999942,Standard,A
L0005960,C000009,Business Loan,533640,15.38,2023-09-17,240,512672,Standard,A
L0005961,C007938,Home Loan,682866,13.62,2024-09-02,60,220935,Standard,A
L0005962,C002794,Home Loan,527531,11.8,2021-02-14,36,500462,Standard,C
L0005963,C003020,Auto Loan,2115977,8.88,2025-10-11,36,1744614,Standard,C
L0005964,C009184,Personal Loan,345381,8.43,2023-09-26,180,236155,Standard,B
L0005965,C000906,Home Loan,2666496,14.01,2021-08-16,120,553612,Standard,C
L0005966,C001411,Business Loan,1690714,13.44,2022-06-14,240,1408871,Standard,A
L0005967,C003477,Home Loan,1093372,8.1,2023-04-12,120,562758,Standard,B
L0005968,C001637,Education Loan,398719,7.56,2022-01-12,60,327451,Standard,B
L0005969,C008958,Personal Loan,3923322,9.17,2023-02-25,84,3741187,Standard,B
L0005970,C002923,Home Loan,897647,9.18,2021-10-06,84,347270,Standard,C
L0005971,C000075,Auto Loan,2296510,14.41,2025-11-15,84,1704467,Standard,A
L0005972,C007670,Business Loan,1687145,11.78,2022-09-10,180,1115310,Standard,A
L0005973,C007660,Business Loan,679403,13.09,2023-02-03,60,603197,Standard,B
L0005974,C002808,Home Loan,524438,10.51,2025-11-22,48,318601,Standard,A
L0005975,C005837,Personal Loan,1815826,8.95,2025-10-06,240,1030110,Standard,C
L0005976,C001025,Business Loan,392998,12.46,2022-05-30,48,150892,Standard,C
L0005977,C004771,Home Loan,194512,13.58,2024-08-29,36,126304,Standard,B
L0005978,C009222,Personal Loan,651163,9.42,2021-06-08,48,584940,Standard,C
L0005979,C005906,Auto Loan,380988,16.1,2023-01-14,120,306976,NPA,D
L0005980,C000585,Personal Loan,605312,11.27,2023-03-21,24,357946,Standard,B
L0005981,C005911,Education Loan,232143,15.37,2025-11-22,24,136020,Standard,B
L0005982,C007548,Personal Loan,5415074,9.01,2022-09-22,24,1195493,Standard,B
L0005983,C008550,Education Loan,1272128,7.47,2023-01-03,24,1015115,Standard,A
L0005984,C008618,Auto Loan,151183,13.19,2025-06-14,84,130828,Standard,B
L0005985,C005887,Business Loan,221372,7.73,2021-04-13,60,119649,Standard,B
L0005986,C008566,Education Loan,489099,12.99,2022-12-16,48,456380,Standard,A
L0005987,C005334,Education Loan,234967,11.61,2023-08-17,24,152420,Standard,A
L0005988,C009596,Personal Loan,576293,13.32,2023-03-28,240,218658,Standard,B
L0005989,C000881,Education Loan,234982,7.98,2022-09-24,36,116844,Standard,A
L0005990,C004361,Personal Loan,1273126,10.28,2022-07-04,24,1000046,NPA,E
L0005991,C003762,Auto Loan,1364424,12.47,2025-05-29,240,531242,Standard,B
L0005992,C004214,Business Loan,1065764,15.35,2025-08-24,120,689275,Standard,B
L0005993,C001961,Home Loan,1043207,12.83,2025-03-07,240,370695,Standard,A
L0005994,C001426,Business Loan,349077,8.75,2021-06-10,60,225802,Standard,B
L0005995,C007411,Education Loan,898308,10.53,2022-07-10,120,331649,Standard,A
L0005996,C005642,Home Loan,1480763,7.64,2022-08-26,60,768704,Standard,A
L0005997,C003791,Business Loan,682669,12.5,2022-10-11,180,343501,Standard,B
L0005998,C008293,Auto Loan,793843,8.78,2022-11-20,120,261993,Standard,A
L0005999,C007762,Education Loan,262477,13.37,2022-06-08,24,138398,Standard,B
L0006000,C000517,Personal Loan,1378814,14.44,2022-03-02,24,335156,Standard,A
L0006001,C007845,Business Loan,1740548,7.82,2021-01-16,180,1688977,Standard,B
L0006002,C004973,Business Loan,1175845,7.64,2025-02-15,60,469978,Standard,C
L0006003,C007816,Personal Loan,989044,13.28,2022-12-20,84,752743,Standard,B
L0006004,C002722,Education Loan,274403,15.54,2022-06-28,84,207302,Standard,A
L0006005,C002266,Education Loan,1422092,16.46,2023-08-22,180,1050570,Standard,A
L0006006,C002408,Education Loan,2854637,7.56,2021-05-27,240,2585588,Standard,B
L0006007,C001455,Personal Loan,81864,15.08,2021-11-14,48,22942,Standard,A
L0006008,C002602,Auto Loan,761424,14.32,2023-12-01,84,181048,Standard,A
L0006009,C002287,Personal Loan,911711,7.22,2025-03-21,120,212802,Standard,B
L0006010,C001651,Business Loan,439834,13.19,2025-03-09,36,254333,Standard,A
L0006011,C005513,Auto Loan,2144476,13.54,2023-04-09,36,1958446,Standard,B
L0006012,C001445,Business Loan,352326,7.88,2025-08-13,120,225181,Standard,A
L0006013,C000858,Education Loan,339621,10.67,2022-07-27,120,164223,Standard,A
L0006014,C009220,Auto Loan,2237768,12.91,2024-10-01,24,1263802,Standard,C
L0006015,C008922,Education Loan,766533,10.08,2023-03-31,84,299719,Standard,A
L0006016,C003723,Auto Loan,321950,12.32,2021-06-11,24,247744,Standard,C
L0006017,C003461,Auto Loan,1284310,9.28,2021-01-06,240,1034821,Standard,B
L0006018,C009334,Home Loan,361436,13.21,2022-04-07,60,142636,NPA,E
L0006019,C008599,Home Loan,448982,8.93,2021-04-02,36,364237,Standard,C
L0006020,C006387,Business Loan,263689,9.37,2023-09-09,180,101652,Standard,A
L0006021,C005348,Auto Loan,700620,13.98,2023-03-25,48,348916,Standard,A
L0006022,C003319,Education Loan,223723,8.37,2023-10-27,180,53598,Standard,B
L0006023,C002465,Personal Loan,1751280,11.9,2021-06-14,84,532122,Standard,B
L0006024,C005205,Business Loan,996304,14.41,2021-11-15,120,435089,Standard,C
L0006025,C007828,Business Loan,452735,14.24,2021-09-21,36,268095,Standard,B
L0006026,C000594,Home Loan,271844,11.98,2021-06-17,120,237028,Standard,A
L0006027,C007132,Home Loan,630885,14.58,2022-09-30,180,528163,Standard,C
L0006028,C009276,Home Loan,297093,10.91,2021-06-13,60,231078,Standard,B
L0006029,C009179,Personal Loan,491863,16.11,2021-05-12,84,218974,Standard,B
L0006030,C007512,Home Loan,300235,11.53,2022-05-20,48,235609,Standard,B
L0006031,C002310,Business Loan,2118029,16.28,2022-01-29,60,1517571,Standard,A
L0006032,C005092,Auto Loan,1771504,14.9,2024-09-16,24,916310,Standard,B
L0006033,C004272,Business Loan,122918,7.21,2024-05-15,48,98633,Standard,C
L0006034,C005962,Home Loan,1068299,10.04,2022-12-03,240,756709,Standard,B
L0006035,C005211,Business Loan,1682449,10.09,2022-08-31,24,892139,Standard,C
L0006036,C009949,Personal Loan,852182,8.89,2025-02-28,180,414257,Standard,A
L0006037,C003814,Business Loan,664461,10.02,2021-07-18,120,534388,Standard,A
L0006038,C005372,Auto Loan,1318246,10.76,2023-11-01,240,296848,Standard,B
L0006039,C001283,Personal Loan,1156590,14.28,2023-07-21,48,366566,Standard,A
L0006040,C004368,Education Loan,1282349,15.91,2025-01-27,36,340354,Standard,B
L0006041,C002279,Personal Loan,2962943,12.46,2023-04-03,48,2735644,Standard,B
L0006042,C001996,Personal Loan,704396,15.79,2023-03-12,24,215559,Standard,B
L0006043,C001145,Auto Loan,733622,14.05,2024-10-15,120,470370,Standard,C
L0006044,C006140,Personal Loan,100891,14.42,2023-03-14,24,86060,NPA,D
L0006045,C005619,Home Loan,823728,15.76,2024-01-24,240,549019,Standard,B
L0006046,C003556,Business Loan,1698627,10.32,2022-07-05,180,627834,Standard,C
L0006047,C003234,Auto Loan,1701920,9.95,2025-06-21,240,868320,Standard,B
L0006048,C005467,Personal Loan,2129437,13.84,2024-08-09,48,1844005,Standard,B
L0006049,C007040,Auto Loan,901227,9.8,2022-05-10,36,770007,Standard,A
L0006050,C008453,Personal Loan,276089,11.98,2023-03-21,36,236473,Standard,A
L0006051,C002275,Personal Loan,3419490,10.19,2024-07-11,84,2117784,Standard,B
L0006052,C008560,Business Loan,2531829,9.78,2025-03-22,36,1451746,Standard,A
L0006053,C002022,Home Loan,1013977,10.19,2021-11-07,84,520674,Standard,A
L0006054,C004430,Auto Loan,587902,16.27,2025-10-30,120,189309,Standard,C
L0006055,C003726,Business Loan,723132,15.03,2023-02-19,84,202887,Standard,B
L0006056,C005589,Business Loan,143952,13.37,2022-07-27,60,53125,Standard,B
L0006057,C006990,Home Loan,202559,9.23,2024-03-07,180,70365,Standard,B
L0006058,C007379,Personal Loan,2460735,9.96,2022-10-16,36,2207009,Standard,A
L0006059,C002386,Auto Loan,689688,15.89,2025-03-05,84,534842,Standard,B
L0006060,C008959,Auto Loan,347200,12.04,2021-11-30,240,155201,NPA,E
L0006061,C000595,Auto Loan,1722268,7.73,2022-12-02,60,997732,Standard,A
L0006062,C001052,Home Loan,757249,14.13,2022-08-28,36,592553,Standard,B
L0006063,C005557,Personal Loan,1183422,9.79,2022-12-30,24,1038516,Standard,A
L0006064,C007971,Auto Loan,101571,8.41,2024-01-10,60,46624,Standard,C
L0006065,C003557,Personal Loan,311849,14.02,2024-09-15,24,197698,Standard,A
L0006066,C006919,Home Loan,815040,9.23,2021-10-14,120,294656,Standard,A
L0006067,C009927,Business Loan,665798,15.03,2024-08-24,36,192182,Standard,A
L0006068,C005685,Auto Loan,102881,14.03,2022-07-29,180,39906,Standard,B
L0006069,C003809,Education Loan,2074822,16.13,2025-08-27,240,1390155,Standard,B
L0006070,C008175,Business Loan,616463,14.13,2024-01-12,240,173374,Standard,A
L0006071,C008482,Home Loan,1399207,10.57,2024-08-06,60,428557,Standard,A
L0006072,C007480,Auto Loan,473637,15.07,2023-01-26,84,273857,Standard,B
L0006073,C005653,Personal Loan,293754,10.42,2023-05-30,36,237109,Standard,A
L0006074,C001480,Education Loan,1225852,11.1,2021-01-22,240,333647,Standard,A
L0006075,C008471,Personal Loan,50000,11.16,2024-05-20,24,16548,Standard,C
L0006076,C003671,Auto Loan,275206,7.74,2023-12-17,120,69329,Standard,A
L0006077,C006948,Home Loan,1457078,15.37,2025-07-12,60,823758,Standard,B
L0006078,C004362,Auto Loan,563511,9.8,2021-04-10,48,402318,Standard,B
L0006079,C005798,Home Loan,1144585,10.26,2024-10-12,120,1030514,Standard,B
L0006080,C001972,Personal Loan,6297571,10.45,2023-07-11,240,2096228,Standard,B
L0006081,C006245,Home Loan,296787,14.6,2025-08-18,48,252828,Standard,A
L0006082,C006885,Personal Loan,947725,13.78,2021-01-29,84,632705,Standard,A
L0006083,C000067,Education Loan,1041009,15.64,2024-04-08,60,945310,Standard,B
L0006084,C009035,Auto Loan,3094045,10.96,2025-06-06,60,1641595,Standard,A
L0006085,C004140,Home Loan,987781,13.02,2022-07-31,84,504386,Standard,B
L0006086,C008371,Auto Loan,263475,13.86,2023-12-04,48,131773,Standard,A
L0006087,C007468,Auto Loan,99919,9.68,2021-12-22,36,74396,Standard,A
L0006088,C002853,Auto Loan,1677809,13.54,2025-03-03,120,584000,Standard,B
L0006089,C000270,Personal Loan,692140,14.78,2024-08-21,36,189446,Standard,A
L0006090,C002439,Personal Loan,1378896,12.79,2022-09-27,60,707531,Standard,C
L0006091,C009596,Personal Loan,216033,15.05,2021-01-23,180,106989,Standard,B
L0006092,C006018,Home Loan,3542951,10.35,2025-04-23,36,1201216,Standard,A
L0006093,C005190,Auto Loan,792662,13.01,2024-07-01,60,238117,Standard,B
L0006094,C007894,Business Loan,2529333,8.43,2022-02-27,48,630650,Standard,C
L0006095,C002102,Personal Loan,349458,9.56,2021-03-18,180,97663,Standard,B
L0006096,C002845,Education Loan,624128,15.44,2021-12-21,24,474689,Standard,A
L0006097,C006946,Business Loan,1950450,9.8,2024-05-27,240,683420,Standard,B
L0006098,C005457,Business Loan,178799,15.26,2024-06-01,60,50085,Standard,C
L0006099,C008008,Business Loan,265363,10.63,2021-09-20,84,114494,Standard,C
L0006100,C008464,Education Loan,961328,14.81,2025-03-10,240,354533,Standard,B
L0006101,C001946,Home Loan,1655285,11.83,2023-10-08,84,334241,Standard,A
L0006102,C001437,Home Loan,509339,16.07,2024-09-27,24,249688,Standard,A
L0006103,C006037,Education Loan,71439,8.25,2024-08-26,240,14822,NPA,D
L0006104,C009180,Personal Loan,5174962,12.15,2023-01-09,24,1160313,Standard,A
L0006105,C007600,Personal Loan,2683842,7.48,2025-02-11,84,2156034,Standard,B
L0006106,C005601,Education Loan,493032,15.02,2021-08-25,84,224134,Standard,A
L0006107,C004317,Personal Loan,2470588,9.42,2023-02-07,180,1327360,Standard,A
L0006108,C005651,Home Loan,1997742,14.74,2023-02-22,60,1347383,Standard,A
L0006109,C001495,Home Loan,222527,13.93,2021-02-16,60,81202,Standard,B
L0006110,C004180,Auto Loan,307136,10.76,2025-03-02,180,239583,Standard,B
L0006111,C006680,Home Loan,158306,15.55,2025-10-15,180,79474,Standard,B
L0006112,C006592,Education Loan,71970,7.68,2025-10-12,36,65566,Standard,B
L0006113,C007619,Home Loan,2273461,7.55,2022-01-31,84,600033,Standard,B
L0006114,C009294,Personal Loan,106734,9.05,2025-01-31,120,39724,Standard,A
L0006115,C005018,Personal Loan,1354821,9.94,2023-09-30,84,289965,Standard,B
L0006116,C002456,Personal Loan,177603,10.87,2025-09-20,120,49031,Standard,B
L0006117,C006278,Business Loan,235931,16.2,2021-12-10,180,133489,Standard,A
L0006118,C008708,Personal Loan,381974,8.1,2022-06-01,180,218025,Standard,A
L0006119,C000925,Home Loan,1231456,16.45,2024-08-25,60,415986,Standard,B
L0006120,C009673,Home Loan,598459,12.99,2024-12-19,120,336680,Standard,B
L0006121,C009462,Personal Loan,206291,11.06,2024-09-15,60,122191,Standard,B
L0006122,C003663,Home Loan,2118091,7.89,2023-05-10,180,2072220,Standard,A
L0006123,C002271,Personal Loan,3322823,8.09,2022-04-19,120,3217715,Standard,A
L0006124,C001839,Education Loan,461728,15.86,2025-04-13,84,389833,Standard,A
L0006125,C004184,Auto Loan,137226,11.35,2024-07-28,48,127776,Standard,A
L0006126,C002590,Education Loan,2370419,12.31,2021-08-21,180,1941131,Standard,B
L0006127,C004589,Auto Loan,235914,11.62,2023-11-09,84,134158,Standard,B
L0006128,C003960,Auto Loan,670577,9.27,2024-04-07,24,243849,Standard,B
L0006129,C004314,Personal Loan,2136893,15.69,2022-04-27,180,1784441,Standard,A
L0006130,C007618,Home Loan,261285,14.03,2023-06-09,180,126194,Standard,B
L0006131,C002294,Home Loan,773787,14.19,2024-06-12,84,404055,Standard,A
L0006132,C005020,Personal Loan,2674892,8.71,2022-11-16,180,1954381,Standard,A
L0006133,C001614,Personal Loan,1265491,9.3,2023-05-22,48,1155732,Standard,A
L0006134,C008933,Home Loan,3056256,14.96,2023-06-13,60,1408040,Standard,A
L0006135,C002407,Education Loan,1371092,14.67,2023-03-19,180,1246077,Standard,B
L0006136,C005209,Home Loan,1222878,11.68,2024-06-13,48,1083439,Standard,B
L0006137,C000385,Home Loan,50000,10.97,2025-11-15,120,40997,Standard,B
L0006138,C009787,Home Loan,1164891,13.03,2022-04-24,120,987554,Standard,B
L0006139,C002170,Home Loan,126626,8.65,2021-01-15,240,61960,Standard,A
L0006140,C006654,Home Loan,484330,7.9,2025-04-30,36,341768,Standard,A
L0006141,C005207,Personal Loan,1248137,11.36,2025-03-28,240,1168214,Standard,C
L0006142,C004261,Auto Loan,1847024,8.69,2025-12-13,120,1552916,Standard,B
L0006143,C003389,Home Loan,1135153,8.27,2024-04-19,120,403988,Standard,A
L0006144,C002619,Home Loan,1159273,9.82,2025-07-22,48,1083927,NPA,D
L0006145,C003462,Education Loan,710381,12.28,2023-02-23,24,673741,Standard,B
L0006146,C001402,Home Loan,320469,8.05,2021-06-16,240,284442,NPA,D
L0006147,C001479,Home Loan,1490640,11.58,2021-01-18,120,1375148,NPA,D
L0006148,C003606,Personal Loan,813852,11.59,2023-11-26,84,616636,Standard,A
L0006149,C004777,Business Loan,1228863,9.31,2021-12-30,240,553509,Standard,B
L0006150,C000433,Education Loan,3852179,12.14,2025-08-07,84,1328834,Standard,A
L0006151,C004678,Home Loan,54781,7.95,2022-08-01,84,34286,Standard,A
L0006152,C003808,Auto Loan,1434773,11.38,2021-01-05,120,627173,Standard,A
L0006153,C003012,Home Loan,330147,13.56,2024-05-26,180,137433,Standard,A
L0006154,C005914,Education Loan,1019549,14.26,2025-06-13,240,583178,Standard,A
L0006155,C000672,Auto Loan,892296,7.47,2022-12-04,180,196314,Standard,B
L0006156,C006047,Personal Loan,554733,14.29,2021-03-04,60,406983,Standard,B
L0006157,C003454,Personal Loan,3144605,15.57,2025-03-13,180,1793584,Standard,B
L0006158,C006205,Auto Loan,1039632,9.01,2021-05-31,120,758067,Standard,A
L0006159,C000384,Home Loan,1310331,11.67,2025-04-13,84,959943,Standard,B
L0006160,C006759,Home Loan,3430714,13.88,2022-02-15,120,1431884,Standard,A
L0006161,C009179,Education Loan,52025,11.47,2024-12-07,120,22825,Standard,A
L0006162,C001968,Business Loan,1287192,16.26,2021-06-03,84,425622,Standard,A
L0006163,C001084,Auto Loan,2816512,16.47,2023-01-24,24,1560597,Standard,A
L0006164,C000138,Home Loan,531693,12.59,2025-01-26,84,512446,Standard,B
L0006165,C002047,Home Loan,290514,8.66,2022-11-29,60,233187,Standard,A
L0006166,C009109,Business Loan,236067,12.78,2023-07-07,84,55753,Standard,A
L0006167,C006938,Education Loan,79293,14.67,2025-07-18,84,35609,Standard,B
L0006168,C002812,Personal Loan,2086985,14.52,2023-04-01,120,791216,Standard,A
L0006169,C003769,Home Loan,162097,11.62,2025-08-09,84,66448,Standard,B
L0006170,C004557,Education Loan,587426,15.58,2024-07-30,48,377124,Standard,A
L0006171,C002076,Personal Loan,751602,10.42,2021-06-25,48,271800,Standard,A
L0006172,C000135,Business Loan,2739705,11.31,2025-01-30,84,815409,Standard,A
L0006173,C004654,Personal Loan,660816,8.55,2025-06-25,24,397541,Standard,B
L0006174,C002742,Personal Loan,746624,13.28,2022-07-25,24,584866,Standard,A
L0006175,C003345,Personal Loan,4232700,12.68,2024-04-11,240,3363415,Standard,A
L0006176,C009164,Personal Loan,73755,11.25,2021-12-29,48,55907,Standard,B
L0006177,C005483,Auto Loan,1649098,16.29,2025-02-14,180,834828,Standard,B
L0006178,C003091,Education Loan,437585,11.31,2021-11-22,120,421633,Standard,A
L0006179,C000722,Home Loan,105648,10.62,2025-10-08,36,83138,Standard,B
L0006180,C004436,Personal Loan,963990,10.42,2022-05-20,240,269101,Standard,C
L0006181,C001208,Home Loan,1183039,9.6,2021-11-17,48,935473,Standard,A
L0006182,C008069,Auto Loan,1385501,12.17,2021-04-03,180,1280891,NPA,E
L0006183,C002055,Auto Loan,1424941,7.22,2025-03-16,24,1177432,Standard,A
L0006184,C009121,Education Loan,2030975,9.13,2023-09-23,120,1338576,Standard,A
L0006185,C007699,Business Loan,2466538,9.63,2023-11-01,48,1074606,Standard,A
L0006186,C005334,Home Loan,235536,12.0,2021-12-15,84,152792,Standard,C
L0006187,C005990,Personal Loan,367305,14.95,2022-11-19,180,328518,Standard,A
L0006188,C006469,Home Loan,1502792,8.27,2024-10-15,84,1118254,NPA,D
L0006189,C006879,Auto Loan,649253,8.93,2024-10-02,180,473649,Standard,C
L0006190,C004311,Auto Loan,2089980,12.96,2021-05-29,120,846750,Standard,B
L0006191,C002534,Business Loan,414633,9.84,2023-08-03,180,259088,Standard,C
L0006192,C009656,Auto Loan,2515901,12.02,2024-01-02,48,1758674,Standard,A
L0006193,C002575,Home Loan,935184,15.71,2021-06-16,180,188615,Standard,C
L0006194,C004867,Home Loan,5283173,13.18,2021-04-18,60,1185748,Standard,C
L0006195,C003169,Home Loan,519095,14.23,2023-01-18,24,383138,Standard,B
L0006196,C007893,Home Loan,517686,14.11,2021-08-22,48,155486,Standard,B
L0006197,C001530,Education Loan,310923,14.28,2021-04-28,60,103036,Standard,B
L0006198,C009673,Home Loan,406543,16.3,2025-02-09,180,328218,Standard,B
L0006199,C000583,Personal Loan,245475,9.05,2022-12-04,48,122797,Standard,A
L0006200,C006884,Auto Loan,418198,11.16,2022-02-22,36,232945,Standard,A
L0006201,C009816,Personal Loan,406400,9.13,2021-09-04,240,137905,Standard,B
L0006202,C007223,Home Loan,817583,14.92,2025-01-27,60,727942,Standard,B
L0006203,C000738,Business Loan,1039117,9.75,2023-01-18,36,919422,Standard,A
L0006204,C003065,Business Loan,986077,8.15,2022-09-30,240,641508,Standard,A
L0006205,C008514,Auto Loan,261192,16.06,2021-11-09,48,180056,Standard,B
L0006206,C004734,Auto Loan,1185600,13.79,2022-03-22,240,489756,Standard,B
L0006207,C006992,Home Loan,1309213,8.94,2024-06-24,120,1265813,Standard,A
L0006208,C003711,Auto Loan,125079,13.43,2025-05-26,36,95812,Standard,B
L0006209,C005591,Personal Loan,3128830,11.29,2023-01-12,180,2829545,Standard,A
L0006210,C009670,Business Loan,1140546,7.85,2021-11-26,24,795207,Standard,A
L0006211,C007446,Education Loan,1359580,9.03,2021-09-16,240,896950,Standard,A
L0006212,C008536,Personal Loan,540124,12.79,2022-04-17,180,257710,Standard,A
L0006213,C009363,Business Loan,148100,15.58,2021-07-27,24,131468,Standard,A
L0006214,C006754,Personal Loan,1141803,14.03,2021-02-04,84,301518,NPA,E
L0006215,C000579,Personal Loan,1952095,13.1,2025-08-03,48,1531648,Standard,A
L0006216,C001031,Personal Loan,2415234,11.55,2022-04-20,240,1122553,Standard,B
L0006217,C004041,Education Loan,385324,12.06,2021-08-15,60,259936,Standard,A
L0006218,C009985,Auto Loan,413845,7.6,2022-07-10,36,181289,Standard,B
L0006219,C008369,Personal Loan,170408,12.37,2022-10-23,240,125873,Standard,A
L0006220,C004508,Education Loan,641241,8.34,2025-09-15,84,498715,Standard,A
L0006221,C008420,Personal Loan,1259196,16.3,2025-07-29,84,295784,Standard,B
L0006222,C002504,Personal Loan,1218356,10.55,2021-06-11,180,317689,Standard,B
L0006223,C004142,Business Loan,296330,11.39,2022-12-10,24,229644,Standard,A
L0006224,C009391,Personal Loan,5347008,14.77,2022-06-11,120,3366481,Standard,B
L0006225,C008987,Auto Loan,3338717,11.73,2021-03-06,48,2049593,Standard,A
L0006226,C008451,Home Loan,679835,10.3,2022-01-19,24,436374,Standard,A
L0006227,C000932,Personal Loan,1391009,8.56,2025-01-10,36,623154,Standard,C
L0006228,C001374,Auto Loan,337979,12.5,2025-07-20,48,132188,NPA,E
L0006229,C001173,Personal Loan,399825,16.04,2023-06-24,120,83343,Standard,B
L0006230,C007464,Personal Loan,615507,13.74,2025-09-15,48,203557,Standard,B
L0006231,C005619,Personal Loan,172513,9.22,2025-06-18,36,138909,Standard,A
L0006232,C005023,Home Loan,1823590,13.0,2022-02-12,84,1772095,Standard,A
L0006233,C008872,Home Loan,515125,9.77,2022-07-11,24,237311,Standard,A
L0006234,C006636,Education Loan,818196,12.41,2023-01-26,84,743484,Standard,A
L0006235,C002380,Business Loan,1548433,15.31,2023-09-28,24,341264,Standard,B
L0006236,C007710,Education Loan,1583101,10.21,2021-08-05,48,1425859,Standard,B
L0006237,C008248,Business Loan,2444801,16.33,2025-01-18,60,1645082,Standard,B
L0006238,C005589,Auto Loan,3196217,11.42,2022-02-02,180,2483721,Standard,A
L0006239,C009988,Auto Loan,494217,8.95,2023-07-22,240,392593,Standard,B
L0006240,C004701,Personal Loan,821271,8.61,2021-11-03,60,466224,Standard,A
L0006241,C005956,Business Loan,2028347,9.17,2025-08-15,24,1919750,Standard,B
L0006242,C004152,Home Loan,602188,11.57,2021-02-24,84,146930,Standard,A
L0006243,C004619,Personal Loan,161299,11.53,2021-09-21,36,33285,Standard,A
L0006244,C006691,Personal Loan,135262,11.28,2022-06-21,240,112236,Standard,C
L0006245,C007220,Personal Loan,324066,15.71,2024-06-23,120,122983,Standard,B
L0006246,C006820,Personal Loan,454447,11.2,2024-07-03,120,409632,Standard,B
L0006247,C005438,Business Loan,780583,8.86,2022-07-11,84,711172,Standard,A
L0006248,C004779,Home Loan,4276138,7.63,2023-05-31,120,1714322,Standard,B
L0006249,C008765,Education Loan,124708,15.14,2024-07-28,48,42602,Standard,C
L0006250,C005165,Personal Loan,480419,14.2,2024-09-04,60,366164,Standard,A
L0006251,C000907,Business Loan,1451873,12.52,2023-10-24,240,979315,Standard,A
L0006252,C003997,Auto Loan,757603,8.91,2025-09-17,120,380088,Standard,A
L0006253,C002474,Business Loan,502643,12.48,2023-07-09,120,223901,Standard,B
L0006254,C008483,Home Loan,1194947,10.2,2025-07-17,24,811301,Standard,C
L0006255,C002858,Home Loan,279823,10.73,2024-03-07,60,260118,Standard,B
L0006256,C009077,Business Loan,268552,10.78,2021-09-21,48,133958,Standard,A
L0006257,C007260,Personal Loan,701752,15.01,2023-09-06,36,348880,NPA,D
L0006258,C008258,Education Loan,8656520,14.11,2024-01-16,24,2056013,Standard,A
L0006259,C002925,Personal Loan,4469055,7.29,2024-07-05,240,3571152,Standard,C
L0006260,C000588,Home Loan,4162171,12.07,2023-02-17,120,1667218,Standard,A
L0006261,C006640,Business Loan,867643,14.67,2025-10-31,240,488558,NPA,D
L0006262,C005234,Personal Loan,392607,7.47,2021-02-17,84,367396,Standard,B
L0006263,C008489,Home Loan,709044,7.42,2025-05-30,36,281741,Standard,A
L0006264,C003374,Business Loan,760109,13.99,2024-05-09,120,566966,NPA,D
L0006265,C007694,Personal Loan,251324,9.43,2022-05-13,180,122942,Standard,A
L0006266,C006423,Business Loan,897693,7.62,2023-04-25,24,455353,Standard,B
L0006267,C007580,Home Loan,247956,13.53,2022-07-04,24,181026,NPA,E
L0006268,C001787,Home Loan,125231,12.73,2023-11-25,120,40079,Standard,B
L0006269,C007415,Business Loan,2841685,7.84,2024-12-15,60,628166,Standard,B
L0006270,C003921,Personal Loan,952940,12.21,2024-02-17,240,451305,Standard,B
L0006271,C005289,Business Loan,391781,15.3,2023-11-28,240,304201,Standard,B
L0006272,C001502,Business Loan,889840,8.35,2021-05-29,48,460197,Standard,A
L0006273,C007534,Personal Loan,417023,8.09,2022-01-24,84,120913,Standard,B
L0006274,C003968,Personal Loan,1020221,9.12,2023-09-27,240,654717,Standard,A
L0006275,C001683,Business Loan,2683528,16.05,2023-09-07,120,597915,Standard,A
L0006276,C008569,Auto Loan,422423,11.36,2022-07-07,48,181472,Standard,B
L0006277,C004928,Personal Loan,292868,16.09,2024-10-12,180,112217,Standard,B
L0006278,C002022,Home Loan,1330310,13.88,2025-05-09,240,675739,Standard,A
L0006279,C009155,Home Loan,1548409,12.15,2021-05-10,48,1222280,NPA,D
L0006280,C001286,Auto Loan,896126,13.05,2023-04-15,36,433804,Standard,A
L0006281,C000712,Personal Loan,1685173,16.36,2024-09-02,240,933009,Standard,B
L0006282,C008831,Personal Loan,423655,7.9,2022-10-30,36,173658,Standard,B
L0006283,C003137,Business Loan,110742,9.74,2021-01-19,24,77624,Standard,B
L0006284,C007801,Personal Loan,1936638,16.28,2025-12-15,84,1044512,Standard,B
L0006285,C003693,Business Loan,1386049,12.75,2021-08-09,36,1171936,Standard,B
L0006286,C003954,Education Loan,3678404,12.77,2024-07-08,120,3055959,Standard,C
L0006287,C005404,Home Loan,481136,13.31,2025-07-22,48,98043,Standard,B
L0006288,C009932,Auto Loan,2439098,15.8,2024-07-28,240,928849,Standard,A
L0006289,C009778,Business Loan,2672545,14.97,2023-10-07,36,2456727,Standard,A
L0006290,C008701,Personal Loan,990939,10.6,2023-08-21,24,911006,Standard,A
L0006291,C008565,Education Loan,90491,7.87,2023-02-07,24,53890,Standard,A
L0006292,C001172,Business Loan,3419362,15.17,2023-12-29,24,2278692,Standard,A
L0006293,C003481,Personal Loan,603919,7.71,2021-11-07,120,123996,Standard,C
L0006294,C007223,Business Loan,706184,14.21,2023-04-20,240,308998,Standard,A
L0006295,C004911,Education Loan,2029175,15.27,2022-12-08,60,1328023,Standard,A
L0006296,C007138,Education Loan,1889029,10.23,2021-08-02,24,1451352,Standard,B
L0006297,C000018,Home Loan,15000000,7.42,2023-11-09,60,14474667,Standard,B
L0006298,C005504,Education Loan,381854,14.21,2021-08-23,84,341985,Standard,B
L0006299,C005616,Auto Loan,2061562,7.64,2023-08-03,84,1200394,Standard,A
L0006300,C004462,Home Loan,6000019,15.48,2025-02-23,24,1649748,Standard,C
L0006301,C006069,Business Loan,159420,7.79,2022-02-08,84,78006,Standard,B
L0006302,C005852,Education Loan,431201,14.86,2025-01-31,180,403031,Standard,A
L0006303,C003427,Personal Loan,2058508,11.57,2024-07-24,24,1635858,Standard,A
L0006304,C004307,Home Loan,149678,15.88,2021-06-05,180,85667,Standard,B
L0006305,C000404,Personal Loan,2442879,14.81,2022-04-12,24,1068227,Standard,B
L0006306,C009291,Personal Loan,268301,8.63,2022-09-19,180,57412,Standard,B
L0006307,C002771,Home Loan,291562,12.05,2023-10-14,240,247983,Standard,B
L0006308,C009249,Auto Loan,274415,13.5,2024-02-01,120,85386,Standard,A
L0006309,C008416,Home Loan,2602896,10.89,2021-01-22,120,2148001,Standard,A
L0006310,C005969,Home Loan,268088,14.57,2023-08-16,84,100805,Standard,B
L0006311,C009897,Education Loan,1118323,9.59,2024-11-03,36,225550,Standard,B
L0006312,C004101,Auto Loan,724247,8.74,2023-11-16,84,676206,Standard,A
L0006313,C005530,Home Loan,518633,10.9,2022-04-05,60,416208,Standard,A
L0006314,C008071,Education Loan,5528158,12.86,2021-08-01,240,2978521,Standard,B
L0006315,C003218,Personal Loan,1034275,16.02,2025-01-17,60,736733,Standard,A
L0006316,C000551,Home Loan,258871,8.55,2023-07-30,240,199027,Standard,A
L0006317,C001145,Personal Loan,768836,12.99,2022-08-01,180,582668,Standard,A
L0006318,C008493,Education Loan,1136162,8.91,2023-03-21,240,255852,Standard,A
L0006319,C005478,Education Loan,827509,9.64,2022-11-01,240,470268,Standard,B
L0006320,C007608,Personal Loan,1680519,12.34,2021-03-10,180,867176,Standard,A
L0006321,C002881,Personal Loan,2965457,10.88,2025-08-30,180,1627528,Standard,B
L0006322,C001827,Business Loan,511121,12.7,2025-12-30,180,169410,Standard,B
L0006323,C007959,Auto Loan,725112,15.49,2022-05-18,180,213012,Standard,A
L0006324,C002964,Business Loan,1739124,12.42,2022-10-10,84,783134,Standard,B
L0006325,C000861,Personal Loan,1404466,8.4,2023-09-27,84,1337286,Standard,B
L0006326,C000442,Auto Loan,2330530,11.93,2021-08-24,60,2067709,Standard,B
L0006327,C006916,Personal Loan,423947,10.36,2021-02-04,84,263098,Standard,A
L0006328,C003134,Home Loan,342638,15.19,2021-11-14,60,223032,NPA,D
L0006329,C002191,Personal Loan,236826,12.05,2023-05-18,24,163925,Standard,A
L0006330,C002059,Personal Loan,3080597,9.06,2025-05-09,84,1290864,Standard,B
L0006331,C008862,Auto Loan,289194,7.97,2023-09-08,24,246506,Standard,A
L0006332,C001787,Home Loan,380338,13.91,2023-09-15,48,163366,NPA,E
L0006333,C001524,Business Loan,1712181,10.68,2023-02-15,180,942025,NPA,D
L0006334,C006802,Auto Loan,583424,15.6,2023-05-14,240,272792,Standard,A
L0006335,C007858,Business Loan,2276516,11.95,2022-03-26,36,1061849,Standard,A
L0006336,C003530,Personal Loan,558119,13.35,2023-08-27,180,495076,Standard,B
L0006337,C008901,Auto Loan,553516,8.57,2023-03-13,84,305349,Standard,C
L0006338,C009695,Business Loan,1153511,16.15,2023-06-24,60,385144,Standard,A
L0006339,C009377,Auto Loan,689172,14.0,2023-02-16,24,428908,Standard,A
L0006340,C003730,Education Loan,1274440,11.92,2025-10-31,36,409271,Standard,B
L0006341,C004538,Home Loan,5759998,7.67,2022-12-25,180,2084638,Standard,C
L0006342,C008562,Education Loan,213835,14.93,2021-05-20,60,124186,Standard,A
L0006343,C002358,Education Loan,287908,8.19,2022-11-16,84,177439,Standard,A
L0006344,C009799,Business Loan,5459098,8.0,2021-05-10,48,3529942,Standard,B
L0006345,C006777,Auto Loan,281245,12.97,2021-03-05,60,254101,Standard,A
L0006346,C004057,Home Loan,244045,12.81,2022-09-13,120,95089,Standard,A
L0006347,C000405,Home Loan,405096,14.7,2021-05-12,24,102085,Standard,B
L0006348,C007778,Business Loan,1926731,12.98,2024-07-31,180,1031711,Standard,A
L0006349,C006615,Education Loan,553178,15.24,2023-09-07,180,438813,Standard,A
L0006350,C004240,Business Loan,2312685,9.89,2022-04-20,60,1005552,Standard,B
L0006351,C003035,Home Loan,114831,10.38,2023-02-09,84,77298,Standard,A
L0006352,C002829,Education Loan,193049,11.29,2024-11-06,60,178485,Standard,C
L0006353,C009997,Home Loan,164488,12.81,2021-11-01,48,139025,Standard,A
L0006354,C007001,Business Loan,524658,7.58,2021-10-08,240,285507,Standard,B
L0006355,C009770,Home Loan,103596,8.19,2024-09-11,60,86673,Standard,B
L0006356,C001662,Home Loan,1505935,10.81,2021-11-07,48,882664,Standard,B
L0006357,C009169,Auto Loan,1078536,11.26,2025-06-16,60,853713,NPA,D
L0006358,C001426,Personal Loan,50000,12.86,2025-11-02,60,36498,Standard,B
L0006359,C003568,Personal Loan,1920222,15.57,2025-12-23,48,1373743,Standard,B
L0006360,C004851,Personal Loan,319416,7.48,2021-07-01,48,299689,Standard,B
L0006361,C003505,Personal Loan,1285671,8.7,2023-04-06,84,794717,Standard,A
L0006362,C004632,Education Loan,3278806,13.49,2022-05-30,24,1993188,Standard,A
L0006363,C006140,Home Loan,928132,15.43,2023-04-04,120,410111,NPA,D
L0006364,C007557,Personal Loan,239052,7.3,2021-06-09,84,83240,Standard,A
L0006365,C007062,Personal Loan,528056,8.08,2025-01-10,24,451755,Standard,B
L0006366,C003766,Home Loan,1003757,12.25,2025-07-01,84,429722,NPA,D
L0006367,C006968,Home Loan,7659504,11.76,2024-08-13,36,5419023,Standard,B
L0006368,C008728,Business Loan,5592135,14.19,2024-09-13,36,2939468,Standard,A
L0006369,C001054,Personal Loan,5465359,13.11,2021-11-09,84,4494509,NPA,E
L0006370,C007540,Business Loan,1842297,14.48,2025-10-21,240,1469701,NPA,E
L0006371,C002700,Auto Loan,1253411,8.66,2021-02-26,48,959613,Standard,A
L0006372,C005141,Personal Loan,2273805,13.04,2023-08-28,36,666636,Standard,C
L0006373,C002827,Personal Loan,65805,11.68,2023-07-10,84,51610,Standard,B
L0006374,C008277,Personal Loan,95241,10.24,2021-04-23,240,48216,Standard,A
L0006375,C003714,Personal Loan,2577605,8.24,2024-11-14,36,2266210,Standard,C
L0006376,C003419,Auto Loan,1551483,13.24,2022-02-26,36,1024842,Standard,A
L0006377,C003147,Personal Loan,481075,8.74,2021-05-13,84,156760,Standard,A
L0006378,C001912,Personal Loan,124234,16.16,2024-05-28,120,62808,Standard,A
L0006379,C004113,Education Loan,1349223,10.11,2022-07-23,120,1216910,Standard,A
L0006380,C009955,Personal Loan,120526,7.9,2021-11-16,120,97579,Standard,A
L0006381,C000858,Home Loan,307906,9.32,2021-07-14,48,184359,Standard,A
L0006382,C000440,Personal Loan,478122,8.32,2024-10-02,240,102921,Standard,B
L0006383,C000015,Home Loan,311607,10.42,2025-05-29,84,218845,Standard,C
L0006384,C007763,Education Loan,468850,15.06,2024-08-06,84,376783,Standard,B
L0006385,C005090,Business Loan,3439206,7.74,2022-09-26,48,844951,NPA,E
L0006386,C004280,Personal Loan,921133,12.59,2023-12-15,180,231922,NPA,D
L0006387,C006176,Home Loan,467116,7.39,2024-12-30,180,220318,Standard,A
L0006388,C001229,Personal Loan,1057992,14.2,2025-04-21,84,441925,Standard,A
L0006389,C009491,Personal Loan,208061,10.6,2022-05-11,36,53381,Standard,A
L0006390,C006056,Personal Loan,733342,10.32,2021-02-24,36,581870,Standard,B
L0006391,C008242,Business Loan,456857,16.44,2025-03-25,120,215683,Standard,C
L0006392,C004117,Business Loan,724897,9.59,2025-10-04,180,288241,NPA,D
L0006393,C004562,Home Loan,436869,14.99,2022-10-06,84,367027,Standard,B
L0006394,C004410,Auto Loan,507167,12.1,2023-05-27,180,297128,Standard,A
L0006395,C008759,Auto Loan,1480824,7.23,2021-04-13,240,510883,Standard,C
L0006396,C004147,Personal Loan,4143149,10.57,2025-04-12,24,1304056,Standard,B
L0006397,C002901,Personal Loan,783928,12.97,2025-04-19,180,160613,Standard,B
L0006398,C001731,Auto Loan,546426,8.17,2023-03-11,120,214911,Standard,B
L0006399,C000670,Home Loan,2892421,8.45,2025-10-29,60,1319995,Standard,C
L0006400,C000363,Personal Loan,2035577,14.64,2024-04-08,24,1615262,Standard,A
L0006401,C007070,Home Loan,109516,9.21,2025-09-13,24,86623,Standard,B
L0006402,C003374,Auto Loan,1641664,15.06,2025-05-06,84,765563,Standard,B
L0006403,C005802,Business Loan,380205,13.66,2023-01-01,84,308905,Standard,B
L0006404,C007357,Personal Loan,1600734,8.04,2022-06-28,120,321370,Standard,A
L0006405,C003632,Personal Loan,972986,7.54,2025-08-08,36,814624,Standard,A
L0006406,C001912,Personal Loan,206730,10.6,2023-07-16,240,174764,Standard,A
L0006407,C000155,Business Loan,1031951,14.59,2023-04-23,180,337530,Standard,B
L0006408,C001011,Home Loan,329942,13.88,2025-05-06,48,122777,Standard,B
L0006409,C001757,Home Loan,349447,9.83,2023-03-12,36,123489,Standard,A
L0006410,C002485,Home Loan,1705385,15.71,2022-06-01,84,755099,Standard,B
L0006411,C005727,Business Loan,306745,10.77,2021-08-26,240,276692,Standard,B
L0006412,C001970,Personal Loan,1055309,9.26,2021-01-10,36,427496,Standard,C
L0006413,C009929,Business Loan,4047645,10.54,2023-09-30,240,1333785,Standard,C
L0006414,C007983,Auto Loan,769470,12.54,2023-07-29,48,477012,Standard,A
L0006415,C004888,Home Loan,226058,9.15,2022-12-25,48,112223,Standard,B
L0006416,C009213,Auto Loan,1869974,7.22,2022-05-12,36,1745231,Standard,C
L0006417,C001154,Home Loan,773201,8.56,2023-09-11,120,308941,NPA,D
L0006418,C005930,Personal Loan,2215161,13.35,2021-01-06,48,2083746,Standard,A
L0006419,C007942,Personal Loan,1289374,12.5,2024-11-20,24,389767,Standard,B
L0006420,C007493,Home Loan,109105,11.78,2021-12-11,120,57337,NPA,D
L0006421,C007158,Personal Loan,1863294,8.93,2025-11-20,60,1059791,Standard,B
L0006422,C000417,Personal Loan,1139107,13.26,2025-08-16,120,833191,Standard,A
L0006423,C004009,Home Loan,602611,12.13,2024-12-04,36,398024,Standard,A
L0006424,C007336,Personal Loan,797387,7.91,2025-11-03,60,715208,Standard,B
L0006425,C006408,Personal Loan,940009,9.52,2024-05-07,180,556736,Standard,B
L0006426,C005923,Education Loan,1353904,8.13,2025-09-27,36,742193,Standard,A
L0006427,C007487,Auto Loan,1528527,15.08,2022-05-24,240,460852,Standard,A
L0006428,C006084,Business Loan,1434175,12.91,2022-10-22,240,371526,Standard,A
L0006429,C001032,Personal Loan,1783668,13.47,2021-07-17,60,608884,Standard,A
L0006430,C008586,Education Loan,850903,13.83,2023-02-26,48,297172,Standard,B
L0006431,C002774,Personal Loan,362900,14.16,2024-10-14,180,309813,Standard,A
L0006432,C004999,Home Loan,115292,9.34,2025-12-18,180,73422,Standard,A
L0006433,C002521,Personal Loan,2155556,16.31,2023-10-05,180,1886029,Standard,C
L0006434,C006459,Business Loan,1577272,16.12,2024-12-25,24,1424816,Standard,B
L0006435,C003455,Education Loan,223355,13.68,2023-05-31,120,61021,Standard,C
L0006436,C002867,Home Loan,697517,15.64,2024-10-18,60,405758,Standard,B
L0006437,C005788,Personal Loan,628008,12.71,2021-11-17,84,336845,NPA,D
L0006438,C005597,Auto Loan,4490250,12.89,2025-05-14,48,2442044,Standard,A
L0006439,C004833,Education Loan,703357,14.38,2024-10-09,180,478631,Standard,A
L0006440,C005237,Home Loan,5342039,9.08,2023-08-26,120,5187492,Standard,B
L0006441,C000230,Business Loan,8536629,14.85,2021-06-29,120,1737822,Standard,A
L0006442,C003238,Home Loan,863995,14.75,2024-08-27,60,737950,Standard,A
L0006443,C004228,Auto Loan,459794,8.41,2024-10-12,60,375522,Standard,C
L0006444,C001172,Personal Loan,522031,10.05,2024-10-17,84,375144,Standard,A
L0006445,C008739,Business Loan,187471,16.27,2024-01-03,60,43082,NPA,D
L0006446,C005244,Home Loan,1336819,9.79,2021-08-21,24,1006303,Standard,B
L0006447,C004482,Education Loan,6141771,14.43,2024-03-18,180,2447510,Standard,B
L0006448,C005222,Auto Loan,2088516,10.43,2023-11-14,120,1027672,NPA,E
L0006449,C003539,Home Loan,3901650,16.03,2022-03-16,180,3116288,Standard,A
L0006450,C000168,Home Loan,323678,7.4,2024-03-11,120,94835,Standard,A
L0006451,C008016,Personal Loan,323053,14.18,2024-12-23,24,152547,Standard,C
L0006452,C005456,Business Loan,674966,11.78,2021-08-23,48,152255,Standard,A
L0006453,C004328,Auto Loan,1423861,14.67,2021-05-25,36,315025,Standard,A
L0006454,C007145,Home Loan,448000,7.26,2021-02-19,48,379750,Standard,A
L0006455,C007028,Auto Loan,3177701,8.99,2024-11-28,60,2993956,Standard,B
L0006456,C001813,Business Loan,529251,14.27,2025-12-03,48,211746,Standard,A
L0006457,C002193,Education Loan,860095,13.2,2021-08-19,120,598641,NPA,D
L0006458,C003733,Business Loan,679929,10.74,2022-11-27,48,649490,Standard,B
L0006459,C009768,Home Loan,541160,14.14,2024-01-27,120,345891,Standard,A
L0006460,C003822,Personal Loan,169179,9.58,2022-10-12,120,138905,Standard,A
L0006461,C005960,Auto Loan,599451,16.11,2024-11-04,84,361984,Standard,C
L0006462,C006634,Education Loan,425290,16.11,2025-11-04,48,280417,Standard,C
L0006463,C009725,Home Loan,1179230,11.94,2024-06-05,24,736945,Standard,C
L0006464,C006382,Education Loan,259582,15.06,2024-04-01,120,237795,NPA,E
L0006465,C009435,Auto Loan,86685,11.87,2022-05-13,120,71980,Standard,B
L0006466,C004167,Auto Loan,359780,7.46,2024-10-14,84,291437,Standard,B
L0006467,C005224,Home Loan,1420441,7.41,2022-04-27,36,429078,Standard,A
L0006468,C009807,Auto Loan,1838234,14.22,2024-10-04,60,874429,NPA,E
L0006469,C002312,Personal Loan,519418,8.09,2021-10-03,48,479962,Standard,B
L0006470,C004914,Personal Loan,1068109,16.13,2022-02-13,180,421503,Standard,A
L0006471,C009211,Personal Loan,1944961,10.9,2023-11-25,180,1726470,Standard,A
L0006472,C003696,Business Loan,1116669,11.08,2022-11-09,240,780410,Standard,B
L0006473,C005498,Business Loan,927399,9.02,2023-09-03,60,617891,Standard,A
L0006474,C008689,Personal Loan,2699048,13.84,2021-10-27,240,855120,Standard,B
L0006475,C003638,Auto Loan,2308776,15.27,2023-04-24,36,2089543,Standard,B
L0006476,C007862,Education Loan,617519,10.14,2021-06-01,48,336232,Standard,C
L0006477,C000835,Education Loan,169760,14.63,2022-08-31,60,34521,Standard,A
L0006478,C000514,Education Loan,1330198,15.39,2024-09-18,84,281247,Standard,C
L0006479,C000454,Education Loan,3018240,10.38,2025-03-18,24,844311,Standard,A
L0006480,C007123,Personal Loan,236558,8.65,2023-05-31,84,209350,Standard,A
L0006481,C006016,Business Loan,629878,14.87,2023-08-23,120,373644,Standard,B
L0006482,C002082,Auto Loan,382868,8.97,2021-03-22,84,207182,Standard,C
L0006483,C003610,Business Loan,1738035,10.77,2021-11-11,120,1700534,Standard,C
L0006484,C006461,Business Loan,1006615,10.86,2021-08-23,240,249048,Standard,A
L0006485,C005188,Auto Loan,938802,12.91,2024-11-24,240,409062,Standard,C
L0006486,C002235,Home Loan,232906,13.07,2021-01-20,36,97618,NPA,D
L0006487,C001967,Business Loan,69799,10.26,2023-05-16,60,36968,NPA,D
L0006488,C007218,Education Loan,2420752,12.41,2022-02-16,24,1265619,Standard,B
L0006489,C009526,Business Loan,132950,12.53,2022-11-10,84,111937,Standard,B
L0006490,C002599,Home Loan,1148291,8.16,2024-01-16,24,530014,NPA,E
L0006491,C002633,Business Loan,50000,8.17,2024-03-22,60,12323,Standard,B
L0006492,C002727,Auto Loan,116578,15.06,2022-10-09,180,77539,Standard,A
L0006493,C009267,Business Loan,1446513,14.51,2025-06-07,180,1221990,Standard,B
L0006494,C003488,Home Loan,1084992,15.36,2024-08-14,36,450294,Standard,B
L0006495,C007945,Business Loan,288376,7.84,2025-11-12,60,74533,Standard,B
L0006496,C000472,Education Loan,466056,9.53,2024-11-04,180,141227,Standard,A
L0006497,C003933,Personal Loan,3883638,14.92,2025-03-22,180,3613084,NPA,D
L0006498,C007916,Personal Loan,1451708,15.96,2025-03-26,48,890429,NPA,E
L0006499,C009657,Business Loan,404539,9.87,2025-06-28,180,217137,Standard,B
L0006500,C002083,Personal Loan,1363138,14.67,2021-08-28,24,460970,Standard,B
L0006501,C004315,Business Loan,470800,12.39,2025-11-03,48,186275,Standard,B
L0006502,C007592,Business Loan,1229783,12.14,2025-10-29,24,1089880,Standard,C
L0006503,C001859,Auto Loan,1332681,11.22,2025-12-16,120,1047796,Standard,C
L0006504,C009128,Auto Loan,215399,8.87,2025-05-11,84,51298,Standard,C
L0006505,C006928,Business Loan,1027368,13.72,2023-12-27,84,651324,Standard,B
L0006506,C003068,Home Loan,2811404,14.72,2022-04-19,84,1571229,Standard,A
L0006507,C002843,Home Loan,532041,15.36,2025-04-09,120,428987,Standard,B
L0006508,C005482,Home Loan,1557624,7.64,2023-04-09,240,917010,Standard,A
L0006509,C006885,Home Loan,287250,11.82,2023-03-25,240,68881,Standard,A
L0006510,C005114,Auto Loan,1148940,12.38,2021-09-15,24,605516,Standard,A
L0006511,C005013,Home Loan,4564589,11.13,2025-05-28,24,4254967,Standard,B
L0006512,C003014,Business Loan,1325333,14.74,2024-10-25,84,1055641,NPA,D
L0006513,C008042,Personal Loan,4301317,12.31,2024-10-20,84,4050263,Standard,A
L0006514,C006407,Auto Loan,708324,9.75,2021-12-23,24,346586,Standard,A
L0006515,C007309,Auto Loan,482704,14.14,2022-05-12,240,123710,Standard,C
L0006516,C008545,Auto Loan,428583,8.08,2024-09-28,120,306172,Standard,A
L0006517,C009417,Home Loan,2174870,11.77,2022-11-18,240,1592132,Standard,C
L0006518,C004258,Personal Loan,220819,14.62,2025-01-16,180,204782,Standard,B
L0006519,C008525,Home Loan,221399,12.78,2024-07-15,24,191257,Standard,A
L0006520,C006156,Home Loan,2941448,11.15,2025-01-12,180,2360589,Standard,A
L0006521,C008299,Personal Loan,498807,11.76,2025-08-28,60,456588,Standard,A
L0006522,C009464,Business Loan,709944,7.84,2024-11-01,120,440653,Standard,B
L0006523,C005611,Personal Loan,1109361,14.43,2024-05-11,120,939639,Standard,A
L0006524,C000420,Business Loan,1382007,12.8,2023-03-16,24,452683,Standard,C
L0006525,C000620,Auto Loan,1055276,15.99,2021-12-25,24,426159,Standard,A
L0006526,C006337,Home Loan,3480713,14.32,2021-01-08,48,3176551,Standard,B
L0006527,C005266,Personal Loan,1197612,14.51,2021-09-11,240,337044,Standard,B
L0006528,C000045,Home Loan,86830,9.13,2024-06-02,180,47066,Standard,B
L0006529,C008623,Business Loan,776924,10.66,2025-05-02,48,562680,Standard,B
L0006530,C008692,Auto Loan,629878,7.58,2025-08-25,120,455827,Standard,A
L0006531,C001344,Auto Loan,761013,15.17,2025-07-23,48,368766,Standard,B
L0006532,C009042,Auto Loan,624666,10.07,2022-10-28,60,550441,Standard,B
L0006533,C006531,Personal Loan,584163,12.4,2022-10-27,24,443608,Standard,B
L0006534,C008361,Personal Loan,918016,10.44,2021-01-20,60,429084,Standard,A
L0006535,C007524,Home Loan,123624,14.27,2025-10-19,24,46048,Standard,C
L0006536,C002077,Personal Loan,1114940,11.13,2022-12-03,36,1045162,Standard,A
L0006537,C002869,Auto Loan,430275,10.63,2022-02-28,24,181135,Standard,A
L0006538,C005834,Personal Loan,2211896,12.61,2021-10-21,48,1622068,Standard,B
L0006539,C008310,Auto Loan,198666,11.56,2023-05-31,240,74861,Standard,A
L0006540,C003655,Auto Loan,768557,14.57,2021-09-20,60,594747,Standard,C
L0006541,C003598,Personal Loan,2709473,9.52,2025-09-27,240,1895863,Standard,C
L0006542,C007517,Home Loan,4737961,15.67,2024-08-31,36,1400199,Standard,C
L0006543,C003489,Home Loan,662279,8.44,2023-12-15,180,187620,Standard,C
L0006544,C004533,Personal Loan,720165,7.87,2023-01-15,180,480942,Standard,A
L0006545,C006734,Business Loan,503748,13.89,2022-11-28,240,149581,Standard,C
L0006546,C009761,Education Loan,1238744,10.08,2024-04-27,84,675599,NPA,D
L0006547,C007787,Home Loan,631465,14.01,2022-10-10,24,377199,Standard,C
L0006548,C009894,Personal Loan,922948,11.31,2021-03-02,120,802015,Standard,C
L0006549,C001005,Home Loan,193002,10.11,2024-04-28,60,40963,Standard,B
L0006550,C003268,Home Loan,2949785,15.0,2024-02-06,240,1281590,Standard,B
L0006551,C004357,Personal Loan,1208897,15.3,2023-05-31,120,976494,Standard,B
L0006552,C000902,Personal Loan,1978138,8.68,2023-08-15,36,1885890,Standard,A
L0006553,C000206,Business Loan,1137127,8.34,2025-11-25,36,952490,Standard,A
L0006554,C006633,Home Loan,246892,13.53,2021-12-14,180,59455,Standard,A
L0006555,C009332,Business Loan,350425,15.02,2025-07-20,84,156251,NPA,E
L0006556,C001920,Auto Loan,791264,14.61,2024-09-10,180,364412,Standard,B
L0006557,C002469,Personal Loan,336081,12.55,2024-06-17,36,148532,Standard,B
L0006558,C003494,Personal Loan,1894890,15.51,2023-05-22,48,1149658,Standard,A
L0006559,C008449,Auto Loan,678866,15.35,2025-07-24,240,610474,Standard,B
L0006560,C009558,Business Loan,732750,9.75,2022-10-11,240,471812,Standard,A
L0006561,C008350,Personal Loan,990144,12.83,2021-02-20,60,711318,Standard,A
L0006562,C008726,Auto Loan,519065,8.38,2025-02-13,84,144023,Standard,A
L0006563,C002219,Home Loan,2025675,9.68,2023-06-18,48,859336,Standard,C
L0006564,C003690,Auto Loan,4305573,14.82,2023-08-03,36,1003691,Standard,A
L0006565,C002204,Auto Loan,558137,16.2,2023-06-12,36,325178,Standard,A
L0006566,C000608,Education Loan,1493501,7.59,2025-08-29,48,1372277,Standard,C
L0006567,C001920,Personal Loan,1423606,13.06,2021-08-27,36,312838,Standard,A
L0006568,C004045,Home Loan,305712,10.64,2022-08-13,84,146678,Standard,A
L0006569,C002349,Education Loan,1520929,14.0,2024-07-09,24,409737,Standard,A
L0006570,C008138,Personal Loan,740658,10.76,2024-04-24,180,690078,Standard,B
L0006571,C006417,Home Loan,1375404,13.69,2025-07-16,180,902850,Standard,A
L0006572,C007374,Home Loan,323091,15.12,2024-10-22,120,253079,NPA,E
L0006573,C007696,Education Loan,521353,11.3,2022-09-20,48,492068,Standard,B
L0006574,C000796,Personal Loan,3914570,11.61,2025-07-31,240,1746654,Standard,A
L0006575,C000141,Auto Loan,136001,14.3,2022-03-04,240,52387,Standard,A
L0006576,C003875,Personal Loan,366372,13.59,2021-10-07,24,282794,Standard,B
L0006577,C000806,Home Loan,2037347,15.0,2024-05-15,60,928018,Standard,C
L0006578,C005322,Business Loan,611245,16.23,2024-07-25,180,291363,Standard,A
L0006579,C002862,Auto Loan,2296893,12.95,2022-09-27,180,1702981,NPA,E
L0006580,C005546,Auto Loan,1268025,9.81,2024-12-23,36,931001,Standard,A
L0006581,C007291,Auto Loan,2007182,12.61,2025-12-10,84,1377754,NPA,D
L0006582,C003832,Home Loan,172973,11.37,2022-11-29,120,114321,Standard,C
L0006583,C004287,Personal Loan,1687460,9.48,2025-03-03,120,545341,Standard,C
L0006584,C006702,Personal Loan,2203351,9.5,2025-03-15,180,1736157,Standard,B
L0006585,C001512,Business Loan,1575269,10.25,2021-02-22,60,725467,Standard,A
L0006586,C008360,Auto Loan,584753,15.28,2022-02-01,24,218762,Standard,B
L0006587,C009158,Personal Loan,458067,12.51,2022-05-17,24,299819,Standard,B
L0006588,C002008,Personal Loan,1210547,11.68,2022-09-13,180,418690,Standard,A
L0006589,C007855,Business Loan,1560062,10.27,2022-10-26,120,1103709,Standard,C
L0006590,C002982,Auto Loan,1123429,16.16,2025-02-04,60,870583,NPA,D
L0006591,C001441,Education Loan,2240115,14.97,2024-04-01,60,1541327,Standard,B
L0006592,C005979,Home Loan,403035,14.96,2023-07-17,24,216215,Standard,A
L0006593,C004616,Business Loan,194524,10.28,2025-06-02,48,64348,Standard,B
L0006594,C001717,Home Loan,3713648,11.55,2024-01-09,48,2603419,Standard,A
L0006595,C005102,Business Loan,235852,15.56,2025-10-10,60,80236,NPA,D
L0006596,C000523,Personal Loan,231640,13.74,2023-08-10,48,153105,Standard,C
L0006597,C008737,Personal Loan,1738406,11.38,2022-04-28,60,799517,Standard,A
L0006598,C006766,Auto Loan,301809,14.28,2021-12-18,240,215164,Standard,B
L0006599,C003919,Personal Loan,1017197,8.57,2025-11-04,240,899901,Standard,A
L0006600,C006407,Personal Loan,253109,7.4,2024-06-26,36,136033,Standard,C
L0006601,C002057,Personal Loan,345307,14.94,2025-04-12,24,199267,Standard,A
L0006602,C006922,Personal Loan,775858,8.98,2024-09-02,180,393846,Standard,A
L0006603,C004812,Personal Loan,1293864,14.3,2024-12-04,24,856709,Standard,B
L0006604,C007036,Auto Loan,4633520,10.99,2024-09-08,84,2641503,Standard,B
L0006605,C004942,Personal Loan,2066688,14.91,2021-04-28,240,559750,Standard,A
L0006606,C002327,Personal Loan,261287,13.24,2022-11-05,24,63082,Standard,B
L0006607,C005737,Education Loan,826370,7.37,2022-05-26,24,697002,Standard,C
L0006608,C002356,Education Loan,325573,10.45,2021-08-10,84,293203,Standard,A
L0006609,C006955,Personal Loan,164274,16.08,2024-08-30,60,135713,Standard,A
L0006610,C001672,Home Loan,579567,11.09,2022-01-25,120,172037,Standard,B
L0006611,C007393,Home Loan,691600,11.38,2023-04-30,60,654636,Standard,B
L0006612,C000844,Education Loan,744599,12.91,2025-04-07,48,519496,Standard,B
L0006613,C001365,Personal Loan,233843,12.04,2021-10-25,240,85203,Standard,B
L0006614,C008022,Business Loan,296994,10.82,2022-08-13,84,90101,NPA,D
L0006615,C005715,Auto Loan,272058,10.59,2025-03-11,240,214180,Standard,A
L0006616,C002857,Home Loan,2385924,14.92,2025-05-05,180,1021201,Standard,B
L0006617,C008165,Personal Loan,2135521,7.91,2024-01-18,36,1383844,Standard,A
L0006618,C008195,Education Loan,3267148,8.9,2022-11-10,36,1287840,Standard,A
L0006619,C008858,Personal Loan,6298134,14.83,2022-04-29,240,1631539,NPA,D
L0006620,C006522,Auto Loan,695505,14.88,2025-07-16,24,362115,Standard,A
L0006621,C007924,Personal Loan,83112,8.83,2025-04-01,84,64324,Standard,C
L0006622,C002054,Personal Loan,541060,14.64,2023-09-01,84,413686,Standard,B
L0006623,C006240,Business Loan,961887,16.14,2025-05-26,120,333048,Standard,A
L0006624,C009063,Business Loan,2686896,15.39,2021-10-15,240,1070638,Standard,A
L0006625,C000746,Auto Loan,579664,10.39,2025-12-28,60,309666,Standard,A
L0006626,C001749,Personal Loan,1431573,14.73,2023-01-16,180,1170345,Standard,A
L0006627,C004171,Home Loan,461786,7.36,2021-04-25,24,340692,Standard,B
L0006628,C004132,Personal Loan,1096582,11.32,2023-10-31,36,842687,Standard,C
L0006629,C008244,Home Loan,314689,9.9,2021-03-05,36,152767,Standard,A
L0006630,C001532,Personal Loan,740015,12.08,2025-02-11,240,643053,Standard,A
L0006631,C003473,Personal Loan,1206859,10.63,2024-03-30,24,1020528,Standard,A
L0006632,C003180,Personal Loan,1220652,8.84,2023-08-06,240,407166,Standard,B
L0006633,C008534,Business Loan,737639,7.56,2025-06-21,84,362406,Standard,B
L0006634,C002826,Home Loan,1509369,11.17,2021-12-10,120,1183796,Standard,A
L0006635,C000749,Home Loan,235686,11.11,2025-09-28,60,160471,Standard,C
L0006636,C009060,Business Loan,369285,9.93,2023-08-09,84,290703,Standard,B
L0006637,C001943,Business Loan,303720,10.93,2022-04-21,180,212091,Standard,A
L0006638,C007592,Home Loan,125800,8.43,2022-03-24,24,61721,Standard,B
L0006639,C003731,Business Loan,1086190,10.49,2022-09-11,24,373351,Standard,B
L0006640,C001444,Auto Loan,1655437,9.47,2022-03-26,120,985953,Standard,B
L0006641,C007683,Home Loan,568388,15.08,2023-11-25,48,277215,Standard,C
L0006642,C000506,Auto Loan,2625227,10.0,2024-09-29,240,832419,Standard,A
L0006643,C007129,Auto Loan,636139,7.41,2024-06-04,36,328014,Standard,B
L0006644,C001669,Business Loan,847198,16.15,2022-11-09,240,555356,Standard,C
L0006645,C005613,Personal Loan,787660,9.68,2024-03-25,84,598436,Standard,C
L0006646,C001522,Personal Loan,1781392,14.51,2021-03-12,240,654384,NPA,E
L0006647,C000193,Business Loan,877435,16.24,2022-04-02,180,726454,Standard,B
L0006648,C001311,Personal Loan,180531,11.73,2025-07-31,120,81871,Standard,C
L0006649,C000427,Auto Loan,7384068,10.74,2024-01-08,84,2930406,Standard,A
L0006650,C005604,Business Loan,1301964,8.82,2025-05-24,24,596766,Standard,A
L0006651,C006459,Personal Loan,53061,9.33,2021-03-04,120,41408,Standard,A
L0006652,C006176,Home Loan,5061067,15.2,2023-02-23,240,3563359,Standard,A
L0006653,C003104,Personal Loan,863228,7.76,2024-07-22,84,518088,Standard,B
L0006654,C009500,Business Loan,956105,8.87,2024-03-22,180,474991,Standard,A
L0006655,C007734,Personal Loan,257249,8.97,2021-01-09,120,211644,Standard,B
L0006656,C008501,Personal Loan,514711,8.0,2025-10-20,36,136040,Standard,B
L0006657,C000034,Auto Loan,1026895,14.07,2024-04-27,240,325923,Standard,B
L0006658,C006086,Home Loan,233780,7.79,2023-07-26,24,58230,Standard,C
L0006659,C007384,Auto Loan,2339968,14.65,2021-08-04,240,1099804,Standard,A
L0006660,C004834,Home Loan,2271276,15.37,2024-04-01,180,1827720,NPA,D
L0006661,C005178,Education Loan,1344910,10.14,2025-11-12,84,1298767,Standard,A
L0006662,C007501,Home Loan,866094,9.32,2024-06-12,84,772355,NPA,D
L0006663,C000385,Auto Loan,200090,10.4,2021-02-27,84,85623,Standard,B
L0006664,C003177,Business Loan,1575174,9.97,2025-04-25,36,1148643,Standard,A
L0006665,C006902,Business Loan,3627543,12.07,2024-04-05,36,1641647,Standard,B
L0006666,C007144,Auto Loan,756199,11.98,2022-09-08,24,278087,Standard,A
L0006667,C002732,Home Loan,243179,11.73,2024-12-19,60,55579,Standard,B
L0006668,C004745,Personal Loan,2641987,10.52,2024-05-26,84,1187542,Standard,B
L0006669,C008170,Business Loan,689540,12.36,2022-09-29,36,261730,Standard,A
L0006670,C002276,Auto Loan,1134171,8.57,2023-04-02,240,319106,Standard,B
L0006671,C006577,Auto Loan,653612,13.08,2024-11-17,60,638202,Standard,A
L0006672,C000255,Auto Loan,397458,14.14,2022-03-09,48,88964,Standard,B
L0006673,C009860,Business Loan,579995,8.13,2024-07-15,84,419916,Standard,C
L0006674,C003823,Business Loan,143359,8.73,2023-04-30,24,92357,Standard,C
L0006675,C002113,Home Loan,1129684,16.36,2025-05-22,84,496349,Standard,B
L0006676,C003684,Personal Loan,257447,10.69,2022-12-20,120,187479,Standard,B
L0006677,C007850,Home Loan,681791,14.45,2021-04-25,60,437880,Standard,A
L0006678,C005254,Personal Loan,196834,15.09,2024-11-16,60,120418,Standard,A
L0006679,C004201,Auto Loan,824544,12.25,2024-09-14,24,781091,Standard,A
L0006680,C006212,Auto Loan,212078,9.14,2021-01-01,60,127911,Standard,A
L0006681,C009330,Home Loan,372187,7.51,2024-04-26,60,312647,Standard,A
L0006682,C000397,Personal Loan,799209,13.83,2022-05-27,48,486228,NPA,E
L0006683,C006580,Personal Loan,815952,12.32,2023-03-07,24,709747,NPA,E
L0006684,C009976,Personal Loan,521069,7.67,2022-03-16,180,205455,Standard,A
L0006685,C000216,Personal Loan,1178263,14.33,2021-05-13,60,880571,Standard,B
L0006686,C006774,Education Loan,1115374,10.75,2022-02-27,120,352360,Standard,C
L0006687,C006269,Personal Loan,1293243,16.05,2021-02-14,48,815066,Standard,A
L0006688,C005883,Education Loan,431187,9.06,2021-02-10,120,394631,Standard,A
L0006689,C001930,Personal Loan,51478,12.79,2025-11-16,60,11793,NPA,D
L0006690,C001339,Home Loan,503125,14.05,2023-05-05,120,196555,Standard,B
L0006691,C005994,Personal Loan,2751540,8.43,2023-08-07,36,2674286,Standard,A
L0006692,C003974,Auto Loan,8796562,9.68,2025-03-24,180,8365594,Standard,B
L0006693,C001130,Home Loan,854782,9.0,2025-08-13,48,298917,Standard,B
L0006694,C008754,Personal Loan,825994,12.7,2025-06-22,36,386522,Standard,A
L0006695,C002061,Personal Loan,3557697,7.31,2025-10-01,120,3461193,NPA,E
L0006696,C007157,Personal Loan,2742079,11.0,2021-04-20,48,1877269,Standard,A
L0006697,C004560,Home Loan,208736,12.43,2022-05-23,180,80887,Standard,A
L0006698,C009956,Personal Loan,1612364,14.22,2024-10-04,36,1157597,Standard,A
L0006699,C006874,Personal Loan,5427279,8.08,2022-12-26,180,3454886,Standard,C
L0006700,C005274,Personal Loan,147364,11.45,2023-03-10,240,108728,Standard,A
L0006701,C009727,Education Loan,3287670,13.8,2022-07-24,36,2026923,Standard,B
L0006702,C006272,Personal Loan,1807928,11.19,2023-07-02,60,1718558,Standard,B
L0006703,C006594,Auto Loan,512696,8.91,2022-01-23,48,493364,Standard,B
L0006704,C006953,Personal Loan,489191,9.08,2021-05-11,240,207053,Standard,B
L0006705,C000191,Auto Loan,1974954,10.08,2023-07-09,120,1223543,Standard,B
L0006706,C002825,Business Loan,1594779,10.03,2024-06-09,24,750650,Standard,A
L0006707,C006246,Business Loan,1462783,11.07,2024-04-15,240,329239,Standard,C
L0006708,C006722,Education Loan,353286,15.36,2024-03-09,240,102740,Standard,B
L0006709,C006103,Personal Loan,2057380,11.04,2022-11-30,180,1255820,Standard,B
L0006710,C008448,Home Loan,954514,14.45,2023-03-17,60,503983,Standard,A
L0006711,C000734,Auto Loan,2526332,9.02,2022-07-18,48,1873495,NPA,D
L0006712,C008303,Home Loan,1738094,15.41,2024-01-08,240,921903,Standard,C
L0006713,C003462,Home Loan,664175,13.65,2024-08-27,120,149081,Standard,B
L0006714,C009795,Business Loan,367769,13.71,2023-03-06,120,184776,Standard,A
L0006715,C001472,Personal Loan,1706999,7.56,2025-07-17,36,403389,Standard,A
L0006716,C001918,Personal Loan,1000461,13.39,2024-08-08,240,743466,Standard,A
L0006717,C006206,Home Loan,1320627,7.42,2023-11-29,120,837188,Standard,A
L0006718,C008679,Personal Loan,280048,11.9,2022-11-01,60,244539,NPA,D
L0006719,C006606,Business Loan,1612318,10.57,2025-01-20,48,1344196,Standard,B
L0006720,C002510,Home Loan,4062556,9.92,2025-09-22,120,2845784,Standard,A
L0006721,C005839,Auto Loan,987479,12.47,2025-04-21,36,867473,Standard,B
L0006722,C008943,Auto Loan,284956,13.04,2022-02-08,24,67824,Standard,B
L0006723,C000366,Home Loan,587431,16.49,2025-05-12,120,174002,Standard,A
L0006724,C003673,Personal Loan,2075768,7.64,2021-06-14,48,485985,Standard,A
L0006725,C005926,Personal Loan,147981,7.94,2024-01-18,84,57988,Standard,A
L0006726,C002662,Home Loan,1221831,7.45,2022-05-30,180,569013,Standard,B
L0006727,C000210,Home Loan,2216764,11.87,2022-01-20,84,1273753,Standard,B
L0006728,C005101,Home Loan,120378,7.41,2022-01-30,48,40727,Standard,A
L0006729,C006958,Business Loan,1471846,11.23,2025-09-15,240,1226641,Standard,A
L0006730,C004167,Education Loan,4221520,15.35,2024-03-18,24,1448945,Standard,A
L0006731,C006126,Personal Loan,154811,16.41,2025-09-24,240,101413,Standard,A
L0006732,C006956,Personal Loan,426315,15.08,2021-08-12,48,271953,Standard,A
L0006733,C008134,Home Loan,129483,10.75,2023-06-29,24,76920,Standard,A
L0006734,C001454,Education Loan,1162248,11.49,2024-05-18,48,1090528,Standard,A
L0006735,C001403,Home Loan,540146,8.61,2024-08-11,60,312975,Standard,A
L0006736,C004720,Home Loan,774143,8.92,2025-06-05,120,508209,Standard,A
L0006737,C009387,Auto Loan,388790,15.18,2021-10-21,60,271993,Standard,A
L0006738,C009015,Home Loan,750669,7.37,2021-11-18,60,514568,Standard,A
L0006739,C000330,Auto Loan,777892,16.45,2023-01-20,48,593068,Standard,A
L0006740,C008825,Personal Loan,359743,10.16,2023-02-15,48,284862,Standard,C
L0006741,C007686,Auto Loan,3101769,11.29,2024-11-21,24,2769992,Standard,A
L0006742,C009895,Personal Loan,5385428,9.11,2023-07-02,240,1374834,Standard,A
L0006743,C000395,Business Loan,941207,8.25,2025-10-13,240,755587,Standard,A
L0006744,C003810,Personal Loan,2472616,12.7,2021-04-11,120,1373593,Standard,C
L0006745,C007970,Auto Loan,4503539,14.42,2023-11-06,180,2042828,Standard,B
L0006746,C009716,Education Loan,842545,10.06,2022-08-21,84,249668,Standard,A
L0006747,C009331,Education Loan,92744,15.39,2021-10-25,240,80637,Standard,A
L0006748,C003685,Business Loan,617726,14.32,2025-08-14,24,584979,Standard,A
L0006749,C003944,Personal Loan,428531,7.64,2025-01-12,120,239366,Standard,A
L0006750,C008857,Home Loan,58479,12.68,2024-10-06,48,52522,Standard,C
L0006751,C003356,Business Loan,377506,10.64,2022-05-26,36,133661,Standard,B
L0006752,C000817,Business Loan,101246,14.6,2022-03-20,84,79755,Standard,B
L0006753,C004119,Auto Loan,595610,8.78,2021-05-02,120,453298,Standard,C
L0006754,C000448,Personal Loan,1925503,11.98,2025-02-19,36,842804,Standard,B
L0006755,C009264,Auto Loan,280290,12.78,2024-04-11,84,127019,Standard,A
L0006756,C003611,Auto Loan,523553,16.17,2025-06-06,120,307687,Standard,B
L0006757,C002610,Auto Loan,1396982,14.8,2022-05-13,180,539557,Standard,A
L0006758,C005833,Auto Loan,247632,10.82,2024-04-13,240,197139,Standard,C
L0006759,C004733,Education Loan,673985,7.74,2025-08-20,240,625177,Standard,C
L0006760,C004475,Personal Loan,1009923,14.6,2022-06-20,48,750686,Standard,A
L0006761,C007894,Business Loan,985484,11.06,2022-09-19,84,270592,Standard,B
L0006762,C002151,Home Loan,334000,7.87,2022-06-22,120,196522,Standard,C
L0006763,C009952,Business Loan,207663,12.64,2023-08-18,84,102958,Standard,B
L0006764,C008526,Home Loan,1702853,11.39,2023-12-24,84,651589,Standard,B
L0006765,C002494,Home Loan,654826,10.65,2025-02-03,240,309638,Standard,A
L0006766,C007559,Business Loan,615138,9.0,2024-04-08,120,132017,Standard,A
L0006767,C008800,Auto Loan,1245196,11.29,2024-08-17,60,572772,Standard,B
L0006768,C007144,Personal Loan,1886969,16.19,2025-11-26,240,1792186,Standard,C
L0006769,C009978,Business Loan,702186,15.89,2024-12-19,48,538676,Standard,A
L0006770,C003783,Personal Loan,230711,11.93,2022-12-12,180,136291,Standard,A
L0006771,C004204,Personal Loan,1492120,16.22,2021-07-23,60,1261370,Standard,A
L0006772,C004235,Personal Loan,526856,14.28,2025-05-19,24,395615,Standard,A
L0006773,C005307,Home Loan,295609,14.84,2021-04-28,180,242144,Standard,A
L0006774,C008872,Personal Loan,2832849,9.94,2021-12-07,48,2659949,Standard,A
L0006775,C001837,Education Loan,375847,13.19,2021-12-07,60,221984,Standard,A
L0006776,C001221,Home Loan,15000000,8.48,2021-08-18,24,11722013,Standard,B
L0006777,C005990,Personal Loan,1273337,11.2,2023-01-27,36,889397,Standard,C
L0006778,C009666,Auto Loan,143886,14.53,2022-09-07,180,123875,Standard,B
L0006779,C005376,Home Loan,1272405,14.95,2023-07-01,120,1194591,Standard,A
L0006780,C007900,Home Loan,1249262,9.91,2025-12-13,24,769419,Standard,A
L0006781,C003830,Personal Loan,137242,11.21,2021-08-24,240,54379,Standard,C
L0006782,C008132,Personal Loan,142370,14.33,2024-04-04,24,133884,Standard,A
L0006783,C000865,Personal Loan,304700,11.63,2021-02-24,48,265710,Standard,A
L0006784,C003354,Home Loan,432019,15.51,2021-02-04,48,231070,Standard,A
L0006785,C009491,Business Loan,860404,13.22,2022-08-25,240,577713,Standard,A
L0006786,C000989,Personal Loan,1443349,11.08,2022-02-02,120,732429,Standard,B
L0006787,C005067,Auto Loan,561958,9.76,2021-08-27,120,443128,NPA,E
L0006788,C003215,Auto Loan,665677,14.02,2024-11-10,48,476507,Standard,A
L0006789,C000109,Education Loan,1575543,12.7,2022-12-03,120,1256995,Standard,A
L0006790,C000091,Auto Loan,677063,10.22,2022-03-05,36,516758,Standard,C
L0006791,C001988,Education Loan,615002,12.15,2021-04-30,120,578701,Standard,C
L0006792,C000716,Business Loan,424001,13.56,2024-03-15,24,331851,NPA,D
L0006793,C003525,Business Loan,1156830,7.23,2022-07-22,84,779041,Standard,B
L0006794,C006247,Auto Loan,1276524,7.97,2023-05-06,36,421505,Standard,C
L0006795,C006879,Auto Loan,1355663,14.32,2023-08-16,120,361788,Standard,A
L0006796,C000928,Business Loan,1013751,11.44,2024-03-12,60,959960,Standard,B
L0006797,C003384,Auto Loan,154451,8.43,2023-02-02,24,121805,Standard,A
L0006798,C009625,Business Loan,291041,9.61,2022-01-05,240,269771,Standard,B
L0006799,C000566,Education Loan,179540,14.98,2022-07-28,240,36644,Standard,B
L0006800,C008333,Auto Loan,423675,9.39,2023-06-16,84,373480,Standard,A
L0006801,C009262,Home Loan,539533,15.28,2025-08-20,84,311759,Standard,B
L0006802,C009514,Auto Loan,2862574,11.69,2022-04-25,120,2171647,Standard,A
L0006803,C009942,Education Loan,692936,13.94,2025-12-04,48,234882,Standard,A
L0006804,C005240,Home Loan,1054761,16.42,2022-10-24,24,486044,Standard,A
L0006805,C008728,Education Loan,334796,15.91,2024-11-09,84,298956,Standard,A
L0006806,C002619,Business Loan,1272484,10.59,2023-04-15,24,609307,Standard,B
L0006807,C008091,Home Loan,4320200,9.77,2021-08-26,240,3623650,Standard,B
L0006808,C007634,Personal Loan,322105,12.39,2024-09-22,36,99721,Standard,B
L0006809,C009608,Business Loan,197787,14.36,2023-03-19,240,58353,Standard,B
L0006810,C006671,Auto Loan,634134,13.21,2021-12-17,60,518794,Standard,B
L0006811,C003489,Personal Loan,655890,16.44,2024-05-28,36,367242,Standard,B
L0006812,C002738,Business Loan,498141,8.66,2022-12-04,36,148067,Standard,B
L0006813,C005608,Home Loan,267048,8.05,2021-06-03,84,72729,Standard,B
L0006814,C004185,Home Loan,1430021,9.66,2021-10-27,120,689027,Standard,A
L0006815,C001856,Personal Loan,2973666,10.12,2023-02-12,36,2780342,Standard,A
L0006816,C004661,Personal Loan,95487,11.14,2023-03-15,36,84607,Standard,A
L0006817,C005681,Education Loan,188962,13.12,2024-03-15,36,90255,NPA,E
L0006818,C005831,Personal Loan,329548,15.93,2021-10-21,60,129336,Standard,B
L0006819,C000913,Home Loan,587730,15.83,2022-03-03,120,168977,Standard,A
L0006820,C006201,Personal Loan,645250,9.08,2021-12-11,60,429831,Standard,A
L0006821,C004554,Home Loan,1170350,14.32,2025-07-09,180,437972,Standard,B
L0006822,C008903,Business Loan,1681578,11.76,2025-10-19,240,1458170,Standard,A
L0006823,C005143,Personal Loan,4628355,16.03,2025-01-04,24,1159716,Standard,A
L0006824,C005110,Business Loan,503314,11.91,2024-04-05,36,135893,Standard,B
L0006825,C007091,Personal Loan,837421,11.32,2025-04-26,180,246294,Standard,A
L0006826,C003010,Personal Loan,1161220,14.67,2023-03-11,24,311145,Standard,A
L0006827,C001032,Home Loan,407424,10.46,2022-05-19,36,356369,Standard,B
L0006828,C009720,Personal Loan,1374084,15.97,2025-05-10,84,931528,Standard,A
L0006829,C007281,Home Loan,1746267,7.71,2023-08-27,240,1003738,Standard,B
L0006830,C008910,Personal Loan,225164,12.74,2022-11-12,24,193910,Standard,A
L0006831,C002093,Home Loan,393808,11.83,2024-11-28,240,237237,Standard,C
L0006832,C000905,Home Loan,242218,9.66,2024-06-03,48,230139,Standard,A
L0006833,C000942,Education Loan,609603,7.47,2021-05-20,84,174875,Standard,B
L0006834,C000053,Home Loan,374284,12.01,2025-11-19,60,218785,Standard,A
L0006835,C001311,Home Loan,624033,15.58,2021-04-11,36,594989,Standard,A
L0006836,C000515,Education Loan,1298041,12.1,2024-10-17,48,322161,Standard,A
L0006837,C000110,Home Loan,465159,12.75,2023-12-24,60,378466,Standard,A
L0006838,C002330,Personal Loan,2311586,7.88,2025-12-28,36,1793615,Standard,C
L0006839,C007327,Education Loan,367337,13.99,2023-07-17,36,320181,Standard,B
L0006840,C001974,Auto Loan,367671,14.66,2021-08-18,240,316526,Standard,A
L0006841,C007965,Business Loan,1078267,9.26,2022-01-08,36,762265,Standard,A
L0006842,C008417,Personal Loan,848434,12.06,2025-01-15,240,279797,Standard,B
L0006843,C005488,Auto Loan,463309,11.28,2023-10-01,120,123000,Standard,A
L0006844,C003604,Auto Loan,1954540,13.61,2021-03-24,240,1454173,Standard,B
L0006845,C004413,Auto Loan,538315,14.97,2024-11-15,60,254453,Standard,B
L0006846,C003952,Personal Loan,905951,8.32,2021-07-12,24,874773,Standard,B
L0006847,C003048,Home Loan,267802,12.03,2025-05-20,120,73737,Standard,B
L0006848,C006483,Business Loan,1050998,12.94,2021-09-08,48,790307,Standard,A
L0006849,C004839,Personal Loan,213145,7.26,2025-05-07,24,165167,Standard,C
L0006850,C006001,Business Loan,328202,14.71,2024-12-09,24,138502,Standard,B
L0006851,C008868,Personal Loan,1860554,11.25,2021-11-06,24,1762821,Standard,B
L0006852,C008335,Home Loan,639798,12.14,2025-05-30,240,465114,Standard,A
L0006853,C001570,Personal Loan,1970327,7.69,2022-04-27,24,1424138,Standard,C
L0006854,C005068,Auto Loan,3225583,9.19,2024-07-12,60,1786004,Standard,B
L0006855,C005559,Business Loan,612507,9.94,2021-09-01,120,217434,Standard,A
L0006856,C006717,Personal Loan,525886,12.18,2021-05-26,180,289598,Standard,A
L0006857,C007548,Home Loan,1982516,10.05,2022-10-21,84,1361167,Standard,A
L0006858,C006568,Home Loan,1081750,12.14,2025-04-05,180,225992,Standard,B
L0006859,C008682,Personal Loan,375484,10.53,2022-11-30,120,192300,Standard,A
L0006860,C000781,Business Loan,1269717,8.31,2022-01-18,180,994777,Standard,C
L0006861,C003426,Auto Loan,88000,15.43,2023-12-05,24,77455,Standard,A
L0006862,C008962,Home Loan,432904,14.37,2025-12-29,48,331177,Standard,A
L0006863,C004095,Home Loan,473495,13.03,2025-05-26,36,386649,Standard,A
L0006864,C001519,Home Loan,658317,12.21,2021-08-12,84,537896,Standard,A
L0006865,C003259,Business Loan,575053,9.1,2024-09-22,36,202825,Standard,A
L0006866,C002143,Home Loan,833338,14.43,2021-10-03,120,809818,Standard,A
L0006867,C005434,Auto Loan,1279722,14.17,2023-06-24,48,536132,Standard,B
L0006868,C009177,Personal Loan,294534,8.9,2021-11-17,240,240823,Standard,C
L0006869,C005905,Personal Loan,714584,12.63,2025-12-02,84,216114,Standard,A
L0006870,C003610,Business Loan,893632,7.58,2024-08-31,84,484094,Standard,B
L0006871,C002034,Auto Loan,302926,10.16,2024-03-07,48,196846,NPA,E
L0006872,C000600,Personal Loan,1378573,14.75,2021-07-04,24,1350958,Standard,A
L0006873,C001324,Personal Loan,888732,10.23,2025-05-22,60,617338,Standard,B
L0006874,C001096,Personal Loan,377421,10.35,2025-05-15,48,163820,Standard,B
L0006875,C005401,Personal Loan,100192,15.48,2024-02-08,60,85065,NPA,D
L0006876,C005386,Business Loan,1386663,10.01,2023-04-13,36,431006,Standard,B
L0006877,C000625,Auto Loan,2002974,8.54,2024-01-20,180,1808433,Standard,B
L0006878,C002751,Education Loan,974264,15.87,2025-12-31,24,455968,Standard,A
L0006879,C008152,Personal Loan,186156,11.99,2023-11-09,180,104325,Standard,A
L0006880,C004315,Business Loan,515567,12.94,2022-12-12,36,271135,Standard,A
L0006881,C006517,Home Loan,1118457,9.1,2024-09-08,240,345537,Standard,A
L0006882,C000934,Education Loan,5017480,12.69,2024-10-16,180,2757508,Standard,A
L0006883,C003047,Home Loan,601005,9.56,2021-09-25,24,208317,Standard,C
L0006884,C008307,Personal Loan,652111,8.93,2021-05-17,120,523019,Standard,B
L0006885,C001065,Education Loan,819792,7.58,2021-07-30,240,399977,Standard,A
L0006886,C000937,Education Loan,1375930,10.58,2023-01-20,84,919507,Standard,A
L0006887,C003567,Home Loan,184077,14.16,2022-07-28,24,170144,Standard,B
L0006888,C009860,Business Loan,1525845,15.49,2021-01-14,240,1074906,Standard,C
L0006889,C009792,Auto Loan,1079486,14.24,2022-05-24,48,684237,Standard,B
L0006890,C007113,Home Loan,894502,12.61,2022-06-10,84,862935,Standard,A
L0006891,C005698,Personal Loan,2483859,14.88,2025-08-15,24,745465,Standard,B
L0006892,C007560,Education Loan,186520,12.33,2024-11-06,60,105172,NPA,D
L0006893,C005103,Business Loan,420575,14.06,2023-07-28,240,197482,Standard,B
L0006894,C007519,Home Loan,1517353,8.77,2025-08-06,48,613588,Standard,A
L0006895,C006832,Personal Loan,421491,14.63,2024-07-16,180,320370,Standard,B
L0006896,C005230,Home Loan,3137852,12.13,2022-07-10,60,1921756,Standard,A
L0006897,C001903,Personal Loan,658450,12.06,2024-02-05,84,629019,Standard,A
L0006898,C002755,Education Loan,500925,14.74,2025-01-03,24,175595,Standard,C
L0006899,C002332,Auto Loan,2255617,13.45,2021-02-12,84,889595,Standard,B
L0006900,C004128,Home Loan,1229723,7.88,2024-04-15,84,905831,Standard,A
L0006901,C005932,Education Loan,1506350,8.82,2021-11-01,60,1059503,Standard,B
L0006902,C002356,Auto Loan,866613,12.32,2024-01-08,36,682532,NPA,E
L0006903,C008765,Personal Loan,874024,11.3,2022-08-10,84,533113,Standard,B
L0006904,C007914,Personal Loan,1375025,8.96,2025-03-19,60,1298742,Standard,A
L0006905,C000604,Business Loan,1041293,12.77,2022-03-03,60,891994,Standard,A
L0006906,C002796,Education Loan,1722185,12.78,2023-01-28,84,1085731,Standard,C
L0006907,C002814,Home Loan,2459040,11.44,2025-04-06,180,2300101,Standard,A
L0006908,C003819,Education Loan,137311,12.83,2021-04-24,48,80727,Standard,A
L0006909,C008421,Home Loan,213683,15.69,2024-05-15,60,47078,NPA,E
L0006910,C005958,Auto Loan,1338513,8.65,2023-08-01,60,861336,NPA,E
L0006911,C006135,Auto Loan,334470,11.61,2022-05-04,120,255028,Standard,A
L0006912,C001535,Education Loan,778387,13.91,2022-01-17,24,396959,Standard,B
L0006913,C001632,Business Loan,185102,13.75,2023-11-12,24,158830,Standard,A
L0006914,C008602,Home Loan,1567849,12.14,2025-03-30,48,457350,Standard,C
L0006915,C004770,Home Loan,63349,14.43,2025-11-24,60,38588,Standard,A
L0006916,C002811,Personal Loan,1346894,15.71,2021-07-07,84,1156869,Standard,B
L0006917,C006019,Auto Loan,1098831,16.46,2024-04-16,48,236152,Standard,A
L0006918,C004610,Business Loan,398471,7.28,2023-01-26,120,285782,Standard,A
L0006919,C005933,Auto Loan,509480,10.24,2021-07-19,180,112225,Standard,A
L0006920,C004860,Home Loan,1131814,8.86,2022-06-11,60,414962,Standard,B
L0006921,C006633,Business Loan,3099171,9.43,2021-07-12,36,1874649,Standard,B
L0006922,C005333,Personal Loan,1407690,11.48,2021-06-22,24,869507,Standard,A
L0006923,C001258,Home Loan,1642890,15.03,2024-11-05,84,1392082,Standard,B
L0006924,C000071,Business Loan,1381438,8.91,2022-01-08,60,752843,Standard,A
L0006925,C006583,Business Loan,1679686,11.8,2024-11-10,60,707214,Standard,B
L0006926,C001721,Education Loan,261760,14.79,2022-08-28,120,169484,Standard,C
L0006927,C006035,Home Loan,300716,12.28,2022-09-24,48,187785,Standard,A
L0006928,C000738,Home Loan,256552,8.75,2021-05-24,36,68163,NPA,E
L0006929,C004507,Education Loan,3445198,8.16,2023-07-05,60,2439106,Standard,A
L0006930,C007634,Personal Loan,244475,16.43,2023-04-24,36,67959,Standard,B
L0006931,C003965,Home Loan,2702434,14.44,2023-07-19,60,2198208,NPA,E
L0006932,C007945,Education Loan,1441097,14.77,2021-09-02,240,402903,Standard,B
L0006933,C003342,Auto Loan,691702,13.49,2023-08-09,24,269366,Standard,C
L0006934,C009078,Personal Loan,788501,14.38,2021-01-30,60,337438,Standard,B
L0006935,C006632,Personal Loan,264546,12.75,2022-06-25,60,120443,Standard,A
L0006936,C009733,Education Loan,1200809,14.62,2021-08-14,84,570939,Standard,A
L0006937,C006154,Business Loan,2102264,16.16,2023-11-19,240,1753802,Standard,B
L0006938,C009355,Personal Loan,599853,12.18,2024-06-02,180,320346,Standard,B
L0006939,C000194,Education Loan,2453631,11.97,2024-01-15,84,623274,Standard,A
L0006940,C001901,Education Loan,850424,13.37,2024-03-14,24,484500,NPA,D
L0006941,C009334,Business Loan,849560,16.06,2021-05-01,36,193154,Standard,B
L0006942,C009621,Business Loan,1642081,10.51,2022-07-12,240,945052,Standard,B
L0006943,C003913,Auto Loan,555007,10.83,2022-03-12,84,278619,Standard,B
L0006944,C003568,Business Loan,431673,13.7,2024-12-31,60,232927,Standard,A
L0006945,C007530,Business Loan,691480,11.22,2022-11-24,60,332160,Standard,B
L0006946,C008605,Home Loan,2008717,12.11,2022-02-05,120,556672,NPA,D
L0006947,C004344,Home Loan,871952,15.32,2023-05-19,120,815385,Standard,A
L0006948,C008594,Home Loan,696798,12.96,2024-10-18,120,413865,NPA,D
L0006949,C005774,Personal Loan,681896,15.29,2021-03-31,48,447234,NPA,E
L0006950,C009980,Personal Loan,654566,13.18,2024-03-09,48,386504,Standard,B
L0006951,C008571,Education Loan,159371,12.51,2021-09-17,120,65331,Standard,C
L0006952,C001854,Auto Loan,224563,10.94,2022-02-11,240,207708,Standard,A
L0006953,C007997,Personal Loan,329271,11.64,2024-04-15,240,286079,Standard,B
L0006954,C002290,Auto Loan,1586986,10.57,2023-03-02,84,1007025,Standard,B
L0006955,C000268,Auto Loan,166008,10.27,2022-07-20,84,105049,Standard,A
L0006956,C004908,Auto Loan,79160,9.66,2023-08-12,60,35001,Standard,B
L0006957,C008739,Personal Loan,601667,12.58,2024-04-29,60,465671,Standard,A
L0006958,C000214,Personal Loan,686204,9.96,2025-03-23,36,582757,Standard,B
L0006959,C005665,Personal Loan,6539948,13.19,2022-11-15,84,2714790,Standard,A
L0006960,C009643,Business Loan,1505420,15.75,2025-11-05,120,1136590,Standard,A
L0006961,C007190,Personal Loan,1841728,10.78,2023-11-28,24,1416349,Standard,A
L0006962,C004550,Business Loan,978216,13.18,2024-04-17,120,658538,Standard,A
L0006963,C004030,Business Loan,1525030,15.23,2025-12-28,24,1037838,Standard,A
L0006964,C000110,Home Loan,446646,10.54,2022-01-10,60,241569,Standard,B
L0006965,C007667,Home Loan,198429,11.0,2022-02-08,60,112713,Standard,A
L0006966,C002027,Personal Loan,2721245,16.31,2022-04-04,120,1242888,Standard,B
L0006967,C004039,Personal Loan,150153,8.53,2025-08-23,60,58298,Standard,B
L0006968,C002793,Education Loan,1205754,8.11,2021-09-23,240,895207,Standard,B
L0006969,C003876,Business Loan,741374,9.06,2025-01-15,84,155328,Standard,C
L0006970,C002797,Home Loan,677064,8.99,2021-08-09,120,422688,Standard,B
L0006971,C007099,Business Loan,1620290,15.84,2024-08-08,180,1330150,Standard,B
L0006972,C004362,Home Loan,189300,9.33,2025-05-18,48,118922,Standard,B
L0006973,C003320,Home Loan,349535,7.77,2025-06-19,240,200460,Standard,A
L0006974,C002576,Personal Loan,493378,13.21,2024-10-19,36,413502,Standard,B
L0006975,C007077,Personal Loan,209142,11.28,2023-05-07,24,86486,Standard,A
L0006976,C002950,Personal Loan,332451,10.5,2023-06-23,84,187803,Standard,A
L0006977,C002931,Home Loan,576014,11.02,2022-10-15,48,440848,Standard,B
L0006978,C000856,Auto Loan,217176,13.71,2024-02-04,120,181205,Standard,C
L0006979,C008746,Education Loan,654654,12.07,2024-03-15,60,455749,Standard,B
L0006980,C004434,Business Loan,69045,9.84,2023-03-23,60,59550,Standard,A
L0006981,C000791,Auto Loan,353845,14.38,2021-12-19,84,277771,Standard,A
L0006982,C005302,Business Loan,238983,16.13,2025-07-14,84,58972,Standard,B
L0006983,C004786,Business Loan,772356,12.87,2023-04-04,36,382955,Standard,A
L0006984,C007699,Personal Loan,2019474,7.97,2022-10-18,60,929578,Standard,A
L0006985,C008572,Personal Loan,336637,10.7,2025-05-25,240,288796,Standard,B
L0006986,C005978,Business Loan,271337,11.13,2024-05-08,84,104928,Standard,B
L0006987,C005670,Home Loan,1609601,8.05,2022-04-14,180,1003460,Standard,A
L0006988,C003516,Education Loan,1269236,12.04,2023-12-12,48,602193,Standard,A
L0006989,C004519,Education Loan,487479,7.88,2024-06-30,60,234113,Standard,A
L0006990,C004526,Personal Loan,260200,7.82,2022-07-26,60,71152,Standard,B
L0006991,C007213,Auto Loan,735063,10.57,2025-06-28,84,345833,Standard,A
L0006992,C006116,Home Loan,476472,8.59,2024-03-03,24,381392,Standard,B
L0006993,C007192,Auto Loan,717510,8.53,2021-11-16,84,396868,Standard,B
L0006994,C008231,Education Loan,50000,10.39,2025-10-04,180,23709,Standard,B
L0006995,C006019,Education Loan,191415,9.79,2023-10-20,60,56099,Standard,B
L0006996,C006895,Home Loan,1310008,13.11,2021-04-01,36,1225564,Standard,A
L0006997,C007275,Auto Loan,58279,10.09,2022-10-25,180,43996,Standard,B
L0006998,C009809,Personal Loan,1105852,12.56,2022-10-06,60,860829,Standard,C
L0006999,C009013,Personal Loan,1956522,12.79,2023-02-03,60,1344846,NPA,D
L0007000,C006280,Business Loan,2374357,10.5,2023-03-31,36,1511212,Standard,B
